id,text,service,parent_topic_id,parent_topic,query_topic_id,query_topic,priority,language_style,privacy_present,privacy_types,source_type,parent_query_id,difficulty,is_ood,annotation_notes
NIDQ_0001,Who can apply for a new NID?,NID,NID_REGISTRATION,NID / Voter Registration,NID_REGISTRATION_ELIGIBILITY,Registration Eligibility,Low,Formal,FALSE,,SYNTHETIC,NID_REGISTRATION_ELIGIBILITY_F01,Easy,FALSE,Synthetic NID core anchored in reviewed taxonomy include examples; automated semantic/structural validation only; no REAL provenance claimed.
NIDQ_0002,Who can apply for a new NID; what should I do next?,NID,NID_REGISTRATION,NID / Voter Registration,NID_REGISTRATION_ELIGIBILITY,Registration Eligibility,Low,Formal,FALSE,,PARAPHRASED,NID_REGISTRATION_ELIGIBILITY_F01,Easy,FALSE,Synthetic NID core anchored in reviewed taxonomy include examples; automated semantic/structural validation only; no REAL provenance claimed.
NIDQ_0003,এই বিষয়ে সহায়তা চাই: Who can apply for a new NID?,NID,NID_REGISTRATION,NID / Voter Registration,NID_REGISTRATION_ELIGIBILITY,Registration Eligibility,Low,Formal,FALSE,,PARAPHRASED,NID_REGISTRATION_ELIGIBILITY_F01,Easy,FALSE,Synthetic NID core anchored in reviewed taxonomy include examples; automated semantic/structural validation only; no REAL provenance claimed.
NIDQ_0004,Could you explain the rules for citizenship eligibility?,NID,NID_REGISTRATION,NID / Voter Registration,NID_REGISTRATION_ELIGIBILITY,Registration Eligibility,Low,Informal,FALSE,,SYNTHETIC,NID_REGISTRATION_ELIGIBILITY_F02,Medium,FALSE,Synthetic NID core anchored in reviewed taxonomy include examples; automated semantic/structural validation only; no REAL provenance claimed.
NIDQ_0005,I am trying to understand this: Could you explain the rules for citizenship eligibility?,NID,NID_REGISTRATION,NID / Voter Registration,NID_REGISTRATION_ELIGIBILITY,Registration Eligibility,Low,Informal,FALSE,,PARAPHRASED,NID_REGISTRATION_ELIGIBILITY_F02,Medium,FALSE,Synthetic NID core anchored in reviewed taxonomy include examples; automated semantic/structural validation only; no REAL provenance claimed.
NIDQ_0006,I need guidance on this: Could you explain the rules for citizenship eligibility?,NID,NID_REGISTRATION,NID / Voter Registration,NID_REGISTRATION_ELIGIBILITY,Registration Eligibility,Low,Informal,FALSE,,PARAPHRASED,NID_REGISTRATION_ELIGIBILITY_F02,Medium,FALSE,Synthetic NID core anchored in reviewed taxonomy include examples; automated semantic/structural validation only; no REAL provenance claimed.
NIDQ_0013,Please explain the official process for minimum age for NID.,NID,NID_REGISTRATION,NID / Voter Registration,NID_REGISTRATION_AGE_ELIGIBILITY,Registration Age Requirement,Low,Formal,FALSE,,SYNTHETIC,NID_REGISTRATION_AGE_ELIGIBILITY_F01,Easy,FALSE,Synthetic NID core anchored in reviewed taxonomy include examples; automated semantic/structural validation only; no REAL provenance claimed.
NIDQ_0014,I am trying to understand this: Please explain the official process for minimum age for NID?,NID,NID_REGISTRATION,NID / Voter Registration,NID_REGISTRATION_AGE_ELIGIBILITY,Registration Age Requirement,Low,Formal,FALSE,,PARAPHRASED,NID_REGISTRATION_AGE_ELIGIBILITY_F01,Easy,FALSE,Synthetic NID core anchored in reviewed taxonomy include examples; automated semantic/structural validation only; no REAL provenance claimed.
NIDQ_0015,I need guidance on this: Please explain the official process for minimum age for NID?,NID,NID_REGISTRATION,NID / Voter Registration,NID_REGISTRATION_AGE_ELIGIBILITY,Registration Age Requirement,Low,Formal,FALSE,,PARAPHRASED,NID_REGISTRATION_AGE_ELIGIBILITY_F01,Easy,FALSE,Synthetic NID core anchored in reviewed taxonomy include examples; automated semantic/structural validation only; no REAL provenance claimed.
NIDQ_0016,Can you clarify someone under 18 can register?,NID,NID_REGISTRATION,NID / Voter Registration,NID_REGISTRATION_AGE_ELIGIBILITY,Registration Age Requirement,Low,Informal,FALSE,,SYNTHETIC,NID_REGISTRATION_AGE_ELIGIBILITY_F02,Medium,FALSE,Synthetic NID core anchored in reviewed taxonomy include examples; automated semantic/structural validation only; no REAL provenance claimed.
NIDQ_0017,Could you explain Can you clarify someone under 18 can register?,NID,NID_REGISTRATION,NID / Voter Registration,NID_REGISTRATION_AGE_ELIGIBILITY,Registration Age Requirement,Low,Informal,FALSE,,PARAPHRASED,NID_REGISTRATION_AGE_ELIGIBILITY_F02,Medium,FALSE,Synthetic NID core anchored in reviewed taxonomy include examples; automated semantic/structural validation only; no REAL provenance claimed.
NIDQ_0018,Please tell me the correct process: Can you clarify someone under 18 can register?,NID,NID_REGISTRATION,NID / Voter Registration,NID_REGISTRATION_AGE_ELIGIBILITY,Registration Age Requirement,Low,Informal,FALSE,,PARAPHRASED,NID_REGISTRATION_AGE_ELIGIBILITY_F02,Medium,FALSE,Synthetic NID core anchored in reviewed taxonomy include examples; automated semantic/structural validation only; no REAL provenance claimed.
NIDQ_0025,How to register for the first time?,NID,NID_REGISTRATION,NID / Voter Registration,NID_REGISTRATION_PROCESS,First-Time Registration Process,Low,Formal,FALSE,,SYNTHETIC,NID_REGISTRATION_PROCESS_F01,Easy,FALSE,Synthetic NID core anchored in reviewed taxonomy include examples; automated semantic/structural validation only; no REAL provenance claimed.
NIDQ_0026,Could you explain How to register for the first time?,NID,NID_REGISTRATION,NID / Voter Registration,NID_REGISTRATION_PROCESS,First-Time Registration Process,Low,Formal,FALSE,,PARAPHRASED,NID_REGISTRATION_PROCESS_F01,Easy,FALSE,Synthetic NID core anchored in reviewed taxonomy include examples; automated semantic/structural validation only; no REAL provenance claimed.
NIDQ_0027,Please tell me the correct process: How to register for the first time?,NID,NID_REGISTRATION,NID / Voter Registration,NID_REGISTRATION_PROCESS,First-Time Registration Process,Low,Formal,FALSE,,PARAPHRASED,NID_REGISTRATION_PROCESS_F01,Easy,FALSE,Synthetic NID core anchored in reviewed taxonomy include examples; automated semantic/structural validation only; no REAL provenance claimed.
NIDQ_0028,I have a question about step-by-step registration process. What is the process?,NID,NID_REGISTRATION,NID / Voter Registration,NID_REGISTRATION_PROCESS,First-Time Registration Process,Low,Informal,FALSE,,SYNTHETIC,NID_REGISTRATION_PROCESS_F02,Medium,FALSE,Synthetic NID core anchored in reviewed taxonomy include examples; automated semantic/structural validation only; no REAL provenance claimed.
NIDQ_0029,"For my case, I have a question about step-by-step registration process. What is the process?",NID,NID_REGISTRATION,NID / Voter Registration,NID_REGISTRATION_PROCESS,First-Time Registration Process,Low,Informal,FALSE,,PARAPHRASED,NID_REGISTRATION_PROCESS_F02,Medium,FALSE,Synthetic NID core anchored in reviewed taxonomy include examples; automated semantic/structural validation only; no REAL provenance claimed.
NIDQ_0030,Can you clarify this for me: I have a question about step-by-step registration process. What is the process?,NID,NID_REGISTRATION,NID / Voter Registration,NID_REGISTRATION_PROCESS,First-Time Registration Process,Low,Informal,FALSE,,PARAPHRASED,NID_REGISTRATION_PROCESS_F02,Medium,FALSE,Synthetic NID core anchored in reviewed taxonomy include examples; automated semantic/structural validation only; no REAL provenance claimed.
NIDQ_0037,What should I know about online application procedure?,NID,NID_REGISTRATION,NID / Voter Registration,NID_REGISTRATION_ONLINE_APPLICATION,Online Registration Application,Low,Formal,FALSE,,SYNTHETIC,NID_REGISTRATION_ONLINE_APPLICATION_F01,Easy,FALSE,Synthetic NID core anchored in reviewed taxonomy include examples; automated semantic/structural validation only; no REAL provenance claimed.
NIDQ_0038,"For my case, What should I know about online application procedure?",NID,NID_REGISTRATION,NID / Voter Registration,NID_REGISTRATION_ONLINE_APPLICATION,Online Registration Application,Low,Formal,FALSE,,PARAPHRASED,NID_REGISTRATION_ONLINE_APPLICATION_F01,Easy,FALSE,Synthetic NID core anchored in reviewed taxonomy include examples; automated semantic/structural validation only; no REAL provenance claimed.
NIDQ_0039,Can you clarify this for me: What should I know about online application procedure?,NID,NID_REGISTRATION,NID / Voter Registration,NID_REGISTRATION_ONLINE_APPLICATION,Online Registration Application,Low,Formal,FALSE,,PARAPHRASED,NID_REGISTRATION_ONLINE_APPLICATION_F01,Easy,FALSE,Synthetic NID core anchored in reviewed taxonomy include examples; automated semantic/structural validation only; no REAL provenance claimed.
NIDQ_0040,Could you explain the rules for online registration website?,NID,NID_REGISTRATION,NID / Voter Registration,NID_REGISTRATION_ONLINE_APPLICATION,Online Registration Application,Low,Informal,FALSE,,SYNTHETIC,NID_REGISTRATION_ONLINE_APPLICATION_F02,Medium,FALSE,Synthetic NID core anchored in reviewed taxonomy include examples; automated semantic/structural validation only; no REAL provenance claimed.
NIDQ_0041,Could you explain the rules for online registration website; what should I do next?,NID,NID_REGISTRATION,NID / Voter Registration,NID_REGISTRATION_ONLINE_APPLICATION,Online Registration Application,Low,Informal,FALSE,,PARAPHRASED,NID_REGISTRATION_ONLINE_APPLICATION_F02,Medium,FALSE,Synthetic NID core anchored in reviewed taxonomy include examples; automated semantic/structural validation only; no REAL provenance claimed.
NIDQ_0042,এই বিষয়ে সহায়তা চাই: Could you explain the rules for online registration website?,NID,NID_REGISTRATION,NID / Voter Registration,NID_REGISTRATION_ONLINE_APPLICATION,Online Registration Application,Low,Informal,FALSE,,PARAPHRASED,NID_REGISTRATION_ONLINE_APPLICATION_F02,Medium,FALSE,Synthetic NID core anchored in reviewed taxonomy include examples; automated semantic/structural validation only; no REAL provenance claimed.
NIDQ_0049,Please explain the official process for required document list.,NID,NID_REGISTRATION,NID / Voter Registration,NID_REGISTRATION_REQUIRED_DOCUMENTS,Required Registration Documents,Low,Formal,FALSE,,SYNTHETIC,NID_REGISTRATION_REQUIRED_DOCUMENTS_F01,Easy,FALSE,Synthetic NID core anchored in reviewed taxonomy include examples; automated semantic/structural validation only; no REAL provenance claimed.
NIDQ_0050,Please explain the official process for required document list; what should I do next?,NID,NID_REGISTRATION,NID / Voter Registration,NID_REGISTRATION_REQUIRED_DOCUMENTS,Required Registration Documents,Low,Formal,FALSE,,PARAPHRASED,NID_REGISTRATION_REQUIRED_DOCUMENTS_F01,Easy,FALSE,Synthetic NID core anchored in reviewed taxonomy include examples; automated semantic/structural validation only; no REAL provenance claimed.
NIDQ_0051,Please explain the official process for required document list?,NID,NID_REGISTRATION,NID / Voter Registration,NID_REGISTRATION_REQUIRED_DOCUMENTS,Required Registration Documents,Low,Formal,FALSE,,PARAPHRASED,NID_REGISTRATION_REQUIRED_DOCUMENTS_F01,Easy,FALSE,Synthetic NID core anchored in reviewed taxonomy include examples; automated semantic/structural validation only; no REAL provenance claimed.
NIDQ_0052,Which rules apply to birth certificate requirement?,NID,NID_REGISTRATION,NID / Voter Registration,NID_REGISTRATION_REQUIRED_DOCUMENTS,Required Registration Documents,Low,Informal,FALSE,,SYNTHETIC,NID_REGISTRATION_REQUIRED_DOCUMENTS_F02,Medium,FALSE,Synthetic NID core anchored in reviewed taxonomy include examples; automated semantic/structural validation only; no REAL provenance claimed.
NIDQ_0053,I am trying to understand this: Which rules apply to birth certificate requirement?,NID,NID_REGISTRATION,NID / Voter Registration,NID_REGISTRATION_REQUIRED_DOCUMENTS,Required Registration Documents,Low,Informal,FALSE,,PARAPHRASED,NID_REGISTRATION_REQUIRED_DOCUMENTS_F02,Medium,FALSE,Synthetic NID core anchored in reviewed taxonomy include examples; automated semantic/structural validation only; no REAL provenance claimed.
NIDQ_0054,I need guidance on this: Which rules apply to birth certificate requirement?,NID,NID_REGISTRATION,NID / Voter Registration,NID_REGISTRATION_REQUIRED_DOCUMENTS,Required Registration Documents,Low,Informal,FALSE,,PARAPHRASED,NID_REGISTRATION_REQUIRED_DOCUMENTS_F02,Medium,FALSE,Synthetic NID core anchored in reviewed taxonomy include examples; automated semantic/structural validation only; no REAL provenance claimed.
NIDQ_0061,Where to get the application form?,NID,NID_REGISTRATION,NID / Voter Registration,NID_REGISTRATION_APPLICATION_FORM,Registration Application Form,Low,Formal,FALSE,,SYNTHETIC,NID_REGISTRATION_APPLICATION_FORM_F01,Easy,FALSE,Synthetic NID core anchored in reviewed taxonomy include examples; automated semantic/structural validation only; no REAL provenance claimed.
NIDQ_0062,I am trying to understand this: Where to get the application form?,NID,NID_REGISTRATION,NID / Voter Registration,NID_REGISTRATION_APPLICATION_FORM,Registration Application Form,Low,Formal,FALSE,,PARAPHRASED,NID_REGISTRATION_APPLICATION_FORM_F01,Easy,FALSE,Synthetic NID core anchored in reviewed taxonomy include examples; automated semantic/structural validation only; no REAL provenance claimed.
NIDQ_0063,I need guidance on this: Where to get the application form?,NID,NID_REGISTRATION,NID / Voter Registration,NID_REGISTRATION_APPLICATION_FORM,Registration Application Form,Low,Formal,FALSE,,PARAPHRASED,NID_REGISTRATION_APPLICATION_FORM_F01,Easy,FALSE,Synthetic NID core anchored in reviewed taxonomy include examples; automated semantic/structural validation only; no REAL provenance claimed.
NIDQ_0064,How to fill the form?,NID,NID_REGISTRATION,NID / Voter Registration,NID_REGISTRATION_APPLICATION_FORM,Registration Application Form,Low,Informal,FALSE,,SYNTHETIC,NID_REGISTRATION_APPLICATION_FORM_F02,Medium,FALSE,Synthetic NID core anchored in reviewed taxonomy include examples; automated semantic/structural validation only; no REAL provenance claimed.
NIDQ_0065,Could you explain How to fill the form?,NID,NID_REGISTRATION,NID / Voter Registration,NID_REGISTRATION_APPLICATION_FORM,Registration Application Form,Low,Informal,FALSE,,PARAPHRASED,NID_REGISTRATION_APPLICATION_FORM_F02,Medium,FALSE,Synthetic NID core anchored in reviewed taxonomy include examples; automated semantic/structural validation only; no REAL provenance claimed.
NIDQ_0066,Please tell me the correct process: How to fill the form?,NID,NID_REGISTRATION,NID / Voter Registration,NID_REGISTRATION_APPLICATION_FORM,Registration Application Form,Low,Informal,FALSE,,PARAPHRASED,NID_REGISTRATION_APPLICATION_FORM_F02,Medium,FALSE,Synthetic NID core anchored in reviewed taxonomy include examples; automated semantic/structural validation only; no REAL provenance claimed.
NIDQ_0073,Where to apply?,NID,NID_REGISTRATION,NID / Voter Registration,NID_REGISTRATION_APPLICATION_LOCATION,Registration Office or Application Location,Low,Formal,FALSE,,SYNTHETIC,NID_REGISTRATION_APPLICATION_LOCATION_F01,Easy,FALSE,Synthetic NID core anchored in reviewed taxonomy include examples; automated semantic/structural validation only; no REAL provenance claimed.
NIDQ_0074,Could you explain Where to apply?,NID,NID_REGISTRATION,NID / Voter Registration,NID_REGISTRATION_APPLICATION_LOCATION,Registration Office or Application Location,Low,Formal,FALSE,,PARAPHRASED,NID_REGISTRATION_APPLICATION_LOCATION_F01,Easy,FALSE,Synthetic NID core anchored in reviewed taxonomy include examples; automated semantic/structural validation only; no REAL provenance claimed.
NIDQ_0075,Please tell me the correct process: Where to apply?,NID,NID_REGISTRATION,NID / Voter Registration,NID_REGISTRATION_APPLICATION_LOCATION,Registration Office or Application Location,Low,Formal,FALSE,,PARAPHRASED,NID_REGISTRATION_APPLICATION_LOCATION_F01,Easy,FALSE,Synthetic NID core anchored in reviewed taxonomy include examples; automated semantic/structural validation only; no REAL provenance claimed.
NIDQ_0076,Could you explain the rules for which election office to visit?,NID,NID_REGISTRATION,NID / Voter Registration,NID_REGISTRATION_APPLICATION_LOCATION,Registration Office or Application Location,Low,Informal,FALSE,,SYNTHETIC,NID_REGISTRATION_APPLICATION_LOCATION_F02,Medium,FALSE,Synthetic NID core anchored in reviewed taxonomy include examples; automated semantic/structural validation only; no REAL provenance claimed.
NIDQ_0077,"For my case, Could you explain the rules for which election office to visit?",NID,NID_REGISTRATION,NID / Voter Registration,NID_REGISTRATION_APPLICATION_LOCATION,Registration Office or Application Location,Low,Informal,FALSE,,PARAPHRASED,NID_REGISTRATION_APPLICATION_LOCATION_F02,Medium,FALSE,Synthetic NID core anchored in reviewed taxonomy include examples; automated semantic/structural validation only; no REAL provenance claimed.
NIDQ_0078,Can you clarify this for me: Could you explain the rules for which election office to visit?,NID,NID_REGISTRATION,NID / Voter Registration,NID_REGISTRATION_APPLICATION_LOCATION,Registration Office or Application Location,Low,Informal,FALSE,,PARAPHRASED,NID_REGISTRATION_APPLICATION_LOCATION_F02,Medium,FALSE,Synthetic NID core anchored in reviewed taxonomy include examples; automated semantic/structural validation only; no REAL provenance claimed.
NIDQ_0085,Please explain the official process for fingerprint requirement.,NID,NID_REGISTRATION,NID / Voter Registration,NID_REGISTRATION_BIOMETRIC,Registration Biometric Process,Low,Formal,FALSE,,SYNTHETIC,NID_REGISTRATION_BIOMETRIC_F01,Easy,FALSE,Synthetic NID core anchored in reviewed taxonomy include examples; automated semantic/structural validation only; no REAL provenance claimed.
NIDQ_0086,"For my case, Please explain the official process for fingerprint requirement?",NID,NID_REGISTRATION,NID / Voter Registration,NID_REGISTRATION_BIOMETRIC,Registration Biometric Process,Low,Formal,FALSE,,PARAPHRASED,NID_REGISTRATION_BIOMETRIC_F01,Easy,FALSE,Synthetic NID core anchored in reviewed taxonomy include examples; automated semantic/structural validation only; no REAL provenance claimed.
NIDQ_0087,Can you clarify this for me: Please explain the official process for fingerprint requirement?,NID,NID_REGISTRATION,NID / Voter Registration,NID_REGISTRATION_BIOMETRIC,Registration Biometric Process,Low,Formal,FALSE,,PARAPHRASED,NID_REGISTRATION_BIOMETRIC_F01,Easy,FALSE,Synthetic NID core anchored in reviewed taxonomy include examples; automated semantic/structural validation only; no REAL provenance claimed.
NIDQ_0088,Where biometrics are provided?,NID,NID_REGISTRATION,NID / Voter Registration,NID_REGISTRATION_BIOMETRIC,Registration Biometric Process,Low,Informal,FALSE,,SYNTHETIC,NID_REGISTRATION_BIOMETRIC_F02,Medium,FALSE,Synthetic NID core anchored in reviewed taxonomy include examples; automated semantic/structural validation only; no REAL provenance claimed.
NIDQ_0089,Where biometrics are provided; what should I do next?,NID,NID_REGISTRATION,NID / Voter Registration,NID_REGISTRATION_BIOMETRIC,Registration Biometric Process,Low,Informal,FALSE,,PARAPHRASED,NID_REGISTRATION_BIOMETRIC_F02,Medium,FALSE,Synthetic NID core anchored in reviewed taxonomy include examples; automated semantic/structural validation only; no REAL provenance claimed.
NIDQ_0090,এই বিষয়ে সহায়তা চাই: Where biometrics are provided?,NID,NID_REGISTRATION,NID / Voter Registration,NID_REGISTRATION_BIOMETRIC,Registration Biometric Process,Low,Informal,FALSE,,PARAPHRASED,NID_REGISTRATION_BIOMETRIC_F02,Medium,FALSE,Synthetic NID core anchored in reviewed taxonomy include examples; automated semantic/structural validation only; no REAL provenance claimed.
NIDQ_0097,Can you guide me about present-address voter area?,NID,NID_REGISTRATION,NID / Voter Registration,NID_REGISTRATION_AREA_SELECTION,Voter Registration Area Selection,Low,Formal,FALSE,,SYNTHETIC,NID_REGISTRATION_AREA_SELECTION_F01,Easy,FALSE,Synthetic NID core anchored in reviewed taxonomy include examples; automated semantic/structural validation only; no REAL provenance claimed.
NIDQ_0098,Can you guide me about present-address voter area; what should I do next?,NID,NID_REGISTRATION,NID / Voter Registration,NID_REGISTRATION_AREA_SELECTION,Voter Registration Area Selection,Low,Formal,FALSE,,PARAPHRASED,NID_REGISTRATION_AREA_SELECTION_F01,Easy,FALSE,Synthetic NID core anchored in reviewed taxonomy include examples; automated semantic/structural validation only; no REAL provenance claimed.
NIDQ_0099,এই বিষয়ে সহায়তা চাই: Can you guide me about present-address voter area?,NID,NID_REGISTRATION,NID / Voter Registration,NID_REGISTRATION_AREA_SELECTION,Voter Registration Area Selection,Low,Formal,FALSE,,PARAPHRASED,NID_REGISTRATION_AREA_SELECTION_F01,Easy,FALSE,Synthetic NID core anchored in reviewed taxonomy include examples; automated semantic/structural validation only; no REAL provenance claimed.
NIDQ_0100,I have a question about permanent-address voter area. What is the process?,NID,NID_REGISTRATION,NID / Voter Registration,NID_REGISTRATION_AREA_SELECTION,Voter Registration Area Selection,Low,Informal,FALSE,,SYNTHETIC,NID_REGISTRATION_AREA_SELECTION_F02,Medium,FALSE,Synthetic NID core anchored in reviewed taxonomy include examples; automated semantic/structural validation only; no REAL provenance claimed.
NIDQ_0101,I am trying to understand this: I have a question about permanent-address voter area. What is the process?,NID,NID_REGISTRATION,NID / Voter Registration,NID_REGISTRATION_AREA_SELECTION,Voter Registration Area Selection,Low,Informal,FALSE,,PARAPHRASED,NID_REGISTRATION_AREA_SELECTION_F02,Medium,FALSE,Synthetic NID core anchored in reviewed taxonomy include examples; automated semantic/structural validation only; no REAL provenance claimed.
NIDQ_0102,I need guidance on this: I have a question about permanent-address voter area. What is the process?,NID,NID_REGISTRATION,NID / Voter Registration,NID_REGISTRATION_AREA_SELECTION,Voter Registration Area Selection,Low,Informal,FALSE,,PARAPHRASED,NID_REGISTRATION_AREA_SELECTION_F02,Medium,FALSE,Synthetic NID core anchored in reviewed taxonomy include examples; automated semantic/structural validation only; no REAL provenance claimed.
NIDQ_0109,What should I know about appointment booking?,NID,NID_REGISTRATION,NID / Voter Registration,NID_REGISTRATION_APPOINTMENT,Registration Appointment,Low,Formal,FALSE,,SYNTHETIC,NID_REGISTRATION_APPOINTMENT_F01,Easy,FALSE,Synthetic NID core anchored in reviewed taxonomy include examples; automated semantic/structural validation only; no REAL provenance claimed.
NIDQ_0110,I am trying to understand this: What should I know about appointment booking?,NID,NID_REGISTRATION,NID / Voter Registration,NID_REGISTRATION_APPOINTMENT,Registration Appointment,Low,Formal,FALSE,,PARAPHRASED,NID_REGISTRATION_APPOINTMENT_F01,Easy,FALSE,Synthetic NID core anchored in reviewed taxonomy include examples; automated semantic/structural validation only; no REAL provenance claimed.
NIDQ_0111,I need guidance on this: What should I know about appointment booking?,NID,NID_REGISTRATION,NID / Voter Registration,NID_REGISTRATION_APPOINTMENT,Registration Appointment,Low,Formal,FALSE,,PARAPHRASED,NID_REGISTRATION_APPOINTMENT_F01,Easy,FALSE,Synthetic NID core anchored in reviewed taxonomy include examples; automated semantic/structural validation only; no REAL provenance claimed.
NIDQ_0112,Could you explain the rules for online appointment?,NID,NID_REGISTRATION,NID / Voter Registration,NID_REGISTRATION_APPOINTMENT,Registration Appointment,Low,Informal,FALSE,,SYNTHETIC,NID_REGISTRATION_APPOINTMENT_F02,Medium,FALSE,Synthetic NID core anchored in reviewed taxonomy include examples; automated semantic/structural validation only; no REAL provenance claimed.
NIDQ_0113,Could you explain Could you explain the rules for online appointment?,NID,NID_REGISTRATION,NID / Voter Registration,NID_REGISTRATION_APPOINTMENT,Registration Appointment,Low,Informal,FALSE,,PARAPHRASED,NID_REGISTRATION_APPOINTMENT_F02,Medium,FALSE,Synthetic NID core anchored in reviewed taxonomy include examples; automated semantic/structural validation only; no REAL provenance claimed.
NIDQ_0114,Please tell me the correct process: Could you explain the rules for online appointment?,NID,NID_REGISTRATION,NID / Voter Registration,NID_REGISTRATION_APPOINTMENT,Registration Appointment,Low,Informal,FALSE,,PARAPHRASED,NID_REGISTRATION_APPOINTMENT_F02,Medium,FALSE,Synthetic NID core anchored in reviewed taxonomy include examples; automated semantic/structural validation only; no REAL provenance claimed.
NIDQ_0121,Please explain the official process for meaning of present versus permanent address.,NID,NID_REGISTRATION,NID / Voter Registration,NID_REGISTRATION_ADDRESS_FIELDS,Present and Permanent Address in Registration,Low,Formal,FALSE,,SYNTHETIC,NID_REGISTRATION_ADDRESS_FIELDS_F01,Easy,FALSE,Synthetic NID core anchored in reviewed taxonomy include examples; automated semantic/structural validation only; no REAL provenance claimed.
NIDQ_0122,Could you explain Please explain the official process for meaning of present versus permanent address?,NID,NID_REGISTRATION,NID / Voter Registration,NID_REGISTRATION_ADDRESS_FIELDS,Present and Permanent Address in Registration,Low,Formal,FALSE,,PARAPHRASED,NID_REGISTRATION_ADDRESS_FIELDS_F01,Easy,FALSE,Synthetic NID core anchored in reviewed taxonomy include examples; automated semantic/structural validation only; no REAL provenance claimed.
NIDQ_0123,Please tell me the correct process: Please explain the official process for meaning of present versus permanent address?,NID,NID_REGISTRATION,NID / Voter Registration,NID_REGISTRATION_ADDRESS_FIELDS,Present and Permanent Address in Registration,Low,Formal,FALSE,,PARAPHRASED,NID_REGISTRATION_ADDRESS_FIELDS_F01,Easy,FALSE,Synthetic NID core anchored in reviewed taxonomy include examples; automated semantic/structural validation only; no REAL provenance claimed.
NIDQ_0124,Which rules apply to which address to enter?,NID,NID_REGISTRATION,NID / Voter Registration,NID_REGISTRATION_ADDRESS_FIELDS,Present and Permanent Address in Registration,Low,Informal,FALSE,,SYNTHETIC,NID_REGISTRATION_ADDRESS_FIELDS_F02,Medium,FALSE,Synthetic NID core anchored in reviewed taxonomy include examples; automated semantic/structural validation only; no REAL provenance claimed.
NIDQ_0125,"For my case, Which rules apply to which address to enter?",NID,NID_REGISTRATION,NID / Voter Registration,NID_REGISTRATION_ADDRESS_FIELDS,Present and Permanent Address in Registration,Low,Informal,FALSE,,PARAPHRASED,NID_REGISTRATION_ADDRESS_FIELDS_F02,Medium,FALSE,Synthetic NID core anchored in reviewed taxonomy include examples; automated semantic/structural validation only; no REAL provenance claimed.
NIDQ_0126,Can you clarify this for me: Which rules apply to which address to enter?,NID,NID_REGISTRATION,NID / Voter Registration,NID_REGISTRATION_ADDRESS_FIELDS,Present and Permanent Address in Registration,Low,Informal,FALSE,,PARAPHRASED,NID_REGISTRATION_ADDRESS_FIELDS_F02,Medium,FALSE,Synthetic NID core anchored in reviewed taxonomy include examples; automated semantic/structural validation only; no REAL provenance claimed.
NIDQ_0133,How verification works?,NID,NID_REGISTRATION,NID / Voter Registration,NID_REGISTRATION_VERIFICATION,Registration Verification,Low,Formal,FALSE,,SYNTHETIC,NID_REGISTRATION_VERIFICATION_F01,Easy,FALSE,Synthetic NID core anchored in reviewed taxonomy include examples; automated semantic/structural validation only; no REAL provenance claimed.
NIDQ_0134,"For my case, How verification works?",NID,NID_REGISTRATION,NID / Voter Registration,NID_REGISTRATION_VERIFICATION,Registration Verification,Low,Formal,FALSE,,PARAPHRASED,NID_REGISTRATION_VERIFICATION_F01,Easy,FALSE,Synthetic NID core anchored in reviewed taxonomy include examples; automated semantic/structural validation only; no REAL provenance claimed.
NIDQ_0135,Can you clarify this for me: How verification works?,NID,NID_REGISTRATION,NID / Voter Registration,NID_REGISTRATION_VERIFICATION,Registration Verification,Low,Formal,FALSE,,PARAPHRASED,NID_REGISTRATION_VERIFICATION_F01,Easy,FALSE,Synthetic NID core anchored in reviewed taxonomy include examples; automated semantic/structural validation only; no REAL provenance claimed.
NIDQ_0136,I have a question about meaning of verification status. What is the process?,NID,NID_REGISTRATION,NID / Voter Registration,NID_REGISTRATION_VERIFICATION,Registration Verification,Low,Informal,FALSE,,SYNTHETIC,NID_REGISTRATION_VERIFICATION_F02,Medium,FALSE,Synthetic NID core anchored in reviewed taxonomy include examples; automated semantic/structural validation only; no REAL provenance claimed.
NIDQ_0137,I have a question about meaning of verification status. What is the process; what should I do next?,NID,NID_REGISTRATION,NID / Voter Registration,NID_REGISTRATION_VERIFICATION,Registration Verification,Low,Informal,FALSE,,PARAPHRASED,NID_REGISTRATION_VERIFICATION_F02,Medium,FALSE,Synthetic NID core anchored in reviewed taxonomy include examples; automated semantic/structural validation only; no REAL provenance claimed.
NIDQ_0138,এই বিষয়ে সহায়তা চাই: I have a question about meaning of verification status. What is the process?,NID,NID_REGISTRATION,NID / Voter Registration,NID_REGISTRATION_VERIFICATION,Registration Verification,Low,Informal,FALSE,,PARAPHRASED,NID_REGISTRATION_VERIFICATION_F02,Medium,FALSE,Synthetic NID core anchored in reviewed taxonomy include examples; automated semantic/structural validation only; no REAL provenance claimed.
NIDQ_0145,What should I know about when the physical card will be received?,NID,NID_REGISTRATION,NID / Voter Registration,NID_REGISTRATION_PHYSICAL_CARD_COLLECTION,First NID Card Collection,Low,Formal,FALSE,,SYNTHETIC,NID_REGISTRATION_PHYSICAL_CARD_COLLECTION_F01,Easy,FALSE,Synthetic NID core anchored in reviewed taxonomy include examples; automated semantic/structural validation only; no REAL provenance claimed.
NIDQ_0146,What should I know about when the physical card will be received; what should I do next?,NID,NID_REGISTRATION,NID / Voter Registration,NID_REGISTRATION_PHYSICAL_CARD_COLLECTION,First NID Card Collection,Low,Formal,FALSE,,PARAPHRASED,NID_REGISTRATION_PHYSICAL_CARD_COLLECTION_F01,Easy,FALSE,Synthetic NID core anchored in reviewed taxonomy include examples; automated semantic/structural validation only; no REAL provenance claimed.
NIDQ_0147,এই বিষয়ে সহায়তা চাই: What should I know about when the physical card will be received?,NID,NID_REGISTRATION,NID / Voter Registration,NID_REGISTRATION_PHYSICAL_CARD_COLLECTION,First NID Card Collection,Low,Formal,FALSE,,PARAPHRASED,NID_REGISTRATION_PHYSICAL_CARD_COLLECTION_F01,Easy,FALSE,Synthetic NID core anchored in reviewed taxonomy include examples; automated semantic/structural validation only; no REAL provenance claimed.
NIDQ_0148,Where the physical card is collected?,NID,NID_REGISTRATION,NID / Voter Registration,NID_REGISTRATION_PHYSICAL_CARD_COLLECTION,First NID Card Collection,Low,Informal,FALSE,,SYNTHETIC,NID_REGISTRATION_PHYSICAL_CARD_COLLECTION_F02,Medium,FALSE,Synthetic NID core anchored in reviewed taxonomy include examples; automated semantic/structural validation only; no REAL provenance claimed.
NIDQ_0149,I am trying to understand this: Where the physical card is collected?,NID,NID_REGISTRATION,NID / Voter Registration,NID_REGISTRATION_PHYSICAL_CARD_COLLECTION,First NID Card Collection,Low,Informal,FALSE,,PARAPHRASED,NID_REGISTRATION_PHYSICAL_CARD_COLLECTION_F02,Medium,FALSE,Synthetic NID core anchored in reviewed taxonomy include examples; automated semantic/structural validation only; no REAL provenance claimed.
NIDQ_0150,I need guidance on this: Where the physical card is collected?,NID,NID_REGISTRATION,NID / Voter Registration,NID_REGISTRATION_PHYSICAL_CARD_COLLECTION,First NID Card Collection,Low,Informal,FALSE,,PARAPHRASED,NID_REGISTRATION_PHYSICAL_CARD_COLLECTION_F02,Medium,FALSE,Synthetic NID core anchored in reviewed taxonomy include examples; automated semantic/structural validation only; no REAL provenance claimed.
NIDQ_0157,Please explain the official process for required personal information.,NID,NID_REGISTRATION,NID / Voter Registration,NID_REGISTRATION_REQUIRED_INFORMATION,Required Registration Information,Low,Formal,FALSE,,SYNTHETIC,NID_REGISTRATION_REQUIRED_INFORMATION_F01,Easy,FALSE,Synthetic NID core anchored in reviewed taxonomy include examples; automated semantic/structural validation only; no REAL provenance claimed.
NIDQ_0158,I am trying to understand this: Please explain the official process for required personal information?,NID,NID_REGISTRATION,NID / Voter Registration,NID_REGISTRATION_REQUIRED_INFORMATION,Required Registration Information,Low,Formal,FALSE,,PARAPHRASED,NID_REGISTRATION_REQUIRED_INFORMATION_F01,Easy,FALSE,Synthetic NID core anchored in reviewed taxonomy include examples; automated semantic/structural validation only; no REAL provenance claimed.
NIDQ_0159,I need guidance on this: Please explain the official process for required personal information?,NID,NID_REGISTRATION,NID / Voter Registration,NID_REGISTRATION_REQUIRED_INFORMATION,Required Registration Information,Low,Formal,FALSE,,PARAPHRASED,NID_REGISTRATION_REQUIRED_INFORMATION_F01,Easy,FALSE,Synthetic NID core anchored in reviewed taxonomy include examples; automated semantic/structural validation only; no REAL provenance claimed.
NIDQ_0160,Which rules apply to parents' information?,NID,NID_REGISTRATION,NID / Voter Registration,NID_REGISTRATION_REQUIRED_INFORMATION,Required Registration Information,Low,Informal,FALSE,,SYNTHETIC,NID_REGISTRATION_REQUIRED_INFORMATION_F02,Medium,FALSE,Synthetic NID core anchored in reviewed taxonomy include examples; automated semantic/structural validation only; no REAL provenance claimed.
NIDQ_0161,Could you explain Which rules apply to parents' information?,NID,NID_REGISTRATION,NID / Voter Registration,NID_REGISTRATION_REQUIRED_INFORMATION,Required Registration Information,Low,Informal,FALSE,,PARAPHRASED,NID_REGISTRATION_REQUIRED_INFORMATION_F02,Medium,FALSE,Synthetic NID core anchored in reviewed taxonomy include examples; automated semantic/structural validation only; no REAL provenance claimed.
NIDQ_0162,Please tell me the correct process: Which rules apply to parents' information?,NID,NID_REGISTRATION,NID / Voter Registration,NID_REGISTRATION_REQUIRED_INFORMATION,Required Registration Information,Low,Informal,FALSE,,PARAPHRASED,NID_REGISTRATION_REQUIRED_INFORMATION_F02,Medium,FALSE,Synthetic NID core anchored in reviewed taxonomy include examples; automated semantic/structural validation only; no REAL provenance claimed.
NIDQ_0169,Can you guide me about no birth certificate?,NID,NID_REGISTRATION,NID / Voter Registration,NID_REGISTRATION_MISSING_DOCUMENTS,Missing or Incomplete Registration Documents,Medium,Formal,FALSE,,SYNTHETIC,NID_REGISTRATION_MISSING_DOCUMENTS_F01,Easy,FALSE,Synthetic NID core anchored in reviewed taxonomy include examples; automated semantic/structural validation only; no REAL provenance claimed.
NIDQ_0170,Could you explain Can you guide me about no birth certificate?,NID,NID_REGISTRATION,NID / Voter Registration,NID_REGISTRATION_MISSING_DOCUMENTS,Missing or Incomplete Registration Documents,Medium,Formal,FALSE,,PARAPHRASED,NID_REGISTRATION_MISSING_DOCUMENTS_F01,Easy,FALSE,Synthetic NID core anchored in reviewed taxonomy include examples; automated semantic/structural validation only; no REAL provenance claimed.
NIDQ_0171,Please tell me the correct process: Can you guide me about no birth certificate?,NID,NID_REGISTRATION,NID / Voter Registration,NID_REGISTRATION_MISSING_DOCUMENTS,Missing or Incomplete Registration Documents,Medium,Formal,FALSE,,PARAPHRASED,NID_REGISTRATION_MISSING_DOCUMENTS_F01,Easy,FALSE,Synthetic NID core anchored in reviewed taxonomy include examples; automated semantic/structural validation only; no REAL provenance claimed.
NIDQ_0172,I have a question about incomplete documents. What is the process?,NID,NID_REGISTRATION,NID / Voter Registration,NID_REGISTRATION_MISSING_DOCUMENTS,Missing or Incomplete Registration Documents,Medium,Informal,FALSE,,SYNTHETIC,NID_REGISTRATION_MISSING_DOCUMENTS_F02,Medium,FALSE,Synthetic NID core anchored in reviewed taxonomy include examples; automated semantic/structural validation only; no REAL provenance claimed.
NIDQ_0173,"For my case, I have a question about incomplete documents. What is the process?",NID,NID_REGISTRATION,NID / Voter Registration,NID_REGISTRATION_MISSING_DOCUMENTS,Missing or Incomplete Registration Documents,Medium,Informal,FALSE,,PARAPHRASED,NID_REGISTRATION_MISSING_DOCUMENTS_F02,Medium,FALSE,Synthetic NID core anchored in reviewed taxonomy include examples; automated semantic/structural validation only; no REAL provenance claimed.
NIDQ_0174,Can you clarify this for me: I have a question about incomplete documents. What is the process?,NID,NID_REGISTRATION,NID / Voter Registration,NID_REGISTRATION_MISSING_DOCUMENTS,Missing or Incomplete Registration Documents,Medium,Informal,FALSE,,PARAPHRASED,NID_REGISTRATION_MISSING_DOCUMENTS_F02,Medium,FALSE,Synthetic NID core anchored in reviewed taxonomy include examples; automated semantic/structural validation only; no REAL provenance claimed.
NIDQ_0181,What should I know about lost application number?,NID,NID_REGISTRATION,NID / Voter Registration,NID_REGISTRATION_REFERENCE_RECOVERY,Registration Reference Recovery,Low,Formal,FALSE,,SYNTHETIC,NID_REGISTRATION_REFERENCE_RECOVERY_F01,Easy,FALSE,Synthetic NID core anchored in reviewed taxonomy include examples; automated semantic/structural validation only; no REAL provenance claimed.
NIDQ_0182,"For my case, What should I know about lost application number?",NID,NID_REGISTRATION,NID / Voter Registration,NID_REGISTRATION_REFERENCE_RECOVERY,Registration Reference Recovery,Low,Formal,FALSE,,PARAPHRASED,NID_REGISTRATION_REFERENCE_RECOVERY_F01,Easy,FALSE,Synthetic NID core anchored in reviewed taxonomy include examples; automated semantic/structural validation only; no REAL provenance claimed.
NIDQ_0183,Can you clarify this for me: What should I know about lost application number?,NID,NID_REGISTRATION,NID / Voter Registration,NID_REGISTRATION_REFERENCE_RECOVERY,Registration Reference Recovery,Low,Formal,FALSE,,PARAPHRASED,NID_REGISTRATION_REFERENCE_RECOVERY_F01,Easy,FALSE,Synthetic NID core anchored in reviewed taxonomy include examples; automated semantic/structural validation only; no REAL provenance claimed.
NIDQ_0184,Could you explain the rules for lost registration slip?,NID,NID_REGISTRATION,NID / Voter Registration,NID_REGISTRATION_REFERENCE_RECOVERY,Registration Reference Recovery,Low,Informal,FALSE,,SYNTHETIC,NID_REGISTRATION_REFERENCE_RECOVERY_F02,Medium,FALSE,Synthetic NID core anchored in reviewed taxonomy include examples; automated semantic/structural validation only; no REAL provenance claimed.
NIDQ_0185,Could you explain the rules for lost registration slip; what should I do next?,NID,NID_REGISTRATION,NID / Voter Registration,NID_REGISTRATION_REFERENCE_RECOVERY,Registration Reference Recovery,Low,Informal,FALSE,,PARAPHRASED,NID_REGISTRATION_REFERENCE_RECOVERY_F02,Medium,FALSE,Synthetic NID core anchored in reviewed taxonomy include examples; automated semantic/structural validation only; no REAL provenance claimed.
NIDQ_0186,এই বিষয়ে সহায়তা চাই: Could you explain the rules for lost registration slip?,NID,NID_REGISTRATION,NID / Voter Registration,NID_REGISTRATION_REFERENCE_RECOVERY,Registration Reference Recovery,Low,Informal,FALSE,,PARAPHRASED,NID_REGISTRATION_REFERENCE_RECOVERY_F02,Medium,FALSE,Synthetic NID core anchored in reviewed taxonomy include examples; automated semantic/structural validation only; no REAL provenance claimed.
NIDQ_0193,Please explain the official process for registering many years late.,NID,NID_REGISTRATION,NID / Voter Registration,NID_REGISTRATION_LATE_REGISTRATION,Late First-Time Registration,Low,Formal,FALSE,,SYNTHETIC,NID_REGISTRATION_LATE_REGISTRATION_F01,Easy,FALSE,Synthetic NID core anchored in reviewed taxonomy include examples; automated semantic/structural validation only; no REAL provenance claimed.
NIDQ_0194,Please explain the official process for registering many years late; what should I do next?,NID,NID_REGISTRATION,NID / Voter Registration,NID_REGISTRATION_LATE_REGISTRATION,Late First-Time Registration,Low,Formal,FALSE,,PARAPHRASED,NID_REGISTRATION_LATE_REGISTRATION_F01,Easy,FALSE,Synthetic NID core anchored in reviewed taxonomy include examples; automated semantic/structural validation only; no REAL provenance claimed.
NIDQ_0195,Please explain the official process for registering many years late?,NID,NID_REGISTRATION,NID / Voter Registration,NID_REGISTRATION_LATE_REGISTRATION,Late First-Time Registration,Low,Formal,FALSE,,PARAPHRASED,NID_REGISTRATION_LATE_REGISTRATION_F01,Easy,FALSE,Synthetic NID core anchored in reviewed taxonomy include examples; automated semantic/structural validation only; no REAL provenance claimed.
NIDQ_0196,Which rules apply to older first-time applicant?,NID,NID_REGISTRATION,NID / Voter Registration,NID_REGISTRATION_LATE_REGISTRATION,Late First-Time Registration,Low,Informal,FALSE,,SYNTHETIC,NID_REGISTRATION_LATE_REGISTRATION_F02,Medium,FALSE,Synthetic NID core anchored in reviewed taxonomy include examples; automated semantic/structural validation only; no REAL provenance claimed.
NIDQ_0197,I am trying to understand this: Which rules apply to older first-time applicant?,NID,NID_REGISTRATION,NID / Voter Registration,NID_REGISTRATION_LATE_REGISTRATION,Late First-Time Registration,Low,Informal,FALSE,,PARAPHRASED,NID_REGISTRATION_LATE_REGISTRATION_F02,Medium,FALSE,Synthetic NID core anchored in reviewed taxonomy include examples; automated semantic/structural validation only; no REAL provenance claimed.
NIDQ_0198,I need guidance on this: Which rules apply to older first-time applicant?,NID,NID_REGISTRATION,NID / Voter Registration,NID_REGISTRATION_LATE_REGISTRATION,Late First-Time Registration,Low,Informal,FALSE,,PARAPHRASED,NID_REGISTRATION_LATE_REGISTRATION_F02,Medium,FALSE,Synthetic NID core anchored in reviewed taxonomy include examples; automated semantic/structural validation only; no REAL provenance claimed.
NIDQ_0205,Can you guide me about cancel application?,NID,NID_REGISTRATION,NID / Voter Registration,NID_REGISTRATION_CANCELLATION,Registration Application Cancellation,Medium,Formal,FALSE,,SYNTHETIC,NID_REGISTRATION_CANCELLATION_F01,Easy,FALSE,Synthetic NID core anchored in reviewed taxonomy include examples; automated semantic/structural validation only; no REAL provenance claimed.
NIDQ_0206,I am trying to understand this: Can you guide me about cancel application?,NID,NID_REGISTRATION,NID / Voter Registration,NID_REGISTRATION_CANCELLATION,Registration Application Cancellation,Medium,Formal,FALSE,,PARAPHRASED,NID_REGISTRATION_CANCELLATION_F01,Easy,FALSE,Synthetic NID core anchored in reviewed taxonomy include examples; automated semantic/structural validation only; no REAL provenance claimed.
NIDQ_0207,I need guidance on this: Can you guide me about cancel application?,NID,NID_REGISTRATION,NID / Voter Registration,NID_REGISTRATION_CANCELLATION,Registration Application Cancellation,Medium,Formal,FALSE,,PARAPHRASED,NID_REGISTRATION_CANCELLATION_F01,Easy,FALSE,Synthetic NID core anchored in reviewed taxonomy include examples; automated semantic/structural validation only; no REAL provenance claimed.
NIDQ_0208,I have a question about withdraw submitted application. What is the process?,NID,NID_REGISTRATION,NID / Voter Registration,NID_REGISTRATION_CANCELLATION,Registration Application Cancellation,Medium,Informal,FALSE,,SYNTHETIC,NID_REGISTRATION_CANCELLATION_F02,Medium,FALSE,Synthetic NID core anchored in reviewed taxonomy include examples; automated semantic/structural validation only; no REAL provenance claimed.
NIDQ_0209,Could you explain I have a question about withdraw submitted application. What is the process?,NID,NID_REGISTRATION,NID / Voter Registration,NID_REGISTRATION_CANCELLATION,Registration Application Cancellation,Medium,Informal,FALSE,,PARAPHRASED,NID_REGISTRATION_CANCELLATION_F02,Medium,FALSE,Synthetic NID core anchored in reviewed taxonomy include examples; automated semantic/structural validation only; no REAL provenance claimed.
NIDQ_0210,Please tell me the correct process: I have a question about withdraw submitted application. What is the process?,NID,NID_REGISTRATION,NID / Voter Registration,NID_REGISTRATION_CANCELLATION,Registration Application Cancellation,Medium,Informal,FALSE,,PARAPHRASED,NID_REGISTRATION_CANCELLATION_F02,Medium,FALSE,Synthetic NID core anchored in reviewed taxonomy include examples; automated semantic/structural validation only; no REAL provenance claimed.
NIDQ_0217,How long registration normally takes?,NID,NID_REGISTRATION,NID / Voter Registration,NID_REGISTRATION_PROCESSING_TIME,Normal Registration Processing Time,Low,Formal,FALSE,,SYNTHETIC,NID_REGISTRATION_PROCESSING_TIME_F01,Easy,FALSE,Synthetic NID core anchored in reviewed taxonomy include examples; automated semantic/structural validation only; no REAL provenance claimed.
NIDQ_0218,Could you explain How long registration normally takes?,NID,NID_REGISTRATION,NID / Voter Registration,NID_REGISTRATION_PROCESSING_TIME,Normal Registration Processing Time,Low,Formal,FALSE,,PARAPHRASED,NID_REGISTRATION_PROCESSING_TIME_F01,Easy,FALSE,Synthetic NID core anchored in reviewed taxonomy include examples; automated semantic/structural validation only; no REAL provenance claimed.
NIDQ_0219,Please tell me the correct process: How long registration normally takes?,NID,NID_REGISTRATION,NID / Voter Registration,NID_REGISTRATION_PROCESSING_TIME,Normal Registration Processing Time,Low,Formal,FALSE,,PARAPHRASED,NID_REGISTRATION_PROCESSING_TIME_F01,Easy,FALSE,Synthetic NID core anchored in reviewed taxonomy include examples; automated semantic/structural validation only; no REAL provenance claimed.
NIDQ_0220,Could you explain the rules for expected processing duration?,NID,NID_REGISTRATION,NID / Voter Registration,NID_REGISTRATION_PROCESSING_TIME,Normal Registration Processing Time,Low,Informal,FALSE,,SYNTHETIC,NID_REGISTRATION_PROCESSING_TIME_F02,Medium,FALSE,Synthetic NID core anchored in reviewed taxonomy include examples; automated semantic/structural validation only; no REAL provenance claimed.
NIDQ_0221,"For my case, Could you explain the rules for expected processing duration?",NID,NID_REGISTRATION,NID / Voter Registration,NID_REGISTRATION_PROCESSING_TIME,Normal Registration Processing Time,Low,Informal,FALSE,,PARAPHRASED,NID_REGISTRATION_PROCESSING_TIME_F02,Medium,FALSE,Synthetic NID core anchored in reviewed taxonomy include examples; automated semantic/structural validation only; no REAL provenance claimed.
NIDQ_0222,Can you clarify this for me: Could you explain the rules for expected processing duration?,NID,NID_REGISTRATION,NID / Voter Registration,NID_REGISTRATION_PROCESSING_TIME,Normal Registration Processing Time,Low,Informal,FALSE,,PARAPHRASED,NID_REGISTRATION_PROCESSING_TIME_F02,Medium,FALSE,Synthetic NID core anchored in reviewed taxonomy include examples; automated semantic/structural validation only; no REAL provenance claimed.
NIDQ_0229,Can a Bangladeshi living abroad apply for an NID?,NID,NID_REGISTRATION,NID / Voter Registration,NID_REGISTRATION_EXPATRIATE,Expatriate / Overseas NID Registration,Low,Formal,FALSE,,SYNTHETIC,NID_REGISTRATION_EXPATRIATE_F01,Easy,FALSE,Synthetic NID core anchored in reviewed taxonomy include examples; automated semantic/structural validation only; no REAL provenance claimed.
NIDQ_0230,"For my case, Can a Bangladeshi living abroad apply for an NID?",NID,NID_REGISTRATION,NID / Voter Registration,NID_REGISTRATION_EXPATRIATE,Expatriate / Overseas NID Registration,Low,Formal,FALSE,,PARAPHRASED,NID_REGISTRATION_EXPATRIATE_F01,Easy,FALSE,Synthetic NID core anchored in reviewed taxonomy include examples; automated semantic/structural validation only; no REAL provenance claimed.
NIDQ_0231,Can you clarify this for me: Can a Bangladeshi living abroad apply for an NID?,NID,NID_REGISTRATION,NID / Voter Registration,NID_REGISTRATION_EXPATRIATE,Expatriate / Overseas NID Registration,Low,Formal,FALSE,,PARAPHRASED,NID_REGISTRATION_EXPATRIATE_F01,Easy,FALSE,Synthetic NID core anchored in reviewed taxonomy include examples; automated semantic/structural validation only; no REAL provenance claimed.
NIDQ_0232,How can an expatriate register for an NID?,NID,NID_REGISTRATION,NID / Voter Registration,NID_REGISTRATION_EXPATRIATE,Expatriate / Overseas NID Registration,Low,Informal,FALSE,,SYNTHETIC,NID_REGISTRATION_EXPATRIATE_F02,Medium,FALSE,Synthetic NID core anchored in reviewed taxonomy include examples; automated semantic/structural validation only; no REAL provenance claimed.
NIDQ_0233,How can an expatriate register for an NID; what should I do next?,NID,NID_REGISTRATION,NID / Voter Registration,NID_REGISTRATION_EXPATRIATE,Expatriate / Overseas NID Registration,Low,Informal,FALSE,,PARAPHRASED,NID_REGISTRATION_EXPATRIATE_F02,Medium,FALSE,Synthetic NID core anchored in reviewed taxonomy include examples; automated semantic/structural validation only; no REAL provenance claimed.
NIDQ_0234,এই বিষয়ে সহায়তা চাই: How can an expatriate register for an NID?,NID,NID_REGISTRATION,NID / Voter Registration,NID_REGISTRATION_EXPATRIATE,Expatriate / Overseas NID Registration,Low,Informal,FALSE,,PARAPHRASED,NID_REGISTRATION_EXPATRIATE_F02,Medium,FALSE,Synthetic NID core anchored in reviewed taxonomy include examples; automated semantic/structural validation only; no REAL provenance claimed.
NIDQ_0241,Can you guide me about wrong own name?,NID,NID_CORRECTION,NID Information Correction,NID_CORRECTION_NAME,Own Name Correction,Low,Formal,FALSE,,SYNTHETIC,NID_CORRECTION_NAME_F01,Easy,FALSE,Synthetic NID core anchored in reviewed taxonomy include examples; automated semantic/structural validation only; no REAL provenance claimed.
NIDQ_0242,Can you guide me about wrong own name; what should I do next?,NID,NID_CORRECTION,NID Information Correction,NID_CORRECTION_NAME,Own Name Correction,Low,Formal,FALSE,,PARAPHRASED,NID_CORRECTION_NAME_F01,Easy,FALSE,Synthetic NID core anchored in reviewed taxonomy include examples; automated semantic/structural validation only; no REAL provenance claimed.
NIDQ_0243,এই বিষয়ে সহায়তা চাই: Can you guide me about wrong own name?,NID,NID_CORRECTION,NID Information Correction,NID_CORRECTION_NAME,Own Name Correction,Low,Formal,FALSE,,PARAPHRASED,NID_CORRECTION_NAME_F01,Easy,FALSE,Synthetic NID core anchored in reviewed taxonomy include examples; automated semantic/structural validation only; no REAL provenance claimed.
NIDQ_0244,I have a question about name spelling mistake. What is the process?,NID,NID_CORRECTION,NID Information Correction,NID_CORRECTION_NAME,Own Name Correction,Low,Informal,FALSE,,SYNTHETIC,NID_CORRECTION_NAME_F02,Medium,FALSE,Synthetic NID core anchored in reviewed taxonomy include examples; automated semantic/structural validation only; no REAL provenance claimed.
NIDQ_0245,I am trying to understand this: I have a question about name spelling mistake. What is the process?,NID,NID_CORRECTION,NID Information Correction,NID_CORRECTION_NAME,Own Name Correction,Low,Informal,FALSE,,PARAPHRASED,NID_CORRECTION_NAME_F02,Medium,FALSE,Synthetic NID core anchored in reviewed taxonomy include examples; automated semantic/structural validation only; no REAL provenance claimed.
NIDQ_0246,I need guidance on this: I have a question about name spelling mistake. What is the process?,NID,NID_CORRECTION,NID Information Correction,NID_CORRECTION_NAME,Own Name Correction,Low,Informal,FALSE,,PARAPHRASED,NID_CORRECTION_NAME_F02,Medium,FALSE,Synthetic NID core anchored in reviewed taxonomy include examples; automated semantic/structural validation only; no REAL provenance claimed.
NIDQ_0253,What should I know about father's name incorrect?,NID,NID_CORRECTION,NID Information Correction,NID_CORRECTION_PARENT_NAME,Father or Mother Name Correction,Low,Formal,FALSE,,SYNTHETIC,NID_CORRECTION_PARENT_NAME_F01,Easy,FALSE,Synthetic NID core anchored in reviewed taxonomy include examples; automated semantic/structural validation only; no REAL provenance claimed.
NIDQ_0254,I am trying to understand this: What should I know about father's name incorrect?,NID,NID_CORRECTION,NID Information Correction,NID_CORRECTION_PARENT_NAME,Father or Mother Name Correction,Low,Formal,FALSE,,PARAPHRASED,NID_CORRECTION_PARENT_NAME_F01,Easy,FALSE,Synthetic NID core anchored in reviewed taxonomy include examples; automated semantic/structural validation only; no REAL provenance claimed.
NIDQ_0255,I need guidance on this: What should I know about father's name incorrect?,NID,NID_CORRECTION,NID Information Correction,NID_CORRECTION_PARENT_NAME,Father or Mother Name Correction,Low,Formal,FALSE,,PARAPHRASED,NID_CORRECTION_PARENT_NAME_F01,Easy,FALSE,Synthetic NID core anchored in reviewed taxonomy include examples; automated semantic/structural validation only; no REAL provenance claimed.
NIDQ_0256,Could you explain the rules for mother's name incorrect?,NID,NID_CORRECTION,NID Information Correction,NID_CORRECTION_PARENT_NAME,Father or Mother Name Correction,Low,Informal,FALSE,,SYNTHETIC,NID_CORRECTION_PARENT_NAME_F02,Medium,FALSE,Synthetic NID core anchored in reviewed taxonomy include examples; automated semantic/structural validation only; no REAL provenance claimed.
NIDQ_0257,Could you explain Could you explain the rules for mother's name incorrect?,NID,NID_CORRECTION,NID Information Correction,NID_CORRECTION_PARENT_NAME,Father or Mother Name Correction,Low,Informal,FALSE,,PARAPHRASED,NID_CORRECTION_PARENT_NAME_F02,Medium,FALSE,Synthetic NID core anchored in reviewed taxonomy include examples; automated semantic/structural validation only; no REAL provenance claimed.
NIDQ_0258,Please tell me the correct process: Could you explain the rules for mother's name incorrect?,NID,NID_CORRECTION,NID Information Correction,NID_CORRECTION_PARENT_NAME,Father or Mother Name Correction,Low,Informal,FALSE,,PARAPHRASED,NID_CORRECTION_PARENT_NAME_F02,Medium,FALSE,Synthetic NID core anchored in reviewed taxonomy include examples; automated semantic/structural validation only; no REAL provenance claimed.
NIDQ_0265,Please explain the official process for wrong date of birth.,NID,NID_CORRECTION,NID Information Correction,NID_CORRECTION_DOB,Date of Birth Correction,Low,Formal,FALSE,,SYNTHETIC,NID_CORRECTION_DOB_F01,Easy,FALSE,Synthetic NID core anchored in reviewed taxonomy include examples; automated semantic/structural validation only; no REAL provenance claimed.
NIDQ_0266,Could you explain Please explain the official process for wrong date of birth?,NID,NID_CORRECTION,NID Information Correction,NID_CORRECTION_DOB,Date of Birth Correction,Low,Formal,FALSE,,PARAPHRASED,NID_CORRECTION_DOB_F01,Easy,FALSE,Synthetic NID core anchored in reviewed taxonomy include examples; automated semantic/structural validation only; no REAL provenance claimed.
NIDQ_0267,Please tell me the correct process: Please explain the official process for wrong date of birth?,NID,NID_CORRECTION,NID Information Correction,NID_CORRECTION_DOB,Date of Birth Correction,Low,Formal,FALSE,,PARAPHRASED,NID_CORRECTION_DOB_F01,Easy,FALSE,Synthetic NID core anchored in reviewed taxonomy include examples; automated semantic/structural validation only; no REAL provenance claimed.
NIDQ_0268,Which rules apply to wrong birth year?,NID,NID_CORRECTION,NID Information Correction,NID_CORRECTION_DOB,Date of Birth Correction,Low,Informal,FALSE,,SYNTHETIC,NID_CORRECTION_DOB_F02,Medium,FALSE,Synthetic NID core anchored in reviewed taxonomy include examples; automated semantic/structural validation only; no REAL provenance claimed.
NIDQ_0269,"For my case, Which rules apply to wrong birth year?",NID,NID_CORRECTION,NID Information Correction,NID_CORRECTION_DOB,Date of Birth Correction,Low,Informal,FALSE,,PARAPHRASED,NID_CORRECTION_DOB_F02,Medium,FALSE,Synthetic NID core anchored in reviewed taxonomy include examples; automated semantic/structural validation only; no REAL provenance claimed.
NIDQ_0270,Can you clarify this for me: Which rules apply to wrong birth year?,NID,NID_CORRECTION,NID Information Correction,NID_CORRECTION_DOB,Date of Birth Correction,Low,Informal,FALSE,,PARAPHRASED,NID_CORRECTION_DOB_F02,Medium,FALSE,Synthetic NID core anchored in reviewed taxonomy include examples; automated semantic/structural validation only; no REAL provenance claimed.
NIDQ_0277,Can you guide me about incorrect gender?,NID,NID_CORRECTION,NID Information Correction,NID_CORRECTION_GENDER,Gender Information Correction,Low,Formal,FALSE,,SYNTHETIC,NID_CORRECTION_GENDER_F01,Easy,FALSE,Synthetic NID core anchored in reviewed taxonomy include examples; automated semantic/structural validation only; no REAL provenance claimed.
NIDQ_0278,"For my case, Can you guide me about incorrect gender?",NID,NID_CORRECTION,NID Information Correction,NID_CORRECTION_GENDER,Gender Information Correction,Low,Formal,FALSE,,PARAPHRASED,NID_CORRECTION_GENDER_F01,Easy,FALSE,Synthetic NID core anchored in reviewed taxonomy include examples; automated semantic/structural validation only; no REAL provenance claimed.
NIDQ_0279,Can you clarify this for me: Can you guide me about incorrect gender?,NID,NID_CORRECTION,NID Information Correction,NID_CORRECTION_GENDER,Gender Information Correction,Low,Formal,FALSE,,PARAPHRASED,NID_CORRECTION_GENDER_F01,Easy,FALSE,Synthetic NID core anchored in reviewed taxonomy include examples; automated semantic/structural validation only; no REAL provenance claimed.
NIDQ_0280,I have a question about incorrect male/female designation. What is the process?,NID,NID_CORRECTION,NID Information Correction,NID_CORRECTION_GENDER,Gender Information Correction,Low,Informal,FALSE,,SYNTHETIC,NID_CORRECTION_GENDER_F02,Medium,FALSE,Synthetic NID core anchored in reviewed taxonomy include examples; automated semantic/structural validation only; no REAL provenance claimed.
NIDQ_0281,I have a question about incorrect male/female designation. What is the process; what should I do next?,NID,NID_CORRECTION,NID Information Correction,NID_CORRECTION_GENDER,Gender Information Correction,Low,Informal,FALSE,,PARAPHRASED,NID_CORRECTION_GENDER_F02,Medium,FALSE,Synthetic NID core anchored in reviewed taxonomy include examples; automated semantic/structural validation only; no REAL provenance claimed.
NIDQ_0282,এই বিষয়ে সহায়তা চাই: I have a question about incorrect male/female designation. What is the process?,NID,NID_CORRECTION,NID Information Correction,NID_CORRECTION_GENDER,Gender Information Correction,Low,Informal,FALSE,,PARAPHRASED,NID_CORRECTION_GENDER_F02,Medium,FALSE,Synthetic NID core anchored in reviewed taxonomy include examples; automated semantic/structural validation only; no REAL provenance claimed.
NIDQ_0289,What should I know about wrong blood group?,NID,NID_CORRECTION,NID Information Correction,NID_CORRECTION_BLOOD_GROUP,Blood Group Correction,Low,Formal,FALSE,,SYNTHETIC,NID_CORRECTION_BLOOD_GROUP_F01,Easy,FALSE,Synthetic NID core anchored in reviewed taxonomy include examples; automated semantic/structural validation only; no REAL provenance claimed.
NIDQ_0290,What should I know about wrong blood group; what should I do next?,NID,NID_CORRECTION,NID Information Correction,NID_CORRECTION_BLOOD_GROUP,Blood Group Correction,Low,Formal,FALSE,,PARAPHRASED,NID_CORRECTION_BLOOD_GROUP_F01,Easy,FALSE,Synthetic NID core anchored in reviewed taxonomy include examples; automated semantic/structural validation only; no REAL provenance claimed.
NIDQ_0291,এই বিষয়ে সহায়তা চাই: What should I know about wrong blood group?,NID,NID_CORRECTION,NID Information Correction,NID_CORRECTION_BLOOD_GROUP,Blood Group Correction,Low,Formal,FALSE,,PARAPHRASED,NID_CORRECTION_BLOOD_GROUP_F01,Easy,FALSE,Synthetic NID core anchored in reviewed taxonomy include examples; automated semantic/structural validation only; no REAL provenance claimed.
NIDQ_0292,Could you explain the rules for blood-group update?,NID,NID_CORRECTION,NID Information Correction,NID_CORRECTION_BLOOD_GROUP,Blood Group Correction,Low,Informal,FALSE,,SYNTHETIC,NID_CORRECTION_BLOOD_GROUP_F02,Medium,FALSE,Synthetic NID core anchored in reviewed taxonomy include examples; automated semantic/structural validation only; no REAL provenance claimed.
NIDQ_0293,I am trying to understand this: Could you explain the rules for blood-group update?,NID,NID_CORRECTION,NID Information Correction,NID_CORRECTION_BLOOD_GROUP,Blood Group Correction,Low,Informal,FALSE,,PARAPHRASED,NID_CORRECTION_BLOOD_GROUP_F02,Medium,FALSE,Synthetic NID core anchored in reviewed taxonomy include examples; automated semantic/structural validation only; no REAL provenance claimed.
NIDQ_0294,I need guidance on this: Could you explain the rules for blood-group update?,NID,NID_CORRECTION,NID Information Correction,NID_CORRECTION_BLOOD_GROUP,Blood Group Correction,Low,Informal,FALSE,,PARAPHRASED,NID_CORRECTION_BLOOD_GROUP_F02,Medium,FALSE,Synthetic NID core anchored in reviewed taxonomy include examples; automated semantic/structural validation only; no REAL provenance claimed.
NIDQ_0301,Please explain the official process for incorrect marital status.,NID,NID_CORRECTION,NID Information Correction,NID_CORRECTION_MARITAL_STATUS,Marital Status Correction,Low,Formal,FALSE,,SYNTHETIC,NID_CORRECTION_MARITAL_STATUS_F01,Easy,FALSE,Synthetic NID core anchored in reviewed taxonomy include examples; automated semantic/structural validation only; no REAL provenance claimed.
NIDQ_0302,I am trying to understand this: Please explain the official process for incorrect marital status?,NID,NID_CORRECTION,NID Information Correction,NID_CORRECTION_MARITAL_STATUS,Marital Status Correction,Low,Formal,FALSE,,PARAPHRASED,NID_CORRECTION_MARITAL_STATUS_F01,Easy,FALSE,Synthetic NID core anchored in reviewed taxonomy include examples; automated semantic/structural validation only; no REAL provenance claimed.
NIDQ_0303,I need guidance on this: Please explain the official process for incorrect marital status?,NID,NID_CORRECTION,NID Information Correction,NID_CORRECTION_MARITAL_STATUS,Marital Status Correction,Low,Formal,FALSE,,PARAPHRASED,NID_CORRECTION_MARITAL_STATUS_F01,Easy,FALSE,Synthetic NID core anchored in reviewed taxonomy include examples; automated semantic/structural validation only; no REAL provenance claimed.
NIDQ_0304,Which rules apply to status still shows unmarried after marriage?,NID,NID_CORRECTION,NID Information Correction,NID_CORRECTION_MARITAL_STATUS,Marital Status Correction,Low,Informal,FALSE,,SYNTHETIC,NID_CORRECTION_MARITAL_STATUS_F02,Medium,FALSE,Synthetic NID core anchored in reviewed taxonomy include examples; automated semantic/structural validation only; no REAL provenance claimed.
NIDQ_0305,Could you explain Which rules apply to status still shows unmarried after marriage?,NID,NID_CORRECTION,NID Information Correction,NID_CORRECTION_MARITAL_STATUS,Marital Status Correction,Low,Informal,FALSE,,PARAPHRASED,NID_CORRECTION_MARITAL_STATUS_F02,Medium,FALSE,Synthetic NID core anchored in reviewed taxonomy include examples; automated semantic/structural validation only; no REAL provenance claimed.
NIDQ_0306,Please tell me the correct process: Which rules apply to status still shows unmarried after marriage?,NID,NID_CORRECTION,NID Information Correction,NID_CORRECTION_MARITAL_STATUS,Marital Status Correction,Low,Informal,FALSE,,PARAPHRASED,NID_CORRECTION_MARITAL_STATUS_F02,Medium,FALSE,Synthetic NID core anchored in reviewed taxonomy include examples; automated semantic/structural validation only; no REAL provenance claimed.
NIDQ_0313,Can you guide me about incorrect spouse name?,NID,NID_CORRECTION,NID Information Correction,NID_CORRECTION_SPOUSE_NAME,Spouse Name Correction,Low,Formal,FALSE,,SYNTHETIC,NID_CORRECTION_SPOUSE_NAME_F01,Easy,FALSE,Synthetic NID core anchored in reviewed taxonomy include examples; automated semantic/structural validation only; no REAL provenance claimed.
NIDQ_0314,Could you explain Can you guide me about incorrect spouse name?,NID,NID_CORRECTION,NID Information Correction,NID_CORRECTION_SPOUSE_NAME,Spouse Name Correction,Low,Formal,FALSE,,PARAPHRASED,NID_CORRECTION_SPOUSE_NAME_F01,Easy,FALSE,Synthetic NID core anchored in reviewed taxonomy include examples; automated semantic/structural validation only; no REAL provenance claimed.
NIDQ_0315,Please tell me the correct process: Can you guide me about incorrect spouse name?,NID,NID_CORRECTION,NID Information Correction,NID_CORRECTION_SPOUSE_NAME,Spouse Name Correction,Low,Formal,FALSE,,PARAPHRASED,NID_CORRECTION_SPOUSE_NAME_F01,Easy,FALSE,Synthetic NID core anchored in reviewed taxonomy include examples; automated semantic/structural validation only; no REAL provenance claimed.
NIDQ_0316,I have a question about spouse-name spelling correction. What is the process?,NID,NID_CORRECTION,NID Information Correction,NID_CORRECTION_SPOUSE_NAME,Spouse Name Correction,Low,Informal,FALSE,,SYNTHETIC,NID_CORRECTION_SPOUSE_NAME_F02,Medium,FALSE,Synthetic NID core anchored in reviewed taxonomy include examples; automated semantic/structural validation only; no REAL provenance claimed.
NIDQ_0317,"For my case, I have a question about spouse-name spelling correction. What is the process?",NID,NID_CORRECTION,NID Information Correction,NID_CORRECTION_SPOUSE_NAME,Spouse Name Correction,Low,Informal,FALSE,,PARAPHRASED,NID_CORRECTION_SPOUSE_NAME_F02,Medium,FALSE,Synthetic NID core anchored in reviewed taxonomy include examples; automated semantic/structural validation only; no REAL provenance claimed.
NIDQ_0318,Can you clarify this for me: I have a question about spouse-name spelling correction. What is the process?,NID,NID_CORRECTION,NID Information Correction,NID_CORRECTION_SPOUSE_NAME,Spouse Name Correction,Low,Informal,FALSE,,PARAPHRASED,NID_CORRECTION_SPOUSE_NAME_F02,Medium,FALSE,Synthetic NID core anchored in reviewed taxonomy include examples; automated semantic/structural validation only; no REAL provenance claimed.
NIDQ_0325,What should I know about incorrect address?,NID,NID_CORRECTION,NID Information Correction,NID_CORRECTION_ADDRESS,Address Correction,Low,Formal,FALSE,,SYNTHETIC,NID_CORRECTION_ADDRESS_F01,Easy,FALSE,Synthetic NID core anchored in reviewed taxonomy include examples; automated semantic/structural validation only; no REAL provenance claimed.
NIDQ_0326,"For my case, What should I know about incorrect address?",NID,NID_CORRECTION,NID Information Correction,NID_CORRECTION_ADDRESS,Address Correction,Low,Formal,FALSE,,PARAPHRASED,NID_CORRECTION_ADDRESS_F01,Easy,FALSE,Synthetic NID core anchored in reviewed taxonomy include examples; automated semantic/structural validation only; no REAL provenance claimed.
NIDQ_0327,Can you clarify this for me: What should I know about incorrect address?,NID,NID_CORRECTION,NID Information Correction,NID_CORRECTION_ADDRESS,Address Correction,Low,Formal,FALSE,,PARAPHRASED,NID_CORRECTION_ADDRESS_F01,Easy,FALSE,Synthetic NID core anchored in reviewed taxonomy include examples; automated semantic/structural validation only; no REAL provenance claimed.
NIDQ_0328,Could you explain the rules for current address missing?,NID,NID_CORRECTION,NID Information Correction,NID_CORRECTION_ADDRESS,Address Correction,Low,Informal,FALSE,,SYNTHETIC,NID_CORRECTION_ADDRESS_F02,Medium,FALSE,Synthetic NID core anchored in reviewed taxonomy include examples; automated semantic/structural validation only; no REAL provenance claimed.
NIDQ_0329,Could you explain the rules for current address missing; what should I do next?,NID,NID_CORRECTION,NID Information Correction,NID_CORRECTION_ADDRESS,Address Correction,Low,Informal,FALSE,,PARAPHRASED,NID_CORRECTION_ADDRESS_F02,Medium,FALSE,Synthetic NID core anchored in reviewed taxonomy include examples; automated semantic/structural validation only; no REAL provenance claimed.
NIDQ_0330,এই বিষয়ে সহায়তা চাই: Could you explain the rules for current address missing?,NID,NID_CORRECTION,NID Information Correction,NID_CORRECTION_ADDRESS,Address Correction,Low,Informal,FALSE,,PARAPHRASED,NID_CORRECTION_ADDRESS_F02,Medium,FALSE,Synthetic NID core anchored in reviewed taxonomy include examples; automated semantic/structural validation only; no REAL provenance claimed.
NIDQ_0337,Please explain the official process for old photograph.,NID,NID_CORRECTION,NID Information Correction,NID_CORRECTION_PHOTO,Photo Change or Correction,Low,Formal,FALSE,,SYNTHETIC,NID_CORRECTION_PHOTO_F01,Easy,FALSE,Synthetic NID core anchored in reviewed taxonomy include examples; automated semantic/structural validation only; no REAL provenance claimed.
NIDQ_0338,Please explain the official process for old photograph; what should I do next?,NID,NID_CORRECTION,NID Information Correction,NID_CORRECTION_PHOTO,Photo Change or Correction,Low,Formal,FALSE,,PARAPHRASED,NID_CORRECTION_PHOTO_F01,Easy,FALSE,Synthetic NID core anchored in reviewed taxonomy include examples; automated semantic/structural validation only; no REAL provenance claimed.
NIDQ_0339,Please explain the official process for old photograph?,NID,NID_CORRECTION,NID Information Correction,NID_CORRECTION_PHOTO,Photo Change or Correction,Low,Formal,FALSE,,PARAPHRASED,NID_CORRECTION_PHOTO_F01,Easy,FALSE,Synthetic NID core anchored in reviewed taxonomy include examples; automated semantic/structural validation only; no REAL provenance claimed.
NIDQ_0340,Which rules apply to poor-quality photograph?,NID,NID_CORRECTION,NID Information Correction,NID_CORRECTION_PHOTO,Photo Change or Correction,Low,Informal,FALSE,,SYNTHETIC,NID_CORRECTION_PHOTO_F02,Medium,FALSE,Synthetic NID core anchored in reviewed taxonomy include examples; automated semantic/structural validation only; no REAL provenance claimed.
NIDQ_0341,I am trying to understand this: Which rules apply to poor-quality photograph?,NID,NID_CORRECTION,NID Information Correction,NID_CORRECTION_PHOTO,Photo Change or Correction,Low,Informal,FALSE,,PARAPHRASED,NID_CORRECTION_PHOTO_F02,Medium,FALSE,Synthetic NID core anchored in reviewed taxonomy include examples; automated semantic/structural validation only; no REAL provenance claimed.
NIDQ_0342,I need guidance on this: Which rules apply to poor-quality photograph?,NID,NID_CORRECTION,NID Information Correction,NID_CORRECTION_PHOTO,Photo Change or Correction,Low,Informal,FALSE,,PARAPHRASED,NID_CORRECTION_PHOTO_F02,Medium,FALSE,Synthetic NID core anchored in reviewed taxonomy include examples; automated semantic/structural validation only; no REAL provenance claimed.
NIDQ_0349,Can you guide me about incorrect signature?,NID,NID_CORRECTION,NID Information Correction,NID_CORRECTION_SIGNATURE,Signature Change or Correction,Low,Formal,FALSE,,SYNTHETIC,NID_CORRECTION_SIGNATURE_F01,Easy,FALSE,Synthetic NID core anchored in reviewed taxonomy include examples; automated semantic/structural validation only; no REAL provenance claimed.
NIDQ_0350,I am trying to understand this: Can you guide me about incorrect signature?,NID,NID_CORRECTION,NID Information Correction,NID_CORRECTION_SIGNATURE,Signature Change or Correction,Low,Formal,FALSE,,PARAPHRASED,NID_CORRECTION_SIGNATURE_F01,Easy,FALSE,Synthetic NID core anchored in reviewed taxonomy include examples; automated semantic/structural validation only; no REAL provenance claimed.
NIDQ_0351,I need guidance on this: Can you guide me about incorrect signature?,NID,NID_CORRECTION,NID Information Correction,NID_CORRECTION_SIGNATURE,Signature Change or Correction,Low,Formal,FALSE,,PARAPHRASED,NID_CORRECTION_SIGNATURE_F01,Easy,FALSE,Synthetic NID core anchored in reviewed taxonomy include examples; automated semantic/structural validation only; no REAL provenance claimed.
NIDQ_0352,I have a question about old signature needs replacement. What is the process?,NID,NID_CORRECTION,NID Information Correction,NID_CORRECTION_SIGNATURE,Signature Change or Correction,Low,Informal,FALSE,,SYNTHETIC,NID_CORRECTION_SIGNATURE_F02,Medium,FALSE,Synthetic NID core anchored in reviewed taxonomy include examples; automated semantic/structural validation only; no REAL provenance claimed.
NIDQ_0353,Could you explain I have a question about old signature needs replacement. What is the process?,NID,NID_CORRECTION,NID Information Correction,NID_CORRECTION_SIGNATURE,Signature Change or Correction,Low,Informal,FALSE,,PARAPHRASED,NID_CORRECTION_SIGNATURE_F02,Medium,FALSE,Synthetic NID core anchored in reviewed taxonomy include examples; automated semantic/structural validation only; no REAL provenance claimed.
NIDQ_0354,Please tell me the correct process: I have a question about old signature needs replacement. What is the process?,NID,NID_CORRECTION,NID Information Correction,NID_CORRECTION_SIGNATURE,Signature Change or Correction,Low,Informal,FALSE,,PARAPHRASED,NID_CORRECTION_SIGNATURE_F02,Medium,FALSE,Synthetic NID core anchored in reviewed taxonomy include examples; automated semantic/structural validation only; no REAL provenance claimed.
NIDQ_0361,"NID lost, what should I do?",NID,NID_REPLACEMENT,"Lost, Stolen, Damaged or Duplicate NID",NID_REPLACEMENT_PROCESS,NID Replacement or Reissue Process,Low,Formal,FALSE,,SYNTHETIC,NID_REPLACEMENT_PROCESS_F01,Easy,FALSE,Synthetic NID core anchored in reviewed taxonomy include examples; automated semantic/structural validation only; no REAL provenance claimed.
NIDQ_0362,"Could you explain NID lost, what should I do?",NID,NID_REPLACEMENT,"Lost, Stolen, Damaged or Duplicate NID",NID_REPLACEMENT_PROCESS,NID Replacement or Reissue Process,Low,Formal,FALSE,,PARAPHRASED,NID_REPLACEMENT_PROCESS_F01,Easy,FALSE,Synthetic NID core anchored in reviewed taxonomy include examples; automated semantic/structural validation only; no REAL provenance claimed.
NIDQ_0363,"Please tell me the correct process: NID lost, what should I do?",NID,NID_REPLACEMENT,"Lost, Stolen, Damaged or Duplicate NID",NID_REPLACEMENT_PROCESS,NID Replacement or Reissue Process,Low,Formal,FALSE,,PARAPHRASED,NID_REPLACEMENT_PROCESS_F01,Easy,FALSE,Synthetic NID core anchored in reviewed taxonomy include examples; automated semantic/structural validation only; no REAL provenance claimed.
NIDQ_0364,How to replace a lost NID?,NID,NID_REPLACEMENT,"Lost, Stolen, Damaged or Duplicate NID",NID_REPLACEMENT_PROCESS,NID Replacement or Reissue Process,Low,Informal,FALSE,,SYNTHETIC,NID_REPLACEMENT_PROCESS_F02,Medium,FALSE,Synthetic NID core anchored in reviewed taxonomy include examples; automated semantic/structural validation only; no REAL provenance claimed.
NIDQ_0365,"For my case, How to replace a lost NID?",NID,NID_REPLACEMENT,"Lost, Stolen, Damaged or Duplicate NID",NID_REPLACEMENT_PROCESS,NID Replacement or Reissue Process,Low,Informal,FALSE,,PARAPHRASED,NID_REPLACEMENT_PROCESS_F02,Medium,FALSE,Synthetic NID core anchored in reviewed taxonomy include examples; automated semantic/structural validation only; no REAL provenance claimed.
NIDQ_0366,Can you clarify this for me: How to replace a lost NID?,NID,NID_REPLACEMENT,"Lost, Stolen, Damaged or Duplicate NID",NID_REPLACEMENT_PROCESS,NID Replacement or Reissue Process,Low,Informal,FALSE,,PARAPHRASED,NID_REPLACEMENT_PROCESS_F02,Medium,FALSE,Synthetic NID core anchored in reviewed taxonomy include examples; automated semantic/structural validation only; no REAL provenance claimed.
NIDQ_0373,Can a damaged NID be replaced?,NID,NID_REPLACEMENT,"Lost, Stolen, Damaged or Duplicate NID",NID_REPLACEMENT_ELIGIBILITY,Replacement Eligibility,Low,Formal,FALSE,,SYNTHETIC,NID_REPLACEMENT_ELIGIBILITY_F01,Easy,FALSE,Synthetic NID core anchored in reviewed taxonomy include examples; automated semantic/structural validation only; no REAL provenance claimed.
NIDQ_0374,"For my case, Can a damaged NID be replaced?",NID,NID_REPLACEMENT,"Lost, Stolen, Damaged or Duplicate NID",NID_REPLACEMENT_ELIGIBILITY,Replacement Eligibility,Low,Formal,FALSE,,PARAPHRASED,NID_REPLACEMENT_ELIGIBILITY_F01,Easy,FALSE,Synthetic NID core anchored in reviewed taxonomy include examples; automated semantic/structural validation only; no REAL provenance claimed.
NIDQ_0375,Can you clarify this for me: Can a damaged NID be replaced?,NID,NID_REPLACEMENT,"Lost, Stolen, Damaged or Duplicate NID",NID_REPLACEMENT_ELIGIBILITY,Replacement Eligibility,Low,Formal,FALSE,,PARAPHRASED,NID_REPLACEMENT_ELIGIBILITY_F01,Easy,FALSE,Synthetic NID core anchored in reviewed taxonomy include examples; automated semantic/structural validation only; no REAL provenance claimed.
NIDQ_0376,Can I get another card after losing my NID?,NID,NID_REPLACEMENT,"Lost, Stolen, Damaged or Duplicate NID",NID_REPLACEMENT_ELIGIBILITY,Replacement Eligibility,Low,Informal,FALSE,,SYNTHETIC,NID_REPLACEMENT_ELIGIBILITY_F02,Medium,FALSE,Synthetic NID core anchored in reviewed taxonomy include examples; automated semantic/structural validation only; no REAL provenance claimed.
NIDQ_0377,is it possible to get another card after losing my NID; what should I do next?,NID,NID_REPLACEMENT,"Lost, Stolen, Damaged or Duplicate NID",NID_REPLACEMENT_ELIGIBILITY,Replacement Eligibility,Low,Informal,FALSE,,PARAPHRASED,NID_REPLACEMENT_ELIGIBILITY_F02,Medium,FALSE,Synthetic NID core anchored in reviewed taxonomy include examples; automated semantic/structural validation only; no REAL provenance claimed.
NIDQ_0378,is it possible to get another card after losing my NID?,NID,NID_REPLACEMENT,"Lost, Stolen, Damaged or Duplicate NID",NID_REPLACEMENT_ELIGIBILITY,Replacement Eligibility,Low,Informal,FALSE,,PARAPHRASED,NID_REPLACEMENT_ELIGIBILITY_F02,Medium,FALSE,Synthetic NID core anchored in reviewed taxonomy include examples; automated semantic/structural validation only; no REAL provenance claimed.
NIDQ_0385,Can you guide me about documents required for lost NID replacement?,NID,NID_REPLACEMENT,"Lost, Stolen, Damaged or Duplicate NID",NID_REPLACEMENT_REQUIRED_DOCUMENTS,Replacement Required Documents,Low,Formal,FALSE,,SYNTHETIC,NID_REPLACEMENT_REQUIRED_DOCUMENTS_F01,Easy,FALSE,Synthetic NID core anchored in reviewed taxonomy include examples; automated semantic/structural validation only; no REAL provenance claimed.
NIDQ_0386,Can you guide me about documents required for lost NID replacement; what should I do next?,NID,NID_REPLACEMENT,"Lost, Stolen, Damaged or Duplicate NID",NID_REPLACEMENT_REQUIRED_DOCUMENTS,Replacement Required Documents,Low,Formal,FALSE,,PARAPHRASED,NID_REPLACEMENT_REQUIRED_DOCUMENTS_F01,Easy,FALSE,Synthetic NID core anchored in reviewed taxonomy include examples; automated semantic/structural validation only; no REAL provenance claimed.
NIDQ_0387,এই বিষয়ে সহায়তা চাই: Can you guide me about documents required for lost NID replacement?,NID,NID_REPLACEMENT,"Lost, Stolen, Damaged or Duplicate NID",NID_REPLACEMENT_REQUIRED_DOCUMENTS,Replacement Required Documents,Low,Formal,FALSE,,PARAPHRASED,NID_REPLACEMENT_REQUIRED_DOCUMENTS_F01,Easy,FALSE,Synthetic NID core anchored in reviewed taxonomy include examples; automated semantic/structural validation only; no REAL provenance claimed.
NIDQ_0388,I have a question about documents needed for reissue. What is the process?,NID,NID_REPLACEMENT,"Lost, Stolen, Damaged or Duplicate NID",NID_REPLACEMENT_REQUIRED_DOCUMENTS,Replacement Required Documents,Low,Informal,FALSE,,SYNTHETIC,NID_REPLACEMENT_REQUIRED_DOCUMENTS_F02,Medium,FALSE,Synthetic NID core anchored in reviewed taxonomy include examples; automated semantic/structural validation only; no REAL provenance claimed.
NIDQ_0389,I am trying to understand this: I have a question about documents needed for reissue. What is the process?,NID,NID_REPLACEMENT,"Lost, Stolen, Damaged or Duplicate NID",NID_REPLACEMENT_REQUIRED_DOCUMENTS,Replacement Required Documents,Low,Informal,FALSE,,PARAPHRASED,NID_REPLACEMENT_REQUIRED_DOCUMENTS_F02,Medium,FALSE,Synthetic NID core anchored in reviewed taxonomy include examples; automated semantic/structural validation only; no REAL provenance claimed.
NIDQ_0390,I need guidance on this: I have a question about documents needed for reissue. What is the process?,NID,NID_REPLACEMENT,"Lost, Stolen, Damaged or Duplicate NID",NID_REPLACEMENT_REQUIRED_DOCUMENTS,Replacement Required Documents,Low,Informal,FALSE,,PARAPHRASED,NID_REPLACEMENT_REQUIRED_DOCUMENTS_F02,Medium,FALSE,Synthetic NID core anchored in reviewed taxonomy include examples; automated semantic/structural validation only; no REAL provenance claimed.
NIDQ_0397,Do I need a GD for a lost NID?,NID,NID_REPLACEMENT,"Lost, Stolen, Damaged or Duplicate NID",NID_REPLACEMENT_GD_REPORTING,Lost NID GD and Police Reporting,Low,Formal,FALSE,,SYNTHETIC,NID_REPLACEMENT_GD_REPORTING_F01,Easy,FALSE,Synthetic NID core anchored in reviewed taxonomy include examples; automated semantic/structural validation only; no REAL provenance claimed.
NIDQ_0398,I am trying to understand this: Do I need a GD for a lost NID?,NID,NID_REPLACEMENT,"Lost, Stolen, Damaged or Duplicate NID",NID_REPLACEMENT_GD_REPORTING,Lost NID GD and Police Reporting,Low,Formal,FALSE,,PARAPHRASED,NID_REPLACEMENT_GD_REPORTING_F01,Easy,FALSE,Synthetic NID core anchored in reviewed taxonomy include examples; automated semantic/structural validation only; no REAL provenance claimed.
NIDQ_0399,I need guidance on this: Do I need a GD for a lost NID?,NID,NID_REPLACEMENT,"Lost, Stolen, Damaged or Duplicate NID",NID_REPLACEMENT_GD_REPORTING,Lost NID GD and Police Reporting,Low,Formal,FALSE,,PARAPHRASED,NID_REPLACEMENT_GD_REPORTING_F01,Easy,FALSE,Synthetic NID core anchored in reviewed taxonomy include examples; automated semantic/structural validation only; no REAL provenance claimed.
NIDQ_0400,How to file a GD?,NID,NID_REPLACEMENT,"Lost, Stolen, Damaged or Duplicate NID",NID_REPLACEMENT_GD_REPORTING,Lost NID GD and Police Reporting,Low,Informal,FALSE,,SYNTHETIC,NID_REPLACEMENT_GD_REPORTING_F02,Medium,FALSE,Synthetic NID core anchored in reviewed taxonomy include examples; automated semantic/structural validation only; no REAL provenance claimed.
NIDQ_0401,Could you explain How to file a GD?,NID,NID_REPLACEMENT,"Lost, Stolen, Damaged or Duplicate NID",NID_REPLACEMENT_GD_REPORTING,Lost NID GD and Police Reporting,Low,Informal,FALSE,,PARAPHRASED,NID_REPLACEMENT_GD_REPORTING_F02,Medium,FALSE,Synthetic NID core anchored in reviewed taxonomy include examples; automated semantic/structural validation only; no REAL provenance claimed.
NIDQ_0402,Please tell me the correct process: How to file a GD?,NID,NID_REPLACEMENT,"Lost, Stolen, Damaged or Duplicate NID",NID_REPLACEMENT_GD_REPORTING,Lost NID GD and Police Reporting,Low,Informal,FALSE,,PARAPHRASED,NID_REPLACEMENT_GD_REPORTING_F02,Medium,FALSE,Synthetic NID core anchored in reviewed taxonomy include examples; automated semantic/structural validation only; no REAL provenance claimed.
NIDQ_0409,Where to apply for NID reissue?,NID,NID_REPLACEMENT,"Lost, Stolen, Damaged or Duplicate NID",NID_REPLACEMENT_APPLICATION_LOCATION,Replacement Application Location,Low,Formal,FALSE,,SYNTHETIC,NID_REPLACEMENT_APPLICATION_LOCATION_F01,Easy,FALSE,Synthetic NID core anchored in reviewed taxonomy include examples; automated semantic/structural validation only; no REAL provenance claimed.
NIDQ_0410,Could you explain Where to apply for NID reissue?,NID,NID_REPLACEMENT,"Lost, Stolen, Damaged or Duplicate NID",NID_REPLACEMENT_APPLICATION_LOCATION,Replacement Application Location,Low,Formal,FALSE,,PARAPHRASED,NID_REPLACEMENT_APPLICATION_LOCATION_F01,Easy,FALSE,Synthetic NID core anchored in reviewed taxonomy include examples; automated semantic/structural validation only; no REAL provenance claimed.
NIDQ_0411,Please tell me the correct process: Where to apply for NID reissue?,NID,NID_REPLACEMENT,"Lost, Stolen, Damaged or Duplicate NID",NID_REPLACEMENT_APPLICATION_LOCATION,Replacement Application Location,Low,Formal,FALSE,,PARAPHRASED,NID_REPLACEMENT_APPLICATION_LOCATION_F01,Easy,FALSE,Synthetic NID core anchored in reviewed taxonomy include examples; automated semantic/structural validation only; no REAL provenance claimed.
NIDQ_0412,Which rules apply to which office handles replacement?,NID,NID_REPLACEMENT,"Lost, Stolen, Damaged or Duplicate NID",NID_REPLACEMENT_APPLICATION_LOCATION,Replacement Application Location,Low,Informal,FALSE,,SYNTHETIC,NID_REPLACEMENT_APPLICATION_LOCATION_F02,Medium,FALSE,Synthetic NID core anchored in reviewed taxonomy include examples; automated semantic/structural validation only; no REAL provenance claimed.
NIDQ_0413,"For my case, Which rules apply to which office handles replacement?",NID,NID_REPLACEMENT,"Lost, Stolen, Damaged or Duplicate NID",NID_REPLACEMENT_APPLICATION_LOCATION,Replacement Application Location,Low,Informal,FALSE,,PARAPHRASED,NID_REPLACEMENT_APPLICATION_LOCATION_F02,Medium,FALSE,Synthetic NID core anchored in reviewed taxonomy include examples; automated semantic/structural validation only; no REAL provenance claimed.
NIDQ_0414,Can you clarify this for me: Which rules apply to which office handles replacement?,NID,NID_REPLACEMENT,"Lost, Stolen, Damaged or Duplicate NID",NID_REPLACEMENT_APPLICATION_LOCATION,Replacement Application Location,Low,Informal,FALSE,,PARAPHRASED,NID_REPLACEMENT_APPLICATION_LOCATION_F02,Medium,FALSE,Synthetic NID core anchored in reviewed taxonomy include examples; automated semantic/structural validation only; no REAL provenance claimed.
NIDQ_0421,Can I apply for NID reissue online?,NID,NID_REPLACEMENT,"Lost, Stolen, Damaged or Duplicate NID",NID_REPLACEMENT_ONLINE_APPLICATION,Online Replacement Application,Low,Formal,FALSE,,SYNTHETIC,NID_REPLACEMENT_ONLINE_APPLICATION_F01,Easy,FALSE,Synthetic NID core anchored in reviewed taxonomy include examples; automated semantic/structural validation only; no REAL provenance claimed.
NIDQ_0422,"For my case, is it possible to apply for NID reissue online?",NID,NID_REPLACEMENT,"Lost, Stolen, Damaged or Duplicate NID",NID_REPLACEMENT_ONLINE_APPLICATION,Online Replacement Application,Low,Formal,FALSE,,PARAPHRASED,NID_REPLACEMENT_ONLINE_APPLICATION_F01,Easy,FALSE,Synthetic NID core anchored in reviewed taxonomy include examples; automated semantic/structural validation only; no REAL provenance claimed.
NIDQ_0423,Can you clarify this for me: is it possible to apply for NID reissue online?,NID,NID_REPLACEMENT,"Lost, Stolen, Damaged or Duplicate NID",NID_REPLACEMENT_ONLINE_APPLICATION,Online Replacement Application,Low,Formal,FALSE,,PARAPHRASED,NID_REPLACEMENT_ONLINE_APPLICATION_F01,Easy,FALSE,Synthetic NID core anchored in reviewed taxonomy include examples; automated semantic/structural validation only; no REAL provenance claimed.
NIDQ_0424,I have a question about online lost-NID replacement. What is the process?,NID,NID_REPLACEMENT,"Lost, Stolen, Damaged or Duplicate NID",NID_REPLACEMENT_ONLINE_APPLICATION,Online Replacement Application,Low,Informal,FALSE,,SYNTHETIC,NID_REPLACEMENT_ONLINE_APPLICATION_F02,Medium,FALSE,Synthetic NID core anchored in reviewed taxonomy include examples; automated semantic/structural validation only; no REAL provenance claimed.
NIDQ_0425,I have a question about online lost-NID replacement. What is the process; what should I do next?,NID,NID_REPLACEMENT,"Lost, Stolen, Damaged or Duplicate NID",NID_REPLACEMENT_ONLINE_APPLICATION,Online Replacement Application,Low,Informal,FALSE,,PARAPHRASED,NID_REPLACEMENT_ONLINE_APPLICATION_F02,Medium,FALSE,Synthetic NID core anchored in reviewed taxonomy include examples; automated semantic/structural validation only; no REAL provenance claimed.
NIDQ_0426,এই বিষয়ে সহায়তা চাই: I have a question about online lost-NID replacement. What is the process?,NID,NID_REPLACEMENT,"Lost, Stolen, Damaged or Duplicate NID",NID_REPLACEMENT_ONLINE_APPLICATION,Online Replacement Application,Low,Informal,FALSE,,PARAPHRASED,NID_REPLACEMENT_ONLINE_APPLICATION_F02,Medium,FALSE,Synthetic NID core anchored in reviewed taxonomy include examples; automated semantic/structural validation only; no REAL provenance claimed.
NIDQ_0433,How many days does replacement take?,NID,NID_REPLACEMENT,"Lost, Stolen, Damaged or Duplicate NID",NID_REPLACEMENT_PROCESSING_TIME,Normal Replacement Processing Time,Low,Formal,FALSE,,SYNTHETIC,NID_REPLACEMENT_PROCESSING_TIME_F01,Easy,FALSE,Synthetic NID core anchored in reviewed taxonomy include examples; automated semantic/structural validation only; no REAL provenance claimed.
NIDQ_0434,How many days does replacement take; what should I do next?,NID,NID_REPLACEMENT,"Lost, Stolen, Damaged or Duplicate NID",NID_REPLACEMENT_PROCESSING_TIME,Normal Replacement Processing Time,Low,Formal,FALSE,,PARAPHRASED,NID_REPLACEMENT_PROCESSING_TIME_F01,Easy,FALSE,Synthetic NID core anchored in reviewed taxonomy include examples; automated semantic/structural validation only; no REAL provenance claimed.
NIDQ_0435,এই বিষয়ে সহায়তা চাই: How many days does replacement take?,NID,NID_REPLACEMENT,"Lost, Stolen, Damaged or Duplicate NID",NID_REPLACEMENT_PROCESSING_TIME,Normal Replacement Processing Time,Low,Formal,FALSE,,PARAPHRASED,NID_REPLACEMENT_PROCESSING_TIME_F01,Easy,FALSE,Synthetic NID core anchored in reviewed taxonomy include examples; automated semantic/structural validation only; no REAL provenance claimed.
NIDQ_0436,Could you explain the rules for normal reissue processing time?,NID,NID_REPLACEMENT,"Lost, Stolen, Damaged or Duplicate NID",NID_REPLACEMENT_PROCESSING_TIME,Normal Replacement Processing Time,Low,Informal,FALSE,,SYNTHETIC,NID_REPLACEMENT_PROCESSING_TIME_F02,Medium,FALSE,Synthetic NID core anchored in reviewed taxonomy include examples; automated semantic/structural validation only; no REAL provenance claimed.
NIDQ_0437,I am trying to understand this: Could you explain the rules for normal reissue processing time?,NID,NID_REPLACEMENT,"Lost, Stolen, Damaged or Duplicate NID",NID_REPLACEMENT_PROCESSING_TIME,Normal Replacement Processing Time,Low,Informal,FALSE,,PARAPHRASED,NID_REPLACEMENT_PROCESSING_TIME_F02,Medium,FALSE,Synthetic NID core anchored in reviewed taxonomy include examples; automated semantic/structural validation only; no REAL provenance claimed.
NIDQ_0438,I need guidance on this: Could you explain the rules for normal reissue processing time?,NID,NID_REPLACEMENT,"Lost, Stolen, Damaged or Duplicate NID",NID_REPLACEMENT_PROCESSING_TIME,Normal Replacement Processing Time,Low,Informal,FALSE,,PARAPHRASED,NID_REPLACEMENT_PROCESSING_TIME_F02,Medium,FALSE,Synthetic NID core anchored in reviewed taxonomy include examples; automated semantic/structural validation only; no REAL provenance claimed.
NIDQ_0445,How to create an NID online account?,NID,NID_ONLINE_SERVICES,NID Online Account and Portal,NID_ONLINE_ACCOUNT_REGISTRATION,Online Account Registration,Low,Formal,FALSE,,SYNTHETIC,NID_ONLINE_ACCOUNT_REGISTRATION_F01,Easy,FALSE,Synthetic NID core anchored in reviewed taxonomy include examples; automated semantic/structural validation only; no REAL provenance claimed.
NIDQ_0446,I am trying to understand this: How to create an NID online account?,NID,NID_ONLINE_SERVICES,NID Online Account and Portal,NID_ONLINE_ACCOUNT_REGISTRATION,Online Account Registration,Low,Formal,FALSE,,PARAPHRASED,NID_ONLINE_ACCOUNT_REGISTRATION_F01,Easy,FALSE,Synthetic NID core anchored in reviewed taxonomy include examples; automated semantic/structural validation only; no REAL provenance claimed.
NIDQ_0447,I need guidance on this: How to create an NID online account?,NID,NID_ONLINE_SERVICES,NID Online Account and Portal,NID_ONLINE_ACCOUNT_REGISTRATION,Online Account Registration,Low,Formal,FALSE,,PARAPHRASED,NID_ONLINE_ACCOUNT_REGISTRATION_F01,Easy,FALSE,Synthetic NID core anchored in reviewed taxonomy include examples; automated semantic/structural validation only; no REAL provenance claimed.
NIDQ_0448,How to register for NID online services?,NID,NID_ONLINE_SERVICES,NID Online Account and Portal,NID_ONLINE_ACCOUNT_REGISTRATION,Online Account Registration,Low,Informal,FALSE,,SYNTHETIC,NID_ONLINE_ACCOUNT_REGISTRATION_F02,Medium,FALSE,Synthetic NID core anchored in reviewed taxonomy include examples; automated semantic/structural validation only; no REAL provenance claimed.
NIDQ_0449,Could you explain How to register for NID online services?,NID,NID_ONLINE_SERVICES,NID Online Account and Portal,NID_ONLINE_ACCOUNT_REGISTRATION,Online Account Registration,Low,Informal,FALSE,,PARAPHRASED,NID_ONLINE_ACCOUNT_REGISTRATION_F02,Medium,FALSE,Synthetic NID core anchored in reviewed taxonomy include examples; automated semantic/structural validation only; no REAL provenance claimed.
NIDQ_0450,Please tell me the correct process: How to register for NID online services?,NID,NID_ONLINE_SERVICES,NID Online Account and Portal,NID_ONLINE_ACCOUNT_REGISTRATION,Online Account Registration,Low,Informal,FALSE,,PARAPHRASED,NID_ONLINE_ACCOUNT_REGISTRATION_F02,Medium,FALSE,Synthetic NID core anchored in reviewed taxonomy include examples; automated semantic/structural validation only; no REAL provenance claimed.
NIDQ_0457,How to log in?,NID,NID_ONLINE_SERVICES,NID Online Account and Portal,NID_ONLINE_LOGIN,Online Account Login,Low,Formal,FALSE,,SYNTHETIC,NID_ONLINE_LOGIN_F01,Easy,FALSE,Synthetic NID core anchored in reviewed taxonomy include examples; automated semantic/structural validation only; no REAL provenance claimed.
NIDQ_0458,Could you explain How to log in?,NID,NID_ONLINE_SERVICES,NID Online Account and Portal,NID_ONLINE_LOGIN,Online Account Login,Low,Formal,FALSE,,PARAPHRASED,NID_ONLINE_LOGIN_F01,Easy,FALSE,Synthetic NID core anchored in reviewed taxonomy include examples; automated semantic/structural validation only; no REAL provenance claimed.
NIDQ_0459,Please tell me the correct process: How to log in?,NID,NID_ONLINE_SERVICES,NID Online Account and Portal,NID_ONLINE_LOGIN,Online Account Login,Low,Formal,FALSE,,PARAPHRASED,NID_ONLINE_LOGIN_F01,Easy,FALSE,Synthetic NID core anchored in reviewed taxonomy include examples; automated semantic/structural validation only; no REAL provenance claimed.
NIDQ_0460,Where the login page is?,NID,NID_ONLINE_SERVICES,NID Online Account and Portal,NID_ONLINE_LOGIN,Online Account Login,Low,Informal,FALSE,,SYNTHETIC,NID_ONLINE_LOGIN_F02,Medium,FALSE,Synthetic NID core anchored in reviewed taxonomy include examples; automated semantic/structural validation only; no REAL provenance claimed.
NIDQ_0461,"For my case, Where the login page is?",NID,NID_ONLINE_SERVICES,NID Online Account and Portal,NID_ONLINE_LOGIN,Online Account Login,Low,Informal,FALSE,,PARAPHRASED,NID_ONLINE_LOGIN_F02,Medium,FALSE,Synthetic NID core anchored in reviewed taxonomy include examples; automated semantic/structural validation only; no REAL provenance claimed.
NIDQ_0462,Can you clarify this for me: Where the login page is?,NID,NID_ONLINE_SERVICES,NID Online Account and Portal,NID_ONLINE_LOGIN,Online Account Login,Low,Informal,FALSE,,PARAPHRASED,NID_ONLINE_LOGIN_F02,Medium,FALSE,Synthetic NID core anchored in reviewed taxonomy include examples; automated semantic/structural validation only; no REAL provenance claimed.
NIDQ_0469,What should I know about login is not working?,NID,NID_ONLINE_SERVICES,NID Online Account and Portal,NID_ONLINE_LOGIN_PROBLEM,Online Account Login Problem,Medium,Formal,FALSE,,SYNTHETIC,NID_ONLINE_LOGIN_PROBLEM_F01,Easy,FALSE,Synthetic NID core anchored in reviewed taxonomy include examples; automated semantic/structural validation only; no REAL provenance claimed.
NIDQ_0470,"For my case, What should I know about login is not working?",NID,NID_ONLINE_SERVICES,NID Online Account and Portal,NID_ONLINE_LOGIN_PROBLEM,Online Account Login Problem,Medium,Formal,FALSE,,PARAPHRASED,NID_ONLINE_LOGIN_PROBLEM_F01,Easy,FALSE,Synthetic NID core anchored in reviewed taxonomy include examples; automated semantic/structural validation only; no REAL provenance claimed.
NIDQ_0471,Can you clarify this for me: What should I know about login is not working?,NID,NID_ONLINE_SERVICES,NID Online Account and Portal,NID_ONLINE_LOGIN_PROBLEM,Online Account Login Problem,Medium,Formal,FALSE,,PARAPHRASED,NID_ONLINE_LOGIN_PROBLEM_F01,Easy,FALSE,Synthetic NID core anchored in reviewed taxonomy include examples; automated semantic/structural validation only; no REAL provenance claimed.
NIDQ_0472,Could you explain the rules for correct information entered but login fails?,NID,NID_ONLINE_SERVICES,NID Online Account and Portal,NID_ONLINE_LOGIN_PROBLEM,Online Account Login Problem,Medium,Informal,FALSE,,SYNTHETIC,NID_ONLINE_LOGIN_PROBLEM_F02,Medium,FALSE,Synthetic NID core anchored in reviewed taxonomy include examples; automated semantic/structural validation only; no REAL provenance claimed.
NIDQ_0473,Could you explain the rules for correct information entered but login fails; what should I do next?,NID,NID_ONLINE_SERVICES,NID Online Account and Portal,NID_ONLINE_LOGIN_PROBLEM,Online Account Login Problem,Medium,Informal,FALSE,,PARAPHRASED,NID_ONLINE_LOGIN_PROBLEM_F02,Medium,FALSE,Synthetic NID core anchored in reviewed taxonomy include examples; automated semantic/structural validation only; no REAL provenance claimed.
NIDQ_0474,এই বিষয়ে সহায়তা চাই: Could you explain the rules for correct information entered but login fails?,NID,NID_ONLINE_SERVICES,NID Online Account and Portal,NID_ONLINE_LOGIN_PROBLEM,Online Account Login Problem,Medium,Informal,FALSE,,PARAPHRASED,NID_ONLINE_LOGIN_PROBLEM_F02,Medium,FALSE,Synthetic NID core anchored in reviewed taxonomy include examples; automated semantic/structural validation only; no REAL provenance claimed.
NIDQ_0481,Please explain the official process for forgot NID account password.,NID,NID_ONLINE_SERVICES,NID Online Account and Portal,NID_ONLINE_PASSWORD_RESET,Forgotten Password and Password Reset,Low,Formal,FALSE,,SYNTHETIC,NID_ONLINE_PASSWORD_RESET_F01,Easy,FALSE,Synthetic NID core anchored in reviewed taxonomy include examples; automated semantic/structural validation only; no REAL provenance claimed.
NIDQ_0482,Please explain the official process for forgot NID account password; what should I do next?,NID,NID_ONLINE_SERVICES,NID Online Account and Portal,NID_ONLINE_PASSWORD_RESET,Forgotten Password and Password Reset,Low,Formal,FALSE,,PARAPHRASED,NID_ONLINE_PASSWORD_RESET_F01,Easy,FALSE,Synthetic NID core anchored in reviewed taxonomy include examples; automated semantic/structural validation only; no REAL provenance claimed.
NIDQ_0483,Please explain the official process for forgot NID account password?,NID,NID_ONLINE_SERVICES,NID Online Account and Portal,NID_ONLINE_PASSWORD_RESET,Forgotten Password and Password Reset,Low,Formal,FALSE,,PARAPHRASED,NID_ONLINE_PASSWORD_RESET_F01,Easy,FALSE,Synthetic NID core anchored in reviewed taxonomy include examples; automated semantic/structural validation only; no REAL provenance claimed.
NIDQ_0484,How to reset password?,NID,NID_ONLINE_SERVICES,NID Online Account and Portal,NID_ONLINE_PASSWORD_RESET,Forgotten Password and Password Reset,Low,Informal,FALSE,,SYNTHETIC,NID_ONLINE_PASSWORD_RESET_F02,Medium,FALSE,Synthetic NID core anchored in reviewed taxonomy include examples; automated semantic/structural validation only; no REAL provenance claimed.
NIDQ_0485,I am trying to understand this: How to reset password?,NID,NID_ONLINE_SERVICES,NID Online Account and Portal,NID_ONLINE_PASSWORD_RESET,Forgotten Password and Password Reset,Low,Informal,FALSE,,PARAPHRASED,NID_ONLINE_PASSWORD_RESET_F02,Medium,FALSE,Synthetic NID core anchored in reviewed taxonomy include examples; automated semantic/structural validation only; no REAL provenance claimed.
NIDQ_0486,I need guidance on this: How to reset password?,NID,NID_ONLINE_SERVICES,NID Online Account and Portal,NID_ONLINE_PASSWORD_RESET,Forgotten Password and Password Reset,Low,Informal,FALSE,,PARAPHRASED,NID_ONLINE_PASSWORD_RESET_F02,Medium,FALSE,Synthetic NID core anchored in reviewed taxonomy include examples; automated semantic/structural validation only; no REAL provenance claimed.
NIDQ_0493,Can you guide me about recover old NID online account?,NID,NID_ONLINE_SERVICES,NID Online Account and Portal,NID_ONLINE_ACCOUNT_RECOVERY,Online Account Recovery,Low,Formal,FALSE,,SYNTHETIC,NID_ONLINE_ACCOUNT_RECOVERY_F01,Easy,FALSE,Synthetic NID core anchored in reviewed taxonomy include examples; automated semantic/structural validation only; no REAL provenance claimed.
NIDQ_0494,I am trying to understand this: Can you guide me about recover old NID online account?,NID,NID_ONLINE_SERVICES,NID Online Account and Portal,NID_ONLINE_ACCOUNT_RECOVERY,Online Account Recovery,Low,Formal,FALSE,,PARAPHRASED,NID_ONLINE_ACCOUNT_RECOVERY_F01,Easy,FALSE,Synthetic NID core anchored in reviewed taxonomy include examples; automated semantic/structural validation only; no REAL provenance claimed.
NIDQ_0495,I need guidance on this: Can you guide me about recover old NID online account?,NID,NID_ONLINE_SERVICES,NID Online Account and Portal,NID_ONLINE_ACCOUNT_RECOVERY,Online Account Recovery,Low,Formal,FALSE,,PARAPHRASED,NID_ONLINE_ACCOUNT_RECOVERY_F01,Easy,FALSE,Synthetic NID core anchored in reviewed taxonomy include examples; automated semantic/structural validation only; no REAL provenance claimed.
NIDQ_0496,I have a question about lost access to account. What is the process?,NID,NID_ONLINE_SERVICES,NID Online Account and Portal,NID_ONLINE_ACCOUNT_RECOVERY,Online Account Recovery,Low,Informal,FALSE,,SYNTHETIC,NID_ONLINE_ACCOUNT_RECOVERY_F02,Medium,FALSE,Synthetic NID core anchored in reviewed taxonomy include examples; automated semantic/structural validation only; no REAL provenance claimed.
NIDQ_0497,Could you explain I have a question about lost access to account. What is the process?,NID,NID_ONLINE_SERVICES,NID Online Account and Portal,NID_ONLINE_ACCOUNT_RECOVERY,Online Account Recovery,Low,Informal,FALSE,,PARAPHRASED,NID_ONLINE_ACCOUNT_RECOVERY_F02,Medium,FALSE,Synthetic NID core anchored in reviewed taxonomy include examples; automated semantic/structural validation only; no REAL provenance claimed.
NIDQ_0498,Please tell me the correct process: I have a question about lost access to account. What is the process?,NID,NID_ONLINE_SERVICES,NID Online Account and Portal,NID_ONLINE_ACCOUNT_RECOVERY,Online Account Recovery,Low,Informal,FALSE,,PARAPHRASED,NID_ONLINE_ACCOUNT_RECOVERY_F02,Medium,FALSE,Synthetic NID core anchored in reviewed taxonomy include examples; automated semantic/structural validation only; no REAL provenance claimed.
NIDQ_0505,What should I know about oTP did not arrive?,NID,NID_ONLINE_SERVICES,NID Online Account and Portal,NID_ONLINE_OTP_NOT_RECEIVED,OTP Not Received,Low,Formal,FALSE,,SYNTHETIC,NID_ONLINE_OTP_NOT_RECEIVED_F01,Easy,FALSE,Synthetic NID core anchored in reviewed taxonomy include examples; automated semantic/structural validation only; no REAL provenance claimed.
NIDQ_0506,Could you explain What should I know about oTP did not arrive?,NID,NID_ONLINE_SERVICES,NID Online Account and Portal,NID_ONLINE_OTP_NOT_RECEIVED,OTP Not Received,Low,Formal,FALSE,,PARAPHRASED,NID_ONLINE_OTP_NOT_RECEIVED_F01,Easy,FALSE,Synthetic NID core anchored in reviewed taxonomy include examples; automated semantic/structural validation only; no REAL provenance claimed.
NIDQ_0507,Please tell me the correct process: What should I know about oTP did not arrive?,NID,NID_ONLINE_SERVICES,NID Online Account and Portal,NID_ONLINE_OTP_NOT_RECEIVED,OTP Not Received,Low,Formal,FALSE,,PARAPHRASED,NID_ONLINE_OTP_NOT_RECEIVED_F01,Easy,FALSE,Synthetic NID core anchored in reviewed taxonomy include examples; automated semantic/structural validation only; no REAL provenance claimed.
NIDQ_0508,Could you explain the rules for oTP SMS not received?,NID,NID_ONLINE_SERVICES,NID Online Account and Portal,NID_ONLINE_OTP_NOT_RECEIVED,OTP Not Received,Low,Informal,FALSE,,SYNTHETIC,NID_ONLINE_OTP_NOT_RECEIVED_F02,Medium,FALSE,Synthetic NID core anchored in reviewed taxonomy include examples; automated semantic/structural validation only; no REAL provenance claimed.
NIDQ_0509,"For my case, Could you explain the rules for oTP SMS not received?",NID,NID_ONLINE_SERVICES,NID Online Account and Portal,NID_ONLINE_OTP_NOT_RECEIVED,OTP Not Received,Low,Informal,FALSE,,PARAPHRASED,NID_ONLINE_OTP_NOT_RECEIVED_F02,Medium,FALSE,Synthetic NID core anchored in reviewed taxonomy include examples; automated semantic/structural validation only; no REAL provenance claimed.
NIDQ_0510,Can you clarify this for me: Could you explain the rules for oTP SMS not received?,NID,NID_ONLINE_SERVICES,NID Online Account and Portal,NID_ONLINE_OTP_NOT_RECEIVED,OTP Not Received,Low,Informal,FALSE,,PARAPHRASED,NID_ONLINE_OTP_NOT_RECEIVED_F02,Medium,FALSE,Synthetic NID core anchored in reviewed taxonomy include examples; automated semantic/structural validation only; no REAL provenance claimed.
NIDQ_0517,Please explain the official process for correct OTP is rejected.,NID,NID_ONLINE_SERVICES,NID Online Account and Portal,NID_ONLINE_OTP_VERIFICATION,OTP Verification Problem,Low,Formal,FALSE,,SYNTHETIC,NID_ONLINE_OTP_VERIFICATION_F01,Easy,FALSE,Synthetic NID core anchored in reviewed taxonomy include examples; automated semantic/structural validation only; no REAL provenance claimed.
NIDQ_0518,"For my case, Please explain the official process for correct OTP is rejected?",NID,NID_ONLINE_SERVICES,NID Online Account and Portal,NID_ONLINE_OTP_VERIFICATION,OTP Verification Problem,Low,Formal,FALSE,,PARAPHRASED,NID_ONLINE_OTP_VERIFICATION_F01,Easy,FALSE,Synthetic NID core anchored in reviewed taxonomy include examples; automated semantic/structural validation only; no REAL provenance claimed.
NIDQ_0519,Can you clarify this for me: Please explain the official process for correct OTP is rejected?,NID,NID_ONLINE_SERVICES,NID Online Account and Portal,NID_ONLINE_OTP_VERIFICATION,OTP Verification Problem,Low,Formal,FALSE,,PARAPHRASED,NID_ONLINE_OTP_VERIFICATION_F01,Easy,FALSE,Synthetic NID core anchored in reviewed taxonomy include examples; automated semantic/structural validation only; no REAL provenance claimed.
NIDQ_0520,Which rules apply to oTP verification fails?,NID,NID_ONLINE_SERVICES,NID Online Account and Portal,NID_ONLINE_OTP_VERIFICATION,OTP Verification Problem,Low,Informal,FALSE,,SYNTHETIC,NID_ONLINE_OTP_VERIFICATION_F02,Medium,FALSE,Synthetic NID core anchored in reviewed taxonomy include examples; automated semantic/structural validation only; no REAL provenance claimed.
NIDQ_0521,Which rules apply to oTP verification fails; what should I do next?,NID,NID_ONLINE_SERVICES,NID Online Account and Portal,NID_ONLINE_OTP_VERIFICATION,OTP Verification Problem,Low,Informal,FALSE,,PARAPHRASED,NID_ONLINE_OTP_VERIFICATION_F02,Medium,FALSE,Synthetic NID core anchored in reviewed taxonomy include examples; automated semantic/structural validation only; no REAL provenance claimed.
NIDQ_0522,এই বিষয়ে সহায়তা চাই: Which rules apply to oTP verification fails?,NID,NID_ONLINE_SERVICES,NID Online Account and Portal,NID_ONLINE_OTP_VERIFICATION,OTP Verification Problem,Low,Informal,FALSE,,PARAPHRASED,NID_ONLINE_OTP_VERIFICATION_F02,Medium,FALSE,Synthetic NID core anchored in reviewed taxonomy include examples; automated semantic/structural validation only; no REAL provenance claimed.
NIDQ_0529,Can you guide me about face verification fails?,NID,NID_ONLINE_SERVICES,NID Online Account and Portal,NID_ONLINE_FACE_VERIFICATION,Face Verification Problem,Low,Formal,FALSE,,SYNTHETIC,NID_ONLINE_FACE_VERIFICATION_F01,Easy,FALSE,Synthetic NID core anchored in reviewed taxonomy include examples; automated semantic/structural validation only; no REAL provenance claimed.
NIDQ_0530,Can you guide me about face verification fails; what should I do next?,NID,NID_ONLINE_SERVICES,NID Online Account and Portal,NID_ONLINE_FACE_VERIFICATION,Face Verification Problem,Low,Formal,FALSE,,PARAPHRASED,NID_ONLINE_FACE_VERIFICATION_F01,Easy,FALSE,Synthetic NID core anchored in reviewed taxonomy include examples; automated semantic/structural validation only; no REAL provenance claimed.
NIDQ_0531,এই বিষয়ে সহায়তা চাই: Can you guide me about face verification fails?,NID,NID_ONLINE_SERVICES,NID Online Account and Portal,NID_ONLINE_FACE_VERIFICATION,Face Verification Problem,Low,Formal,FALSE,,PARAPHRASED,NID_ONLINE_FACE_VERIFICATION_F01,Easy,FALSE,Synthetic NID core anchored in reviewed taxonomy include examples; automated semantic/structural validation only; no REAL provenance claimed.
NIDQ_0532,I have a question about portal cannot detect face. What is the process?,NID,NID_ONLINE_SERVICES,NID Online Account and Portal,NID_ONLINE_FACE_VERIFICATION,Face Verification Problem,Low,Informal,FALSE,,SYNTHETIC,NID_ONLINE_FACE_VERIFICATION_F02,Medium,FALSE,Synthetic NID core anchored in reviewed taxonomy include examples; automated semantic/structural validation only; no REAL provenance claimed.
NIDQ_0533,I am trying to understand this: I have a question about portal cannot detect face. What is the process?,NID,NID_ONLINE_SERVICES,NID Online Account and Portal,NID_ONLINE_FACE_VERIFICATION,Face Verification Problem,Low,Informal,FALSE,,PARAPHRASED,NID_ONLINE_FACE_VERIFICATION_F02,Medium,FALSE,Synthetic NID core anchored in reviewed taxonomy include examples; automated semantic/structural validation only; no REAL provenance claimed.
NIDQ_0534,I need guidance on this: I have a question about portal cannot detect face. What is the process?,NID,NID_ONLINE_SERVICES,NID Online Account and Portal,NID_ONLINE_FACE_VERIFICATION,Face Verification Problem,Low,Informal,FALSE,,PARAPHRASED,NID_ONLINE_FACE_VERIFICATION_F02,Medium,FALSE,Synthetic NID core anchored in reviewed taxonomy include examples; automated semantic/structural validation only; no REAL provenance claimed.
NIDQ_0541,What should I know about fingerprint is not recognized?,NID,NID_ONLINE_SERVICES,NID Online Account and Portal,NID_ONLINE_BIOMETRIC_VERIFICATION,Biometric Verification Problem,Low,Formal,FALSE,,SYNTHETIC,NID_ONLINE_BIOMETRIC_VERIFICATION_F01,Easy,FALSE,Synthetic NID core anchored in reviewed taxonomy include examples; automated semantic/structural validation only; no REAL provenance claimed.
NIDQ_0542,I am trying to understand this: What should I know about fingerprint is not recognized?,NID,NID_ONLINE_SERVICES,NID Online Account and Portal,NID_ONLINE_BIOMETRIC_VERIFICATION,Biometric Verification Problem,Low,Formal,FALSE,,PARAPHRASED,NID_ONLINE_BIOMETRIC_VERIFICATION_F01,Easy,FALSE,Synthetic NID core anchored in reviewed taxonomy include examples; automated semantic/structural validation only; no REAL provenance claimed.
NIDQ_0543,I need guidance on this: What should I know about fingerprint is not recognized?,NID,NID_ONLINE_SERVICES,NID Online Account and Portal,NID_ONLINE_BIOMETRIC_VERIFICATION,Biometric Verification Problem,Low,Formal,FALSE,,PARAPHRASED,NID_ONLINE_BIOMETRIC_VERIFICATION_F01,Easy,FALSE,Synthetic NID core anchored in reviewed taxonomy include examples; automated semantic/structural validation only; no REAL provenance claimed.
NIDQ_0544,Could you explain the rules for biometric verification fails?,NID,NID_ONLINE_SERVICES,NID Online Account and Portal,NID_ONLINE_BIOMETRIC_VERIFICATION,Biometric Verification Problem,Low,Informal,FALSE,,SYNTHETIC,NID_ONLINE_BIOMETRIC_VERIFICATION_F02,Medium,FALSE,Synthetic NID core anchored in reviewed taxonomy include examples; automated semantic/structural validation only; no REAL provenance claimed.
NIDQ_0545,Could you explain Could you explain the rules for biometric verification fails?,NID,NID_ONLINE_SERVICES,NID Online Account and Portal,NID_ONLINE_BIOMETRIC_VERIFICATION,Biometric Verification Problem,Low,Informal,FALSE,,PARAPHRASED,NID_ONLINE_BIOMETRIC_VERIFICATION_F02,Medium,FALSE,Synthetic NID core anchored in reviewed taxonomy include examples; automated semantic/structural validation only; no REAL provenance claimed.
NIDQ_0546,Please tell me the correct process: Could you explain the rules for biometric verification fails?,NID,NID_ONLINE_SERVICES,NID Online Account and Portal,NID_ONLINE_BIOMETRIC_VERIFICATION,Biometric Verification Problem,Low,Informal,FALSE,,PARAPHRASED,NID_ONLINE_BIOMETRIC_VERIFICATION_F02,Medium,FALSE,Synthetic NID core anchored in reviewed taxonomy include examples; automated semantic/structural validation only; no REAL provenance claimed.
NIDQ_0553,Please explain the official process for nID portal is down.,NID,NID_ONLINE_SERVICES,NID Online Account and Portal,NID_ONLINE_PORTAL_UNAVAILABLE,NID Portal Not Working,Low,Formal,FALSE,,SYNTHETIC,NID_ONLINE_PORTAL_UNAVAILABLE_F01,Easy,FALSE,Synthetic NID core anchored in reviewed taxonomy include examples; automated semantic/structural validation only; no REAL provenance claimed.
NIDQ_0554,Could you explain Please explain the official process for nID portal is down?,NID,NID_ONLINE_SERVICES,NID Online Account and Portal,NID_ONLINE_PORTAL_UNAVAILABLE,NID Portal Not Working,Low,Formal,FALSE,,PARAPHRASED,NID_ONLINE_PORTAL_UNAVAILABLE_F01,Easy,FALSE,Synthetic NID core anchored in reviewed taxonomy include examples; automated semantic/structural validation only; no REAL provenance claimed.
NIDQ_0555,Please tell me the correct process: Please explain the official process for nID portal is down?,NID,NID_ONLINE_SERVICES,NID Online Account and Portal,NID_ONLINE_PORTAL_UNAVAILABLE,NID Portal Not Working,Low,Formal,FALSE,,PARAPHRASED,NID_ONLINE_PORTAL_UNAVAILABLE_F01,Easy,FALSE,Synthetic NID core anchored in reviewed taxonomy include examples; automated semantic/structural validation only; no REAL provenance claimed.
NIDQ_0556,Which rules apply to website does not open?,NID,NID_ONLINE_SERVICES,NID Online Account and Portal,NID_ONLINE_PORTAL_UNAVAILABLE,NID Portal Not Working,Low,Informal,FALSE,,SYNTHETIC,NID_ONLINE_PORTAL_UNAVAILABLE_F02,Medium,FALSE,Synthetic NID core anchored in reviewed taxonomy include examples; automated semantic/structural validation only; no REAL provenance claimed.
NIDQ_0557,"For my case, Which rules apply to website does not open?",NID,NID_ONLINE_SERVICES,NID Online Account and Portal,NID_ONLINE_PORTAL_UNAVAILABLE,NID Portal Not Working,Low,Informal,FALSE,,PARAPHRASED,NID_ONLINE_PORTAL_UNAVAILABLE_F02,Medium,FALSE,Synthetic NID core anchored in reviewed taxonomy include examples; automated semantic/structural validation only; no REAL provenance claimed.
NIDQ_0558,Can you clarify this for me: Which rules apply to website does not open?,NID,NID_ONLINE_SERVICES,NID Online Account and Portal,NID_ONLINE_PORTAL_UNAVAILABLE,NID Portal Not Working,Low,Informal,FALSE,,PARAPHRASED,NID_ONLINE_PORTAL_UNAVAILABLE_F02,Medium,FALSE,Synthetic NID core anchored in reviewed taxonomy include examples; automated semantic/structural validation only; no REAL provenance claimed.
NIDQ_0565,Can you guide me about update account information?,NID,NID_ONLINE_SERVICES,NID Online Account and Portal,NID_ONLINE_ACCOUNT_INFORMATION_UPDATE,Online Account Information Update,Low,Formal,FALSE,,SYNTHETIC,NID_ONLINE_ACCOUNT_INFORMATION_UPDATE_F01,Easy,FALSE,Synthetic NID core anchored in reviewed taxonomy include examples; automated semantic/structural validation only; no REAL provenance claimed.
NIDQ_0566,"For my case, Can you guide me about update account information?",NID,NID_ONLINE_SERVICES,NID Online Account and Portal,NID_ONLINE_ACCOUNT_INFORMATION_UPDATE,Online Account Information Update,Low,Formal,FALSE,,PARAPHRASED,NID_ONLINE_ACCOUNT_INFORMATION_UPDATE_F01,Easy,FALSE,Synthetic NID core anchored in reviewed taxonomy include examples; automated semantic/structural validation only; no REAL provenance claimed.
NIDQ_0567,Can you clarify this for me: Can you guide me about update account information?,NID,NID_ONLINE_SERVICES,NID Online Account and Portal,NID_ONLINE_ACCOUNT_INFORMATION_UPDATE,Online Account Information Update,Low,Formal,FALSE,,PARAPHRASED,NID_ONLINE_ACCOUNT_INFORMATION_UPDATE_F01,Easy,FALSE,Synthetic NID core anchored in reviewed taxonomy include examples; automated semantic/structural validation only; no REAL provenance claimed.
NIDQ_0568,I have a question about change linked mobile number. What is the process?,NID,NID_ONLINE_SERVICES,NID Online Account and Portal,NID_ONLINE_ACCOUNT_INFORMATION_UPDATE,Online Account Information Update,Low,Informal,FALSE,,SYNTHETIC,NID_ONLINE_ACCOUNT_INFORMATION_UPDATE_F02,Medium,FALSE,Synthetic NID core anchored in reviewed taxonomy include examples; automated semantic/structural validation only; no REAL provenance claimed.
NIDQ_0569,I have a question about change linked mobile number. What is the process; what should I do next?,NID,NID_ONLINE_SERVICES,NID Online Account and Portal,NID_ONLINE_ACCOUNT_INFORMATION_UPDATE,Online Account Information Update,Low,Informal,FALSE,,PARAPHRASED,NID_ONLINE_ACCOUNT_INFORMATION_UPDATE_F02,Medium,FALSE,Synthetic NID core anchored in reviewed taxonomy include examples; automated semantic/structural validation only; no REAL provenance claimed.
NIDQ_0570,এই বিষয়ে সহায়তা চাই: I have a question about change linked mobile number. What is the process?,NID,NID_ONLINE_SERVICES,NID Online Account and Portal,NID_ONLINE_ACCOUNT_INFORMATION_UPDATE,Online Account Information Update,Low,Informal,FALSE,,PARAPHRASED,NID_ONLINE_ACCOUNT_INFORMATION_UPDATE_F02,Medium,FALSE,Synthetic NID core anchored in reviewed taxonomy include examples; automated semantic/structural validation only; no REAL provenance claimed.
NIDQ_0577,What should I know about deactivate account?,NID,NID_ONLINE_SERVICES,NID Online Account and Portal,NID_ONLINE_ACCOUNT_DEACTIVATION,Online Account Deactivation,Low,Formal,FALSE,,SYNTHETIC,NID_ONLINE_ACCOUNT_DEACTIVATION_F01,Easy,FALSE,Synthetic NID core anchored in reviewed taxonomy include examples; automated semantic/structural validation only; no REAL provenance claimed.
NIDQ_0578,What should I know about deactivate account; what should I do next?,NID,NID_ONLINE_SERVICES,NID Online Account and Portal,NID_ONLINE_ACCOUNT_DEACTIVATION,Online Account Deactivation,Low,Formal,FALSE,,PARAPHRASED,NID_ONLINE_ACCOUNT_DEACTIVATION_F01,Easy,FALSE,Synthetic NID core anchored in reviewed taxonomy include examples; automated semantic/structural validation only; no REAL provenance claimed.
NIDQ_0579,এই বিষয়ে সহায়তা চাই: What should I know about deactivate account?,NID,NID_ONLINE_SERVICES,NID Online Account and Portal,NID_ONLINE_ACCOUNT_DEACTIVATION,Online Account Deactivation,Low,Formal,FALSE,,PARAPHRASED,NID_ONLINE_ACCOUNT_DEACTIVATION_F01,Easy,FALSE,Synthetic NID core anchored in reviewed taxonomy include examples; automated semantic/structural validation only; no REAL provenance claimed.
NIDQ_0580,Could you explain the rules for close old account?,NID,NID_ONLINE_SERVICES,NID Online Account and Portal,NID_ONLINE_ACCOUNT_DEACTIVATION,Online Account Deactivation,Low,Informal,FALSE,,SYNTHETIC,NID_ONLINE_ACCOUNT_DEACTIVATION_F02,Medium,FALSE,Synthetic NID core anchored in reviewed taxonomy include examples; automated semantic/structural validation only; no REAL provenance claimed.
NIDQ_0581,I am trying to understand this: Could you explain the rules for close old account?,NID,NID_ONLINE_SERVICES,NID Online Account and Portal,NID_ONLINE_ACCOUNT_DEACTIVATION,Online Account Deactivation,Low,Informal,FALSE,,PARAPHRASED,NID_ONLINE_ACCOUNT_DEACTIVATION_F02,Medium,FALSE,Synthetic NID core anchored in reviewed taxonomy include examples; automated semantic/structural validation only; no REAL provenance claimed.
NIDQ_0582,I need guidance on this: Could you explain the rules for close old account?,NID,NID_ONLINE_SERVICES,NID Online Account and Portal,NID_ONLINE_ACCOUNT_DEACTIVATION,Online Account Deactivation,Low,Informal,FALSE,,PARAPHRASED,NID_ONLINE_ACCOUNT_DEACTIVATION_F02,Medium,FALSE,Synthetic NID core anchored in reviewed taxonomy include examples; automated semantic/structural validation only; no REAL provenance claimed.
NIDQ_0589,Please explain the official process for nID online service is not working.,NID,NID_ONLINE_SERVICES,NID Online Account and Portal,NID_ONLINE_GENERAL_PROBLEM,General Online Service Problem,Medium,Formal,FALSE,,SYNTHETIC,NID_ONLINE_GENERAL_PROBLEM_F01,Easy,FALSE,Synthetic NID core anchored in reviewed taxonomy include examples; automated semantic/structural validation only; no REAL provenance claimed.
NIDQ_0590,I am trying to understand this: Please explain the official process for nID online service is not working?,NID,NID_ONLINE_SERVICES,NID Online Account and Portal,NID_ONLINE_GENERAL_PROBLEM,General Online Service Problem,Medium,Formal,FALSE,,PARAPHRASED,NID_ONLINE_GENERAL_PROBLEM_F01,Easy,FALSE,Synthetic NID core anchored in reviewed taxonomy include examples; automated semantic/structural validation only; no REAL provenance claimed.
NIDQ_0591,I need guidance on this: Please explain the official process for nID online service is not working?,NID,NID_ONLINE_SERVICES,NID Online Account and Portal,NID_ONLINE_GENERAL_PROBLEM,General Online Service Problem,Medium,Formal,FALSE,,PARAPHRASED,NID_ONLINE_GENERAL_PROBLEM_F01,Easy,FALSE,Synthetic NID core anchored in reviewed taxonomy include examples; automated semantic/structural validation only; no REAL provenance claimed.
NIDQ_0592,Which rules apply to cannot complete an online service?,NID,NID_ONLINE_SERVICES,NID Online Account and Portal,NID_ONLINE_GENERAL_PROBLEM,General Online Service Problem,Medium,Informal,FALSE,,SYNTHETIC,NID_ONLINE_GENERAL_PROBLEM_F02,Medium,FALSE,Synthetic NID core anchored in reviewed taxonomy include examples; automated semantic/structural validation only; no REAL provenance claimed.
NIDQ_0593,Could you explain Which rules apply to cannot complete an online service?,NID,NID_ONLINE_SERVICES,NID Online Account and Portal,NID_ONLINE_GENERAL_PROBLEM,General Online Service Problem,Medium,Informal,FALSE,,PARAPHRASED,NID_ONLINE_GENERAL_PROBLEM_F02,Medium,FALSE,Synthetic NID core anchored in reviewed taxonomy include examples; automated semantic/structural validation only; no REAL provenance claimed.
NIDQ_0594,Please tell me the correct process: Which rules apply to cannot complete an online service?,NID,NID_ONLINE_SERVICES,NID Online Account and Portal,NID_ONLINE_GENERAL_PROBLEM,General Online Service Problem,Medium,Informal,FALSE,,PARAPHRASED,NID_ONLINE_GENERAL_PROBLEM_F02,Medium,FALSE,Synthetic NID core anchored in reviewed taxonomy include examples; automated semantic/structural validation only; no REAL provenance claimed.
NIDQ_0601,Who can receive a Smart NID?,NID,NID_SMART_CARD,Smart NID Card,NID_SMART_ELIGIBILITY,Smart NID Eligibility,Low,Formal,FALSE,,SYNTHETIC,NID_SMART_ELIGIBILITY_F01,Easy,FALSE,Synthetic NID core anchored in reviewed taxonomy include examples; automated semantic/structural validation only; no REAL provenance claimed.
NIDQ_0602,Could you explain Who can receive a Smart NID?,NID,NID_SMART_CARD,Smart NID Card,NID_SMART_ELIGIBILITY,Smart NID Eligibility,Low,Formal,FALSE,,PARAPHRASED,NID_SMART_ELIGIBILITY_F01,Easy,FALSE,Synthetic NID core anchored in reviewed taxonomy include examples; automated semantic/structural validation only; no REAL provenance claimed.
NIDQ_0603,Please tell me the correct process: Who can receive a Smart NID?,NID,NID_SMART_CARD,Smart NID Card,NID_SMART_ELIGIBILITY,Smart NID Eligibility,Low,Formal,FALSE,,PARAPHRASED,NID_SMART_ELIGIBILITY_F01,Easy,FALSE,Synthetic NID core anchored in reviewed taxonomy include examples; automated semantic/structural validation only; no REAL provenance claimed.
NIDQ_0604,Am I eligible for a Smart NID?,NID,NID_SMART_CARD,Smart NID Card,NID_SMART_ELIGIBILITY,Smart NID Eligibility,Low,Informal,FALSE,,SYNTHETIC,NID_SMART_ELIGIBILITY_F02,Medium,FALSE,Synthetic NID core anchored in reviewed taxonomy include examples; automated semantic/structural validation only; no REAL provenance claimed.
NIDQ_0605,"For my case, Am I eligible for a Smart NID?",NID,NID_SMART_CARD,Smart NID Card,NID_SMART_ELIGIBILITY,Smart NID Eligibility,Low,Informal,FALSE,,PARAPHRASED,NID_SMART_ELIGIBILITY_F02,Medium,FALSE,Synthetic NID core anchored in reviewed taxonomy include examples; automated semantic/structural validation only; no REAL provenance claimed.
NIDQ_0606,Can you clarify this for me: Am I eligible for a Smart NID?,NID,NID_SMART_CARD,Smart NID Card,NID_SMART_ELIGIBILITY,Smart NID Eligibility,Low,Informal,FALSE,,PARAPHRASED,NID_SMART_ELIGIBILITY_F02,Medium,FALSE,Synthetic NID core anchored in reviewed taxonomy include examples; automated semantic/structural validation only; no REAL provenance claimed.
NIDQ_0613,Do I need to register separately for Smart NID?,NID,NID_SMART_CARD,Smart NID Card,NID_SMART_REGISTRATION,Smart NID Registration,Low,Formal,FALSE,,SYNTHETIC,NID_SMART_REGISTRATION_F01,Easy,FALSE,Synthetic NID core anchored in reviewed taxonomy include examples; automated semantic/structural validation only; no REAL provenance claimed.
NIDQ_0614,"For my case, Do I need to register separately for Smart NID?",NID,NID_SMART_CARD,Smart NID Card,NID_SMART_REGISTRATION,Smart NID Registration,Low,Formal,FALSE,,PARAPHRASED,NID_SMART_REGISTRATION_F01,Easy,FALSE,Synthetic NID core anchored in reviewed taxonomy include examples; automated semantic/structural validation only; no REAL provenance claimed.
NIDQ_0615,Can you clarify this for me: Do I need to register separately for Smart NID?,NID,NID_SMART_CARD,Smart NID Card,NID_SMART_REGISTRATION,Smart NID Registration,Low,Formal,FALSE,,PARAPHRASED,NID_SMART_REGISTRATION_F01,Easy,FALSE,Synthetic NID core anchored in reviewed taxonomy include examples; automated semantic/structural validation only; no REAL provenance claimed.
NIDQ_0616,How do I register?,NID,NID_SMART_CARD,Smart NID Card,NID_SMART_REGISTRATION,Smart NID Registration,Low,Informal,FALSE,,SYNTHETIC,NID_SMART_REGISTRATION_F02,Medium,FALSE,Synthetic NID core anchored in reviewed taxonomy include examples; automated semantic/structural validation only; no REAL provenance claimed.
NIDQ_0617,what is the process to register; what should I do next?,NID,NID_SMART_CARD,Smart NID Card,NID_SMART_REGISTRATION,Smart NID Registration,Low,Informal,FALSE,,PARAPHRASED,NID_SMART_REGISTRATION_F02,Medium,FALSE,Synthetic NID core anchored in reviewed taxonomy include examples; automated semantic/structural validation only; no REAL provenance claimed.
NIDQ_0618,what is the process to register?,NID,NID_SMART_CARD,Smart NID Card,NID_SMART_REGISTRATION,Smart NID Registration,Low,Informal,FALSE,,PARAPHRASED,NID_SMART_REGISTRATION_F02,Medium,FALSE,Synthetic NID core anchored in reviewed taxonomy include examples; automated semantic/structural validation only; no REAL provenance claimed.
NIDQ_0625,How do I apply for a Smart NID?,NID,NID_SMART_CARD,Smart NID Card,NID_SMART_APPLICATION,Smart NID Application,Low,Formal,FALSE,,SYNTHETIC,NID_SMART_APPLICATION_F01,Easy,FALSE,Synthetic NID core anchored in reviewed taxonomy include examples; automated semantic/structural validation only; no REAL provenance claimed.
NIDQ_0626,what is the process to apply for a Smart NID; what should I do next?,NID,NID_SMART_CARD,Smart NID Card,NID_SMART_APPLICATION,Smart NID Application,Low,Formal,FALSE,,PARAPHRASED,NID_SMART_APPLICATION_F01,Easy,FALSE,Synthetic NID core anchored in reviewed taxonomy include examples; automated semantic/structural validation only; no REAL provenance claimed.
NIDQ_0627,what is the process to apply for a Smart NID?,NID,NID_SMART_CARD,Smart NID Card,NID_SMART_APPLICATION,Smart NID Application,Low,Formal,FALSE,,PARAPHRASED,NID_SMART_APPLICATION_F01,Easy,FALSE,Synthetic NID core anchored in reviewed taxonomy include examples; automated semantic/structural validation only; no REAL provenance claimed.
NIDQ_0628,Which rules apply to smart NID application process?,NID,NID_SMART_CARD,Smart NID Card,NID_SMART_APPLICATION,Smart NID Application,Low,Informal,FALSE,,SYNTHETIC,NID_SMART_APPLICATION_F02,Medium,FALSE,Synthetic NID core anchored in reviewed taxonomy include examples; automated semantic/structural validation only; no REAL provenance claimed.
NIDQ_0629,I am trying to understand this: Which rules apply to smart NID application process?,NID,NID_SMART_CARD,Smart NID Card,NID_SMART_APPLICATION,Smart NID Application,Low,Informal,FALSE,,PARAPHRASED,NID_SMART_APPLICATION_F02,Medium,FALSE,Synthetic NID core anchored in reviewed taxonomy include examples; automated semantic/structural validation only; no REAL provenance claimed.
NIDQ_0630,I need guidance on this: Which rules apply to smart NID application process?,NID,NID_SMART_CARD,Smart NID Card,NID_SMART_APPLICATION,Smart NID Application,Low,Informal,FALSE,,PARAPHRASED,NID_SMART_APPLICATION_F02,Medium,FALSE,Synthetic NID core anchored in reviewed taxonomy include examples; automated semantic/structural validation only; no REAL provenance claimed.
NIDQ_0637,How do I check Smart NID status?,NID,NID_SMART_CARD,Smart NID Card,NID_SMART_STATUS,Smart NID Status,Low,Formal,FALSE,,SYNTHETIC,NID_SMART_STATUS_F01,Easy,FALSE,Synthetic NID core anchored in reviewed taxonomy include examples; automated semantic/structural validation only; no REAL provenance claimed.
NIDQ_0638,I am trying to understand this: what is the process to check Smart NID status?,NID,NID_SMART_CARD,Smart NID Card,NID_SMART_STATUS,Smart NID Status,Low,Formal,FALSE,,PARAPHRASED,NID_SMART_STATUS_F01,Easy,FALSE,Synthetic NID core anchored in reviewed taxonomy include examples; automated semantic/structural validation only; no REAL provenance claimed.
NIDQ_0639,I need guidance on this: what is the process to check Smart NID status?,NID,NID_SMART_CARD,Smart NID Card,NID_SMART_STATUS,Smart NID Status,Low,Formal,FALSE,,PARAPHRASED,NID_SMART_STATUS_F01,Easy,FALSE,Synthetic NID core anchored in reviewed taxonomy include examples; automated semantic/structural validation only; no REAL provenance claimed.
NIDQ_0640,Has my Smart NID been produced?,NID,NID_SMART_CARD,Smart NID Card,NID_SMART_STATUS,Smart NID Status,Low,Informal,FALSE,,SYNTHETIC,NID_SMART_STATUS_F02,Medium,FALSE,Synthetic NID core anchored in reviewed taxonomy include examples; automated semantic/structural validation only; no REAL provenance claimed.
NIDQ_0641,Could you explain Has my Smart NID been produced?,NID,NID_SMART_CARD,Smart NID Card,NID_SMART_STATUS,Smart NID Status,Low,Informal,FALSE,,PARAPHRASED,NID_SMART_STATUS_F02,Medium,FALSE,Synthetic NID core anchored in reviewed taxonomy include examples; automated semantic/structural validation only; no REAL provenance claimed.
NIDQ_0642,Please tell me the correct process: Has my Smart NID been produced?,NID,NID_SMART_CARD,Smart NID Card,NID_SMART_STATUS,Smart NID Status,Low,Informal,FALSE,,PARAPHRASED,NID_SMART_STATUS_F02,Medium,FALSE,Synthetic NID core anchored in reviewed taxonomy include examples; automated semantic/structural validation only; no REAL provenance claimed.
NIDQ_0649,Where can I collect my Smart NID?,NID,NID_SMART_CARD,Smart NID Card,NID_SMART_COLLECTION_LOCATION,Smart NID Collection Location,Low,Formal,FALSE,,SYNTHETIC,NID_SMART_COLLECTION_LOCATION_F01,Easy,FALSE,Synthetic NID core anchored in reviewed taxonomy include examples; automated semantic/structural validation only; no REAL provenance claimed.
NIDQ_0650,Could you explain Where is it possible to collect my Smart NID?,NID,NID_SMART_CARD,Smart NID Card,NID_SMART_COLLECTION_LOCATION,Smart NID Collection Location,Low,Formal,FALSE,,PARAPHRASED,NID_SMART_COLLECTION_LOCATION_F01,Easy,FALSE,Synthetic NID core anchored in reviewed taxonomy include examples; automated semantic/structural validation only; no REAL provenance claimed.
NIDQ_0651,Please tell me the correct process: Where is it possible to collect my Smart NID?,NID,NID_SMART_CARD,Smart NID Card,NID_SMART_COLLECTION_LOCATION,Smart NID Collection Location,Low,Formal,FALSE,,PARAPHRASED,NID_SMART_COLLECTION_LOCATION_F01,Easy,FALSE,Synthetic NID core anchored in reviewed taxonomy include examples; automated semantic/structural validation only; no REAL provenance claimed.
NIDQ_0652,Where is my collection center?,NID,NID_SMART_CARD,Smart NID Card,NID_SMART_COLLECTION_LOCATION,Smart NID Collection Location,Low,Informal,FALSE,,SYNTHETIC,NID_SMART_COLLECTION_LOCATION_F02,Medium,FALSE,Synthetic NID core anchored in reviewed taxonomy include examples; automated semantic/structural validation only; no REAL provenance claimed.
NIDQ_0653,"For my case, Where is my collection center?",NID,NID_SMART_CARD,Smart NID Card,NID_SMART_COLLECTION_LOCATION,Smart NID Collection Location,Low,Informal,FALSE,,PARAPHRASED,NID_SMART_COLLECTION_LOCATION_F02,Medium,FALSE,Synthetic NID core anchored in reviewed taxonomy include examples; automated semantic/structural validation only; no REAL provenance claimed.
NIDQ_0654,Can you clarify this for me: Where is my collection center?,NID,NID_SMART_CARD,Smart NID Card,NID_SMART_COLLECTION_LOCATION,Smart NID Collection Location,Low,Informal,FALSE,,PARAPHRASED,NID_SMART_COLLECTION_LOCATION_F02,Medium,FALSE,Synthetic NID core anchored in reviewed taxonomy include examples; automated semantic/structural validation only; no REAL provenance claimed.
NIDQ_0661,When will Smart NID cards be distributed?,NID,NID_SMART_CARD,Smart NID Card,NID_SMART_DISTRIBUTION_DATE,Smart NID Distribution Date,Low,Formal,FALSE,,SYNTHETIC,NID_SMART_DISTRIBUTION_DATE_F01,Easy,FALSE,Synthetic NID core anchored in reviewed taxonomy include examples; automated semantic/structural validation only; no REAL provenance claimed.
NIDQ_0662,"For my case, When will Smart NID cards be distributed?",NID,NID_SMART_CARD,Smart NID Card,NID_SMART_DISTRIBUTION_DATE,Smart NID Distribution Date,Low,Formal,FALSE,,PARAPHRASED,NID_SMART_DISTRIBUTION_DATE_F01,Easy,FALSE,Synthetic NID core anchored in reviewed taxonomy include examples; automated semantic/structural validation only; no REAL provenance claimed.
NIDQ_0663,Can you clarify this for me: When will Smart NID cards be distributed?,NID,NID_SMART_CARD,Smart NID Card,NID_SMART_DISTRIBUTION_DATE,Smart NID Distribution Date,Low,Formal,FALSE,,PARAPHRASED,NID_SMART_DISTRIBUTION_DATE_F01,Easy,FALSE,Synthetic NID core anchored in reviewed taxonomy include examples; automated semantic/structural validation only; no REAL provenance claimed.
NIDQ_0664,What is the distribution date?,NID,NID_SMART_CARD,Smart NID Card,NID_SMART_DISTRIBUTION_DATE,Smart NID Distribution Date,Low,Informal,FALSE,,SYNTHETIC,NID_SMART_DISTRIBUTION_DATE_F02,Medium,FALSE,Synthetic NID core anchored in reviewed taxonomy include examples; automated semantic/structural validation only; no REAL provenance claimed.
NIDQ_0665,What is the distribution date; what should I do next?,NID,NID_SMART_CARD,Smart NID Card,NID_SMART_DISTRIBUTION_DATE,Smart NID Distribution Date,Low,Informal,FALSE,,PARAPHRASED,NID_SMART_DISTRIBUTION_DATE_F02,Medium,FALSE,Synthetic NID core anchored in reviewed taxonomy include examples; automated semantic/structural validation only; no REAL provenance claimed.
NIDQ_0666,এই বিষয়ে সহায়তা চাই: What is the distribution date?,NID,NID_SMART_CARD,Smart NID Card,NID_SMART_DISTRIBUTION_DATE,Smart NID Distribution Date,Low,Informal,FALSE,,PARAPHRASED,NID_SMART_DISTRIBUTION_DATE_F02,Medium,FALSE,Synthetic NID core anchored in reviewed taxonomy include examples; automated semantic/structural validation only; no REAL provenance claimed.
NIDQ_0673,Can you guide me about my Smart NID is delayed?,NID,NID_SMART_CARD,Smart NID Card,NID_SMART_DELAY,Smart NID Delay,Medium,Formal,FALSE,,SYNTHETIC,NID_SMART_DELAY_F01,Easy,FALSE,Synthetic NID core anchored in reviewed taxonomy include examples; automated semantic/structural validation only; no REAL provenance claimed.
NIDQ_0674,Can you guide me about my Smart NID is delayed; what should I do next?,NID,NID_SMART_CARD,Smart NID Card,NID_SMART_DELAY,Smart NID Delay,Medium,Formal,FALSE,,PARAPHRASED,NID_SMART_DELAY_F01,Easy,FALSE,Synthetic NID core anchored in reviewed taxonomy include examples; automated semantic/structural validation only; no REAL provenance claimed.
NIDQ_0675,এই বিষয়ে সহায়তা চাই: Can you guide me about my Smart NID is delayed?,NID,NID_SMART_CARD,Smart NID Card,NID_SMART_DELAY,Smart NID Delay,Medium,Formal,FALSE,,PARAPHRASED,NID_SMART_DELAY_F01,Easy,FALSE,Synthetic NID core anchored in reviewed taxonomy include examples; automated semantic/structural validation only; no REAL provenance claimed.
NIDQ_0676,Why have I not received my Smart NID?,NID,NID_SMART_CARD,Smart NID Card,NID_SMART_DELAY,Smart NID Delay,Medium,Informal,FALSE,,SYNTHETIC,NID_SMART_DELAY_F02,Medium,FALSE,Synthetic NID core anchored in reviewed taxonomy include examples; automated semantic/structural validation only; no REAL provenance claimed.
NIDQ_0677,I am trying to understand this: Why have I not received my Smart NID?,NID,NID_SMART_CARD,Smart NID Card,NID_SMART_DELAY,Smart NID Delay,Medium,Informal,FALSE,,PARAPHRASED,NID_SMART_DELAY_F02,Medium,FALSE,Synthetic NID core anchored in reviewed taxonomy include examples; automated semantic/structural validation only; no REAL provenance claimed.
NIDQ_0678,I need guidance on this: Why have I not received my Smart NID?,NID,NID_SMART_CARD,Smart NID Card,NID_SMART_DELAY,Smart NID Delay,Medium,Informal,FALSE,,PARAPHRASED,NID_SMART_DELAY_F02,Medium,FALSE,Synthetic NID core anchored in reviewed taxonomy include examples; automated semantic/structural validation only; no REAL provenance claimed.
NIDQ_0685,What should I know about i have a problem with my Smart NID?,NID,NID_SMART_CARD,Smart NID Card,NID_SMART_GENERAL_PROBLEM,General Smart NID Problem,Medium,Formal,FALSE,,SYNTHETIC,NID_SMART_GENERAL_PROBLEM_F01,Easy,FALSE,Synthetic NID core anchored in reviewed taxonomy include examples; automated semantic/structural validation only; no REAL provenance claimed.
NIDQ_0686,I am trying to understand this: What should I know about i have a problem with my Smart NID?,NID,NID_SMART_CARD,Smart NID Card,NID_SMART_GENERAL_PROBLEM,General Smart NID Problem,Medium,Formal,FALSE,,PARAPHRASED,NID_SMART_GENERAL_PROBLEM_F01,Easy,FALSE,Synthetic NID core anchored in reviewed taxonomy include examples; automated semantic/structural validation only; no REAL provenance claimed.
NIDQ_0687,I need guidance on this: What should I know about i have a problem with my Smart NID?,NID,NID_SMART_CARD,Smart NID Card,NID_SMART_GENERAL_PROBLEM,General Smart NID Problem,Medium,Formal,FALSE,,PARAPHRASED,NID_SMART_GENERAL_PROBLEM_F01,Easy,FALSE,Synthetic NID core anchored in reviewed taxonomy include examples; automated semantic/structural validation only; no REAL provenance claimed.
NIDQ_0688,Could you explain the rules for my Smart NID is not working?,NID,NID_SMART_CARD,Smart NID Card,NID_SMART_GENERAL_PROBLEM,General Smart NID Problem,Medium,Informal,FALSE,,SYNTHETIC,NID_SMART_GENERAL_PROBLEM_F02,Medium,FALSE,Synthetic NID core anchored in reviewed taxonomy include examples; automated semantic/structural validation only; no REAL provenance claimed.
NIDQ_0689,Could you explain Could you explain the rules for my Smart NID is not working?,NID,NID_SMART_CARD,Smart NID Card,NID_SMART_GENERAL_PROBLEM,General Smart NID Problem,Medium,Informal,FALSE,,PARAPHRASED,NID_SMART_GENERAL_PROBLEM_F02,Medium,FALSE,Synthetic NID core anchored in reviewed taxonomy include examples; automated semantic/structural validation only; no REAL provenance claimed.
NIDQ_0690,Please tell me the correct process: Could you explain the rules for my Smart NID is not working?,NID,NID_SMART_CARD,Smart NID Card,NID_SMART_GENERAL_PROBLEM,General Smart NID Problem,Medium,Informal,FALSE,,PARAPHRASED,NID_SMART_GENERAL_PROBLEM_F02,Medium,FALSE,Synthetic NID core anchored in reviewed taxonomy include examples; automated semantic/structural validation only; no REAL provenance claimed.
NIDQ_0697,How can I check my NID application status?,NID,NID_STATUS_AND_ACCESS,NID Status and Document Access,NID_STATUS_REGISTRATION_APPLICATION,New NID / Voter Registration Status,Low,Formal,FALSE,,SYNTHETIC,NID_STATUS_REGISTRATION_APPLICATION_F01,Easy,FALSE,Synthetic NID core anchored in reviewed taxonomy include examples; automated semantic/structural validation only; no REAL provenance claimed.
NIDQ_0698,Could you explain what steps should I follow to check my NID application status?,NID,NID_STATUS_AND_ACCESS,NID Status and Document Access,NID_STATUS_REGISTRATION_APPLICATION,New NID / Voter Registration Status,Low,Formal,FALSE,,PARAPHRASED,NID_STATUS_REGISTRATION_APPLICATION_F01,Easy,FALSE,Synthetic NID core anchored in reviewed taxonomy include examples; automated semantic/structural validation only; no REAL provenance claimed.
NIDQ_0699,Please tell me the correct process: what steps should I follow to check my NID application status?,NID,NID_STATUS_AND_ACCESS,NID Status and Document Access,NID_STATUS_REGISTRATION_APPLICATION,New NID / Voter Registration Status,Low,Formal,FALSE,,PARAPHRASED,NID_STATUS_REGISTRATION_APPLICATION_F01,Easy,FALSE,Synthetic NID core anchored in reviewed taxonomy include examples; automated semantic/structural validation only; no REAL provenance claimed.
NIDQ_0700,Where can I track my voter registration?,NID,NID_STATUS_AND_ACCESS,NID Status and Document Access,NID_STATUS_REGISTRATION_APPLICATION,New NID / Voter Registration Status,Low,Informal,FALSE,,SYNTHETIC,NID_STATUS_REGISTRATION_APPLICATION_F02,Medium,FALSE,Synthetic NID core anchored in reviewed taxonomy include examples; automated semantic/structural validation only; no REAL provenance claimed.
NIDQ_0701,"For my case, Where is it possible to track my voter registration?",NID,NID_STATUS_AND_ACCESS,NID Status and Document Access,NID_STATUS_REGISTRATION_APPLICATION,New NID / Voter Registration Status,Low,Informal,FALSE,,PARAPHRASED,NID_STATUS_REGISTRATION_APPLICATION_F02,Medium,FALSE,Synthetic NID core anchored in reviewed taxonomy include examples; automated semantic/structural validation only; no REAL provenance claimed.
NIDQ_0702,Can you clarify this for me: Where is it possible to track my voter registration?,NID,NID_STATUS_AND_ACCESS,NID Status and Document Access,NID_STATUS_REGISTRATION_APPLICATION,New NID / Voter Registration Status,Low,Informal,FALSE,,PARAPHRASED,NID_STATUS_REGISTRATION_APPLICATION_F02,Medium,FALSE,Synthetic NID core anchored in reviewed taxonomy include examples; automated semantic/structural validation only; no REAL provenance claimed.
NIDQ_0709,Can you guide me about my NID application has been pending for a long time?,NID,NID_STATUS_AND_ACCESS,NID Status and Document Access,NID_STATUS_REGISTRATION_DELAY,New NID / Registration Delay,Medium,Formal,FALSE,,SYNTHETIC,NID_STATUS_REGISTRATION_DELAY_F01,Easy,FALSE,Synthetic NID core anchored in reviewed taxonomy include examples; automated semantic/structural validation only; no REAL provenance claimed.
NIDQ_0710,"For my case, Can you guide me about my NID application has been pending for a long time?",NID,NID_STATUS_AND_ACCESS,NID Status and Document Access,NID_STATUS_REGISTRATION_DELAY,New NID / Registration Delay,Medium,Formal,FALSE,,PARAPHRASED,NID_STATUS_REGISTRATION_DELAY_F01,Easy,FALSE,Synthetic NID core anchored in reviewed taxonomy include examples; automated semantic/structural validation only; no REAL provenance claimed.
NIDQ_0711,Can you clarify this for me: Can you guide me about my NID application has been pending for a long time?,NID,NID_STATUS_AND_ACCESS,NID Status and Document Access,NID_STATUS_REGISTRATION_DELAY,New NID / Registration Delay,Medium,Formal,FALSE,,PARAPHRASED,NID_STATUS_REGISTRATION_DELAY_F01,Easy,FALSE,Synthetic NID core anchored in reviewed taxonomy include examples; automated semantic/structural validation only; no REAL provenance claimed.
NIDQ_0712,Why is my registration delayed?,NID,NID_STATUS_AND_ACCESS,NID Status and Document Access,NID_STATUS_REGISTRATION_DELAY,New NID / Registration Delay,Medium,Informal,FALSE,,SYNTHETIC,NID_STATUS_REGISTRATION_DELAY_F02,Medium,FALSE,Synthetic NID core anchored in reviewed taxonomy include examples; automated semantic/structural validation only; no REAL provenance claimed.
NIDQ_0713,Why is my registration delayed; what should I do next?,NID,NID_STATUS_AND_ACCESS,NID Status and Document Access,NID_STATUS_REGISTRATION_DELAY,New NID / Registration Delay,Medium,Informal,FALSE,,PARAPHRASED,NID_STATUS_REGISTRATION_DELAY_F02,Medium,FALSE,Synthetic NID core anchored in reviewed taxonomy include examples; automated semantic/structural validation only; no REAL provenance claimed.
NIDQ_0714,এই বিষয়ে সহায়তা চাই: Why is my registration delayed?,NID,NID_STATUS_AND_ACCESS,NID Status and Document Access,NID_STATUS_REGISTRATION_DELAY,New NID / Registration Delay,Medium,Informal,FALSE,,PARAPHRASED,NID_STATUS_REGISTRATION_DELAY_F02,Medium,FALSE,Synthetic NID core anchored in reviewed taxonomy include examples; automated semantic/structural validation only; no REAL provenance claimed.
NIDQ_0721,How can I check my NID reissue status?,NID,NID_STATUS_AND_ACCESS,NID Status and Document Access,NID_STATUS_REPLACEMENT_APPLICATION,NID Replacement / Reissue Status,Low,Formal,FALSE,,SYNTHETIC,NID_STATUS_REPLACEMENT_APPLICATION_F01,Easy,FALSE,Synthetic NID core anchored in reviewed taxonomy include examples; automated semantic/structural validation only; no REAL provenance claimed.
NIDQ_0722,what steps should I follow to check my NID reissue status; what should I do next?,NID,NID_STATUS_AND_ACCESS,NID Status and Document Access,NID_STATUS_REPLACEMENT_APPLICATION,NID Replacement / Reissue Status,Low,Formal,FALSE,,PARAPHRASED,NID_STATUS_REPLACEMENT_APPLICATION_F01,Easy,FALSE,Synthetic NID core anchored in reviewed taxonomy include examples; automated semantic/structural validation only; no REAL provenance claimed.
NIDQ_0723,what steps should I follow to check my NID reissue status?,NID,NID_STATUS_AND_ACCESS,NID Status and Document Access,NID_STATUS_REPLACEMENT_APPLICATION,NID Replacement / Reissue Status,Low,Formal,FALSE,,PARAPHRASED,NID_STATUS_REPLACEMENT_APPLICATION_F01,Easy,FALSE,Synthetic NID core anchored in reviewed taxonomy include examples; automated semantic/structural validation only; no REAL provenance claimed.
NIDQ_0724,Where can I track my replacement application?,NID,NID_STATUS_AND_ACCESS,NID Status and Document Access,NID_STATUS_REPLACEMENT_APPLICATION,NID Replacement / Reissue Status,Low,Informal,FALSE,,SYNTHETIC,NID_STATUS_REPLACEMENT_APPLICATION_F02,Medium,FALSE,Synthetic NID core anchored in reviewed taxonomy include examples; automated semantic/structural validation only; no REAL provenance claimed.
NIDQ_0725,I am trying to understand this: Where is it possible to track my replacement application?,NID,NID_STATUS_AND_ACCESS,NID Status and Document Access,NID_STATUS_REPLACEMENT_APPLICATION,NID Replacement / Reissue Status,Low,Informal,FALSE,,PARAPHRASED,NID_STATUS_REPLACEMENT_APPLICATION_F02,Medium,FALSE,Synthetic NID core anchored in reviewed taxonomy include examples; automated semantic/structural validation only; no REAL provenance claimed.
NIDQ_0726,I need guidance on this: Where is it possible to track my replacement application?,NID,NID_STATUS_AND_ACCESS,NID Status and Document Access,NID_STATUS_REPLACEMENT_APPLICATION,NID Replacement / Reissue Status,Low,Informal,FALSE,,PARAPHRASED,NID_STATUS_REPLACEMENT_APPLICATION_F02,Medium,FALSE,Synthetic NID core anchored in reviewed taxonomy include examples; automated semantic/structural validation only; no REAL provenance claimed.
NIDQ_0733,How can I download my NID?,NID,NID_STATUS_AND_ACCESS,NID Status and Document Access,NID_ACCESS_DOWNLOAD,NID Download / Online Copy,Low,Formal,FALSE,,SYNTHETIC,NID_ACCESS_DOWNLOAD_F01,Easy,FALSE,Synthetic NID core anchored in reviewed taxonomy include examples; automated semantic/structural validation only; no REAL provenance claimed.
NIDQ_0734,I am trying to understand this: what steps should I follow to download my NID?,NID,NID_STATUS_AND_ACCESS,NID Status and Document Access,NID_ACCESS_DOWNLOAD,NID Download / Online Copy,Low,Formal,FALSE,,PARAPHRASED,NID_ACCESS_DOWNLOAD_F01,Easy,FALSE,Synthetic NID core anchored in reviewed taxonomy include examples; automated semantic/structural validation only; no REAL provenance claimed.
NIDQ_0735,I need guidance on this: what steps should I follow to download my NID?,NID,NID_STATUS_AND_ACCESS,NID Status and Document Access,NID_ACCESS_DOWNLOAD,NID Download / Online Copy,Low,Formal,FALSE,,PARAPHRASED,NID_ACCESS_DOWNLOAD_F01,Easy,FALSE,Synthetic NID core anchored in reviewed taxonomy include examples; automated semantic/structural validation only; no REAL provenance claimed.
NIDQ_0736,Where can I get an online NID copy?,NID,NID_STATUS_AND_ACCESS,NID Status and Document Access,NID_ACCESS_DOWNLOAD,NID Download / Online Copy,Low,Informal,FALSE,,SYNTHETIC,NID_ACCESS_DOWNLOAD_F02,Medium,FALSE,Synthetic NID core anchored in reviewed taxonomy include examples; automated semantic/structural validation only; no REAL provenance claimed.
NIDQ_0737,Could you explain Where is it possible to get an online NID copy?,NID,NID_STATUS_AND_ACCESS,NID Status and Document Access,NID_ACCESS_DOWNLOAD,NID Download / Online Copy,Low,Informal,FALSE,,PARAPHRASED,NID_ACCESS_DOWNLOAD_F02,Medium,FALSE,Synthetic NID core anchored in reviewed taxonomy include examples; automated semantic/structural validation only; no REAL provenance claimed.
NIDQ_0738,Please tell me the correct process: Where is it possible to get an online NID copy?,NID,NID_STATUS_AND_ACCESS,NID Status and Document Access,NID_ACCESS_DOWNLOAD,NID Download / Online Copy,Low,Informal,FALSE,,PARAPHRASED,NID_ACCESS_DOWNLOAD_F02,Medium,FALSE,Synthetic NID core anchored in reviewed taxonomy include examples; automated semantic/structural validation only; no REAL provenance claimed.
NIDQ_0745,How can I find my NID number?,NID,NID_STATUS_AND_ACCESS,NID Status and Document Access,NID_ACCESS_NUMBER_RETRIEVAL,NID Number Retrieval,Low,Formal,FALSE,,SYNTHETIC,NID_ACCESS_NUMBER_RETRIEVAL_F01,Easy,FALSE,Synthetic NID core anchored in reviewed taxonomy include examples; automated semantic/structural validation only; no REAL provenance claimed.
NIDQ_0746,Could you explain what steps should I follow to find my NID number?,NID,NID_STATUS_AND_ACCESS,NID Status and Document Access,NID_ACCESS_NUMBER_RETRIEVAL,NID Number Retrieval,Low,Formal,FALSE,,PARAPHRASED,NID_ACCESS_NUMBER_RETRIEVAL_F01,Easy,FALSE,Synthetic NID core anchored in reviewed taxonomy include examples; automated semantic/structural validation only; no REAL provenance claimed.
NIDQ_0747,Please tell me the correct process: what steps should I follow to find my NID number?,NID,NID_STATUS_AND_ACCESS,NID Status and Document Access,NID_ACCESS_NUMBER_RETRIEVAL,NID Number Retrieval,Low,Formal,FALSE,,PARAPHRASED,NID_ACCESS_NUMBER_RETRIEVAL_F01,Easy,FALSE,Synthetic NID core anchored in reviewed taxonomy include examples; automated semantic/structural validation only; no REAL provenance claimed.
NIDQ_0748,I have a question about i forgot my NID number. What is the process?,NID,NID_STATUS_AND_ACCESS,NID Status and Document Access,NID_ACCESS_NUMBER_RETRIEVAL,NID Number Retrieval,Low,Informal,FALSE,,SYNTHETIC,NID_ACCESS_NUMBER_RETRIEVAL_F02,Medium,FALSE,Synthetic NID core anchored in reviewed taxonomy include examples; automated semantic/structural validation only; no REAL provenance claimed.
NIDQ_0749,"For my case, I have a question about i forgot my NID number. What is the process?",NID,NID_STATUS_AND_ACCESS,NID Status and Document Access,NID_ACCESS_NUMBER_RETRIEVAL,NID Number Retrieval,Low,Informal,FALSE,,PARAPHRASED,NID_ACCESS_NUMBER_RETRIEVAL_F02,Medium,FALSE,Synthetic NID core anchored in reviewed taxonomy include examples; automated semantic/structural validation only; no REAL provenance claimed.
NIDQ_0750,Can you clarify this for me: I have a question about i forgot my NID number. What is the process?,NID,NID_STATUS_AND_ACCESS,NID Status and Document Access,NID_ACCESS_NUMBER_RETRIEVAL,NID Number Retrieval,Low,Informal,FALSE,,PARAPHRASED,NID_ACCESS_NUMBER_RETRIEVAL_F02,Medium,FALSE,Synthetic NID core anchored in reviewed taxonomy include examples; automated semantic/structural validation only; no REAL provenance claimed.
NIDQ_0757,How do I change my voter area?,NID,NID_VOTER_SERVICES,Voter Record and Electoral Services,NID_VOTER_AREA_TRANSFER,Voter Area Transfer,Low,Formal,FALSE,,SYNTHETIC,NID_VOTER_AREA_TRANSFER_F01,Easy,FALSE,Synthetic NID core anchored in reviewed taxonomy include examples; automated semantic/structural validation only; no REAL provenance claimed.
NIDQ_0758,"For my case, what is the process to change my voter area?",NID,NID_VOTER_SERVICES,Voter Record and Electoral Services,NID_VOTER_AREA_TRANSFER,Voter Area Transfer,Low,Formal,FALSE,,PARAPHRASED,NID_VOTER_AREA_TRANSFER_F01,Easy,FALSE,Synthetic NID core anchored in reviewed taxonomy include examples; automated semantic/structural validation only; no REAL provenance claimed.
NIDQ_0759,Can you clarify this for me: what is the process to change my voter area?,NID,NID_VOTER_SERVICES,Voter Record and Electoral Services,NID_VOTER_AREA_TRANSFER,Voter Area Transfer,Low,Formal,FALSE,,PARAPHRASED,NID_VOTER_AREA_TRANSFER_F01,Easy,FALSE,Synthetic NID core anchored in reviewed taxonomy include examples; automated semantic/structural validation only; no REAL provenance claimed.
NIDQ_0760,I moved to another area; how do I transfer my voter record?,NID,NID_VOTER_SERVICES,Voter Record and Electoral Services,NID_VOTER_AREA_TRANSFER,Voter Area Transfer,Low,Informal,FALSE,,SYNTHETIC,NID_VOTER_AREA_TRANSFER_F02,Medium,FALSE,Synthetic NID core anchored in reviewed taxonomy include examples; automated semantic/structural validation only; no REAL provenance claimed.
NIDQ_0761,I moved to another area; what is the process to transfer my voter record; what should I do next?,NID,NID_VOTER_SERVICES,Voter Record and Electoral Services,NID_VOTER_AREA_TRANSFER,Voter Area Transfer,Low,Informal,FALSE,,PARAPHRASED,NID_VOTER_AREA_TRANSFER_F02,Medium,FALSE,Synthetic NID core anchored in reviewed taxonomy include examples; automated semantic/structural validation only; no REAL provenance claimed.
NIDQ_0762,I moved to another area; what is the process to transfer my voter record?,NID,NID_VOTER_SERVICES,Voter Record and Electoral Services,NID_VOTER_AREA_TRANSFER,Voter Area Transfer,Low,Informal,FALSE,,PARAPHRASED,NID_VOTER_AREA_TRANSFER_F02,Medium,FALSE,Synthetic NID core anchored in reviewed taxonomy include examples; automated semantic/structural validation only; no REAL provenance claimed.
NIDQ_0769,Where is my vote center?,NID,NID_VOTER_SERVICES,Voter Record and Electoral Services,NID_VOTER_CENTER_INFORMATION,Vote Center Information,Low,Formal,FALSE,,SYNTHETIC,NID_VOTER_CENTER_INFORMATION_F01,Easy,FALSE,Synthetic NID core anchored in reviewed taxonomy include examples; automated semantic/structural validation only; no REAL provenance claimed.
NIDQ_0770,Where is my vote center; what should I do next?,NID,NID_VOTER_SERVICES,Voter Record and Electoral Services,NID_VOTER_CENTER_INFORMATION,Vote Center Information,Low,Formal,FALSE,,PARAPHRASED,NID_VOTER_CENTER_INFORMATION_F01,Easy,FALSE,Synthetic NID core anchored in reviewed taxonomy include examples; automated semantic/structural validation only; no REAL provenance claimed.
NIDQ_0771,এই বিষয়ে সহায়তা চাই: Where is my vote center?,NID,NID_VOTER_SERVICES,Voter Record and Electoral Services,NID_VOTER_CENTER_INFORMATION,Vote Center Information,Low,Formal,FALSE,,PARAPHRASED,NID_VOTER_CENTER_INFORMATION_F01,Easy,FALSE,Synthetic NID core anchored in reviewed taxonomy include examples; automated semantic/structural validation only; no REAL provenance claimed.
NIDQ_0772,How can I find my polling center?,NID,NID_VOTER_SERVICES,Voter Record and Electoral Services,NID_VOTER_CENTER_INFORMATION,Vote Center Information,Low,Informal,FALSE,,SYNTHETIC,NID_VOTER_CENTER_INFORMATION_F02,Medium,FALSE,Synthetic NID core anchored in reviewed taxonomy include examples; automated semantic/structural validation only; no REAL provenance claimed.
NIDQ_0773,I am trying to understand this: what steps should I follow to find my polling center?,NID,NID_VOTER_SERVICES,Voter Record and Electoral Services,NID_VOTER_CENTER_INFORMATION,Vote Center Information,Low,Informal,FALSE,,PARAPHRASED,NID_VOTER_CENTER_INFORMATION_F02,Medium,FALSE,Synthetic NID core anchored in reviewed taxonomy include examples; automated semantic/structural validation only; no REAL provenance claimed.
NIDQ_0774,I need guidance on this: what steps should I follow to find my polling center?,NID,NID_VOTER_SERVICES,Voter Record and Electoral Services,NID_VOTER_CENTER_INFORMATION,Vote Center Information,Low,Informal,FALSE,,PARAPHRASED,NID_VOTER_CENTER_INFORMATION_F02,Medium,FALSE,Synthetic NID core anchored in reviewed taxonomy include examples; automated semantic/structural validation only; no REAL provenance claimed.
NIDQ_0781,How do I report a deceased voter?,NID,NID_VOTER_SERVICES,Voter Record and Electoral Services,NID_VOTER_DECEASED_DELETION,Deceased Voter Record / Voter Deletion,Low,Formal,FALSE,,SYNTHETIC,NID_VOTER_DECEASED_DELETION_F01,Easy,FALSE,Synthetic NID core anchored in reviewed taxonomy include examples; automated semantic/structural validation only; no REAL provenance claimed.
NIDQ_0782,I am trying to understand this: what is the process to report a deceased voter?,NID,NID_VOTER_SERVICES,Voter Record and Electoral Services,NID_VOTER_DECEASED_DELETION,Deceased Voter Record / Voter Deletion,Low,Formal,FALSE,,PARAPHRASED,NID_VOTER_DECEASED_DELETION_F01,Easy,FALSE,Synthetic NID core anchored in reviewed taxonomy include examples; automated semantic/structural validation only; no REAL provenance claimed.
NIDQ_0783,I need guidance on this: what is the process to report a deceased voter?,NID,NID_VOTER_SERVICES,Voter Record and Electoral Services,NID_VOTER_DECEASED_DELETION,Deceased Voter Record / Voter Deletion,Low,Formal,FALSE,,PARAPHRASED,NID_VOTER_DECEASED_DELETION_F01,Easy,FALSE,Synthetic NID core anchored in reviewed taxonomy include examples; automated semantic/structural validation only; no REAL provenance claimed.
NIDQ_0784,How is a deceased person's voter record updated?,NID,NID_VOTER_SERVICES,Voter Record and Electoral Services,NID_VOTER_DECEASED_DELETION,Deceased Voter Record / Voter Deletion,Low,Informal,FALSE,,SYNTHETIC,NID_VOTER_DECEASED_DELETION_F02,Medium,FALSE,Synthetic NID core anchored in reviewed taxonomy include examples; automated semantic/structural validation only; no REAL provenance claimed.
NIDQ_0785,Could you explain How is a deceased person's voter record updated?,NID,NID_VOTER_SERVICES,Voter Record and Electoral Services,NID_VOTER_DECEASED_DELETION,Deceased Voter Record / Voter Deletion,Low,Informal,FALSE,,PARAPHRASED,NID_VOTER_DECEASED_DELETION_F02,Medium,FALSE,Synthetic NID core anchored in reviewed taxonomy include examples; automated semantic/structural validation only; no REAL provenance claimed.
NIDQ_0786,Please tell me the correct process: How is a deceased person's voter record updated?,NID,NID_VOTER_SERVICES,Voter Record and Electoral Services,NID_VOTER_DECEASED_DELETION,Deceased Voter Record / Voter Deletion,Low,Informal,FALSE,,PARAPHRASED,NID_VOTER_DECEASED_DELETION_F02,Medium,FALSE,Synthetic NID core anchored in reviewed taxonomy include examples; automated semantic/structural validation only; no REAL provenance claimed.
NIDQ_0793,Does NID service require a fee?,NID,NID_FEES_AND_PAYMENT,NID Fees and Payment,NID_FEES_GENERAL_INFORMATION,General NID Fee Information,Low,Formal,FALSE,,SYNTHETIC,NID_FEES_GENERAL_INFORMATION_F01,Easy,FALSE,Synthetic NID core anchored in reviewed taxonomy include examples; automated semantic/structural validation only; no REAL provenance claimed.
NIDQ_0794,Could you explain Does NID service require a fee?,NID,NID_FEES_AND_PAYMENT,NID Fees and Payment,NID_FEES_GENERAL_INFORMATION,General NID Fee Information,Low,Formal,FALSE,,PARAPHRASED,NID_FEES_GENERAL_INFORMATION_F01,Easy,FALSE,Synthetic NID core anchored in reviewed taxonomy include examples; automated semantic/structural validation only; no REAL provenance claimed.
NIDQ_0795,Please tell me the correct process: Does NID service require a fee?,NID,NID_FEES_AND_PAYMENT,NID Fees and Payment,NID_FEES_GENERAL_INFORMATION,General NID Fee Information,Low,Formal,FALSE,,PARAPHRASED,NID_FEES_GENERAL_INFORMATION_F01,Easy,FALSE,Synthetic NID core anchored in reviewed taxonomy include examples; automated semantic/structural validation only; no REAL provenance claimed.
NIDQ_0796,What are the NID service fees?,NID,NID_FEES_AND_PAYMENT,NID Fees and Payment,NID_FEES_GENERAL_INFORMATION,General NID Fee Information,Low,Informal,FALSE,,SYNTHETIC,NID_FEES_GENERAL_INFORMATION_F02,Medium,FALSE,Synthetic NID core anchored in reviewed taxonomy include examples; automated semantic/structural validation only; no REAL provenance claimed.
NIDQ_0797,"For my case, What are the NID service fees?",NID,NID_FEES_AND_PAYMENT,NID Fees and Payment,NID_FEES_GENERAL_INFORMATION,General NID Fee Information,Low,Informal,FALSE,,PARAPHRASED,NID_FEES_GENERAL_INFORMATION_F02,Medium,FALSE,Synthetic NID core anchored in reviewed taxonomy include examples; automated semantic/structural validation only; no REAL provenance claimed.
NIDQ_0798,Can you clarify this for me: What are the NID service fees?,NID,NID_FEES_AND_PAYMENT,NID Fees and Payment,NID_FEES_GENERAL_INFORMATION,General NID Fee Information,Low,Informal,FALSE,,PARAPHRASED,NID_FEES_GENERAL_INFORMATION_F02,Medium,FALSE,Synthetic NID core anchored in reviewed taxonomy include examples; automated semantic/structural validation only; no REAL provenance claimed.
NIDQ_0805,How much is the new NID registration fee?,NID,NID_FEES_AND_PAYMENT,NID Fees and Payment,NID_FEES_SERVICE_SPECIFIC,Service-Specific NID Fee,Low,Formal,FALSE,,SYNTHETIC,NID_FEES_SERVICE_SPECIFIC_F01,Easy,FALSE,Synthetic NID core anchored in reviewed taxonomy include examples; automated semantic/structural validation only; no REAL provenance claimed.
NIDQ_0806,"For my case, How much is the new NID registration fee?",NID,NID_FEES_AND_PAYMENT,NID Fees and Payment,NID_FEES_SERVICE_SPECIFIC,Service-Specific NID Fee,Low,Formal,FALSE,,PARAPHRASED,NID_FEES_SERVICE_SPECIFIC_F01,Easy,FALSE,Synthetic NID core anchored in reviewed taxonomy include examples; automated semantic/structural validation only; no REAL provenance claimed.
NIDQ_0807,Can you clarify this for me: How much is the new NID registration fee?,NID,NID_FEES_AND_PAYMENT,NID Fees and Payment,NID_FEES_SERVICE_SPECIFIC,Service-Specific NID Fee,Low,Formal,FALSE,,PARAPHRASED,NID_FEES_SERVICE_SPECIFIC_F01,Easy,FALSE,Synthetic NID core anchored in reviewed taxonomy include examples; automated semantic/structural validation only; no REAL provenance claimed.
NIDQ_0808,Is first-time voter registration free?,NID,NID_FEES_AND_PAYMENT,NID Fees and Payment,NID_FEES_SERVICE_SPECIFIC,Service-Specific NID Fee,Low,Informal,FALSE,,SYNTHETIC,NID_FEES_SERVICE_SPECIFIC_F02,Medium,FALSE,Synthetic NID core anchored in reviewed taxonomy include examples; automated semantic/structural validation only; no REAL provenance claimed.
NIDQ_0809,Is first-time voter registration free; what should I do next?,NID,NID_FEES_AND_PAYMENT,NID Fees and Payment,NID_FEES_SERVICE_SPECIFIC,Service-Specific NID Fee,Low,Informal,FALSE,,PARAPHRASED,NID_FEES_SERVICE_SPECIFIC_F02,Medium,FALSE,Synthetic NID core anchored in reviewed taxonomy include examples; automated semantic/structural validation only; no REAL provenance claimed.
NIDQ_0810,এই বিষয়ে সহায়তা চাই: Is first-time voter registration free?,NID,NID_FEES_AND_PAYMENT,NID Fees and Payment,NID_FEES_SERVICE_SPECIFIC,Service-Specific NID Fee,Low,Informal,FALSE,,PARAPHRASED,NID_FEES_SERVICE_SPECIFIC_F02,Medium,FALSE,Synthetic NID core anchored in reviewed taxonomy include examples; automated semantic/structural validation only; no REAL provenance claimed.
NIDQ_0817,How do I pay the NID fee?,NID,NID_FEES_AND_PAYMENT,NID Fees and Payment,NID_PAYMENT_METHOD,NID Payment Method,Low,Formal,FALSE,,SYNTHETIC,NID_PAYMENT_METHOD_F01,Easy,FALSE,Synthetic NID core anchored in reviewed taxonomy include examples; automated semantic/structural validation only; no REAL provenance claimed.
NIDQ_0818,what is the process to pay the NID fee; what should I do next?,NID,NID_FEES_AND_PAYMENT,NID Fees and Payment,NID_PAYMENT_METHOD,NID Payment Method,Low,Formal,FALSE,,PARAPHRASED,NID_PAYMENT_METHOD_F01,Easy,FALSE,Synthetic NID core anchored in reviewed taxonomy include examples; automated semantic/structural validation only; no REAL provenance claimed.
NIDQ_0819,what is the process to pay the NID fee?,NID,NID_FEES_AND_PAYMENT,NID Fees and Payment,NID_PAYMENT_METHOD,NID Payment Method,Low,Formal,FALSE,,PARAPHRASED,NID_PAYMENT_METHOD_F01,Easy,FALSE,Synthetic NID core anchored in reviewed taxonomy include examples; automated semantic/structural validation only; no REAL provenance claimed.
NIDQ_0820,Can I pay online?,NID,NID_FEES_AND_PAYMENT,NID Fees and Payment,NID_PAYMENT_METHOD,NID Payment Method,Low,Informal,FALSE,,SYNTHETIC,NID_PAYMENT_METHOD_F02,Medium,FALSE,Synthetic NID core anchored in reviewed taxonomy include examples; automated semantic/structural validation only; no REAL provenance claimed.
NIDQ_0821,I am trying to understand this: is it possible to pay online?,NID,NID_FEES_AND_PAYMENT,NID Fees and Payment,NID_PAYMENT_METHOD,NID Payment Method,Low,Informal,FALSE,,PARAPHRASED,NID_PAYMENT_METHOD_F02,Medium,FALSE,Synthetic NID core anchored in reviewed taxonomy include examples; automated semantic/structural validation only; no REAL provenance claimed.
NIDQ_0822,I need guidance on this: is it possible to pay online?,NID,NID_FEES_AND_PAYMENT,NID Fees and Payment,NID_PAYMENT_METHOD,NID Payment Method,Low,Informal,FALSE,,PARAPHRASED,NID_PAYMENT_METHOD_F02,Medium,FALSE,Synthetic NID core anchored in reviewed taxonomy include examples; automated semantic/structural validation only; no REAL provenance claimed.
NIDQ_0829,How can I check my NID payment status?,NID,NID_FEES_AND_PAYMENT,NID Fees and Payment,NID_PAYMENT_STATUS,NID Payment Status,Low,Formal,FALSE,,SYNTHETIC,NID_PAYMENT_STATUS_F01,Easy,FALSE,Synthetic NID core anchored in reviewed taxonomy include examples; automated semantic/structural validation only; no REAL provenance claimed.
NIDQ_0830,I am trying to understand this: what steps should I follow to check my NID payment status?,NID,NID_FEES_AND_PAYMENT,NID Fees and Payment,NID_PAYMENT_STATUS,NID Payment Status,Low,Formal,FALSE,,PARAPHRASED,NID_PAYMENT_STATUS_F01,Easy,FALSE,Synthetic NID core anchored in reviewed taxonomy include examples; automated semantic/structural validation only; no REAL provenance claimed.
NIDQ_0831,I need guidance on this: How is it possible to check my NID payment status?,NID,NID_FEES_AND_PAYMENT,NID Fees and Payment,NID_PAYMENT_STATUS,NID Payment Status,Low,Formal,FALSE,,PARAPHRASED,NID_PAYMENT_STATUS_F01,Easy,FALSE,Synthetic NID core anchored in reviewed taxonomy include examples; automated semantic/structural validation only; no REAL provenance claimed.
NIDQ_0832,Could you explain the rules for i paid the fee but it still shows unpaid?,NID,NID_FEES_AND_PAYMENT,NID Fees and Payment,NID_PAYMENT_STATUS,NID Payment Status,Low,Informal,FALSE,,SYNTHETIC,NID_PAYMENT_STATUS_F02,Medium,FALSE,Synthetic NID core anchored in reviewed taxonomy include examples; automated semantic/structural validation only; no REAL provenance claimed.
NIDQ_0833,Could you explain Could you explain the rules for i paid the fee but it still shows unpaid?,NID,NID_FEES_AND_PAYMENT,NID Fees and Payment,NID_PAYMENT_STATUS,NID Payment Status,Low,Informal,FALSE,,PARAPHRASED,NID_PAYMENT_STATUS_F02,Medium,FALSE,Synthetic NID core anchored in reviewed taxonomy include examples; automated semantic/structural validation only; no REAL provenance claimed.
NIDQ_0834,Please tell me the correct process: Could you explain the rules for i paid the fee but it still shows unpaid?,NID,NID_FEES_AND_PAYMENT,NID Fees and Payment,NID_PAYMENT_STATUS,NID Payment Status,Low,Informal,FALSE,,PARAPHRASED,NID_PAYMENT_STATUS_F02,Medium,FALSE,Synthetic NID core anchored in reviewed taxonomy include examples; automated semantic/structural validation only; no REAL provenance claimed.
NIDQ_0841,How can I get my payment receipt?,NID,NID_FEES_AND_PAYMENT,NID Fees and Payment,NID_PAYMENT_REFUND_RECEIPT,NID Refund and Receipt,Low,Formal,FALSE,,SYNTHETIC,NID_PAYMENT_REFUND_RECEIPT_F01,Easy,FALSE,Synthetic NID core anchored in reviewed taxonomy include examples; automated semantic/structural validation only; no REAL provenance claimed.
NIDQ_0842,Could you explain How is it possible to get my payment receipt?,NID,NID_FEES_AND_PAYMENT,NID Fees and Payment,NID_PAYMENT_REFUND_RECEIPT,NID Refund and Receipt,Low,Formal,FALSE,,PARAPHRASED,NID_PAYMENT_REFUND_RECEIPT_F01,Easy,FALSE,Synthetic NID core anchored in reviewed taxonomy include examples; automated semantic/structural validation only; no REAL provenance claimed.
NIDQ_0843,Please tell me the correct process: what steps should I follow to get my payment receipt?,NID,NID_FEES_AND_PAYMENT,NID Fees and Payment,NID_PAYMENT_REFUND_RECEIPT,NID Refund and Receipt,Low,Formal,FALSE,,PARAPHRASED,NID_PAYMENT_REFUND_RECEIPT_F01,Easy,FALSE,Synthetic NID core anchored in reviewed taxonomy include examples; automated semantic/structural validation only; no REAL provenance claimed.
NIDQ_0844,Where can I download proof of payment?,NID,NID_FEES_AND_PAYMENT,NID Fees and Payment,NID_PAYMENT_REFUND_RECEIPT,NID Refund and Receipt,Low,Informal,FALSE,,SYNTHETIC,NID_PAYMENT_REFUND_RECEIPT_F02,Medium,FALSE,Synthetic NID core anchored in reviewed taxonomy include examples; automated semantic/structural validation only; no REAL provenance claimed.
NIDQ_0845,"For my case, where should I download proof of payment?",NID,NID_FEES_AND_PAYMENT,NID Fees and Payment,NID_PAYMENT_REFUND_RECEIPT,NID Refund and Receipt,Low,Informal,FALSE,,PARAPHRASED,NID_PAYMENT_REFUND_RECEIPT_F02,Medium,FALSE,Synthetic NID core anchored in reviewed taxonomy include examples; automated semantic/structural validation only; no REAL provenance claimed.
NIDQ_0846,Can you clarify this for me: Where is it possible to download proof of payment?,NID,NID_FEES_AND_PAYMENT,NID Fees and Payment,NID_PAYMENT_REFUND_RECEIPT,NID Refund and Receipt,Low,Informal,FALSE,,PARAPHRASED,NID_PAYMENT_REFUND_RECEIPT_F02,Medium,FALSE,Synthetic NID core anchored in reviewed taxonomy include examples; automated semantic/structural validation only; no REAL provenance claimed.
NIDQ_0853,What is an NID?,NID,NID_GENERAL_INFORMATION,General NID Information,NID_GENERAL_PURPOSE_AND_USE,NID Purpose and General Use,Low,Formal,FALSE,,SYNTHETIC,NID_GENERAL_PURPOSE_AND_USE_F01,Easy,FALSE,Synthetic NID core anchored in reviewed taxonomy include examples; automated semantic/structural validation only; no REAL provenance claimed.
NIDQ_0854,"For my case, What is an NID?",NID,NID_GENERAL_INFORMATION,General NID Information,NID_GENERAL_PURPOSE_AND_USE,NID Purpose and General Use,Low,Formal,FALSE,,PARAPHRASED,NID_GENERAL_PURPOSE_AND_USE_F01,Easy,FALSE,Synthetic NID core anchored in reviewed taxonomy include examples; automated semantic/structural validation only; no REAL provenance claimed.
NIDQ_0855,Can you clarify this for me: What is an NID?,NID,NID_GENERAL_INFORMATION,General NID Information,NID_GENERAL_PURPOSE_AND_USE,NID Purpose and General Use,Low,Formal,FALSE,,PARAPHRASED,NID_GENERAL_PURPOSE_AND_USE_F01,Easy,FALSE,Synthetic NID core anchored in reviewed taxonomy include examples; automated semantic/structural validation only; no REAL provenance claimed.
NIDQ_0856,Why do I need an NID?,NID,NID_GENERAL_INFORMATION,General NID Information,NID_GENERAL_PURPOSE_AND_USE,NID Purpose and General Use,Low,Informal,FALSE,,SYNTHETIC,NID_GENERAL_PURPOSE_AND_USE_F02,Medium,FALSE,Synthetic NID core anchored in reviewed taxonomy include examples; automated semantic/structural validation only; no REAL provenance claimed.
NIDQ_0857,Why do I need an NID; what should I do next?,NID,NID_GENERAL_INFORMATION,General NID Information,NID_GENERAL_PURPOSE_AND_USE,NID Purpose and General Use,Low,Informal,FALSE,,PARAPHRASED,NID_GENERAL_PURPOSE_AND_USE_F02,Medium,FALSE,Synthetic NID core anchored in reviewed taxonomy include examples; automated semantic/structural validation only; no REAL provenance claimed.
NIDQ_0858,এই বিষয়ে সহায়তা চাই: Why do I need an NID?,NID,NID_GENERAL_INFORMATION,General NID Information,NID_GENERAL_PURPOSE_AND_USE,NID Purpose and General Use,Low,Informal,FALSE,,PARAPHRASED,NID_GENERAL_PURPOSE_AND_USE_F02,Medium,FALSE,Synthetic NID core anchored in reviewed taxonomy include examples; automated semantic/structural validation only; no REAL provenance claimed.
NIDQ_0865,Does an NID expire?,NID,NID_GENERAL_INFORMATION,General NID Information,NID_GENERAL_VALIDITY_REREGISTRATION,NID Validity and Re-registration,Low,Formal,FALSE,,SYNTHETIC,NID_GENERAL_VALIDITY_REREGISTRATION_F01,Easy,FALSE,Synthetic NID core anchored in reviewed taxonomy include examples; automated semantic/structural validation only; no REAL provenance claimed.
NIDQ_0866,Does an NID expire; what should I do next?,NID,NID_GENERAL_INFORMATION,General NID Information,NID_GENERAL_VALIDITY_REREGISTRATION,NID Validity and Re-registration,Low,Formal,FALSE,,PARAPHRASED,NID_GENERAL_VALIDITY_REREGISTRATION_F01,Easy,FALSE,Synthetic NID core anchored in reviewed taxonomy include examples; automated semantic/structural validation only; no REAL provenance claimed.
NIDQ_0867,এই বিষয়ে সহায়তা চাই: Does an NID expire?,NID,NID_GENERAL_INFORMATION,General NID Information,NID_GENERAL_VALIDITY_REREGISTRATION,NID Validity and Re-registration,Low,Formal,FALSE,,PARAPHRASED,NID_GENERAL_VALIDITY_REREGISTRATION_F01,Easy,FALSE,Synthetic NID core anchored in reviewed taxonomy include examples; automated semantic/structural validation only; no REAL provenance claimed.
NIDQ_0868,How long is my NID valid?,NID,NID_GENERAL_INFORMATION,General NID Information,NID_GENERAL_VALIDITY_REREGISTRATION,NID Validity and Re-registration,Low,Informal,FALSE,,SYNTHETIC,NID_GENERAL_VALIDITY_REREGISTRATION_F02,Medium,FALSE,Synthetic NID core anchored in reviewed taxonomy include examples; automated semantic/structural validation only; no REAL provenance claimed.
NIDQ_0869,I am trying to understand this: How long is my NID valid?,NID,NID_GENERAL_INFORMATION,General NID Information,NID_GENERAL_VALIDITY_REREGISTRATION,NID Validity and Re-registration,Low,Informal,FALSE,,PARAPHRASED,NID_GENERAL_VALIDITY_REREGISTRATION_F02,Medium,FALSE,Synthetic NID core anchored in reviewed taxonomy include examples; automated semantic/structural validation only; no REAL provenance claimed.
NIDQ_0870,I need guidance on this: How long is my NID valid?,NID,NID_GENERAL_INFORMATION,General NID Information,NID_GENERAL_VALIDITY_REREGISTRATION,NID Validity and Re-registration,Low,Informal,FALSE,,PARAPHRASED,NID_GENERAL_VALIDITY_REREGISTRATION_F02,Medium,FALSE,Synthetic NID core anchored in reviewed taxonomy include examples; automated semantic/structural validation only; no REAL provenance claimed.
BRQ_0001,নতুন জন্ম নিবন্ধন কীভাবে করব?,BIRTH_REGISTRATION,BR_REGISTRATION,Birth Registration Application,BR_REGISTRATION_PROCESS,New Birth Registration Process,Low,Formal,False,,SYNTHETIC,BRP_0001,Easy,False,Pilot v0.1 synthetic seed; human review required before training.
BRQ_0002,আমার বাচ্চার জন্ম নিবন্ধন করতে হলে শুরুটা কোথা থেকে করব?,BIRTH_REGISTRATION,BR_REGISTRATION,Birth Registration Application,BR_REGISTRATION_PROCESS,New Birth Registration Process,Low,Informal,False,,SYNTHETIC,BRP_0002,Easy,False,Pilot v0.1 synthetic seed; human review required before training.
BRQ_0005,অনলাইনে জন্ম নিবন্ধনের আবেদন কীভাবে করব?,BIRTH_REGISTRATION,BR_REGISTRATION,Birth Registration Application,BR_REGISTRATION_ONLINE_APPLICATION,Online Birth Registration Application,Low,Formal,False,,SYNTHETIC,BRP_0005,Easy,False,Pilot v0.1 synthetic seed; human review required before training.
BRQ_0006,ঘরে বসে birth registration apply করা যায়?,BIRTH_REGISTRATION,BR_REGISTRATION,Birth Registration Application,BR_REGISTRATION_ONLINE_APPLICATION,Online Birth Registration Application,Low,Mixed,False,,SYNTHETIC,BRP_0006,Easy,False,Pilot v0.1 synthetic seed; human review required before training.
BRQ_0009,জন্ম নিবন্ধনের জন্য কোন অফিস নির্বাচন করব?,BIRTH_REGISTRATION,BR_REGISTRATION,Birth Registration Application,BR_REGISTRATION_LOCATION_SELECTION,Registration Office and Location Selection,Low,Formal,False,,SYNTHETIC,BRP_0009,Easy,False,Pilot v0.1 synthetic seed; human review required before training.
BRQ_0010,জন্মস্থান নাকি স্থায়ী ঠিকানার অফিস থেকে apply করব?,BIRTH_REGISTRATION,BR_REGISTRATION,Birth Registration Application,BR_REGISTRATION_LOCATION_SELECTION,Registration Office and Location Selection,Low,Informal,False,,SYNTHETIC,BRP_0010,Medium,False,Pilot v0.1 synthetic seed; human review required before training.
BRQ_0013,বিদেশ থেকে বাংলাদেশ দূতাবাসের মাধ্যমে জন্ম নিবন্ধন করা যাবে?,BIRTH_REGISTRATION,BR_REGISTRATION,Birth Registration Application,BR_REGISTRATION_OVERSEAS_EMBASSY,Overseas / Embassy Birth Registration,Low,Formal,False,,SYNTHETIC,BRP_0013,Easy,False,Pilot v0.1 synthetic seed; human review required before training.
BRQ_0014,"আমি বাইরে থাকি, embassy দিয়ে birth registration করব কীভাবে?",BIRTH_REGISTRATION,BR_REGISTRATION,Birth Registration Application,BR_REGISTRATION_OVERSEAS_EMBASSY,Overseas / Embassy Birth Registration,Low,Mixed,False,,SYNTHETIC,BRP_0014,Easy,False,Pilot v0.1 synthetic seed; human review required before training.
BRQ_0017,যার জন্ম নিবন্ধন হবে তার কী কী তথ্য দিতে হবে?,BIRTH_REGISTRATION,BR_REGISTRATION,Birth Registration Application,BR_REGISTRATION_PERSON_INFORMATION,Registered Person Information,Low,Formal,False,,SYNTHETIC,BRP_0017,Easy,False,Pilot v0.1 synthetic seed; human review required before training.
BRQ_0018,শিশুর নাম বাংলা আর ইংরেজি দুটোই দিতে হবে?,BIRTH_REGISTRATION,BR_REGISTRATION,Birth Registration Application,BR_REGISTRATION_PERSON_INFORMATION,Registered Person Information,Low,Informal,False,,SYNTHETIC,BRP_0018,Easy,False,Pilot v0.1 synthetic seed; human review required before training.
BRQ_0021,নতুন জন্ম নিবন্ধনে বাবা-মায়ের কী তথ্য দিতে হয়?,BIRTH_REGISTRATION,BR_REGISTRATION,Birth Registration Application,BR_REGISTRATION_PARENT_INFORMATION,Father and Mother Information,Low,Formal,False,,SYNTHETIC,BRP_0021,Easy,False,Pilot v0.1 synthetic seed; human review required before training.
BRQ_0022,মায়ের birth registration number কি লাগবে?,BIRTH_REGISTRATION,BR_REGISTRATION,Birth Registration Application,BR_REGISTRATION_PARENT_INFORMATION,Father and Mother Information,Low,Informal,False,,SYNTHETIC,BRP_0022,Easy,False,Pilot v0.1 synthetic seed; human review required before training.
BRQ_0025,নতুন জন্ম নিবন্ধনের ফর্মে ঠিকানার তথ্য কীভাবে দেব?,BIRTH_REGISTRATION,BR_REGISTRATION,Birth Registration Application,BR_REGISTRATION_ADDRESS_INFORMATION,"Birth, Permanent and Present Address Information",Low,Formal,False,,SYNTHETIC,BRP_0025,Easy,False,Pilot v0.1 synthetic seed; human review required before training.
BRQ_0026,বর্তমান আর স্থায়ী ঠিকানা একই হলে কীভাবে লিখব?,BIRTH_REGISTRATION,BR_REGISTRATION,Birth Registration Application,BR_REGISTRATION_ADDRESS_INFORMATION,"Birth, Permanent and Present Address Information",Low,Informal,False,,SYNTHETIC,BRP_0026,Medium,False,Pilot v0.1 synthetic seed; human review required before training.
BRQ_0029,শিশুর হয়ে কে জন্ম নিবন্ধনের আবেদন করতে পারে?,BIRTH_REGISTRATION,BR_REGISTRATION,Birth Registration Application,BR_REGISTRATION_APPLICANT_RELATION,"Applicant, Parent and Guardian Relationship",Low,Formal,False,,SYNTHETIC,BRP_0029,Easy,False,Pilot v0.1 synthetic seed; human review required before training.
BRQ_0030,বাবা-মা ছাড়া guardian কি apply করতে পারবে?,BIRTH_REGISTRATION,BR_REGISTRATION,Birth Registration Application,BR_REGISTRATION_APPLICANT_RELATION,"Applicant, Parent and Guardian Relationship",Low,Informal,False,,SYNTHETIC,BRP_0030,Easy,False,Pilot v0.1 synthetic seed; human review required before training.
BRQ_0033,জন্ম নিবন্ধনের জন্য কী কী কাগজপত্র লাগবে?,BIRTH_REGISTRATION,BR_REGISTRATION,Birth Registration Application,BR_REGISTRATION_REQUIRED_DOCUMENTS,Birth Registration Supporting Documents,Low,Formal,False,,SYNTHETIC,BRP_0033,Easy,False,Pilot v0.1 synthetic seed; human review required before training.
BRQ_0034,application-এর সাথে কোন documents upload করতে হয়?,BIRTH_REGISTRATION,BR_REGISTRATION,Birth Registration Application,BR_REGISTRATION_REQUIRED_DOCUMENTS,Birth Registration Supporting Documents,Low,Mixed,False,,SYNTHETIC,BRP_0034,Easy,False,Pilot v0.1 synthetic seed; human review required before training.
BRQ_0037,"প্রয়োজনীয় একটি কাগজ আমার কাছে নেই, এখন কী করব?",BIRTH_REGISTRATION,BR_REGISTRATION,Birth Registration Application,BR_REGISTRATION_MISSING_DOCUMENTS,Missing or Unavailable Registration Documents,Medium,Formal,False,,SYNTHETIC,BRP_0037,Medium,False,Pilot v0.1 synthetic seed; human review required before training.
BRQ_0038,"একটা required document missing, তবুও কি apply করা যাবে?",BIRTH_REGISTRATION,BR_REGISTRATION,Birth Registration Application,BR_REGISTRATION_MISSING_DOCUMENTS,Missing or Unavailable Registration Documents,Medium,Mixed,False,,SYNTHETIC,BRP_0038,Medium,False,Pilot v0.1 synthetic seed; human review required before training.
BRQ_0041,জন্ম নিবন্ধনের OTP পাচ্ছি না।,BIRTH_REGISTRATION,BR_REGISTRATION,Birth Registration Application,BR_REGISTRATION_OTP_NOT_RECEIVED,Registration OTP Not Received,Medium,Formal,False,,SYNTHETIC,BRP_0041,Easy,False,Pilot v0.1 synthetic seed; human review required before training.
BRQ_0042,"OTP SMS আসছে না, কী করব?",BIRTH_REGISTRATION,BR_REGISTRATION,Birth Registration Application,BR_REGISTRATION_OTP_NOT_RECEIVED,Registration OTP Not Received,Medium,Informal,False,,SYNTHETIC,BRP_0042,Easy,False,Pilot v0.1 synthetic seed; human review required before training.
BRQ_0045,OTP পেয়েছি কিন্তু verification হচ্ছে না।,BIRTH_REGISTRATION,BR_REGISTRATION,Birth Registration Application,BR_REGISTRATION_OTP_VERIFICATION,Registration OTP Verification Problem,Medium,Formal,False,,SYNTHETIC,BRP_0045,Medium,False,Pilot v0.1 synthetic seed; human review required before training.
BRQ_0046,"code দিচ্ছি, accept করছে না কেন?",BIRTH_REGISTRATION,BR_REGISTRATION,Birth Registration Application,BR_REGISTRATION_OTP_VERIFICATION,Registration OTP Verification Problem,Medium,Informal,False,,SYNTHETIC,BRP_0046,Medium,False,Pilot v0.1 synthetic seed; human review required before training.
BRQ_0049,জন্ম নিবন্ধনের আবেদন submit করার পর কি edit করা যায়?,BIRTH_REGISTRATION,BR_REGISTRATION,Birth Registration Application,BR_REGISTRATION_SUBMISSION_RULES,Application Submission and Edit Rules,Low,Formal,False,,SYNTHETIC,BRP_0049,Easy,False,Pilot v0.1 synthetic seed; human review required before training.
BRQ_0050,submit দিলে information final হয়ে যাবে?,BIRTH_REGISTRATION,BR_REGISTRATION,Birth Registration Application,BR_REGISTRATION_SUBMISSION_RULES,Application Submission and Edit Rules,Low,Informal,False,,SYNTHETIC,BRP_0050,Medium,False,Pilot v0.1 synthetic seed; human review required before training.
BRQ_0053,জন্ম নিবন্ধনের তথ্য সংশোধন কীভাবে করব?,BIRTH_REGISTRATION,BR_CORRECTION,Birth Registration Information Correction,BR_CORRECTION_PROCESS,Birth Registration Correction Process,Medium,Formal,False,,SYNTHETIC,BRP_0053,Easy,False,Pilot v0.1 synthetic seed; human review required before training.
BRQ_0054,"birth certificate-এ ভুল আছে, correction processটা কী?",BIRTH_REGISTRATION,BR_CORRECTION,Birth Registration Information Correction,BR_CORRECTION_PROCESS,Birth Registration Correction Process,Medium,Mixed,False,,SYNTHETIC,BRP_0054,Easy,False,Pilot v0.1 synthetic seed; human review required before training.
BRQ_0057,আমার জন্ম নিবন্ধনে নিজের নাম ভুল আছে।,BIRTH_REGISTRATION,BR_CORRECTION,Birth Registration Information Correction,BR_CORRECTION_NAME,Registered Person Name Correction,Medium,Formal,False,,SYNTHETIC,BRP_0057,Easy,False,Pilot v0.1 synthetic seed; human review required before training.
BRQ_0058,"নামের spelling ভুল, কীভাবে ঠিক করব?",BIRTH_REGISTRATION,BR_CORRECTION,Birth Registration Information Correction,BR_CORRECTION_NAME,Registered Person Name Correction,Medium,Informal,False,,SYNTHETIC,BRP_0058,Easy,False,Pilot v0.1 synthetic seed; human review required before training.
BRQ_0061,জন্ম নিবন্ধনে আমার জন্মতারিখ ভুল।,BIRTH_REGISTRATION,BR_CORRECTION,Birth Registration Information Correction,BR_CORRECTION_DOB,Date of Birth Correction,Medium,Formal,False,,SYNTHETIC,BRP_0061,Easy,False,Pilot v0.1 synthetic seed; human review required before training.
BRQ_0062,"birth year ভুল দেওয়া হয়েছে, ঠিক করব কীভাবে?",BIRTH_REGISTRATION,BR_CORRECTION,Birth Registration Information Correction,BR_CORRECTION_DOB,Date of Birth Correction,Medium,Mixed,False,,SYNTHETIC,BRP_0062,Easy,False,Pilot v0.1 synthetic seed; human review required before training.
BRQ_0065,"জন্ম নিবন্ধনে gender ভুল আছে, কীভাবে সংশোধন করব?",BIRTH_REGISTRATION,BR_CORRECTION,Birth Registration Information Correction,BR_CORRECTION_GENDER,Gender Information Correction,Medium,Formal,False,,SYNTHETIC,BRP_0065,Easy,False,Pilot v0.1 synthetic seed; human review required before training.
BRQ_0066,wrong gender record হয়েছে।,BIRTH_REGISTRATION,BR_CORRECTION,Birth Registration Information Correction,BR_CORRECTION_GENDER,Gender Information Correction,Medium,Mixed,False,,SYNTHETIC,BRP_0066,Easy,False,Pilot v0.1 synthetic seed; human review required before training.
BRQ_0069,জন্ম নিবন্ধনে বাবার নাম ভুল।,BIRTH_REGISTRATION,BR_CORRECTION,Birth Registration Information Correction,BR_CORRECTION_PARENT_INFORMATION,Father or Mother Information Correction,Medium,Formal,False,,SYNTHETIC,BRP_0069,Easy,False,Pilot v0.1 synthetic seed; human review required before training.
BRQ_0070,মায়ের নামের spelling ঠিক করতে চাই।,BIRTH_REGISTRATION,BR_CORRECTION,Birth Registration Information Correction,BR_CORRECTION_PARENT_INFORMATION,Father or Mother Information Correction,Medium,Informal,False,,SYNTHETIC,BRP_0070,Easy,False,Pilot v0.1 synthetic seed; human review required before training.
BRQ_0073,বাবার BRN আছে কিন্তু আমার জন্ম নিবন্ধনের সাথে link করা নেই।,BIRTH_REGISTRATION,BR_CORRECTION,Birth Registration Information Correction,BR_CORRECTION_PARENT_BRN_MAPPING,Parent Birth Registration Number Mapping,Medium,Formal,False,,SYNTHETIC,BRP_0073,Hard,False,Pilot v0.1 synthetic seed; human review required before training.
BRQ_0074,মায়ের birth registration number আমার record-এ map হয়নি।,BIRTH_REGISTRATION,BR_CORRECTION,Birth Registration Information Correction,BR_CORRECTION_PARENT_BRN_MAPPING,Parent Birth Registration Number Mapping,Medium,Mixed,False,,SYNTHETIC,BRP_0074,Hard,False,Pilot v0.1 synthetic seed; human review required before training.
BRQ_0077,জন্ম নিবন্ধনে আমার স্থায়ী ঠিকানা ভুল।,BIRTH_REGISTRATION,BR_CORRECTION,Birth Registration Information Correction,BR_CORRECTION_ADDRESS,Birth Registration Address Correction,Medium,Formal,False,,SYNTHETIC,BRP_0077,Easy,False,Pilot v0.1 synthetic seed; human review required before training.
BRQ_0078,present address ঠিক করতে চাই।,BIRTH_REGISTRATION,BR_CORRECTION,Birth Registration Information Correction,BR_CORRECTION_ADDRESS,Birth Registration Address Correction,Medium,Informal,False,,SYNTHETIC,BRP_0078,Easy,False,Pilot v0.1 synthetic seed; human review required before training.
BRQ_0081,আমার জন্ম নিবন্ধন আবেদনের বর্তমান অবস্থা কীভাবে দেখব?,BIRTH_REGISTRATION,BR_APPLICATION_MANAGEMENT,Application Status and Management,BR_APPLICATION_STATUS,Birth Registration Application Status,Low,Formal,False,,SYNTHETIC,BRP_0081,Easy,False,Pilot v0.1 synthetic seed; human review required before training.
BRQ_0082,application approve হয়েছে কিনা check করব কীভাবে?,BIRTH_REGISTRATION,BR_APPLICATION_MANAGEMENT,Application Status and Management,BR_APPLICATION_STATUS,Birth Registration Application Status,Low,Mixed,False,,SYNTHETIC,BRP_0082,Easy,False,Pilot v0.1 synthetic seed; human review required before training.
BRQ_0085,আমার জন্ম নিবন্ধনের আবেদন অনেকদিন ধরে pending।,BIRTH_REGISTRATION,BR_APPLICATION_MANAGEMENT,Application Status and Management,BR_APPLICATION_DELAY,Birth Registration Application Delay,Medium,Formal,False,,SYNTHETIC,BRP_0085,Medium,False,Pilot v0.1 synthetic seed; human review required before training.
BRQ_0086,"এতদিন হয়ে গেল, application update হচ্ছে না কেন?",BIRTH_REGISTRATION,BR_APPLICATION_MANAGEMENT,Application Status and Management,BR_APPLICATION_DELAY,Birth Registration Application Delay,Medium,Informal,False,,SYNTHETIC,BRP_0086,Medium,False,Pilot v0.1 synthetic seed; human review required before training.
BRQ_0089,সাধারণত জন্ম নিবন্ধনের আবেদন সম্পন্ন হতে কতদিন লাগে?,BIRTH_REGISTRATION,BR_APPLICATION_MANAGEMENT,Application Status and Management,BR_APPLICATION_PROCESSING_TIME,Birth Registration Application Processing Time,Low,Formal,False,,SYNTHETIC,BRP_0089,Easy,False,Pilot v0.1 synthetic seed; human review required before training.
BRQ_0090,birth registration processing time সাধারণত কত?,BIRTH_REGISTRATION,BR_APPLICATION_MANAGEMENT,Application Status and Management,BR_APPLICATION_PROCESSING_TIME,Birth Registration Application Processing Time,Low,Mixed,False,,SYNTHETIC,BRP_0090,Easy,False,Pilot v0.1 synthetic seed; human review required before training.
BRQ_0093,জমা দেওয়া জন্ম নিবন্ধন আবেদনপত্র কীভাবে print করব?,BIRTH_REGISTRATION,BR_APPLICATION_MANAGEMENT,Application Status and Management,BR_APPLICATION_PRINT,Submitted Birth Registration Application Print,Low,Formal,False,,SYNTHETIC,BRP_0093,Easy,False,Pilot v0.1 synthetic seed; human review required before training.
BRQ_0094,submitted application form-এর আরেকটা copy চাই।,BIRTH_REGISTRATION,BR_APPLICATION_MANAGEMENT,Application Status and Management,BR_APPLICATION_PRINT,Submitted Birth Registration Application Print,Low,Mixed,False,,SYNTHETIC,BRP_0094,Easy,False,Pilot v0.1 synthetic seed; human review required before training.
BRQ_0097,জন্ম নিবন্ধন সনদের আরেকটি কপি কীভাবে পাব?,BIRTH_REGISTRATION,BR_CERTIFICATE_ACCESS,Birth Certificate Access and Reprint,BR_CERTIFICATE_REPRINT,Birth Registration Certificate Reprint,Low,Formal,False,,SYNTHETIC,BRP_0097,Easy,False,Pilot v0.1 synthetic seed; human review required before training.
BRQ_0098,certificate আবার print করতে চাই।,BIRTH_REGISTRATION,BR_CERTIFICATE_ACCESS,Birth Certificate Access and Reprint,BR_CERTIFICATE_REPRINT,Birth Registration Certificate Reprint,Low,Informal,False,,SYNTHETIC,BRP_0098,Easy,False,Pilot v0.1 synthetic seed; human review required before training.
BRQ_0101,জন্ম নিবন্ধন অনলাইনে কীভাবে verify করব?,BIRTH_REGISTRATION,BR_VERIFICATION,Birth Registration Verification,BR_VERIFICATION_RECORD,Verify Birth Registration Record,Low,Formal,False,,SYNTHETIC,BRP_0101,Easy,False,Pilot v0.1 synthetic seed; human review required before training.
BRQ_0102,BRN আর জন্মতারিখ দিয়ে record check করা যায়?,BIRTH_REGISTRATION,BR_VERIFICATION,Birth Registration Verification,BR_VERIFICATION_RECORD,Verify Birth Registration Record,Low,Mixed,False,,SYNTHETIC,BRP_0102,Easy,False,Pilot v0.1 synthetic seed; human review required before training.
BRQ_0105,BRN আর জন্মতারিখ দেওয়ার পরও record পাওয়া যাচ্ছে না।,BIRTH_REGISTRATION,BR_VERIFICATION,Birth Registration Verification,BR_VERIFICATION_FAILURE,Birth Registration Verification Failure,Medium,Formal,False,,SYNTHETIC,BRP_0105,Medium,False,Pilot v0.1 synthetic seed; human review required before training.
BRQ_0106,verify করতে গেলে no result দেখায়।,BIRTH_REGISTRATION,BR_VERIFICATION,Birth Registration Verification,BR_VERIFICATION_FAILURE,Birth Registration Verification Failure,Medium,Mixed,False,,SYNTHETIC,BRP_0106,Medium,False,Pilot v0.1 synthetic seed; human review required before training.
BRQ_0109,জন্ম নিবন্ধন সনদ বাতিলের আবেদন কীভাবে করব?,BIRTH_REGISTRATION,BR_CANCELLATION,Birth Registration Certificate Cancellation,BR_CANCELLATION_PROCESS,Birth Registration Certificate Cancellation Process,Medium,Formal,False,,SYNTHETIC,BRP_0109,Easy,False,Pilot v0.1 synthetic seed; human review required before training.
BRQ_0110,birth certificate cancel করা যায়?,BIRTH_REGISTRATION,BR_CANCELLATION,Birth Registration Certificate Cancellation,BR_CANCELLATION_PROCESS,Birth Registration Certificate Cancellation Process,Medium,Mixed,False,,SYNTHETIC,BRP_0110,Easy,False,Pilot v0.1 synthetic seed; human review required before training.
BRQ_0113,জন্ম নিবন্ধনের সরকারি ফি কত?,BIRTH_REGISTRATION,BR_FEES_AND_PAYMENT,Birth Registration Fees and Payment,BR_FEES_INFORMATION,Birth Registration Fee Information,Low,Formal,False,,SYNTHETIC,BRP_0113,Easy,False,Pilot v0.1 synthetic seed; human review required before training.
BRQ_0114,correction করতে কোনো fee লাগে?,BIRTH_REGISTRATION,BR_FEES_AND_PAYMENT,Birth Registration Fees and Payment,BR_FEES_INFORMATION,Birth Registration Fee Information,Low,Mixed,False,,SYNTHETIC,BRP_0114,Easy,False,Pilot v0.1 synthetic seed; human review required before training.
BRQ_0117,জন্ম নিবন্ধন কী?,BIRTH_REGISTRATION,BR_GENERAL_INFORMATION,General Birth Registration Information,BR_GENERAL_INFORMATION,General Birth Registration Information,Low,Formal,False,,SYNTHETIC,BRP_0117,Easy,False,Pilot v0.1 synthetic seed; human review required before training.
BRQ_0118,জন্ম নিবন্ধন কেন প্রয়োজন?,BIRTH_REGISTRATION,BR_GENERAL_INFORMATION,General Birth Registration Information,BR_GENERAL_INFORMATION,General Birth Registration Information,Low,Formal,False,,SYNTHETIC,BRP_0118,Easy,False,Pilot v0.1 synthetic seed; human review required before training.
BRQ_0121,নতুন জন্ম নিবন্ধনের জন্য কী কী ধাপ অনুসরণ করতে হবে?,BIRTH_REGISTRATION,BR_REGISTRATION,Birth Registration Application,BR_REGISTRATION_PROCESS,New Birth Registration Process,Low,Formal,False,,PARAPHRASED,BRP_0001,Easy,False,Controlled v0.2 paraphrase of BRQ_0001; human review required before training.
BRQ_0122,new birth registration korar steps gula ki?,BIRTH_REGISTRATION,BR_REGISTRATION,Birth Registration Application,BR_REGISTRATION_PROCESS,New Birth Registration Process,Low,Mixed,False,,PARAPHRASED,BRP_0001,Easy,False,Controlled v0.2 paraphrase of BRQ_0001; human review required before training.
BRQ_0123,বাচ্চার জন্ম নিবন্ধন করতে প্রথমে কী করতে হবে?,BIRTH_REGISTRATION,BR_REGISTRATION,Birth Registration Application,BR_REGISTRATION_PROCESS,New Birth Registration Process,Low,Informal,False,,PARAPHRASED,BRP_0002,Easy,False,Controlled v0.2 paraphrase of BRQ_0002; human review required before training.
BRQ_0124,baby er birth registration start korbo kotha theke?,BIRTH_REGISTRATION,BR_REGISTRATION,Birth Registration Application,BR_REGISTRATION_PROCESS,New Birth Registration Process,Low,Mixed,False,,PARAPHRASED,BRP_0002,Easy,False,Controlled v0.2 paraphrase of BRQ_0002; human review required before training.
BRQ_0129,জন্ম নিবন্ধনের অনলাইন আবেদন করার নিয়ম কী?,BIRTH_REGISTRATION,BR_REGISTRATION,Birth Registration Application,BR_REGISTRATION_ONLINE_APPLICATION,Online Birth Registration Application,Low,Formal,False,,PARAPHRASED,BRP_0005,Easy,False,Controlled v0.2 paraphrase of BRQ_0005; human review required before training.
BRQ_0130,online e birth registration apply korbo kivabe?,BIRTH_REGISTRATION,BR_REGISTRATION,Birth Registration Application,BR_REGISTRATION_ONLINE_APPLICATION,Online Birth Registration Application,Low,Mixed,False,,PARAPHRASED,BRP_0005,Easy,False,Controlled v0.2 paraphrase of BRQ_0005; human review required before training.
BRQ_0131,বাড়ি থেকে অনলাইনে জন্ম নিবন্ধনের আবেদন করা সম্ভব?,BIRTH_REGISTRATION,BR_REGISTRATION,Birth Registration Application,BR_REGISTRATION_ONLINE_APPLICATION,Online Birth Registration Application,Low,Formal,False,,PARAPHRASED,BRP_0006,Easy,False,Controlled v0.2 paraphrase of BRQ_0006; human review required before training.
BRQ_0132,ghore boshe birth registration apply kora jay?,BIRTH_REGISTRATION,BR_REGISTRATION,Birth Registration Application,BR_REGISTRATION_ONLINE_APPLICATION,Online Birth Registration Application,Low,Mixed,False,,PARAPHRASED,BRP_0006,Easy,False,Controlled v0.2 paraphrase of BRQ_0006; human review required before training.
BRQ_0137,জন্ম নিবন্ধনের আবেদন কোন কার্যালয়ে করতে হবে?,BIRTH_REGISTRATION,BR_REGISTRATION,Birth Registration Application,BR_REGISTRATION_LOCATION_SELECTION,Registration Office and Location Selection,Low,Formal,False,,PARAPHRASED,BRP_0009,Easy,False,Controlled v0.2 paraphrase of BRQ_0009; human review required before training.
BRQ_0138,birth registration er jonno kon office choose korbo?,BIRTH_REGISTRATION,BR_REGISTRATION,Birth Registration Application,BR_REGISTRATION_LOCATION_SELECTION,Registration Office and Location Selection,Low,Mixed,False,,PARAPHRASED,BRP_0009,Easy,False,Controlled v0.2 paraphrase of BRQ_0009; human review required before training.
BRQ_0139,জন্মস্থান না স্থায়ী ঠিকানা—কোন এলাকার অফিসে আবেদন করব?,BIRTH_REGISTRATION,BR_REGISTRATION,Birth Registration Application,BR_REGISTRATION_LOCATION_SELECTION,Registration Office and Location Selection,Low,Formal,False,,PARAPHRASED,BRP_0010,Medium,False,Controlled v0.2 paraphrase of BRQ_0010; human review required before training.
BRQ_0140,birth place naki permanent address er office e apply korbo?,BIRTH_REGISTRATION,BR_REGISTRATION,Birth Registration Application,BR_REGISTRATION_LOCATION_SELECTION,Registration Office and Location Selection,Low,Mixed,False,,PARAPHRASED,BRP_0010,Medium,False,Controlled v0.2 paraphrase of BRQ_0010; human review required before training.
BRQ_0145,বিদেশে থাকলে বাংলাদেশ দূতাবাস থেকে জন্ম নিবন্ধন করা যায় কি?,BIRTH_REGISTRATION,BR_REGISTRATION,Birth Registration Application,BR_REGISTRATION_OVERSEAS_EMBASSY,Overseas / Embassy Birth Registration,Low,Formal,False,,PARAPHRASED,BRP_0013,Easy,False,Controlled v0.2 paraphrase of BRQ_0013; human review required before training.
BRQ_0146,abroad theke embassy diye birth registration kora jabe?,BIRTH_REGISTRATION,BR_REGISTRATION,Birth Registration Application,BR_REGISTRATION_OVERSEAS_EMBASSY,Overseas / Embassy Birth Registration,Low,Mixed,False,,PARAPHRASED,BRP_0013,Easy,False,Controlled v0.2 paraphrase of BRQ_0013; human review required before training.
BRQ_0147,বিদেশে বসবাস করি; দূতাবাসের মাধ্যমে জন্ম নিবন্ধনের নিয়ম কী?,BIRTH_REGISTRATION,BR_REGISTRATION,Birth Registration Application,BR_REGISTRATION_OVERSEAS_EMBASSY,Overseas / Embassy Birth Registration,Low,Formal,False,,PARAPHRASED,BRP_0014,Easy,False,Controlled v0.2 paraphrase of BRQ_0014; human review required before training.
BRQ_0148,"bideshe thaki, embassy route e birth registration kivabe korbo?",BIRTH_REGISTRATION,BR_REGISTRATION,Birth Registration Application,BR_REGISTRATION_OVERSEAS_EMBASSY,Overseas / Embassy Birth Registration,Low,Mixed,False,,PARAPHRASED,BRP_0014,Easy,False,Controlled v0.2 paraphrase of BRQ_0014; human review required before training.
BRQ_0153,যার জন্ম নিবন্ধন করা হবে তার কোন কোন তথ্য প্রয়োজন?,BIRTH_REGISTRATION,BR_REGISTRATION,Birth Registration Application,BR_REGISTRATION_PERSON_INFORMATION,Registered Person Information,Low,Formal,False,,PARAPHRASED,BRP_0017,Easy,False,Controlled v0.2 paraphrase of BRQ_0017; human review required before training.
BRQ_0154,registered person er details ki ki dite hobe?,BIRTH_REGISTRATION,BR_REGISTRATION,Birth Registration Application,BR_REGISTRATION_PERSON_INFORMATION,Registered Person Information,Low,Mixed,False,,PARAPHRASED,BRP_0017,Easy,False,Controlled v0.2 paraphrase of BRQ_0017; human review required before training.
BRQ_0155,শিশুর নাম কি বাংলা ও ইংরেজি দুই ভাষায় দিতে হয়?,BIRTH_REGISTRATION,BR_REGISTRATION,Birth Registration Application,BR_REGISTRATION_PERSON_INFORMATION,Registered Person Information,Low,Formal,False,,PARAPHRASED,BRP_0018,Easy,False,Controlled v0.2 paraphrase of BRQ_0018; human review required before training.
BRQ_0156,baby name Bangla English duita dite hobe?,BIRTH_REGISTRATION,BR_REGISTRATION,Birth Registration Application,BR_REGISTRATION_PERSON_INFORMATION,Registered Person Information,Low,Mixed,False,,PARAPHRASED,BRP_0018,Easy,False,Controlled v0.2 paraphrase of BRQ_0018; human review required before training.
BRQ_0161,নতুন জন্ম নিবন্ধনের আবেদনে পিতা-মাতার কী কী তথ্য প্রয়োজন?,BIRTH_REGISTRATION,BR_REGISTRATION,Birth Registration Application,BR_REGISTRATION_PARENT_INFORMATION,Father and Mother Information,Low,Formal,False,,PARAPHRASED,BRP_0021,Easy,False,Controlled v0.2 paraphrase of BRQ_0021; human review required before training.
BRQ_0162,new birth registration e parents er info ki ki lage?,BIRTH_REGISTRATION,BR_REGISTRATION,Birth Registration Application,BR_REGISTRATION_PARENT_INFORMATION,Father and Mother Information,Low,Mixed,False,,PARAPHRASED,BRP_0021,Easy,False,Controlled v0.2 paraphrase of BRQ_0021; human review required before training.
BRQ_0163,আবেদনে মায়ের জন্ম নিবন্ধন নম্বর দিতে হবে কি?,BIRTH_REGISTRATION,BR_REGISTRATION,Birth Registration Application,BR_REGISTRATION_PARENT_INFORMATION,Father and Mother Information,Low,Formal,False,,PARAPHRASED,BRP_0022,Easy,False,Controlled v0.2 paraphrase of BRQ_0022; human review required before training.
BRQ_0164,mother er BRN ki form e dite hoy?,BIRTH_REGISTRATION,BR_REGISTRATION,Birth Registration Application,BR_REGISTRATION_PARENT_INFORMATION,Father and Mother Information,Low,Mixed,False,,PARAPHRASED,BRP_0022,Easy,False,Controlled v0.2 paraphrase of BRQ_0022; human review required before training.
BRQ_0169,নতুন জন্ম নিবন্ধনের আবেদনে ঠিকানার অংশ কীভাবে পূরণ করব?,BIRTH_REGISTRATION,BR_REGISTRATION,Birth Registration Application,BR_REGISTRATION_ADDRESS_INFORMATION,"Birth, Permanent and Present Address Information",Low,Formal,False,,PARAPHRASED,BRP_0025,Easy,False,Controlled v0.2 paraphrase of BRQ_0025; human review required before training.
BRQ_0170,new birth form er address section kivabe fill korbo?,BIRTH_REGISTRATION,BR_REGISTRATION,Birth Registration Application,BR_REGISTRATION_ADDRESS_INFORMATION,"Birth, Permanent and Present Address Information",Low,Mixed,False,,PARAPHRASED,BRP_0025,Easy,False,Controlled v0.2 paraphrase of BRQ_0025; human review required before training.
BRQ_0171,বর্তমান ও স্থায়ী ঠিকানা এক হলে ফর্মে কীভাবে দেব?,BIRTH_REGISTRATION,BR_REGISTRATION,Birth Registration Application,BR_REGISTRATION_ADDRESS_INFORMATION,"Birth, Permanent and Present Address Information",Low,Formal,False,,PARAPHRASED,BRP_0026,Medium,False,Controlled v0.2 paraphrase of BRQ_0026; human review required before training.
BRQ_0172,present ar permanent address same hole ki likhbo?,BIRTH_REGISTRATION,BR_REGISTRATION,Birth Registration Application,BR_REGISTRATION_ADDRESS_INFORMATION,"Birth, Permanent and Present Address Information",Low,Mixed,False,,PARAPHRASED,BRP_0026,Medium,False,Controlled v0.2 paraphrase of BRQ_0026; human review required before training.
BRQ_0177,শিশুর পক্ষে জন্ম নিবন্ধনের আবেদন কে জমা দিতে পারেন?,BIRTH_REGISTRATION,BR_REGISTRATION,Birth Registration Application,BR_REGISTRATION_APPLICANT_RELATION,"Applicant, Parent and Guardian Relationship",Low,Formal,False,,PARAPHRASED,BRP_0029,Easy,False,Controlled v0.2 paraphrase of BRQ_0029; human review required before training.
BRQ_0178,child er behalf e ke birth registration apply korte pare?,BIRTH_REGISTRATION,BR_REGISTRATION,Birth Registration Application,BR_REGISTRATION_APPLICANT_RELATION,"Applicant, Parent and Guardian Relationship",Low,Mixed,False,,PARAPHRASED,BRP_0029,Easy,False,Controlled v0.2 paraphrase of BRQ_0029; human review required before training.
BRQ_0179,পিতা-মাতা ছাড়া অভিভাবক কি আবেদন করতে পারবেন?,BIRTH_REGISTRATION,BR_REGISTRATION,Birth Registration Application,BR_REGISTRATION_APPLICANT_RELATION,"Applicant, Parent and Guardian Relationship",Low,Formal,False,,PARAPHRASED,BRP_0030,Easy,False,Controlled v0.2 paraphrase of BRQ_0030; human review required before training.
BRQ_0180,parents chara guardian apply korte parbe?,BIRTH_REGISTRATION,BR_REGISTRATION,Birth Registration Application,BR_REGISTRATION_APPLICANT_RELATION,"Applicant, Parent and Guardian Relationship",Low,Mixed,False,,PARAPHRASED,BRP_0030,Easy,False,Controlled v0.2 paraphrase of BRQ_0030; human review required before training.
BRQ_0185,জন্ম নিবন্ধনের আবেদনে কোন কোন কাগজপত্র প্রয়োজন?,BIRTH_REGISTRATION,BR_REGISTRATION,Birth Registration Application,BR_REGISTRATION_REQUIRED_DOCUMENTS,Birth Registration Supporting Documents,Low,Formal,False,,PARAPHRASED,BRP_0033,Easy,False,Controlled v0.2 paraphrase of BRQ_0033; human review required before training.
BRQ_0186,birth registration korte ki ki documents lage?,BIRTH_REGISTRATION,BR_REGISTRATION,Birth Registration Application,BR_REGISTRATION_REQUIRED_DOCUMENTS,Birth Registration Supporting Documents,Low,Mixed,False,,PARAPHRASED,BRP_0033,Easy,False,Controlled v0.2 paraphrase of BRQ_0033; human review required before training.
BRQ_0187,আবেদনের সঙ্গে কী কী supporting document দিতে হয়?,BIRTH_REGISTRATION,BR_REGISTRATION,Birth Registration Application,BR_REGISTRATION_REQUIRED_DOCUMENTS,Birth Registration Supporting Documents,Low,Formal,False,,PARAPHRASED,BRP_0034,Easy,False,Controlled v0.2 paraphrase of BRQ_0034; human review required before training.
BRQ_0188,application er sathe kon documents upload korbo?,BIRTH_REGISTRATION,BR_REGISTRATION,Birth Registration Application,BR_REGISTRATION_REQUIRED_DOCUMENTS,Birth Registration Supporting Documents,Low,Mixed,False,,PARAPHRASED,BRP_0034,Easy,False,Controlled v0.2 paraphrase of BRQ_0034; human review required before training.
BRQ_0193,প্রয়োজনীয় কাগজের একটি না থাকলে কীভাবে আবেদন করব?,BIRTH_REGISTRATION,BR_REGISTRATION,Birth Registration Application,BR_REGISTRATION_MISSING_DOCUMENTS,Missing or Unavailable Registration Documents,Medium,Formal,False,,PARAPHRASED,BRP_0037,Medium,False,Controlled v0.2 paraphrase of BRQ_0037; human review required before training.
BRQ_0194,"required ekta kagoj nai, ekhon ki korbo?",BIRTH_REGISTRATION,BR_REGISTRATION,Birth Registration Application,BR_REGISTRATION_MISSING_DOCUMENTS,Missing or Unavailable Registration Documents,Medium,Mixed,False,,PARAPHRASED,BRP_0037,Medium,False,Controlled v0.2 paraphrase of BRQ_0037; human review required before training.
BRQ_0195,একটি প্রয়োজনীয় document না থাকলেও আবেদন করা সম্ভব কি?,BIRTH_REGISTRATION,BR_REGISTRATION,Birth Registration Application,BR_REGISTRATION_MISSING_DOCUMENTS,Missing or Unavailable Registration Documents,Medium,Formal,False,,PARAPHRASED,BRP_0038,Medium,False,Controlled v0.2 paraphrase of BRQ_0038; human review required before training.
BRQ_0196,"one required doc missing, apply kora jabe?",BIRTH_REGISTRATION,BR_REGISTRATION,Birth Registration Application,BR_REGISTRATION_MISSING_DOCUMENTS,Missing or Unavailable Registration Documents,Medium,Mixed,False,,PARAPHRASED,BRP_0038,Medium,False,Controlled v0.2 paraphrase of BRQ_0038; human review required before training.
BRQ_0201,জন্ম নিবন্ধনের verification OTP আসছে না।,BIRTH_REGISTRATION,BR_REGISTRATION,Birth Registration Application,BR_REGISTRATION_OTP_NOT_RECEIVED,Registration OTP Not Received,Medium,Formal,False,,PARAPHRASED,BRP_0041,Easy,False,Controlled v0.2 paraphrase of BRQ_0041; human review required before training.
BRQ_0202,birth registration er OTP pachhi na,BIRTH_REGISTRATION,BR_REGISTRATION,Birth Registration Application,BR_REGISTRATION_OTP_NOT_RECEIVED,Registration OTP Not Received,Medium,Mixed,False,,PARAPHRASED,BRP_0041,Easy,False,Controlled v0.2 paraphrase of BRQ_0041; human review required before training.
BRQ_0203,OTP-এর SMS না এলে কী করতে হবে?,BIRTH_REGISTRATION,BR_REGISTRATION,Birth Registration Application,BR_REGISTRATION_OTP_NOT_RECEIVED,Registration OTP Not Received,Medium,Formal,False,,PARAPHRASED,BRP_0042,Easy,False,Controlled v0.2 paraphrase of BRQ_0042; human review required before training.
BRQ_0204,"birth registration er otp sms ashche na, ki kori?",BIRTH_REGISTRATION,BR_REGISTRATION,Birth Registration Application,BR_REGISTRATION_OTP_NOT_RECEIVED,Registration OTP Not Received,Medium,Mixed,False,,PARAPHRASED,BRP_0042,Easy,False,Controlled v0.2 paraphrase of BRQ_0042; human review required before training.
BRQ_0209,"OTP এসেছে, কিন্তু সেটি দিয়ে verification সম্পন্ন হচ্ছে না।",BIRTH_REGISTRATION,BR_REGISTRATION,Birth Registration Application,BR_REGISTRATION_OTP_VERIFICATION,Registration OTP Verification Problem,Medium,Formal,False,,PARAPHRASED,BRP_0045,Medium,False,Controlled v0.2 paraphrase of BRQ_0045; human review required before training.
BRQ_0210,otp paisi kintu verify korte partesi na,BIRTH_REGISTRATION,BR_REGISTRATION,Birth Registration Application,BR_REGISTRATION_OTP_VERIFICATION,Registration OTP Verification Problem,Medium,Mixed,False,,PARAPHRASED,BRP_0045,Medium,False,Controlled v0.2 paraphrase of BRQ_0045; human review required before training.
BRQ_0211,OTP code দিলে system গ্রহণ করছে না।,BIRTH_REGISTRATION,BR_REGISTRATION,Birth Registration Application,BR_REGISTRATION_OTP_VERIFICATION,Registration OTP Verification Problem,Medium,Mixed,False,,PARAPHRASED,BRP_0046,Medium,False,Controlled v0.2 paraphrase of BRQ_0046; human review required before training.
BRQ_0212,birth registration otp code diyeo accept kortese na keno?,BIRTH_REGISTRATION,BR_REGISTRATION,Birth Registration Application,BR_REGISTRATION_OTP_VERIFICATION,Registration OTP Verification Problem,Medium,Mixed,False,,PARAPHRASED,BRP_0046,Medium,False,Controlled v0.2 paraphrase of BRQ_0046; human review required before training.
BRQ_0217,আবেদন submit করার পরে তথ্য সম্পাদনা করা যায় কি?,BIRTH_REGISTRATION,BR_REGISTRATION,Birth Registration Application,BR_REGISTRATION_SUBMISSION_RULES,Application Submission and Edit Rules,Low,Formal,False,,PARAPHRASED,BRP_0049,Easy,False,Controlled v0.2 paraphrase of BRQ_0049; human review required before training.
BRQ_0218,submit er por application edit kora jabe?,BIRTH_REGISTRATION,BR_REGISTRATION,Birth Registration Application,BR_REGISTRATION_SUBMISSION_RULES,Application Submission and Edit Rules,Low,Mixed,False,,PARAPHRASED,BRP_0049,Easy,False,Controlled v0.2 paraphrase of BRQ_0049; human review required before training.
BRQ_0219,Submit করার সঙ্গে সঙ্গে কি তথ্য final হয়ে যায়?,BIRTH_REGISTRATION,BR_REGISTRATION,Birth Registration Application,BR_REGISTRATION_SUBMISSION_RULES,Application Submission and Edit Rules,Low,Mixed,False,,PARAPHRASED,BRP_0050,Medium,False,Controlled v0.2 paraphrase of BRQ_0050; human review required before training.
BRQ_0220,birth registration form submit dile data final hoye jabe?,BIRTH_REGISTRATION,BR_REGISTRATION,Birth Registration Application,BR_REGISTRATION_SUBMISSION_RULES,Application Submission and Edit Rules,Low,Mixed,False,,PARAPHRASED,BRP_0050,Medium,False,Controlled v0.2 paraphrase of BRQ_0050; human review required before training.
BRQ_0225,জন্ম নিবন্ধনের ভুল তথ্য সংশোধনের সাধারণ প্রক্রিয়া কী?,BIRTH_REGISTRATION,BR_CORRECTION,Birth Registration Information Correction,BR_CORRECTION_PROCESS,Birth Registration Correction Process,Medium,Formal,False,,PARAPHRASED,BRP_0053,Easy,False,Controlled v0.2 paraphrase of BRQ_0053; human review required before training.
BRQ_0226,birth registration info correction korbo kivabe?,BIRTH_REGISTRATION,BR_CORRECTION,Birth Registration Information Correction,BR_CORRECTION_PROCESS,Birth Registration Correction Process,Medium,Mixed,False,,PARAPHRASED,BRP_0053,Easy,False,Controlled v0.2 paraphrase of BRQ_0053; human review required before training.
BRQ_0227,Birth certificate-এর তথ্য ভুল হলে correction কীভাবে করতে হয়?,BIRTH_REGISTRATION,BR_CORRECTION,Birth Registration Information Correction,BR_CORRECTION_PROCESS,Birth Registration Correction Process,Medium,Mixed,False,,PARAPHRASED,BRP_0054,Easy,False,Controlled v0.2 paraphrase of BRQ_0054; human review required before training.
BRQ_0228,"certificate e vul ase, correction process ki?",BIRTH_REGISTRATION,BR_CORRECTION,Birth Registration Information Correction,BR_CORRECTION_PROCESS,Birth Registration Correction Process,Medium,Mixed,False,,PARAPHRASED,BRP_0054,Easy,False,Controlled v0.2 paraphrase of BRQ_0054; human review required before training.
BRQ_0233,জন্ম নিবন্ধনে আমার নিজের নাম ভুল হয়েছে; কীভাবে ঠিক করব?,BIRTH_REGISTRATION,BR_CORRECTION,Birth Registration Information Correction,BR_CORRECTION_NAME,Registered Person Name Correction,Medium,Formal,False,,PARAPHRASED,BRP_0057,Easy,False,Controlled v0.2 paraphrase of BRQ_0057; human review required before training.
BRQ_0234,amar nijer name birth registration e wrong,BIRTH_REGISTRATION,BR_CORRECTION,Birth Registration Information Correction,BR_CORRECTION_NAME,Registered Person Name Correction,Medium,Mixed,False,,PARAPHRASED,BRP_0057,Easy,False,Controlled v0.2 paraphrase of BRQ_0057; human review required before training.
BRQ_0235,"নিজের নামের বানান ভুল হয়েছে, সংশোধন করতে চাই।",BIRTH_REGISTRATION,BR_CORRECTION,Birth Registration Information Correction,BR_CORRECTION_NAME,Registered Person Name Correction,Medium,Formal,False,,PARAPHRASED,BRP_0058,Easy,False,Controlled v0.2 paraphrase of BRQ_0058; human review required before training.
BRQ_0236,"birth registration e name spelling vul, correct korbo kivabe?",BIRTH_REGISTRATION,BR_CORRECTION,Birth Registration Information Correction,BR_CORRECTION_NAME,Registered Person Name Correction,Medium,Mixed,False,,PARAPHRASED,BRP_0058,Easy,False,Controlled v0.2 paraphrase of BRQ_0058; human review required before training.
BRQ_0241,জন্ম নিবন্ধনে জন্মতারিখ ভুল হলে কীভাবে সংশোধন করব?,BIRTH_REGISTRATION,BR_CORRECTION,Birth Registration Information Correction,BR_CORRECTION_DOB,Date of Birth Correction,Medium,Formal,False,,PARAPHRASED,BRP_0061,Easy,False,Controlled v0.2 paraphrase of BRQ_0061; human review required before training.
BRQ_0242,"birth registration e DOB vul, ki kore thik korbo?",BIRTH_REGISTRATION,BR_CORRECTION,Birth Registration Information Correction,BR_CORRECTION_DOB,Date of Birth Correction,Medium,Mixed,False,,PARAPHRASED,BRP_0061,Easy,False,Controlled v0.2 paraphrase of BRQ_0061; human review required before training.
BRQ_0243,জন্মসাল ভুল রেকর্ড হয়েছে; correction করতে চাই।,BIRTH_REGISTRATION,BR_CORRECTION,Birth Registration Information Correction,BR_CORRECTION_DOB,Date of Birth Correction,Medium,Formal,False,,PARAPHRASED,BRP_0062,Easy,False,Controlled v0.2 paraphrase of BRQ_0062; human review required before training.
BRQ_0244,"birth year wrong deya, change korte chai",BIRTH_REGISTRATION,BR_CORRECTION,Birth Registration Information Correction,BR_CORRECTION_DOB,Date of Birth Correction,Medium,Mixed,False,,PARAPHRASED,BRP_0062,Easy,False,Controlled v0.2 paraphrase of BRQ_0062; human review required before training.
BRQ_0249,জন্ম নিবন্ধনের gender তথ্য ভুল; সংশোধনের নিয়ম কী?,BIRTH_REGISTRATION,BR_CORRECTION,Birth Registration Information Correction,BR_CORRECTION_GENDER,Gender Information Correction,Medium,Formal,False,,PARAPHRASED,BRP_0065,Easy,False,Controlled v0.2 paraphrase of BRQ_0065; human review required before training.
BRQ_0250,birth registration gender correction kivabe korbo?,BIRTH_REGISTRATION,BR_CORRECTION,Birth Registration Information Correction,BR_CORRECTION_GENDER,Gender Information Correction,Medium,Mixed,False,,PARAPHRASED,BRP_0065,Easy,False,Controlled v0.2 paraphrase of BRQ_0065; human review required before training.
BRQ_0251,রেকর্ডে ভুল gender দেওয়া হয়েছে।,BIRTH_REGISTRATION,BR_CORRECTION,Birth Registration Information Correction,BR_CORRECTION_GENDER,Gender Information Correction,Medium,Informal,False,,PARAPHRASED,BRP_0066,Easy,False,Controlled v0.2 paraphrase of BRQ_0066; human review required before training.
BRQ_0252,record e gender wrong ase,BIRTH_REGISTRATION,BR_CORRECTION,Birth Registration Information Correction,BR_CORRECTION_GENDER,Gender Information Correction,Medium,Mixed,False,,PARAPHRASED,BRP_0066,Easy,False,Controlled v0.2 paraphrase of BRQ_0066; human review required before training.
BRQ_0257,জন্ম নিবন্ধনে পিতার নাম ভুল; সংশোধন করতে চাই।,BIRTH_REGISTRATION,BR_CORRECTION,Birth Registration Information Correction,BR_CORRECTION_PARENT_INFORMATION,Father or Mother Information Correction,Medium,Formal,False,,PARAPHRASED,BRP_0069,Easy,False,Controlled v0.2 paraphrase of BRQ_0069; human review required before training.
BRQ_0258,father name birth registration e wrong,BIRTH_REGISTRATION,BR_CORRECTION,Birth Registration Information Correction,BR_CORRECTION_PARENT_INFORMATION,Father or Mother Information Correction,Medium,Mixed,False,,PARAPHRASED,BRP_0069,Easy,False,Controlled v0.2 paraphrase of BRQ_0069; human review required before training.
BRQ_0259,মায়ের নামের বানান সংশোধন করতে চাই।,BIRTH_REGISTRATION,BR_CORRECTION,Birth Registration Information Correction,BR_CORRECTION_PARENT_INFORMATION,Father or Mother Information Correction,Medium,Formal,False,,PARAPHRASED,BRP_0070,Easy,False,Controlled v0.2 paraphrase of BRQ_0070; human review required before training.
BRQ_0260,birth registration e mother name spelling thik korbo kivabe?,BIRTH_REGISTRATION,BR_CORRECTION,Birth Registration Information Correction,BR_CORRECTION_PARENT_INFORMATION,Father or Mother Information Correction,Medium,Mixed,False,,PARAPHRASED,BRP_0070,Easy,False,Controlled v0.2 paraphrase of BRQ_0070; human review required before training.
BRQ_0265,বাবার BRN থাকলেও সেটি আমার birth record-এর সঙ্গে যুক্ত হয়নি।,BIRTH_REGISTRATION,BR_CORRECTION,Birth Registration Information Correction,BR_CORRECTION_PARENT_BRN_MAPPING,Parent Birth Registration Number Mapping,Medium,Mixed,False,,PARAPHRASED,BRP_0073,Hard,False,Controlled v0.2 paraphrase of BRQ_0073; human review required before training.
BRQ_0266,father BRN ase but amar record e link nai,BIRTH_REGISTRATION,BR_CORRECTION,Birth Registration Information Correction,BR_CORRECTION_PARENT_BRN_MAPPING,Parent Birth Registration Number Mapping,Medium,Mixed,False,,PARAPHRASED,BRP_0073,Hard,False,Controlled v0.2 paraphrase of BRQ_0073; human review required before training.
BRQ_0267,মায়ের জন্ম নিবন্ধন নম্বর আমার রেকর্ডে link হয়নি।,BIRTH_REGISTRATION,BR_CORRECTION,Birth Registration Information Correction,BR_CORRECTION_PARENT_BRN_MAPPING,Parent Birth Registration Number Mapping,Medium,Formal,False,,PARAPHRASED,BRP_0074,Hard,False,Controlled v0.2 paraphrase of BRQ_0074; human review required before training.
BRQ_0268,mother BRN amar birth record e mapped na,BIRTH_REGISTRATION,BR_CORRECTION,Birth Registration Information Correction,BR_CORRECTION_PARENT_BRN_MAPPING,Parent Birth Registration Number Mapping,Medium,Mixed,False,,PARAPHRASED,BRP_0074,Hard,False,Controlled v0.2 paraphrase of BRQ_0074; human review required before training.
BRQ_0273,জন্ম নিবন্ধনের স্থায়ী ঠিকানা ভুল; সংশোধন করতে চাই।,BIRTH_REGISTRATION,BR_CORRECTION,Birth Registration Information Correction,BR_CORRECTION_ADDRESS,Birth Registration Address Correction,Medium,Formal,False,,PARAPHRASED,BRP_0077,Easy,False,Controlled v0.2 paraphrase of BRQ_0077; human review required before training.
BRQ_0274,permanent address birth record e wrong,BIRTH_REGISTRATION,BR_CORRECTION,Birth Registration Information Correction,BR_CORRECTION_ADDRESS,Birth Registration Address Correction,Medium,Mixed,False,,PARAPHRASED,BRP_0077,Easy,False,Controlled v0.2 paraphrase of BRQ_0077; human review required before training.
BRQ_0275,জন্ম নিবন্ধনের বর্তমান ঠিকানা পরিবর্তন করতে চাই।,BIRTH_REGISTRATION,BR_CORRECTION,Birth Registration Information Correction,BR_CORRECTION_ADDRESS,Birth Registration Address Correction,Medium,Formal,False,,PARAPHRASED,BRP_0078,Easy,False,Controlled v0.2 paraphrase of BRQ_0078; human review required before training.
BRQ_0276,birth registration er present address ta correct korte chai,BIRTH_REGISTRATION,BR_CORRECTION,Birth Registration Information Correction,BR_CORRECTION_ADDRESS,Birth Registration Address Correction,Medium,Mixed,False,,PARAPHRASED,BRP_0078,Easy,False,Controlled v0.2 paraphrase of BRQ_0078; human review required before training.
BRQ_0281,জন্ম নিবন্ধনের আবেদনের status কোথায় দেখা যাবে?,BIRTH_REGISTRATION,BR_APPLICATION_MANAGEMENT,Application Status and Management,BR_APPLICATION_STATUS,Birth Registration Application Status,Low,Formal,False,,PARAPHRASED,BRP_0081,Easy,False,Controlled v0.2 paraphrase of BRQ_0081; human review required before training.
BRQ_0282,amar birth application er current status kivabe dekhbo?,BIRTH_REGISTRATION,BR_APPLICATION_MANAGEMENT,Application Status and Management,BR_APPLICATION_STATUS,Birth Registration Application Status,Low,Mixed,False,,PARAPHRASED,BRP_0081,Easy,False,Controlled v0.2 paraphrase of BRQ_0081; human review required before training.
BRQ_0283,আবেদনটি approved হয়েছে কি না কীভাবে জানব?,BIRTH_REGISTRATION,BR_APPLICATION_MANAGEMENT,Application Status and Management,BR_APPLICATION_STATUS,Birth Registration Application Status,Low,Formal,False,,PARAPHRASED,BRP_0082,Easy,False,Controlled v0.2 paraphrase of BRQ_0082; human review required before training.
BRQ_0284,birth registration application approve hoise kina check korbo kivabe?,BIRTH_REGISTRATION,BR_APPLICATION_MANAGEMENT,Application Status and Management,BR_APPLICATION_STATUS,Birth Registration Application Status,Low,Mixed,False,,PARAPHRASED,BRP_0082,Easy,False,Controlled v0.2 paraphrase of BRQ_0082; human review required before training.
BRQ_0289,আমার জন্ম নিবন্ধনের আবেদন দীর্ঘদিন ধরে pending আছে।,BIRTH_REGISTRATION,BR_APPLICATION_MANAGEMENT,Application Status and Management,BR_APPLICATION_DELAY,Birth Registration Application Delay,Medium,Formal,False,,PARAPHRASED,BRP_0085,Medium,False,Controlled v0.2 paraphrase of BRQ_0085; human review required before training.
BRQ_0290,"birth application onek din pending, ki korbo?",BIRTH_REGISTRATION,BR_APPLICATION_MANAGEMENT,Application Status and Management,BR_APPLICATION_DELAY,Birth Registration Application Delay,Medium,Mixed,False,,PARAPHRASED,BRP_0085,Medium,False,Controlled v0.2 paraphrase of BRQ_0085; human review required before training.
BRQ_0291,"অনেক সময় পেরিয়েছে, কিন্তু আবেদনে কোনো অগ্রগতি নেই।",BIRTH_REGISTRATION,BR_APPLICATION_MANAGEMENT,Application Status and Management,BR_APPLICATION_DELAY,Birth Registration Application Delay,Medium,Formal,False,,PARAPHRASED,BRP_0086,Medium,False,Controlled v0.2 paraphrase of BRQ_0086; human review required before training.
BRQ_0292,onek din holo birth registration application update nai,BIRTH_REGISTRATION,BR_APPLICATION_MANAGEMENT,Application Status and Management,BR_APPLICATION_DELAY,Birth Registration Application Delay,Medium,Mixed,False,,PARAPHRASED,BRP_0086,Medium,False,Controlled v0.2 paraphrase of BRQ_0086; human review required before training.
BRQ_0297,জন্ম নিবন্ধনের আবেদন সাধারণত সম্পন্ন হতে কত সময় লাগে?,BIRTH_REGISTRATION,BR_APPLICATION_MANAGEMENT,Application Status and Management,BR_APPLICATION_PROCESSING_TIME,Birth Registration Application Processing Time,Low,Formal,False,,PARAPHRASED,BRP_0089,Easy,False,Controlled v0.2 paraphrase of BRQ_0089; human review required before training.
BRQ_0298,usually birth registration complete hote koydin lage?,BIRTH_REGISTRATION,BR_APPLICATION_MANAGEMENT,Application Status and Management,BR_APPLICATION_PROCESSING_TIME,Birth Registration Application Processing Time,Low,Mixed,False,,PARAPHRASED,BRP_0089,Easy,False,Controlled v0.2 paraphrase of BRQ_0089; human review required before training.
BRQ_0299,Birth registration-এর স্বাভাবিক processing duration কত?,BIRTH_REGISTRATION,BR_APPLICATION_MANAGEMENT,Application Status and Management,BR_APPLICATION_PROCESSING_TIME,Birth Registration Application Processing Time,Low,Mixed,False,,PARAPHRASED,BRP_0090,Easy,False,Controlled v0.2 paraphrase of BRQ_0090; human review required before training.
BRQ_0300,normal processing time koto birth registration er?,BIRTH_REGISTRATION,BR_APPLICATION_MANAGEMENT,Application Status and Management,BR_APPLICATION_PROCESSING_TIME,Birth Registration Application Processing Time,Low,Mixed,False,,PARAPHRASED,BRP_0090,Easy,False,Controlled v0.2 paraphrase of BRQ_0090; human review required before training.
BRQ_0305,Submit করা জন্ম নিবন্ধন application form কীভাবে print করব?,BIRTH_REGISTRATION,BR_APPLICATION_MANAGEMENT,Application Status and Management,BR_APPLICATION_PRINT,Submitted Birth Registration Application Print,Low,Mixed,False,,PARAPHRASED,BRP_0093,Easy,False,Controlled v0.2 paraphrase of BRQ_0093; human review required before training.
BRQ_0306,submitted birth application print korar niyom ki?,BIRTH_REGISTRATION,BR_APPLICATION_MANAGEMENT,Application Status and Management,BR_APPLICATION_PRINT,Submitted Birth Registration Application Print,Low,Mixed,False,,PARAPHRASED,BRP_0093,Easy,False,Controlled v0.2 paraphrase of BRQ_0093; human review required before training.
BRQ_0307,জমা দেওয়া আবেদনপত্রের আরেকটি কপি দরকার।,BIRTH_REGISTRATION,BR_APPLICATION_MANAGEMENT,Application Status and Management,BR_APPLICATION_PRINT,Submitted Birth Registration Application Print,Low,Formal,False,,PARAPHRASED,BRP_0094,Easy,False,Controlled v0.2 paraphrase of BRQ_0094; human review required before training.
BRQ_0308,submitted birth registration application form er copy chai,BIRTH_REGISTRATION,BR_APPLICATION_MANAGEMENT,Application Status and Management,BR_APPLICATION_PRINT,Submitted Birth Registration Application Print,Low,Mixed,False,,PARAPHRASED,BRP_0094,Easy,False,Controlled v0.2 paraphrase of BRQ_0094; human review required before training.
BRQ_0313,আগে ইস্যু হওয়া জন্ম নিবন্ধন সনদের আরেকটি কপি চাই।,BIRTH_REGISTRATION,BR_CERTIFICATE_ACCESS,Birth Certificate Access and Reprint,BR_CERTIFICATE_REPRINT,Birth Registration Certificate Reprint,Low,Formal,False,,PARAPHRASED,BRP_0097,Easy,False,Controlled v0.2 paraphrase of BRQ_0097; human review required before training.
BRQ_0314,issued birth certificate er another copy kivabe pabo?,BIRTH_REGISTRATION,BR_CERTIFICATE_ACCESS,Birth Certificate Access and Reprint,BR_CERTIFICATE_REPRINT,Birth Registration Certificate Reprint,Low,Mixed,False,,PARAPHRASED,BRP_0097,Easy,False,Controlled v0.2 paraphrase of BRQ_0097; human review required before training.
BRQ_0315,জন্ম সনদটি আবার print করতে হবে।,BIRTH_REGISTRATION,BR_CERTIFICATE_ACCESS,Birth Certificate Access and Reprint,BR_CERTIFICATE_REPRINT,Birth Registration Certificate Reprint,Low,Informal,False,,PARAPHRASED,BRP_0098,Easy,False,Controlled v0.2 paraphrase of BRQ_0098; human review required before training.
BRQ_0316,birth certificate abar print korte chai,BIRTH_REGISTRATION,BR_CERTIFICATE_ACCESS,Birth Certificate Access and Reprint,BR_CERTIFICATE_REPRINT,Birth Registration Certificate Reprint,Low,Mixed,False,,PARAPHRASED,BRP_0098,Easy,False,Controlled v0.2 paraphrase of BRQ_0098; human review required before training.
BRQ_0321,অনলাইনে জন্ম নিবন্ধনের record যাচাই করার নিয়ম কী?,BIRTH_REGISTRATION,BR_VERIFICATION,Birth Registration Verification,BR_VERIFICATION_RECORD,Verify Birth Registration Record,Low,Formal,False,,PARAPHRASED,BRP_0101,Easy,False,Controlled v0.2 paraphrase of BRQ_0101; human review required before training.
BRQ_0322,online e birth registration verify korbo kivabe?,BIRTH_REGISTRATION,BR_VERIFICATION,Birth Registration Verification,BR_VERIFICATION_RECORD,Verify Birth Registration Record,Low,Mixed,False,,PARAPHRASED,BRP_0101,Easy,False,Controlled v0.2 paraphrase of BRQ_0101; human review required before training.
BRQ_0323,BRN ও জন্মতারিখ ব্যবহার করে জন্ম নিবন্ধন যাচাই করা যায় কি?,BIRTH_REGISTRATION,BR_VERIFICATION,Birth Registration Verification,BR_VERIFICATION_RECORD,Verify Birth Registration Record,Low,Formal,False,,PARAPHRASED,BRP_0102,Easy,False,Controlled v0.2 paraphrase of BRQ_0102; human review required before training.
BRQ_0324,BRN plus DOB diye record verify kora jay?,BIRTH_REGISTRATION,BR_VERIFICATION,Birth Registration Verification,BR_VERIFICATION_RECORD,Verify Birth Registration Record,Low,Mixed,False,,PARAPHRASED,BRP_0102,Easy,False,Controlled v0.2 paraphrase of BRQ_0102; human review required before training.
BRQ_0329,BRN ও জন্মতারিখ দিয়েও verification result পাওয়া যাচ্ছে না।,BIRTH_REGISTRATION,BR_VERIFICATION,Birth Registration Verification,BR_VERIFICATION_FAILURE,Birth Registration Verification Failure,Medium,Formal,False,,PARAPHRASED,BRP_0105,Medium,False,Controlled v0.2 paraphrase of BRQ_0105; human review required before training.
BRQ_0330,BRN DOB diyeo record khuje pachhi na,BIRTH_REGISTRATION,BR_VERIFICATION,Birth Registration Verification,BR_VERIFICATION_FAILURE,Birth Registration Verification Failure,Medium,Mixed,False,,PARAPHRASED,BRP_0105,Medium,False,Controlled v0.2 paraphrase of BRQ_0105; human review required before training.
BRQ_0331,Verification করলে কোনো result দেখাচ্ছে না।,BIRTH_REGISTRATION,BR_VERIFICATION,Birth Registration Verification,BR_VERIFICATION_FAILURE,Birth Registration Verification Failure,Medium,Mixed,False,,PARAPHRASED,BRP_0106,Medium,False,Controlled v0.2 paraphrase of BRQ_0106; human review required before training.
BRQ_0332,birth registration verify korle no result ase,BIRTH_REGISTRATION,BR_VERIFICATION,Birth Registration Verification,BR_VERIFICATION_FAILURE,Birth Registration Verification Failure,Medium,Mixed,False,,PARAPHRASED,BRP_0106,Medium,False,Controlled v0.2 paraphrase of BRQ_0106; human review required before training.
BRQ_0337,জন্ম নিবন্ধন সনদ cancellation-এর আবেদন কীভাবে করতে হয়?,BIRTH_REGISTRATION,BR_CANCELLATION,Birth Registration Certificate Cancellation,BR_CANCELLATION_PROCESS,Birth Registration Certificate Cancellation Process,Medium,Mixed,False,,PARAPHRASED,BRP_0109,Easy,False,Controlled v0.2 paraphrase of BRQ_0109; human review required before training.
BRQ_0338,birth certificate cancel korar process ki?,BIRTH_REGISTRATION,BR_CANCELLATION,Birth Registration Certificate Cancellation,BR_CANCELLATION_PROCESS,Birth Registration Certificate Cancellation Process,Medium,Mixed,False,,PARAPHRASED,BRP_0109,Easy,False,Controlled v0.2 paraphrase of BRQ_0109; human review required before training.
BRQ_0339,জন্ম নিবন্ধন certificate বাতিল করা সম্ভব কি?,BIRTH_REGISTRATION,BR_CANCELLATION,Birth Registration Certificate Cancellation,BR_CANCELLATION_PROCESS,Birth Registration Certificate Cancellation Process,Medium,Mixed,False,,PARAPHRASED,BRP_0110,Easy,False,Controlled v0.2 paraphrase of BRQ_0110; human review required before training.
BRQ_0340,birth certificate cancellation kora jay?,BIRTH_REGISTRATION,BR_CANCELLATION,Birth Registration Certificate Cancellation,BR_CANCELLATION_PROCESS,Birth Registration Certificate Cancellation Process,Medium,Mixed,False,,PARAPHRASED,BRP_0110,Easy,False,Controlled v0.2 paraphrase of BRQ_0110; human review required before training.
BRQ_0345,জন্ম নিবন্ধনের নির্ধারিত ফি সম্পর্কে জানতে চাই।,BIRTH_REGISTRATION,BR_FEES_AND_PAYMENT,Birth Registration Fees and Payment,BR_FEES_INFORMATION,Birth Registration Fee Information,Low,Formal,False,,PARAPHRASED,BRP_0113,Easy,False,Controlled v0.2 paraphrase of BRQ_0113; human review required before training.
BRQ_0346,birth registration government fee koto?,BIRTH_REGISTRATION,BR_FEES_AND_PAYMENT,Birth Registration Fees and Payment,BR_FEES_INFORMATION,Birth Registration Fee Information,Low,Mixed,False,,PARAPHRASED,BRP_0113,Easy,False,Controlled v0.2 paraphrase of BRQ_0113; human review required before training.
BRQ_0347,জন্ম নিবন্ধনের তথ্য সংশোধনে কোনো ফি আছে কি?,BIRTH_REGISTRATION,BR_FEES_AND_PAYMENT,Birth Registration Fees and Payment,BR_FEES_INFORMATION,Birth Registration Fee Information,Low,Formal,False,,PARAPHRASED,BRP_0114,Easy,False,Controlled v0.2 paraphrase of BRQ_0114; human review required before training.
BRQ_0348,birth correction er fee lage naki?,BIRTH_REGISTRATION,BR_FEES_AND_PAYMENT,Birth Registration Fees and Payment,BR_FEES_INFORMATION,Birth Registration Fee Information,Low,Mixed,False,,PARAPHRASED,BRP_0114,Easy,False,Controlled v0.2 paraphrase of BRQ_0114; human review required before training.
BRQ_0353,জন্ম নিবন্ধন বলতে কী বোঝায়?,BIRTH_REGISTRATION,BR_GENERAL_INFORMATION,General Birth Registration Information,BR_GENERAL_INFORMATION,General Birth Registration Information,Low,Formal,False,,PARAPHRASED,BRP_0117,Easy,False,Controlled v0.2 paraphrase of BRQ_0117; human review required before training.
BRQ_0354,birth registration mane ki?,BIRTH_REGISTRATION,BR_GENERAL_INFORMATION,General Birth Registration Information,BR_GENERAL_INFORMATION,General Birth Registration Information,Low,Mixed,False,,PARAPHRASED,BRP_0117,Easy,False,Controlled v0.2 paraphrase of BRQ_0117; human review required before training.
BRQ_0355,জন্ম নিবন্ধন কেন গুরুত্বপূর্ণ?,BIRTH_REGISTRATION,BR_GENERAL_INFORMATION,General Birth Registration Information,BR_GENERAL_INFORMATION,General Birth Registration Information,Low,Formal,False,,PARAPHRASED,BRP_0118,Easy,False,Controlled v0.2 paraphrase of BRQ_0118; human review required before training.
BRQ_0356,birth registration keno dorkar?,BIRTH_REGISTRATION,BR_GENERAL_INFORMATION,General Birth Registration Information,BR_GENERAL_INFORMATION,General Birth Registration Information,Low,Mixed,False,,PARAPHRASED,BRP_0118,Easy,False,Controlled v0.2 paraphrase of BRQ_0118; human review required before training.
PASSX_0001,নতুন ই-পাসপোর্টের জন্য আবেদন করার পুরো প্রক্রিয়াটি কী?,PASSPORT,PASSPORT_APPLICATION,New Passport Application,PASSPORT_APPLICATION_PROCESS,New Passport Application Process,Low,Formal,FALSE,,SYNTHETIC,PASSPORT_APPLICATION_PROCESS_F01,Easy,FALSE,Reviewed independent pilot seed retained for canonical expansion.
PASSX_0002,আমার ক্ষেত্রে নতুন ই-পাসপোর্টের জন্য আবেদন করার পুরো প্রক্রিয়াটি কী?,PASSPORT,PASSPORT_APPLICATION,New Passport Application,PASSPORT_APPLICATION_PROCESS,New Passport Application Process,Low,Formal,FALSE,,PARAPHRASED,PASSPORT_APPLICATION_PROCESS_F01,Easy,FALSE,Controlled paraphrase 1 of reviewed independent seed; family preserved; automated validation complete.
PASSX_0003,নতুন ই-পাসপোর্টের জন্য আবেদন করার পুরো প্রক্রিয়াটি কী; পরের ধাপটা কী?,PASSPORT,PASSPORT_APPLICATION,New Passport Application,PASSPORT_APPLICATION_PROCESS,New Passport Application Process,Low,Formal,FALSE,,PARAPHRASED,PASSPORT_APPLICATION_PROCESS_F01,Easy,FALSE,Controlled paraphrase 2 of reviewed independent seed; family preserved; automated validation complete.
PASSX_0004,"প্রথমবার passport করতে চাই, শুরুটা কীভাবে করব?",PASSPORT,PASSPORT_APPLICATION,New Passport Application,PASSPORT_APPLICATION_PROCESS,New Passport Application Process,Low,Informal,FALSE,,SYNTHETIC,PASSPORT_APPLICATION_PROCESS_F02,Medium,FALSE,Reviewed independent pilot seed retained for canonical expansion.
PASSX_0005,"এটা নিয়ে সাহায্য দরকার: প্রথমবার passport করতে চাই, শুরুটা কীভাবে করতে হবে?",PASSPORT,PASSPORT_APPLICATION,New Passport Application,PASSPORT_APPLICATION_PROCESS,New Passport Application Process,Low,Informal,FALSE,,PARAPHRASED,PASSPORT_APPLICATION_PROCESS_F02,Medium,FALSE,Controlled paraphrase 1 of reviewed independent seed; family preserved; automated validation complete.
PASSX_0006,"প্রথমবার passport করতে চাই, শুরুটা কীভাবে করতে হবে?",PASSPORT,PASSPORT_APPLICATION,New Passport Application,PASSPORT_APPLICATION_PROCESS,New Passport Application Process,Low,Informal,FALSE,,PARAPHRASED,PASSPORT_APPLICATION_PROCESS_F02,Medium,FALSE,Controlled paraphrase 2 of reviewed independent seed; family preserved; automated validation complete.
PASSX_0013,অনলাইনে ই-পাসপোর্টের আবেদন কীভাবে জমা দেব?,PASSPORT,PASSPORT_APPLICATION,New Passport Application,PASSPORT_APPLICATION_ONLINE,Online Passport Application,Low,Formal,FALSE,,SYNTHETIC,PASSPORT_APPLICATION_ONLINE_F01,Easy,FALSE,Reviewed independent pilot seed retained for canonical expansion.
PASSX_0014,আমার ক্ষেত্রে অনলাইনে ই-পাসপোর্টের আবেদন কোন প্রক্রিয়ায় জমা দেব?,PASSPORT,PASSPORT_APPLICATION,New Passport Application,PASSPORT_APPLICATION_ONLINE,Online Passport Application,Low,Formal,FALSE,,PARAPHRASED,PASSPORT_APPLICATION_ONLINE_F01,Easy,FALSE,Controlled paraphrase 1 of reviewed independent seed; family preserved; automated validation complete.
PASSX_0015,অনলাইনে ই-পাসপোর্টের আবেদন কোন প্রক্রিয়ায় জমা দেব; পরের ধাপটা কী?,PASSPORT,PASSPORT_APPLICATION,New Passport Application,PASSPORT_APPLICATION_ONLINE,Online Passport Application,Low,Formal,FALSE,,PARAPHRASED,PASSPORT_APPLICATION_ONLINE_F01,Easy,FALSE,Controlled paraphrase 2 of reviewed independent seed; family preserved; automated validation complete.
PASSX_0016,passport application online এ fill up করে submit করব কীভাবে?,PASSPORT,PASSPORT_APPLICATION,New Passport Application,PASSPORT_APPLICATION_ONLINE,Online Passport Application,Low,Informal,FALSE,,SYNTHETIC,PASSPORT_APPLICATION_ONLINE_F02,Medium,FALSE,Reviewed independent pilot seed retained for canonical expansion.
PASSX_0017,এটা নিয়ে সাহায্য দরকার: passport application online এ fill up করে submit করব কোন প্রক্রিয়ায়?,PASSPORT,PASSPORT_APPLICATION,New Passport Application,PASSPORT_APPLICATION_ONLINE,Online Passport Application,Low,Informal,FALSE,,PARAPHRASED,PASSPORT_APPLICATION_ONLINE_F02,Medium,FALSE,Controlled paraphrase 1 of reviewed independent seed; family preserved; automated validation complete.
PASSX_0018,passport application online এ fill up করে submit করব কোন প্রক্রিয়ায়?,PASSPORT,PASSPORT_APPLICATION,New Passport Application,PASSPORT_APPLICATION_ONLINE,Online Passport Application,Low,Informal,FALSE,,PARAPHRASED,PASSPORT_APPLICATION_ONLINE_F02,Medium,FALSE,Controlled paraphrase 2 of reviewed independent seed; family preserved; automated validation complete.
PASSX_0025,ই-পাসপোর্টের আবেদন করার সময় কোন পাসপোর্ট অফিস নির্বাচন করব?,PASSPORT,PASSPORT_APPLICATION,New Passport Application,PASSPORT_APPLICATION_OFFICE_SELECTION,Passport Office Selection,Low,Formal,FALSE,,SYNTHETIC,PASSPORT_APPLICATION_OFFICE_SELECTION_F01,Easy,FALSE,Reviewed independent pilot seed retained for canonical expansion.
PASSX_0026,আমার ক্ষেত্রে ই-পাসপোর্টের আবেদন করার সময় কোন পাসপোর্ট অফিস নির্বাচন করতে হবে?,PASSPORT,PASSPORT_APPLICATION,New Passport Application,PASSPORT_APPLICATION_OFFICE_SELECTION,Passport Office Selection,Low,Formal,FALSE,,PARAPHRASED,PASSPORT_APPLICATION_OFFICE_SELECTION_F01,Easy,FALSE,Controlled paraphrase 1 of reviewed independent seed; family preserved; automated validation complete.
PASSX_0027,ই-পাসপোর্টের আবেদন করার সময় কোন পাসপোর্ট অফিস নির্বাচন করতে হবে; পরের ধাপটা কী?,PASSPORT,PASSPORT_APPLICATION,New Passport Application,PASSPORT_APPLICATION_OFFICE_SELECTION,Passport Office Selection,Low,Formal,FALSE,,PARAPHRASED,PASSPORT_APPLICATION_OFFICE_SELECTION_F01,Easy,FALSE,Controlled paraphrase 2 of reviewed independent seed; family preserved; automated validation complete.
PASSX_0028,আমার এলাকার জন্য কোন passport office select করতে হবে বুঝছি না।,PASSPORT,PASSPORT_APPLICATION,New Passport Application,PASSPORT_APPLICATION_OFFICE_SELECTION,Passport Office Selection,Low,Informal,FALSE,,SYNTHETIC,PASSPORT_APPLICATION_OFFICE_SELECTION_F02,Medium,FALSE,Reviewed independent pilot seed retained for canonical expansion.
PASSX_0029,এটা নিয়ে সাহায্য দরকার: আমার এলাকার জন্য কোন passport office select করতে হবে বুঝছি না?,PASSPORT,PASSPORT_APPLICATION,New Passport Application,PASSPORT_APPLICATION_OFFICE_SELECTION,Passport Office Selection,Low,Informal,FALSE,,PARAPHRASED,PASSPORT_APPLICATION_OFFICE_SELECTION_F02,Medium,FALSE,Controlled paraphrase 1 of reviewed independent seed; family preserved; automated validation complete.
PASSX_0030,আমার এলাকার জন্য কোন passport office select করতে হবে বুঝছি না?,PASSPORT,PASSPORT_APPLICATION,New Passport Application,PASSPORT_APPLICATION_OFFICE_SELECTION,Passport Office Selection,Low,Informal,FALSE,,PARAPHRASED,PASSPORT_APPLICATION_OFFICE_SELECTION_F02,Medium,FALSE,Controlled paraphrase 2 of reviewed independent seed; family preserved; automated validation complete.
PASSX_0037,ই-পাসপোর্ট আবেদনপত্রে কী কী ব্যক্তিগত তথ্য দিতে হয়?,PASSPORT,PASSPORT_APPLICATION,New Passport Application,PASSPORT_APPLICATION_INFORMATION,Passport Application Information,Low,Formal,FALSE,,SYNTHETIC,PASSPORT_APPLICATION_INFORMATION_F01,Easy,FALSE,Reviewed independent pilot seed retained for canonical expansion.
PASSX_0038,আমার ক্ষেত্রে ই-পাসপোর্ট আবেদনপত্রে কোন কোন ব্যক্তিগত তথ্য দিতে হয়?,PASSPORT,PASSPORT_APPLICATION,New Passport Application,PASSPORT_APPLICATION_INFORMATION,Passport Application Information,Low,Formal,FALSE,,PARAPHRASED,PASSPORT_APPLICATION_INFORMATION_F01,Easy,FALSE,Controlled paraphrase 1 of reviewed independent seed; family preserved; automated validation complete.
PASSX_0039,ই-পাসপোর্ট আবেদনপত্রে কোন কোন ব্যক্তিগত তথ্য দিতে হয়; পরের ধাপটা কী?,PASSPORT,PASSPORT_APPLICATION,New Passport Application,PASSPORT_APPLICATION_INFORMATION,Passport Application Information,Low,Formal,FALSE,,PARAPHRASED,PASSPORT_APPLICATION_INFORMATION_F01,Easy,FALSE,Controlled paraphrase 2 of reviewed independent seed; family preserved; automated validation complete.
PASSX_0040,passport form fill up করতে কোন কোন information লাগবে?,PASSPORT,PASSPORT_APPLICATION,New Passport Application,PASSPORT_APPLICATION_INFORMATION,Passport Application Information,Low,Informal,FALSE,,SYNTHETIC,PASSPORT_APPLICATION_INFORMATION_F02,Medium,FALSE,Reviewed independent pilot seed retained for canonical expansion.
PASSX_0041,এটা নিয়ে সাহায্য দরকার: passport form fill up করতে কোন কোন information দরকার হবে?,PASSPORT,PASSPORT_APPLICATION,New Passport Application,PASSPORT_APPLICATION_INFORMATION,Passport Application Information,Low,Informal,FALSE,,PARAPHRASED,PASSPORT_APPLICATION_INFORMATION_F02,Medium,FALSE,Controlled paraphrase 1 of reviewed independent seed; family preserved; automated validation complete.
PASSX_0042,passport form fill up করতে কোন কোন information দরকার হবে?,PASSPORT,PASSPORT_APPLICATION,New Passport Application,PASSPORT_APPLICATION_INFORMATION,Passport Application Information,Low,Informal,FALSE,,PARAPHRASED,PASSPORT_APPLICATION_INFORMATION_F02,Medium,FALSE,Controlled paraphrase 2 of reviewed independent seed; family preserved; automated validation complete.
PASSX_0049,ই-পাসপোর্ট আবেদনে কী কী মেয়াদ ও পৃষ্ঠাসংখ্যার অপশন পাওয়া যায়?,PASSPORT,PASSPORT_APPLICATION,New Passport Application,PASSPORT_APPLICATION_PASSPORT_OPTIONS,"Passport Type, Validity and Page Options",Low,Formal,FALSE,,SYNTHETIC,PASSPORT_APPLICATION_PASSPORT_OPTIONS_F01,Easy,FALSE,Reviewed independent pilot seed retained for canonical expansion.
PASSX_0050,আমার ক্ষেত্রে ই-পাসপোর্ট আবেদনে কোন কোন মেয়াদ ও পৃষ্ঠাসংখ্যার অপশন পাওয়া যায়?,PASSPORT,PASSPORT_APPLICATION,New Passport Application,PASSPORT_APPLICATION_PASSPORT_OPTIONS,"Passport Type, Validity and Page Options",Low,Formal,FALSE,,PARAPHRASED,PASSPORT_APPLICATION_PASSPORT_OPTIONS_F01,Easy,FALSE,Controlled paraphrase 1 of reviewed independent seed; family preserved; automated validation complete.
PASSX_0051,ই-পাসপোর্ট আবেদনে কোন কোন মেয়াদ ও পৃষ্ঠাসংখ্যার অপশন পাওয়া যায়; পরের ধাপটা কী?,PASSPORT,PASSPORT_APPLICATION,New Passport Application,PASSPORT_APPLICATION_PASSPORT_OPTIONS,"Passport Type, Validity and Page Options",Low,Formal,FALSE,,PARAPHRASED,PASSPORT_APPLICATION_PASSPORT_OPTIONS_F01,Easy,FALSE,Controlled paraphrase 2 of reviewed independent seed; family preserved; automated validation complete.
PASSX_0052,passport apply করার সময় validity আর page option কীভাবে choose করব?,PASSPORT,PASSPORT_APPLICATION,New Passport Application,PASSPORT_APPLICATION_PASSPORT_OPTIONS,"Passport Type, Validity and Page Options",Low,Informal,FALSE,,SYNTHETIC,PASSPORT_APPLICATION_PASSPORT_OPTIONS_F02,Medium,FALSE,Reviewed independent pilot seed retained for canonical expansion.
PASSX_0053,এটা নিয়ে সাহায্য দরকার: passport apply করার সময় validity আর page option কীভাবে choose করতে হবে?,PASSPORT,PASSPORT_APPLICATION,New Passport Application,PASSPORT_APPLICATION_PASSPORT_OPTIONS,"Passport Type, Validity and Page Options",Low,Informal,FALSE,,PARAPHRASED,PASSPORT_APPLICATION_PASSPORT_OPTIONS_F02,Medium,FALSE,Controlled paraphrase 1 of reviewed independent seed; family preserved; automated validation complete.
PASSX_0054,passport apply করার সময় validity আর page option কোন প্রক্রিয়ায় choose করব?,PASSPORT,PASSPORT_APPLICATION,New Passport Application,PASSPORT_APPLICATION_PASSPORT_OPTIONS,"Passport Type, Validity and Page Options",Low,Informal,FALSE,,PARAPHRASED,PASSPORT_APPLICATION_PASSPORT_OPTIONS_F02,Medium,FALSE,Controlled paraphrase 2 of reviewed independent seed; family preserved; automated validation complete.
PASSX_0061,বিদেশে অবস্থান করে নতুন বাংলাদেশি ই-পাসপোর্টের আবেদন কীভাবে করব?,PASSPORT,PASSPORT_APPLICATION,New Passport Application,PASSPORT_APPLICATION_OVERSEAS,New Passport Application From Abroad,Low,Formal,FALSE,,SYNTHETIC,PASSPORT_APPLICATION_OVERSEAS_F01,Easy,FALSE,Reviewed independent pilot seed retained for canonical expansion.
PASSX_0062,আমার ক্ষেত্রে বিদেশে অবস্থান করে নতুন বাংলাদেশি ই-পাসপোর্টের আবেদন কোন প্রক্রিয়ায় করব?,PASSPORT,PASSPORT_APPLICATION,New Passport Application,PASSPORT_APPLICATION_OVERSEAS,New Passport Application From Abroad,Low,Formal,FALSE,,PARAPHRASED,PASSPORT_APPLICATION_OVERSEAS_F01,Easy,FALSE,Controlled paraphrase 1 of reviewed independent seed; family preserved; automated validation complete.
PASSX_0063,বিদেশে অবস্থান করে নতুন বাংলাদেশি ই-পাসপোর্টের আবেদন কোন প্রক্রিয়ায় করব; পরের ধাপটা কী?,PASSPORT,PASSPORT_APPLICATION,New Passport Application,PASSPORT_APPLICATION_OVERSEAS,New Passport Application From Abroad,Low,Formal,FALSE,,PARAPHRASED,PASSPORT_APPLICATION_OVERSEAS_F01,Easy,FALSE,Controlled paraphrase 2 of reviewed independent seed; family preserved; automated validation complete.
PASSX_0064,"আমি abroad থাকি, first passport embassy দিয়ে করতে পারব?",PASSPORT,PASSPORT_APPLICATION,New Passport Application,PASSPORT_APPLICATION_OVERSEAS,New Passport Application From Abroad,Low,Informal,FALSE,,SYNTHETIC,PASSPORT_APPLICATION_OVERSEAS_F02,Medium,FALSE,Reviewed independent pilot seed retained for canonical expansion.
PASSX_0065,"এটা নিয়ে সাহায্য দরকার: আমি abroad থাকি, first passport embassy দিয়ে করতে পারব?",PASSPORT,PASSPORT_APPLICATION,New Passport Application,PASSPORT_APPLICATION_OVERSEAS,New Passport Application From Abroad,Low,Informal,FALSE,,PARAPHRASED,PASSPORT_APPLICATION_OVERSEAS_F02,Medium,FALSE,Controlled paraphrase 1 of reviewed independent seed; family preserved; automated validation complete.
PASSX_0066,"এই বিষয়ে সহায়তা চাই: আমি abroad থাকি, first passport embassy দিয়ে করতে পারব?",PASSPORT,PASSPORT_APPLICATION,New Passport Application,PASSPORT_APPLICATION_OVERSEAS,New Passport Application From Abroad,Low,Informal,FALSE,,PARAPHRASED,PASSPORT_APPLICATION_OVERSEAS_F02,Medium,FALSE,Controlled paraphrase 2 of reviewed independent seed; family preserved; automated validation complete.
PASSX_0073,অফিশিয়াল বা ডিপ্লোম্যাটিক পাসপোর্টের জন্য আবেদন প্রক্রিয়া কী?,PASSPORT,PASSPORT_APPLICATION,New Passport Application,PASSPORT_APPLICATION_OFFICIAL_DIPLOMATIC,Official or Diplomatic Passport Application,Low,Formal,FALSE,,SYNTHETIC,PASSPORT_APPLICATION_OFFICIAL_DIPLOMATIC_F01,Easy,FALSE,Reviewed independent pilot seed retained for canonical expansion.
PASSX_0074,আমার ক্ষেত্রে অফিশিয়াল বা ডিপ্লোম্যাটিক পাসপোর্টের জন্য আবেদন প্রক্রিয়া কী?,PASSPORT,PASSPORT_APPLICATION,New Passport Application,PASSPORT_APPLICATION_OFFICIAL_DIPLOMATIC,Official or Diplomatic Passport Application,Low,Formal,FALSE,,PARAPHRASED,PASSPORT_APPLICATION_OFFICIAL_DIPLOMATIC_F01,Easy,FALSE,Controlled paraphrase 1 of reviewed independent seed; family preserved; automated validation complete.
PASSX_0075,অফিশিয়াল বা ডিপ্লোম্যাটিক পাসপোর্টের জন্য আবেদন প্রক্রিয়া কী; পরের ধাপটা কী?,PASSPORT,PASSPORT_APPLICATION,New Passport Application,PASSPORT_APPLICATION_OFFICIAL_DIPLOMATIC,Official or Diplomatic Passport Application,Low,Formal,FALSE,,PARAPHRASED,PASSPORT_APPLICATION_OFFICIAL_DIPLOMATIC_F01,Easy,FALSE,Controlled paraphrase 2 of reviewed independent seed; family preserved; automated validation complete.
PASSX_0076,government employee হিসেবে official passport apply করব কীভাবে?,PASSPORT,PASSPORT_APPLICATION,New Passport Application,PASSPORT_APPLICATION_OFFICIAL_DIPLOMATIC,Official or Diplomatic Passport Application,Low,Informal,FALSE,,SYNTHETIC,PASSPORT_APPLICATION_OFFICIAL_DIPLOMATIC_F02,Medium,FALSE,Reviewed independent pilot seed retained for canonical expansion.
PASSX_0077,এটা নিয়ে সাহায্য দরকার: government employee হিসেবে official passport apply করব কোন প্রক্রিয়ায়?,PASSPORT,PASSPORT_APPLICATION,New Passport Application,PASSPORT_APPLICATION_OFFICIAL_DIPLOMATIC,Official or Diplomatic Passport Application,Low,Informal,FALSE,,PARAPHRASED,PASSPORT_APPLICATION_OFFICIAL_DIPLOMATIC_F02,Medium,FALSE,Controlled paraphrase 1 of reviewed independent seed; family preserved; automated validation complete.
PASSX_0078,government employee হিসেবে official passport apply করব কোন প্রক্রিয়ায়?,PASSPORT,PASSPORT_APPLICATION,New Passport Application,PASSPORT_APPLICATION_OFFICIAL_DIPLOMATIC,Official or Diplomatic Passport Application,Low,Informal,FALSE,,PARAPHRASED,PASSPORT_APPLICATION_OFFICIAL_DIPLOMATIC_F02,Medium,FALSE,Controlled paraphrase 2 of reviewed independent seed; family preserved; automated validation complete.
PASSX_0085,ই-পাসপোর্ট আবেদনের জন্য সাধারণভাবে কী কী কাগজপত্র প্রয়োজন?,PASSPORT,PASSPORT_DOCUMENTS,Passport Documents and Requirements,PASSPORT_DOCUMENTS_REQUIRED,General Passport Required Documents,Low,Formal,FALSE,,SYNTHETIC,PASSPORT_DOCUMENTS_REQUIRED_F01,Easy,FALSE,Reviewed independent pilot seed retained for canonical expansion.
PASSX_0086,আমার ক্ষেত্রে ই-পাসপোর্ট আবেদনের জন্য সাধারণভাবে কোন কোন কাগজপত্র প্রয়োজন?,PASSPORT,PASSPORT_DOCUMENTS,Passport Documents and Requirements,PASSPORT_DOCUMENTS_REQUIRED,General Passport Required Documents,Low,Formal,FALSE,,PARAPHRASED,PASSPORT_DOCUMENTS_REQUIRED_F01,Easy,FALSE,Controlled paraphrase 1 of reviewed independent seed; family preserved; automated validation complete.
PASSX_0087,ই-পাসপোর্ট আবেদনের জন্য সাধারণভাবে কোন কোন কাগজপত্র প্রয়োজন; পরের ধাপটা কী?,PASSPORT,PASSPORT_DOCUMENTS,Passport Documents and Requirements,PASSPORT_DOCUMENTS_REQUIRED,General Passport Required Documents,Low,Formal,FALSE,,PARAPHRASED,PASSPORT_DOCUMENTS_REQUIRED_F01,Easy,FALSE,Controlled paraphrase 2 of reviewed independent seed; family preserved; automated validation complete.
PASSX_0088,passport করতে overall কোন documents লাগবে?,PASSPORT,PASSPORT_DOCUMENTS,Passport Documents and Requirements,PASSPORT_DOCUMENTS_REQUIRED,General Passport Required Documents,Low,Informal,FALSE,,SYNTHETIC,PASSPORT_DOCUMENTS_REQUIRED_F02,Medium,FALSE,Reviewed independent pilot seed retained for canonical expansion.
PASSX_0089,এটা নিয়ে সাহায্য দরকার: passport করতে overall কোন documents দরকার হবে?,PASSPORT,PASSPORT_DOCUMENTS,Passport Documents and Requirements,PASSPORT_DOCUMENTS_REQUIRED,General Passport Required Documents,Low,Informal,FALSE,,PARAPHRASED,PASSPORT_DOCUMENTS_REQUIRED_F02,Medium,FALSE,Controlled paraphrase 1 of reviewed independent seed; family preserved; automated validation complete.
PASSX_0090,passport করতে overall কোন documents দরকার হবে?,PASSPORT,PASSPORT_DOCUMENTS,Passport Documents and Requirements,PASSPORT_DOCUMENTS_REQUIRED,General Passport Required Documents,Low,Informal,FALSE,,PARAPHRASED,PASSPORT_DOCUMENTS_REQUIRED_F02,Medium,FALSE,Controlled paraphrase 2 of reviewed independent seed; family preserved; automated validation complete.
PASSX_0097,ই-পাসপোর্ট করতে জাতীয় পরিচয়পত্র প্রয়োজন কি?,PASSPORT,PASSPORT_DOCUMENTS,Passport Documents and Requirements,PASSPORT_DOCUMENTS_NID_REQUIREMENT,NID Requirement for Passport,Low,Formal,FALSE,,SYNTHETIC,PASSPORT_DOCUMENTS_NID_REQUIREMENT_F01,Easy,FALSE,Reviewed independent pilot seed retained for canonical expansion.
PASSX_0098,আমার ক্ষেত্রে ই-পাসপোর্ট করতে জাতীয় পরিচয়পত্র প্রয়োজন কি?,PASSPORT,PASSPORT_DOCUMENTS,Passport Documents and Requirements,PASSPORT_DOCUMENTS_NID_REQUIREMENT,NID Requirement for Passport,Low,Formal,FALSE,,PARAPHRASED,PASSPORT_DOCUMENTS_NID_REQUIREMENT_F01,Easy,FALSE,Controlled paraphrase 1 of reviewed independent seed; family preserved; automated validation complete.
PASSX_0099,ই-পাসপোর্ট করতে জাতীয় পরিচয়পত্র প্রয়োজন কি; পরের ধাপটা কী?,PASSPORT,PASSPORT_DOCUMENTS,Passport Documents and Requirements,PASSPORT_DOCUMENTS_NID_REQUIREMENT,NID Requirement for Passport,Low,Formal,FALSE,,PARAPHRASED,PASSPORT_DOCUMENTS_NID_REQUIREMENT_F01,Easy,FALSE,Controlled paraphrase 2 of reviewed independent seed; family preserved; automated validation complete.
PASSX_0100,passport application-এর জন্য NID mandatory নাকি?,PASSPORT,PASSPORT_DOCUMENTS,Passport Documents and Requirements,PASSPORT_DOCUMENTS_NID_REQUIREMENT,NID Requirement for Passport,Low,Informal,FALSE,,SYNTHETIC,PASSPORT_DOCUMENTS_NID_REQUIREMENT_F02,Medium,FALSE,Reviewed independent pilot seed retained for canonical expansion.
PASSX_0101,এটা নিয়ে সাহায্য দরকার: passport application-এর জন্য NID mandatory নাকি?,PASSPORT,PASSPORT_DOCUMENTS,Passport Documents and Requirements,PASSPORT_DOCUMENTS_NID_REQUIREMENT,NID Requirement for Passport,Low,Informal,FALSE,,PARAPHRASED,PASSPORT_DOCUMENTS_NID_REQUIREMENT_F02,Medium,FALSE,Controlled paraphrase 1 of reviewed independent seed; family preserved; automated validation complete.
PASSX_0102,এই বিষয়ে সহায়তা চাই: passport application-এর জন্য NID mandatory নাকি?,PASSPORT,PASSPORT_DOCUMENTS,Passport Documents and Requirements,PASSPORT_DOCUMENTS_NID_REQUIREMENT,NID Requirement for Passport,Low,Informal,FALSE,,PARAPHRASED,PASSPORT_DOCUMENTS_NID_REQUIREMENT_F02,Medium,FALSE,Controlled paraphrase 2 of reviewed independent seed; family preserved; automated validation complete.
PASSX_0109,ই-পাসপোর্ট আবেদনে জন্মনিবন্ধন সনদ ব্যবহার করা যায় কি?,PASSPORT,PASSPORT_DOCUMENTS,Passport Documents and Requirements,PASSPORT_DOCUMENTS_BIRTH_REGISTRATION_REQUIREMENT,Birth Registration Requirement for Passport,Low,Formal,FALSE,,SYNTHETIC,PASSPORT_DOCUMENTS_BIRTH_REGISTRATION_REQUIREMENT_F01,Easy,FALSE,Reviewed independent pilot seed retained for canonical expansion.
PASSX_0110,আমার ক্ষেত্রে ই-পাসপোর্ট আবেদনে জন্মনিবন্ধন সনদ ব্যবহার করা যায় কি?,PASSPORT,PASSPORT_DOCUMENTS,Passport Documents and Requirements,PASSPORT_DOCUMENTS_BIRTH_REGISTRATION_REQUIREMENT,Birth Registration Requirement for Passport,Low,Formal,FALSE,,PARAPHRASED,PASSPORT_DOCUMENTS_BIRTH_REGISTRATION_REQUIREMENT_F01,Easy,FALSE,Controlled paraphrase 1 of reviewed independent seed; family preserved; automated validation complete.
PASSX_0111,ই-পাসপোর্ট আবেদনে জন্মনিবন্ধন সনদ ব্যবহার করা যায় কি; পরের ধাপটা কী?,PASSPORT,PASSPORT_DOCUMENTS,Passport Documents and Requirements,PASSPORT_DOCUMENTS_BIRTH_REGISTRATION_REQUIREMENT,Birth Registration Requirement for Passport,Low,Formal,FALSE,,PARAPHRASED,PASSPORT_DOCUMENTS_BIRTH_REGISTRATION_REQUIREMENT_F01,Easy,FALSE,Controlled paraphrase 2 of reviewed independent seed; family preserved; automated validation complete.
PASSX_0112,passport করতে birth registration লাগবে?,PASSPORT,PASSPORT_DOCUMENTS,Passport Documents and Requirements,PASSPORT_DOCUMENTS_BIRTH_REGISTRATION_REQUIREMENT,Birth Registration Requirement for Passport,Low,Informal,FALSE,,SYNTHETIC,PASSPORT_DOCUMENTS_BIRTH_REGISTRATION_REQUIREMENT_F02,Medium,FALSE,Reviewed independent pilot seed retained for canonical expansion.
PASSX_0113,এটা নিয়ে সাহায্য দরকার: passport করতে birth registration দরকার হবে?,PASSPORT,PASSPORT_DOCUMENTS,Passport Documents and Requirements,PASSPORT_DOCUMENTS_BIRTH_REGISTRATION_REQUIREMENT,Birth Registration Requirement for Passport,Low,Informal,FALSE,,PARAPHRASED,PASSPORT_DOCUMENTS_BIRTH_REGISTRATION_REQUIREMENT_F02,Medium,FALSE,Controlled paraphrase 1 of reviewed independent seed; family preserved; automated validation complete.
PASSX_0114,passport করতে birth registration দরকার হবে?,PASSPORT,PASSPORT_DOCUMENTS,Passport Documents and Requirements,PASSPORT_DOCUMENTS_BIRTH_REGISTRATION_REQUIREMENT,Birth Registration Requirement for Passport,Low,Informal,FALSE,,PARAPHRASED,PASSPORT_DOCUMENTS_BIRTH_REGISTRATION_REQUIREMENT_F02,Medium,FALSE,Controlled paraphrase 2 of reviewed independent seed; family preserved; automated validation complete.
PASSX_0121,পাসপোর্ট পুনরায় ইস্যুর সময় আগের পাসপোর্টটি কি সঙ্গে দিতে হবে?,PASSPORT,PASSPORT_DOCUMENTS,Passport Documents and Requirements,PASSPORT_DOCUMENTS_PREVIOUS_PASSPORT,Previous Passport Document Requirement,Low,Formal,FALSE,,SYNTHETIC,PASSPORT_DOCUMENTS_PREVIOUS_PASSPORT_F01,Easy,FALSE,Reviewed independent pilot seed retained for canonical expansion.
PASSX_0122,আমার ক্ষেত্রে পাসপোর্ট পুনরায় ইস্যুর সময় আগের পাসপোর্টটি কি সঙ্গে দিতে হবে?,PASSPORT,PASSPORT_DOCUMENTS,Passport Documents and Requirements,PASSPORT_DOCUMENTS_PREVIOUS_PASSPORT,Previous Passport Document Requirement,Low,Formal,FALSE,,PARAPHRASED,PASSPORT_DOCUMENTS_PREVIOUS_PASSPORT_F01,Easy,FALSE,Controlled paraphrase 1 of reviewed independent seed; family preserved; automated validation complete.
PASSX_0123,পাসপোর্ট পুনরায় ইস্যুর সময় আগের পাসপোর্টটি কি সঙ্গে দিতে হবে; পরের ধাপটা কী?,PASSPORT,PASSPORT_DOCUMENTS,Passport Documents and Requirements,PASSPORT_DOCUMENTS_PREVIOUS_PASSPORT,Previous Passport Document Requirement,Low,Formal,FALSE,,PARAPHRASED,PASSPORT_DOCUMENTS_PREVIOUS_PASSPORT_F01,Easy,FALSE,Controlled paraphrase 2 of reviewed independent seed; family preserved; automated validation complete.
PASSX_0124,reissue করতে old passport নিয়ে যেতে হবে?,PASSPORT,PASSPORT_DOCUMENTS,Passport Documents and Requirements,PASSPORT_DOCUMENTS_PREVIOUS_PASSPORT,Previous Passport Document Requirement,Low,Informal,FALSE,,SYNTHETIC,PASSPORT_DOCUMENTS_PREVIOUS_PASSPORT_F02,Medium,FALSE,Reviewed independent pilot seed retained for canonical expansion.
PASSX_0125,এটা নিয়ে সাহায্য দরকার: reissue করতে old passport নিয়ে যেতে হবে?,PASSPORT,PASSPORT_DOCUMENTS,Passport Documents and Requirements,PASSPORT_DOCUMENTS_PREVIOUS_PASSPORT,Previous Passport Document Requirement,Low,Informal,FALSE,,PARAPHRASED,PASSPORT_DOCUMENTS_PREVIOUS_PASSPORT_F02,Medium,FALSE,Controlled paraphrase 1 of reviewed independent seed; family preserved; automated validation complete.
PASSX_0126,এই বিষয়ে সহায়তা চাই: reissue করতে old passport নিয়ে যেতে হবে?,PASSPORT,PASSPORT_DOCUMENTS,Passport Documents and Requirements,PASSPORT_DOCUMENTS_PREVIOUS_PASSPORT,Previous Passport Document Requirement,Low,Informal,FALSE,,PARAPHRASED,PASSPORT_DOCUMENTS_PREVIOUS_PASSPORT_F02,Medium,FALSE,Controlled paraphrase 2 of reviewed independent seed; family preserved; automated validation complete.
PASSX_0133,অপ্রাপ্তবয়স্ক শিশুর পাসপোর্টের জন্য কী কী কাগজপত্র লাগে?,PASSPORT,PASSPORT_DOCUMENTS,Passport Documents and Requirements,PASSPORT_DOCUMENTS_MINOR_APPLICANT,Documents for Minor Passport Applicant,Low,Formal,FALSE,,SYNTHETIC,PASSPORT_DOCUMENTS_MINOR_APPLICANT_F01,Easy,FALSE,Reviewed independent pilot seed retained for canonical expansion.
PASSX_0134,আমার ক্ষেত্রে অপ্রাপ্তবয়স্ক শিশুর পাসপোর্টের জন্য কোন কোন কাগজপত্র লাগে?,PASSPORT,PASSPORT_DOCUMENTS,Passport Documents and Requirements,PASSPORT_DOCUMENTS_MINOR_APPLICANT,Documents for Minor Passport Applicant,Low,Formal,FALSE,,PARAPHRASED,PASSPORT_DOCUMENTS_MINOR_APPLICANT_F01,Easy,FALSE,Controlled paraphrase 1 of reviewed independent seed; family preserved; automated validation complete.
PASSX_0135,অপ্রাপ্তবয়স্ক শিশুর পাসপোর্টের জন্য কোন কোন কাগজপত্র লাগে; পরের ধাপটা কী?,PASSPORT,PASSPORT_DOCUMENTS,Passport Documents and Requirements,PASSPORT_DOCUMENTS_MINOR_APPLICANT,Documents for Minor Passport Applicant,Low,Formal,FALSE,,PARAPHRASED,PASSPORT_DOCUMENTS_MINOR_APPLICANT_F01,Easy,FALSE,Controlled paraphrase 2 of reviewed independent seed; family preserved; automated validation complete.
PASSX_0136,আমার বাচ্চার passport করতে কোন documents লাগবে?,PASSPORT,PASSPORT_DOCUMENTS,Passport Documents and Requirements,PASSPORT_DOCUMENTS_MINOR_APPLICANT,Documents for Minor Passport Applicant,Low,Informal,FALSE,,SYNTHETIC,PASSPORT_DOCUMENTS_MINOR_APPLICANT_F02,Medium,FALSE,Reviewed independent pilot seed retained for canonical expansion.
PASSX_0137,এটা নিয়ে সাহায্য দরকার: আমার বাচ্চার passport করতে কোন documents দরকার হবে?,PASSPORT,PASSPORT_DOCUMENTS,Passport Documents and Requirements,PASSPORT_DOCUMENTS_MINOR_APPLICANT,Documents for Minor Passport Applicant,Low,Informal,FALSE,,PARAPHRASED,PASSPORT_DOCUMENTS_MINOR_APPLICANT_F02,Medium,FALSE,Controlled paraphrase 1 of reviewed independent seed; family preserved; automated validation complete.
PASSX_0138,আমার বাচ্চার passport করতে কোন documents দরকার হবে?,PASSPORT,PASSPORT_DOCUMENTS,Passport Documents and Requirements,PASSPORT_DOCUMENTS_MINOR_APPLICANT,Documents for Minor Passport Applicant,Low,Informal,FALSE,,PARAPHRASED,PASSPORT_DOCUMENTS_MINOR_APPLICANT_F02,Medium,FALSE,Controlled paraphrase 2 of reviewed independent seed; family preserved; automated validation complete.
PASSX_0145,ই-পাসপোর্ট এনরোলমেন্টের দিনে কোন কোন কাগজপত্র সঙ্গে নিতে হবে?,PASSPORT,PASSPORT_DOCUMENTS,Passport Documents and Requirements,PASSPORT_DOCUMENTS_ENROLMENT,Documents Required for Passport Enrolment,Low,Formal,FALSE,,SYNTHETIC,PASSPORT_DOCUMENTS_ENROLMENT_F01,Easy,FALSE,Reviewed independent pilot seed retained for canonical expansion.
PASSX_0146,আমার ক্ষেত্রে ই-পাসপোর্ট এনরোলমেন্টের দিনে কোন কোন কাগজপত্র সঙ্গে নিতে হবে?,PASSPORT,PASSPORT_DOCUMENTS,Passport Documents and Requirements,PASSPORT_DOCUMENTS_ENROLMENT,Documents Required for Passport Enrolment,Low,Formal,FALSE,,PARAPHRASED,PASSPORT_DOCUMENTS_ENROLMENT_F01,Easy,FALSE,Controlled paraphrase 1 of reviewed independent seed; family preserved; automated validation complete.
PASSX_0147,ই-পাসপোর্ট এনরোলমেন্টের দিনে কোন কোন কাগজপত্র সঙ্গে নিতে হবে; পরের ধাপটা কী?,PASSPORT,PASSPORT_DOCUMENTS,Passport Documents and Requirements,PASSPORT_DOCUMENTS_ENROLMENT,Documents Required for Passport Enrolment,Low,Formal,FALSE,,PARAPHRASED,PASSPORT_DOCUMENTS_ENROLMENT_F01,Easy,FALSE,Controlled paraphrase 2 of reviewed independent seed; family preserved; automated validation complete.
PASSX_0148,biometric দিতে গেলে কী documents নিয়ে যাব?,PASSPORT,PASSPORT_DOCUMENTS,Passport Documents and Requirements,PASSPORT_DOCUMENTS_ENROLMENT,Documents Required for Passport Enrolment,Low,Informal,FALSE,,SYNTHETIC,PASSPORT_DOCUMENTS_ENROLMENT_F02,Medium,FALSE,Reviewed independent pilot seed retained for canonical expansion.
PASSX_0149,এটা নিয়ে সাহায্য দরকার: biometric দিতে গেলে কী documents নিয়ে যাব?,PASSPORT,PASSPORT_DOCUMENTS,Passport Documents and Requirements,PASSPORT_DOCUMENTS_ENROLMENT,Documents Required for Passport Enrolment,Low,Informal,FALSE,,PARAPHRASED,PASSPORT_DOCUMENTS_ENROLMENT_F02,Medium,FALSE,Controlled paraphrase 1 of reviewed independent seed; family preserved; automated validation complete.
PASSX_0150,এই বিষয়ে সহায়তা চাই: biometric দিতে গেলে কী documents নিয়ে যাব?,PASSPORT,PASSPORT_DOCUMENTS,Passport Documents and Requirements,PASSPORT_DOCUMENTS_ENROLMENT,Documents Required for Passport Enrolment,Low,Informal,FALSE,,PARAPHRASED,PASSPORT_DOCUMENTS_ENROLMENT_F02,Medium,FALSE,Controlled paraphrase 2 of reviewed independent seed; family preserved; automated validation complete.
PASSX_0157,পাসপোর্ট আবেদনের প্রয়োজনীয় একটি কাগজ আমার কাছে নেই; কী করব?,PASSPORT,PASSPORT_DOCUMENTS,Passport Documents and Requirements,PASSPORT_DOCUMENTS_MISSING,Missing or Unavailable Passport Document,Medium,Formal,FALSE,,SYNTHETIC,PASSPORT_DOCUMENTS_MISSING_F01,Easy,FALSE,Reviewed independent pilot seed retained for canonical expansion.
PASSX_0158,আমার ক্ষেত্রে পাসপোর্ট আবেদনের প্রয়োজনীয় একটি কাগজ আমার কাছে নেই; কী করতে হবে?,PASSPORT,PASSPORT_DOCUMENTS,Passport Documents and Requirements,PASSPORT_DOCUMENTS_MISSING,Missing or Unavailable Passport Document,Medium,Formal,FALSE,,PARAPHRASED,PASSPORT_DOCUMENTS_MISSING_F01,Easy,FALSE,Controlled paraphrase 1 of reviewed independent seed; family preserved; automated validation complete.
PASSX_0159,পাসপোর্ট আবেদনের প্রয়োজনীয় একটি কাগজ আমার কাছে নেই; কী করতে হবে; পরের ধাপটা কী?,PASSPORT,PASSPORT_DOCUMENTS,Passport Documents and Requirements,PASSPORT_DOCUMENTS_MISSING,Missing or Unavailable Passport Document,Medium,Formal,FALSE,,PARAPHRASED,PASSPORT_DOCUMENTS_MISSING_F01,Easy,FALSE,Controlled paraphrase 2 of reviewed independent seed; family preserved; automated validation complete.
PASSX_0160,"required passport document একটা missing, এখন application কীভাবে এগোব?",PASSPORT,PASSPORT_DOCUMENTS,Passport Documents and Requirements,PASSPORT_DOCUMENTS_MISSING,Missing or Unavailable Passport Document,Medium,Informal,FALSE,,SYNTHETIC,PASSPORT_DOCUMENTS_MISSING_F02,Medium,FALSE,Reviewed independent pilot seed retained for canonical expansion.
PASSX_0161,"এটা নিয়ে সাহায্য দরকার: required passport document একটা missing, এখন application কোন প্রক্রিয়ায় এগোব?",PASSPORT,PASSPORT_DOCUMENTS,Passport Documents and Requirements,PASSPORT_DOCUMENTS_MISSING,Missing or Unavailable Passport Document,Medium,Informal,FALSE,,PARAPHRASED,PASSPORT_DOCUMENTS_MISSING_F02,Medium,FALSE,Controlled paraphrase 1 of reviewed independent seed; family preserved; automated validation complete.
PASSX_0162,"required passport document একটা missing, এখন application কোন প্রক্রিয়ায় এগোব?",PASSPORT,PASSPORT_DOCUMENTS,Passport Documents and Requirements,PASSPORT_DOCUMENTS_MISSING,Missing or Unavailable Passport Document,Medium,Informal,FALSE,,PARAPHRASED,PASSPORT_DOCUMENTS_MISSING_F02,Medium,FALSE,Controlled paraphrase 2 of reviewed independent seed; family preserved; automated validation complete.
PASSX_0169,অফিশিয়াল বা ডিপ্লোম্যাটিক পাসপোর্টের জন্য কী কী সহায়ক কাগজপত্র লাগে?,PASSPORT,PASSPORT_DOCUMENTS,Passport Documents and Requirements,PASSPORT_DOCUMENTS_OFFICIAL_DIPLOMATIC,Official or Diplomatic Passport Documents,Low,Formal,FALSE,,SYNTHETIC,PASSPORT_DOCUMENTS_OFFICIAL_DIPLOMATIC_F01,Easy,FALSE,Reviewed independent pilot seed retained for canonical expansion.
PASSX_0170,আমার ক্ষেত্রে অফিশিয়াল বা ডিপ্লোম্যাটিক পাসপোর্টের জন্য কোন কোন সহায়ক কাগজপত্র লাগে?,PASSPORT,PASSPORT_DOCUMENTS,Passport Documents and Requirements,PASSPORT_DOCUMENTS_OFFICIAL_DIPLOMATIC,Official or Diplomatic Passport Documents,Low,Formal,FALSE,,PARAPHRASED,PASSPORT_DOCUMENTS_OFFICIAL_DIPLOMATIC_F01,Easy,FALSE,Controlled paraphrase 1 of reviewed independent seed; family preserved; automated validation complete.
PASSX_0171,অফিশিয়াল বা ডিপ্লোম্যাটিক পাসপোর্টের জন্য কোন কোন সহায়ক কাগজপত্র লাগে; পরের ধাপটা কী?,PASSPORT,PASSPORT_DOCUMENTS,Passport Documents and Requirements,PASSPORT_DOCUMENTS_OFFICIAL_DIPLOMATIC,Official or Diplomatic Passport Documents,Low,Formal,FALSE,,PARAPHRASED,PASSPORT_DOCUMENTS_OFFICIAL_DIPLOMATIC_F01,Easy,FALSE,Controlled paraphrase 2 of reviewed independent seed; family preserved; automated validation complete.
PASSX_0172,official passport-এর জন্য GO বা NOC লাগবে কিনা জানতে চাই।,PASSPORT,PASSPORT_DOCUMENTS,Passport Documents and Requirements,PASSPORT_DOCUMENTS_OFFICIAL_DIPLOMATIC,Official or Diplomatic Passport Documents,Low,Informal,FALSE,,SYNTHETIC,PASSPORT_DOCUMENTS_OFFICIAL_DIPLOMATIC_F02,Medium,FALSE,Reviewed independent pilot seed retained for canonical expansion.
PASSX_0173,এটা নিয়ে সাহায্য দরকার: official passport-এর জন্য GO বা NOC লাগবে কিনা জানতে প্রয়োজন?,PASSPORT,PASSPORT_DOCUMENTS,Passport Documents and Requirements,PASSPORT_DOCUMENTS_OFFICIAL_DIPLOMATIC,Official or Diplomatic Passport Documents,Low,Informal,FALSE,,PARAPHRASED,PASSPORT_DOCUMENTS_OFFICIAL_DIPLOMATIC_F02,Medium,FALSE,Controlled paraphrase 1 of reviewed independent seed; family preserved; automated validation complete.
PASSX_0174,official passport-এর জন্য GO বা NOC লাগবে কিনা জানতে প্রয়োজন?,PASSPORT,PASSPORT_DOCUMENTS,Passport Documents and Requirements,PASSPORT_DOCUMENTS_OFFICIAL_DIPLOMATIC,Official or Diplomatic Passport Documents,Low,Informal,FALSE,,PARAPHRASED,PASSPORT_DOCUMENTS_OFFICIAL_DIPLOMATIC_F02,Medium,FALSE,Controlled paraphrase 2 of reviewed independent seed; family preserved; automated validation complete.
PASSX_0181,ই-পাসপোর্ট অনলাইন সেবার জন্য নতুন অ্যাকাউন্ট কীভাবে তৈরি করব?,PASSPORT,PASSPORT_ONLINE_ACCOUNT,Passport Online Account,PASSPORT_ONLINE_ACCOUNT_REGISTRATION,Passport Online Account Registration,Low,Formal,FALSE,,SYNTHETIC,PASSPORT_ONLINE_ACCOUNT_REGISTRATION_F01,Easy,FALSE,Reviewed independent pilot seed retained for canonical expansion.
PASSX_0182,আমার ক্ষেত্রে ই-পাসপোর্ট অনলাইন সেবার জন্য নতুন অ্যাকাউন্ট কীভাবে তৈরি করতে হবে?,PASSPORT,PASSPORT_ONLINE_ACCOUNT,Passport Online Account,PASSPORT_ONLINE_ACCOUNT_REGISTRATION,Passport Online Account Registration,Low,Formal,FALSE,,PARAPHRASED,PASSPORT_ONLINE_ACCOUNT_REGISTRATION_F01,Easy,FALSE,Controlled paraphrase 1 of reviewed independent seed; family preserved; automated validation complete.
PASSX_0183,ই-পাসপোর্ট অনলাইন সেবার জন্য নতুন অ্যাকাউন্ট কীভাবে তৈরি করতে হবে; পরের ধাপটা কী?,PASSPORT,PASSPORT_ONLINE_ACCOUNT,Passport Online Account,PASSPORT_ONLINE_ACCOUNT_REGISTRATION,Passport Online Account Registration,Low,Formal,FALSE,,PARAPHRASED,PASSPORT_ONLINE_ACCOUNT_REGISTRATION_F01,Easy,FALSE,Controlled paraphrase 2 of reviewed independent seed; family preserved; automated validation complete.
PASSX_0184,"passport portal-এ account খুলতে চাই, কী করতে হবে?",PASSPORT,PASSPORT_ONLINE_ACCOUNT,Passport Online Account,PASSPORT_ONLINE_ACCOUNT_REGISTRATION,Passport Online Account Registration,Low,Informal,FALSE,,SYNTHETIC,PASSPORT_ONLINE_ACCOUNT_REGISTRATION_F02,Medium,FALSE,Reviewed independent pilot seed retained for canonical expansion.
PASSX_0185,"এটা নিয়ে সাহায্য দরকার: passport portal-এ account খুলতে প্রয়োজন, কী করতে হবে?",PASSPORT,PASSPORT_ONLINE_ACCOUNT,Passport Online Account,PASSPORT_ONLINE_ACCOUNT_REGISTRATION,Passport Online Account Registration,Low,Informal,FALSE,,PARAPHRASED,PASSPORT_ONLINE_ACCOUNT_REGISTRATION_F02,Medium,FALSE,Controlled paraphrase 1 of reviewed independent seed; family preserved; automated validation complete.
PASSX_0186,"passport portal-এ account খুলতে প্রয়োজন, কী করতে হবে?",PASSPORT,PASSPORT_ONLINE_ACCOUNT,Passport Online Account,PASSPORT_ONLINE_ACCOUNT_REGISTRATION,Passport Online Account Registration,Low,Informal,FALSE,,PARAPHRASED,PASSPORT_ONLINE_ACCOUNT_REGISTRATION_F02,Medium,FALSE,Controlled paraphrase 2 of reviewed independent seed; family preserved; automated validation complete.
PASSX_0193,আমার বিদ্যমান ই-পাসপোর্ট অ্যাকাউন্টে কীভাবে লগইন করব?,PASSPORT,PASSPORT_ONLINE_ACCOUNT,Passport Online Account,PASSPORT_ONLINE_ACCOUNT_LOGIN,Passport Online Account Login,Low,Formal,FALSE,,SYNTHETIC,PASSPORT_ONLINE_ACCOUNT_LOGIN_F01,Easy,FALSE,Reviewed independent pilot seed retained for canonical expansion.
PASSX_0194,আমার ক্ষেত্রে আমার বিদ্যমান ই-পাসপোর্ট অ্যাকাউন্টে কোন প্রক্রিয়ায় লগইন করব?,PASSPORT,PASSPORT_ONLINE_ACCOUNT,Passport Online Account,PASSPORT_ONLINE_ACCOUNT_LOGIN,Passport Online Account Login,Low,Formal,FALSE,,PARAPHRASED,PASSPORT_ONLINE_ACCOUNT_LOGIN_F01,Easy,FALSE,Controlled paraphrase 1 of reviewed independent seed; family preserved; automated validation complete.
PASSX_0195,আমার বিদ্যমান ই-পাসপোর্ট অ্যাকাউন্টে কোন প্রক্রিয়ায় লগইন করব; পরের ধাপটা কী?,PASSPORT,PASSPORT_ONLINE_ACCOUNT,Passport Online Account,PASSPORT_ONLINE_ACCOUNT_LOGIN,Passport Online Account Login,Low,Formal,FALSE,,PARAPHRASED,PASSPORT_ONLINE_ACCOUNT_LOGIN_F01,Easy,FALSE,Controlled paraphrase 2 of reviewed independent seed; family preserved; automated validation complete.
PASSX_0196,passport portal login কোথা থেকে করব?,PASSPORT,PASSPORT_ONLINE_ACCOUNT,Passport Online Account,PASSPORT_ONLINE_ACCOUNT_LOGIN,Passport Online Account Login,Low,Informal,FALSE,,SYNTHETIC,PASSPORT_ONLINE_ACCOUNT_LOGIN_F02,Medium,FALSE,Reviewed independent pilot seed retained for canonical expansion.
PASSX_0197,এটা নিয়ে সাহায্য দরকার: passport portal login কোথা থেকে করতে হবে?,PASSPORT,PASSPORT_ONLINE_ACCOUNT,Passport Online Account,PASSPORT_ONLINE_ACCOUNT_LOGIN,Passport Online Account Login,Low,Informal,FALSE,,PARAPHRASED,PASSPORT_ONLINE_ACCOUNT_LOGIN_F02,Medium,FALSE,Controlled paraphrase 1 of reviewed independent seed; family preserved; automated validation complete.
PASSX_0198,passport portal login কোথা থেকে করতে হবে?,PASSPORT,PASSPORT_ONLINE_ACCOUNT,Passport Online Account,PASSPORT_ONLINE_ACCOUNT_LOGIN,Passport Online Account Login,Low,Informal,FALSE,,PARAPHRASED,PASSPORT_ONLINE_ACCOUNT_LOGIN_F02,Medium,FALSE,Controlled paraphrase 2 of reviewed independent seed; family preserved; automated validation complete.
PASSX_0205,ই-পাসপোর্ট অ্যাকাউন্টের পাসওয়ার্ড ভুলে গেলে কীভাবে রিসেট করব?,PASSPORT,PASSPORT_ONLINE_ACCOUNT,Passport Online Account,PASSPORT_ONLINE_ACCOUNT_PASSWORD_RESET,Forgotten Password and Password Reset,Low,Formal,FALSE,,SYNTHETIC,PASSPORT_ONLINE_ACCOUNT_PASSWORD_RESET_F01,Easy,FALSE,Reviewed independent pilot seed retained for canonical expansion.
PASSX_0206,আমার ক্ষেত্রে ই-পাসপোর্ট অ্যাকাউন্টের পাসওয়ার্ড ভুলে গেলে কোন প্রক্রিয়ায় রিসেট করব?,PASSPORT,PASSPORT_ONLINE_ACCOUNT,Passport Online Account,PASSPORT_ONLINE_ACCOUNT_PASSWORD_RESET,Forgotten Password and Password Reset,Low,Formal,FALSE,,PARAPHRASED,PASSPORT_ONLINE_ACCOUNT_PASSWORD_RESET_F01,Easy,FALSE,Controlled paraphrase 1 of reviewed independent seed; family preserved; automated validation complete.
PASSX_0207,ই-পাসপোর্ট অ্যাকাউন্টের পাসওয়ার্ড ভুলে গেলে কোন প্রক্রিয়ায় রিসেট করব; পরের ধাপটা কী?,PASSPORT,PASSPORT_ONLINE_ACCOUNT,Passport Online Account,PASSPORT_ONLINE_ACCOUNT_PASSWORD_RESET,Forgotten Password and Password Reset,Low,Formal,FALSE,,PARAPHRASED,PASSPORT_ONLINE_ACCOUNT_PASSWORD_RESET_F01,Easy,FALSE,Controlled paraphrase 2 of reviewed independent seed; family preserved; automated validation complete.
PASSX_0208,"passport portal-এর password মনে নেই, recover করব কীভাবে?",PASSPORT,PASSPORT_ONLINE_ACCOUNT,Passport Online Account,PASSPORT_ONLINE_ACCOUNT_PASSWORD_RESET,Forgotten Password and Password Reset,Low,Informal,FALSE,,SYNTHETIC,PASSPORT_ONLINE_ACCOUNT_PASSWORD_RESET_F02,Medium,FALSE,Reviewed independent pilot seed retained for canonical expansion.
PASSX_0209,"এটা নিয়ে সাহায্য দরকার: passport portal-এর password মনে নেই, recover করব কোন প্রক্রিয়ায়?",PASSPORT,PASSPORT_ONLINE_ACCOUNT,Passport Online Account,PASSPORT_ONLINE_ACCOUNT_PASSWORD_RESET,Forgotten Password and Password Reset,Low,Informal,FALSE,,PARAPHRASED,PASSPORT_ONLINE_ACCOUNT_PASSWORD_RESET_F02,Medium,FALSE,Controlled paraphrase 1 of reviewed independent seed; family preserved; automated validation complete.
PASSX_0210,"passport portal-এর password মনে নেই, recover করব কোন প্রক্রিয়ায়?",PASSPORT,PASSPORT_ONLINE_ACCOUNT,Passport Online Account,PASSPORT_ONLINE_ACCOUNT_PASSWORD_RESET,Forgotten Password and Password Reset,Low,Informal,FALSE,,PARAPHRASED,PASSPORT_ONLINE_ACCOUNT_PASSWORD_RESET_F02,Medium,FALSE,Controlled paraphrase 2 of reviewed independent seed; family preserved; automated validation complete.
PASSX_0217,নতুন ই-পাসপোর্ট অ্যাকাউন্ট কীভাবে সক্রিয় করব?,PASSPORT,PASSPORT_ONLINE_ACCOUNT,Passport Online Account,PASSPORT_ONLINE_ACCOUNT_ACTIVATION,Passport Account Activation,Low,Formal,FALSE,,SYNTHETIC,PASSPORT_ONLINE_ACCOUNT_ACTIVATION_F01,Easy,FALSE,Reviewed independent pilot seed retained for canonical expansion.
PASSX_0218,আমার ক্ষেত্রে নতুন ই-পাসপোর্ট অ্যাকাউন্ট কোন প্রক্রিয়ায় সক্রিয় করব?,PASSPORT,PASSPORT_ONLINE_ACCOUNT,Passport Online Account,PASSPORT_ONLINE_ACCOUNT_ACTIVATION,Passport Account Activation,Low,Formal,FALSE,,PARAPHRASED,PASSPORT_ONLINE_ACCOUNT_ACTIVATION_F01,Easy,FALSE,Controlled paraphrase 1 of reviewed independent seed; family preserved; automated validation complete.
PASSX_0219,নতুন ই-পাসপোর্ট অ্যাকাউন্ট কোন প্রক্রিয়ায় সক্রিয় করব; পরের ধাপটা কী?,PASSPORT,PASSPORT_ONLINE_ACCOUNT,Passport Online Account,PASSPORT_ONLINE_ACCOUNT_ACTIVATION,Passport Account Activation,Low,Formal,FALSE,,PARAPHRASED,PASSPORT_ONLINE_ACCOUNT_ACTIVATION_F01,Easy,FALSE,Controlled paraphrase 2 of reviewed independent seed; family preserved; automated validation complete.
PASSX_0220,"passport account create করেছি, activate করব কীভাবে?",PASSPORT,PASSPORT_ONLINE_ACCOUNT,Passport Online Account,PASSPORT_ONLINE_ACCOUNT_ACTIVATION,Passport Account Activation,Low,Informal,FALSE,,SYNTHETIC,PASSPORT_ONLINE_ACCOUNT_ACTIVATION_F02,Medium,FALSE,Reviewed independent pilot seed retained for canonical expansion.
PASSX_0221,"এটা নিয়ে সাহায্য দরকার: passport account create করেছি, activate করব কোন প্রক্রিয়ায়?",PASSPORT,PASSPORT_ONLINE_ACCOUNT,Passport Online Account,PASSPORT_ONLINE_ACCOUNT_ACTIVATION,Passport Account Activation,Low,Informal,FALSE,,PARAPHRASED,PASSPORT_ONLINE_ACCOUNT_ACTIVATION_F02,Medium,FALSE,Controlled paraphrase 1 of reviewed independent seed; family preserved; automated validation complete.
PASSX_0222,"passport account create করেছি, activate করব কোন প্রক্রিয়ায়?",PASSPORT,PASSPORT_ONLINE_ACCOUNT,Passport Online Account,PASSPORT_ONLINE_ACCOUNT_ACTIVATION,Passport Account Activation,Low,Informal,FALSE,,PARAPHRASED,PASSPORT_ONLINE_ACCOUNT_ACTIVATION_F02,Medium,FALSE,Controlled paraphrase 2 of reviewed independent seed; family preserved; automated validation complete.
PASSX_0229,ই-পাসপোর্ট অ্যাকাউন্ট খোলার পর activation email পাইনি; কী করব?,PASSPORT,PASSPORT_ONLINE_ACCOUNT,Passport Online Account,PASSPORT_ONLINE_ACCOUNT_ACTIVATION_EMAIL_NOT_RECEIVED,Passport Account Activation Email Not Received,Medium,Formal,FALSE,,SYNTHETIC,PASSPORT_ONLINE_ACCOUNT_ACTIVATION_EMAIL_NOT_RECEIVED_F01,Easy,FALSE,Reviewed independent pilot seed retained for canonical expansion.
PASSX_0230,আমার ক্ষেত্রে ই-পাসপোর্ট অ্যাকাউন্ট খোলার পর activation email পাইনি; কী করতে হবে?,PASSPORT,PASSPORT_ONLINE_ACCOUNT,Passport Online Account,PASSPORT_ONLINE_ACCOUNT_ACTIVATION_EMAIL_NOT_RECEIVED,Passport Account Activation Email Not Received,Medium,Formal,FALSE,,PARAPHRASED,PASSPORT_ONLINE_ACCOUNT_ACTIVATION_EMAIL_NOT_RECEIVED_F01,Easy,FALSE,Controlled paraphrase 1 of reviewed independent seed; family preserved; automated validation complete.
PASSX_0231,ই-পাসপোর্ট অ্যাকাউন্ট খোলার পর activation email পাইনি; কী করতে হবে; পরের ধাপটা কী?,PASSPORT,PASSPORT_ONLINE_ACCOUNT,Passport Online Account,PASSPORT_ONLINE_ACCOUNT_ACTIVATION_EMAIL_NOT_RECEIVED,Passport Account Activation Email Not Received,Medium,Formal,FALSE,,PARAPHRASED,PASSPORT_ONLINE_ACCOUNT_ACTIVATION_EMAIL_NOT_RECEIVED_F01,Easy,FALSE,Controlled paraphrase 2 of reviewed independent seed; family preserved; automated validation complete.
PASSX_0232,passport portal-এ register করেছি কিন্তু verification mail আসেনি।,PASSPORT,PASSPORT_ONLINE_ACCOUNT,Passport Online Account,PASSPORT_ONLINE_ACCOUNT_ACTIVATION_EMAIL_NOT_RECEIVED,Passport Account Activation Email Not Received,Medium,Informal,FALSE,,SYNTHETIC,PASSPORT_ONLINE_ACCOUNT_ACTIVATION_EMAIL_NOT_RECEIVED_F02,Medium,FALSE,Reviewed independent pilot seed retained for canonical expansion.
PASSX_0233,এটা নিয়ে সাহায্য দরকার: passport portal-এ register করেছি কিন্তু verification mail আসেনি?,PASSPORT,PASSPORT_ONLINE_ACCOUNT,Passport Online Account,PASSPORT_ONLINE_ACCOUNT_ACTIVATION_EMAIL_NOT_RECEIVED,Passport Account Activation Email Not Received,Medium,Informal,FALSE,,PARAPHRASED,PASSPORT_ONLINE_ACCOUNT_ACTIVATION_EMAIL_NOT_RECEIVED_F02,Medium,FALSE,Controlled paraphrase 1 of reviewed independent seed; family preserved; automated validation complete.
PASSX_0234,passport portal-এ register করেছি কিন্তু verification mail আসেনি?,PASSPORT,PASSPORT_ONLINE_ACCOUNT,Passport Online Account,PASSPORT_ONLINE_ACCOUNT_ACTIVATION_EMAIL_NOT_RECEIVED,Passport Account Activation Email Not Received,Medium,Informal,FALSE,,PARAPHRASED,PASSPORT_ONLINE_ACCOUNT_ACTIVATION_EMAIL_NOT_RECEIVED_F02,Medium,FALSE,Controlled paraphrase 2 of reviewed independent seed; family preserved; automated validation complete.
PASSX_0241,ই-পাসপোর্ট অ্যাকাউন্টে নিবন্ধিত ইমেইল ঠিকানা কীভাবে পরিবর্তন করব?,PASSPORT,PASSPORT_ONLINE_ACCOUNT,Passport Online Account,PASSPORT_ONLINE_ACCOUNT_EMAIL_CHANGE,Change Registered Passport Account Email,Low,Formal,FALSE,,SYNTHETIC,PASSPORT_ONLINE_ACCOUNT_EMAIL_CHANGE_F01,Easy,FALSE,Reviewed independent pilot seed retained for canonical expansion.
PASSX_0242,আমার ক্ষেত্রে ই-পাসপোর্ট অ্যাকাউন্টে নিবন্ধিত ইমেইল ঠিকানা কোন প্রক্রিয়ায় পরিবর্তন করব?,PASSPORT,PASSPORT_ONLINE_ACCOUNT,Passport Online Account,PASSPORT_ONLINE_ACCOUNT_EMAIL_CHANGE,Change Registered Passport Account Email,Low,Formal,FALSE,,PARAPHRASED,PASSPORT_ONLINE_ACCOUNT_EMAIL_CHANGE_F01,Easy,FALSE,Controlled paraphrase 1 of reviewed independent seed; family preserved; automated validation complete.
PASSX_0243,ই-পাসপোর্ট অ্যাকাউন্টে নিবন্ধিত ইমেইল ঠিকানা কোন প্রক্রিয়ায় পরিবর্তন করব; পরের ধাপটা কী?,PASSPORT,PASSPORT_ONLINE_ACCOUNT,Passport Online Account,PASSPORT_ONLINE_ACCOUNT_EMAIL_CHANGE,Change Registered Passport Account Email,Low,Formal,FALSE,,PARAPHRASED,PASSPORT_ONLINE_ACCOUNT_EMAIL_CHANGE_F01,Easy,FALSE,Controlled paraphrase 2 of reviewed independent seed; family preserved; automated validation complete.
PASSX_0244,passport account-এর old email change করতে চাই।,PASSPORT,PASSPORT_ONLINE_ACCOUNT,Passport Online Account,PASSPORT_ONLINE_ACCOUNT_EMAIL_CHANGE,Change Registered Passport Account Email,Low,Informal,FALSE,,SYNTHETIC,PASSPORT_ONLINE_ACCOUNT_EMAIL_CHANGE_F02,Medium,FALSE,Reviewed independent pilot seed retained for canonical expansion.
PASSX_0245,এটা নিয়ে সাহায্য দরকার: passport account-এর old email change করতে প্রয়োজন?,PASSPORT,PASSPORT_ONLINE_ACCOUNT,Passport Online Account,PASSPORT_ONLINE_ACCOUNT_EMAIL_CHANGE,Change Registered Passport Account Email,Low,Informal,FALSE,,PARAPHRASED,PASSPORT_ONLINE_ACCOUNT_EMAIL_CHANGE_F02,Medium,FALSE,Controlled paraphrase 1 of reviewed independent seed; family preserved; automated validation complete.
PASSX_0246,passport account-এর old email change করতে প্রয়োজন?,PASSPORT,PASSPORT_ONLINE_ACCOUNT,Passport Online Account,PASSPORT_ONLINE_ACCOUNT_EMAIL_CHANGE,Change Registered Passport Account Email,Low,Informal,FALSE,,PARAPHRASED,PASSPORT_ONLINE_ACCOUNT_EMAIL_CHANGE_F02,Medium,FALSE,Controlled paraphrase 2 of reviewed independent seed; family preserved; automated validation complete.
PASSX_0253,ই-পাসপোর্ট অ্যাকাউন্টে নিবন্ধিত মোবাইল নম্বর কীভাবে পরিবর্তন করব?,PASSPORT,PASSPORT_ONLINE_ACCOUNT,Passport Online Account,PASSPORT_ONLINE_ACCOUNT_MOBILE_CHANGE,Change Registered Passport Account Mobile Number,Low,Formal,FALSE,,SYNTHETIC,PASSPORT_ONLINE_ACCOUNT_MOBILE_CHANGE_F01,Easy,FALSE,Reviewed independent pilot seed retained for canonical expansion.
PASSX_0254,আমার ক্ষেত্রে ই-পাসপোর্ট অ্যাকাউন্টে নিবন্ধিত মোবাইল নম্বর কোন প্রক্রিয়ায় পরিবর্তন করব?,PASSPORT,PASSPORT_ONLINE_ACCOUNT,Passport Online Account,PASSPORT_ONLINE_ACCOUNT_MOBILE_CHANGE,Change Registered Passport Account Mobile Number,Low,Formal,FALSE,,PARAPHRASED,PASSPORT_ONLINE_ACCOUNT_MOBILE_CHANGE_F01,Easy,FALSE,Controlled paraphrase 1 of reviewed independent seed; family preserved; automated validation complete.
PASSX_0255,ই-পাসপোর্ট অ্যাকাউন্টে নিবন্ধিত মোবাইল নম্বর কোন প্রক্রিয়ায় পরিবর্তন করব; পরের ধাপটা কী?,PASSPORT,PASSPORT_ONLINE_ACCOUNT,Passport Online Account,PASSPORT_ONLINE_ACCOUNT_MOBILE_CHANGE,Change Registered Passport Account Mobile Number,Low,Formal,FALSE,,PARAPHRASED,PASSPORT_ONLINE_ACCOUNT_MOBILE_CHANGE_F01,Easy,FALSE,Controlled paraphrase 2 of reviewed independent seed; family preserved; automated validation complete.
PASSX_0256,passport portal-এ পুরোনো phone number বদলাতে চাই।,PASSPORT,PASSPORT_ONLINE_ACCOUNT,Passport Online Account,PASSPORT_ONLINE_ACCOUNT_MOBILE_CHANGE,Change Registered Passport Account Mobile Number,Low,Informal,FALSE,,SYNTHETIC,PASSPORT_ONLINE_ACCOUNT_MOBILE_CHANGE_F02,Medium,FALSE,Reviewed independent pilot seed retained for canonical expansion.
PASSX_0257,এটা নিয়ে সাহায্য দরকার: passport portal-এ পুরোনো phone number বদলাতে প্রয়োজন?,PASSPORT,PASSPORT_ONLINE_ACCOUNT,Passport Online Account,PASSPORT_ONLINE_ACCOUNT_MOBILE_CHANGE,Change Registered Passport Account Mobile Number,Low,Informal,FALSE,,PARAPHRASED,PASSPORT_ONLINE_ACCOUNT_MOBILE_CHANGE_F02,Medium,FALSE,Controlled paraphrase 1 of reviewed independent seed; family preserved; automated validation complete.
PASSX_0258,passport portal-এ পুরোনো phone number বদলাতে প্রয়োজন?,PASSPORT,PASSPORT_ONLINE_ACCOUNT,Passport Online Account,PASSPORT_ONLINE_ACCOUNT_MOBILE_CHANGE,Change Registered Passport Account Mobile Number,Low,Informal,FALSE,,PARAPHRASED,PASSPORT_ONLINE_ACCOUNT_MOBILE_CHANGE_F02,Medium,FALSE,Controlled paraphrase 2 of reviewed independent seed; family preserved; automated validation complete.
PASSX_0265,আমার বিদ্যমান ই-পাসপোর্ট অ্যাকাউন্টে প্রবেশ করতে পারছি না; কী করব?,PASSPORT,PASSPORT_ONLINE_ACCOUNT,Passport Online Account,PASSPORT_ONLINE_ACCOUNT_ACCESS_PROBLEM,Passport Online Account Access Problem,Medium,Formal,FALSE,,SYNTHETIC,PASSPORT_ONLINE_ACCOUNT_ACCESS_PROBLEM_F01,Easy,FALSE,Reviewed independent pilot seed retained for canonical expansion.
PASSX_0266,আমার ক্ষেত্রে আমার বিদ্যমান ই-পাসপোর্ট অ্যাকাউন্টে প্রবেশ করতে পারছি না; কী করতে হবে?,PASSPORT,PASSPORT_ONLINE_ACCOUNT,Passport Online Account,PASSPORT_ONLINE_ACCOUNT_ACCESS_PROBLEM,Passport Online Account Access Problem,Medium,Formal,FALSE,,PARAPHRASED,PASSPORT_ONLINE_ACCOUNT_ACCESS_PROBLEM_F01,Easy,FALSE,Controlled paraphrase 1 of reviewed independent seed; family preserved; automated validation complete.
PASSX_0267,আমার বিদ্যমান ই-পাসপোর্ট অ্যাকাউন্টে প্রবেশ করতে পারছি না; কী করতে হবে; পরের ধাপটা কী?,PASSPORT,PASSPORT_ONLINE_ACCOUNT,Passport Online Account,PASSPORT_ONLINE_ACCOUNT_ACCESS_PROBLEM,Passport Online Account Access Problem,Medium,Formal,FALSE,,PARAPHRASED,PASSPORT_ONLINE_ACCOUNT_ACCESS_PROBLEM_F01,Easy,FALSE,Controlled paraphrase 2 of reviewed independent seed; family preserved; automated validation complete.
PASSX_0268,passport account আছে কিন্তু portal-এ ঢুকতে পারছি না।,PASSPORT,PASSPORT_ONLINE_ACCOUNT,Passport Online Account,PASSPORT_ONLINE_ACCOUNT_ACCESS_PROBLEM,Passport Online Account Access Problem,Medium,Informal,FALSE,,SYNTHETIC,PASSPORT_ONLINE_ACCOUNT_ACCESS_PROBLEM_F02,Medium,FALSE,Reviewed independent pilot seed retained for canonical expansion.
PASSX_0269,এটা নিয়ে সাহায্য দরকার: passport account আছে কিন্তু portal-এ ঢুকতে পারছি না?,PASSPORT,PASSPORT_ONLINE_ACCOUNT,Passport Online Account,PASSPORT_ONLINE_ACCOUNT_ACCESS_PROBLEM,Passport Online Account Access Problem,Medium,Informal,FALSE,,PARAPHRASED,PASSPORT_ONLINE_ACCOUNT_ACCESS_PROBLEM_F02,Medium,FALSE,Controlled paraphrase 1 of reviewed independent seed; family preserved; automated validation complete.
PASSX_0270,passport account আছে কিন্তু portal-এ ঢুকতে পারছি না?,PASSPORT,PASSPORT_ONLINE_ACCOUNT,Passport Online Account,PASSPORT_ONLINE_ACCOUNT_ACCESS_PROBLEM,Passport Online Account Access Problem,Medium,Informal,FALSE,,PARAPHRASED,PASSPORT_ONLINE_ACCOUNT_ACCESS_PROBLEM_F02,Medium,FALSE,Controlled paraphrase 2 of reviewed independent seed; family preserved; automated validation complete.
PASSX_0277,ই-পাসপোর্ট এনরোলমেন্টের জন্য অ্যাপয়েন্টমেন্ট কীভাবে নির্ধারণ করব?,PASSPORT,PASSPORT_APPOINTMENT_AND_ENROLMENT,Passport Appointment and Enrolment,PASSPORT_APPOINTMENT_SCHEDULING,Passport Appointment Scheduling,Low,Formal,FALSE,,SYNTHETIC,PASSPORT_APPOINTMENT_SCHEDULING_F01,Easy,FALSE,Reviewed independent pilot seed retained for canonical expansion.
PASSX_0278,আমার ক্ষেত্রে ই-পাসপোর্ট এনরোলমেন্টের জন্য অ্যাপয়েন্টমেন্ট কীভাবে নির্ধারণ করতে হবে?,PASSPORT,PASSPORT_APPOINTMENT_AND_ENROLMENT,Passport Appointment and Enrolment,PASSPORT_APPOINTMENT_SCHEDULING,Passport Appointment Scheduling,Low,Formal,FALSE,,PARAPHRASED,PASSPORT_APPOINTMENT_SCHEDULING_F01,Easy,FALSE,Controlled paraphrase 1 of reviewed independent seed; family preserved; automated validation complete.
PASSX_0279,ই-পাসপোর্ট এনরোলমেন্টের জন্য অ্যাপয়েন্টমেন্ট কোন প্রক্রিয়ায় নির্ধারণ করব; পরের ধাপটা কী?,PASSPORT,PASSPORT_APPOINTMENT_AND_ENROLMENT,Passport Appointment and Enrolment,PASSPORT_APPOINTMENT_SCHEDULING,Passport Appointment Scheduling,Low,Formal,FALSE,,PARAPHRASED,PASSPORT_APPOINTMENT_SCHEDULING_F01,Easy,FALSE,Controlled paraphrase 2 of reviewed independent seed; family preserved; automated validation complete.
PASSX_0280,passport appointment book করব কীভাবে?,PASSPORT,PASSPORT_APPOINTMENT_AND_ENROLMENT,Passport Appointment and Enrolment,PASSPORT_APPOINTMENT_SCHEDULING,Passport Appointment Scheduling,Low,Informal,FALSE,,SYNTHETIC,PASSPORT_APPOINTMENT_SCHEDULING_F02,Medium,FALSE,Reviewed independent pilot seed retained for canonical expansion.
PASSX_0281,এটা নিয়ে সাহায্য দরকার: passport appointment book করব কোন প্রক্রিয়ায়?,PASSPORT,PASSPORT_APPOINTMENT_AND_ENROLMENT,Passport Appointment and Enrolment,PASSPORT_APPOINTMENT_SCHEDULING,Passport Appointment Scheduling,Low,Informal,FALSE,,PARAPHRASED,PASSPORT_APPOINTMENT_SCHEDULING_F02,Medium,FALSE,Controlled paraphrase 1 of reviewed independent seed; family preserved; automated validation complete.
PASSX_0282,passport appointment book করব কোন প্রক্রিয়ায়?,PASSPORT,PASSPORT_APPOINTMENT_AND_ENROLMENT,Passport Appointment and Enrolment,PASSPORT_APPOINTMENT_SCHEDULING,Passport Appointment Scheduling,Low,Informal,FALSE,,PARAPHRASED,PASSPORT_APPOINTMENT_SCHEDULING_F02,Medium,FALSE,Controlled paraphrase 2 of reviewed independent seed; family preserved; automated validation complete.
PASSX_0289,আমার ই-পাসপোর্ট অ্যাপয়েন্টমেন্টের তারিখ কীভাবে দেখব?,PASSPORT,PASSPORT_APPOINTMENT_AND_ENROLMENT,Passport Appointment and Enrolment,PASSPORT_APPOINTMENT_DATE,Passport Appointment Date,Low,Formal,FALSE,,SYNTHETIC,PASSPORT_APPOINTMENT_DATE_F01,Easy,FALSE,Reviewed independent pilot seed retained for canonical expansion.
PASSX_0290,আমার ক্ষেত্রে আমার ই-পাসপোর্ট অ্যাপয়েন্টমেন্টের তারিখ কোন প্রক্রিয়ায় দেখব?,PASSPORT,PASSPORT_APPOINTMENT_AND_ENROLMENT,Passport Appointment and Enrolment,PASSPORT_APPOINTMENT_DATE,Passport Appointment Date,Low,Formal,FALSE,,PARAPHRASED,PASSPORT_APPOINTMENT_DATE_F01,Easy,FALSE,Controlled paraphrase 1 of reviewed independent seed; family preserved; automated validation complete.
PASSX_0291,আমার ই-পাসপোর্ট অ্যাপয়েন্টমেন্টের তারিখ কোন প্রক্রিয়ায় দেখব; পরের ধাপটা কী?,PASSPORT,PASSPORT_APPOINTMENT_AND_ENROLMENT,Passport Appointment and Enrolment,PASSPORT_APPOINTMENT_DATE,Passport Appointment Date,Low,Formal,FALSE,,PARAPHRASED,PASSPORT_APPOINTMENT_DATE_F01,Easy,FALSE,Controlled paraphrase 2 of reviewed independent seed; family preserved; automated validation complete.
PASSX_0292,passport appointment কবে সেটা কোথায় check করব?,PASSPORT,PASSPORT_APPOINTMENT_AND_ENROLMENT,Passport Appointment and Enrolment,PASSPORT_APPOINTMENT_DATE,Passport Appointment Date,Low,Informal,FALSE,,SYNTHETIC,PASSPORT_APPOINTMENT_DATE_F02,Medium,FALSE,Reviewed independent pilot seed retained for canonical expansion.
PASSX_0293,এটা নিয়ে সাহায্য দরকার: passport appointment কবে সেটা কোথায় check করতে হবে?,PASSPORT,PASSPORT_APPOINTMENT_AND_ENROLMENT,Passport Appointment and Enrolment,PASSPORT_APPOINTMENT_DATE,Passport Appointment Date,Low,Informal,FALSE,,PARAPHRASED,PASSPORT_APPOINTMENT_DATE_F02,Medium,FALSE,Controlled paraphrase 1 of reviewed independent seed; family preserved; automated validation complete.
PASSX_0294,passport appointment কবে সেটা কোথায় check করতে হবে?,PASSPORT,PASSPORT_APPOINTMENT_AND_ENROLMENT,Passport Appointment and Enrolment,PASSPORT_APPOINTMENT_DATE,Passport Appointment Date,Low,Informal,FALSE,,PARAPHRASED,PASSPORT_APPOINTMENT_DATE_F02,Medium,FALSE,Controlled paraphrase 2 of reviewed independent seed; family preserved; automated validation complete.
PASSX_0301,ই-পাসপোর্ট অ্যাপয়েন্টমেন্ট ধাপে সমস্যা হচ্ছে; কী করব?,PASSPORT,PASSPORT_APPOINTMENT_AND_ENROLMENT,Passport Appointment and Enrolment,PASSPORT_APPOINTMENT_PROBLEM,Passport Appointment Problem,Medium,Formal,FALSE,,SYNTHETIC,PASSPORT_APPOINTMENT_PROBLEM_F01,Easy,FALSE,Reviewed independent pilot seed retained for canonical expansion.
PASSX_0302,আমার ক্ষেত্রে ই-পাসপোর্ট অ্যাপয়েন্টমেন্ট ধাপে সমস্যা হচ্ছে; কী করতে হবে?,PASSPORT,PASSPORT_APPOINTMENT_AND_ENROLMENT,Passport Appointment and Enrolment,PASSPORT_APPOINTMENT_PROBLEM,Passport Appointment Problem,Medium,Formal,FALSE,,PARAPHRASED,PASSPORT_APPOINTMENT_PROBLEM_F01,Easy,FALSE,Controlled paraphrase 1 of reviewed independent seed; family preserved; automated validation complete.
PASSX_0303,ই-পাসপোর্ট অ্যাপয়েন্টমেন্ট ধাপে সমস্যা হচ্ছে; কী করতে হবে; পরের ধাপটা কী?,PASSPORT,PASSPORT_APPOINTMENT_AND_ENROLMENT,Passport Appointment and Enrolment,PASSPORT_APPOINTMENT_PROBLEM,Passport Appointment Problem,Medium,Formal,FALSE,,PARAPHRASED,PASSPORT_APPOINTMENT_PROBLEM_F01,Easy,FALSE,Controlled paraphrase 2 of reviewed independent seed; family preserved; automated validation complete.
PASSX_0304,আমার passport appointment ঠিকমতো কাজ করছে না।,PASSPORT,PASSPORT_APPOINTMENT_AND_ENROLMENT,Passport Appointment and Enrolment,PASSPORT_APPOINTMENT_PROBLEM,Passport Appointment Problem,Medium,Informal,FALSE,,SYNTHETIC,PASSPORT_APPOINTMENT_PROBLEM_F02,Medium,FALSE,Reviewed independent pilot seed retained for canonical expansion.
PASSX_0305,এটা নিয়ে সাহায্য দরকার: আমার passport appointment ঠিকমতো কাজ করছে না?,PASSPORT,PASSPORT_APPOINTMENT_AND_ENROLMENT,Passport Appointment and Enrolment,PASSPORT_APPOINTMENT_PROBLEM,Passport Appointment Problem,Medium,Informal,FALSE,,PARAPHRASED,PASSPORT_APPOINTMENT_PROBLEM_F02,Medium,FALSE,Controlled paraphrase 1 of reviewed independent seed; family preserved; automated validation complete.
PASSX_0306,আমার passport appointment ঠিকমতো কাজ করছে না?,PASSPORT,PASSPORT_APPOINTMENT_AND_ENROLMENT,Passport Appointment and Enrolment,PASSPORT_APPOINTMENT_PROBLEM,Passport Appointment Problem,Medium,Informal,FALSE,,PARAPHRASED,PASSPORT_APPOINTMENT_PROBLEM_F02,Medium,FALSE,Controlled paraphrase 2 of reviewed independent seed; family preserved; automated validation complete.
PASSX_0313,পাসপোর্ট অ্যাপয়েন্টমেন্টে যাওয়ার আগে কী কী প্রস্তুতি নিতে হবে?,PASSPORT,PASSPORT_APPOINTMENT_AND_ENROLMENT,Passport Appointment and Enrolment,PASSPORT_APPOINTMENT_REQUIREMENTS,Passport Appointment Attendance Requirements,Low,Formal,FALSE,,SYNTHETIC,PASSPORT_APPOINTMENT_REQUIREMENTS_F01,Easy,FALSE,Reviewed independent pilot seed retained for canonical expansion.
PASSX_0314,আমার ক্ষেত্রে পাসপোর্ট অ্যাপয়েন্টমেন্টে যাওয়ার আগে কোন কোন প্রস্তুতি নিতে হবে?,PASSPORT,PASSPORT_APPOINTMENT_AND_ENROLMENT,Passport Appointment and Enrolment,PASSPORT_APPOINTMENT_REQUIREMENTS,Passport Appointment Attendance Requirements,Low,Formal,FALSE,,PARAPHRASED,PASSPORT_APPOINTMENT_REQUIREMENTS_F01,Easy,FALSE,Controlled paraphrase 1 of reviewed independent seed; family preserved; automated validation complete.
PASSX_0315,পাসপোর্ট অ্যাপয়েন্টমেন্টে যাওয়ার আগে কোন কোন প্রস্তুতি নিতে হবে; পরের ধাপটা কী?,PASSPORT,PASSPORT_APPOINTMENT_AND_ENROLMENT,Passport Appointment and Enrolment,PASSPORT_APPOINTMENT_REQUIREMENTS,Passport Appointment Attendance Requirements,Low,Formal,FALSE,,PARAPHRASED,PASSPORT_APPOINTMENT_REQUIREMENTS_F01,Easy,FALSE,Controlled paraphrase 2 of reviewed independent seed; family preserved; automated validation complete.
PASSX_0316,passport appointment attend করার আগে কী করতে হবে?,PASSPORT,PASSPORT_APPOINTMENT_AND_ENROLMENT,Passport Appointment and Enrolment,PASSPORT_APPOINTMENT_REQUIREMENTS,Passport Appointment Attendance Requirements,Low,Informal,FALSE,,SYNTHETIC,PASSPORT_APPOINTMENT_REQUIREMENTS_F02,Medium,FALSE,Reviewed independent pilot seed retained for canonical expansion.
PASSX_0317,এটা নিয়ে সাহায্য দরকার: passport appointment attend করার আগে কী করতে হবে?,PASSPORT,PASSPORT_APPOINTMENT_AND_ENROLMENT,Passport Appointment and Enrolment,PASSPORT_APPOINTMENT_REQUIREMENTS,Passport Appointment Attendance Requirements,Low,Informal,FALSE,,PARAPHRASED,PASSPORT_APPOINTMENT_REQUIREMENTS_F02,Medium,FALSE,Controlled paraphrase 1 of reviewed independent seed; family preserved; automated validation complete.
PASSX_0318,এই বিষয়ে সহায়তা চাই: passport appointment attend করার আগে কী করতে হবে?,PASSPORT,PASSPORT_APPOINTMENT_AND_ENROLMENT,Passport Appointment and Enrolment,PASSPORT_APPOINTMENT_REQUIREMENTS,Passport Appointment Attendance Requirements,Low,Informal,FALSE,,PARAPHRASED,PASSPORT_APPOINTMENT_REQUIREMENTS_F02,Medium,FALSE,Controlled paraphrase 2 of reviewed independent seed; family preserved; automated validation complete.
PASSX_0325,ই-পাসপোর্টের শারীরিক এনরোলমেন্ট প্রক্রিয়ায় কী কী হয়?,PASSPORT,PASSPORT_APPOINTMENT_AND_ENROLMENT,Passport Appointment and Enrolment,PASSPORT_ENROLMENT_PROCESS,Passport Enrolment Process,Low,Formal,FALSE,,SYNTHETIC,PASSPORT_ENROLMENT_PROCESS_F01,Easy,FALSE,Reviewed independent pilot seed retained for canonical expansion.
PASSX_0326,আমার ক্ষেত্রে ই-পাসপোর্টের শারীরিক এনরোলমেন্ট প্রক্রিয়ায় কোন কোন হয়?,PASSPORT,PASSPORT_APPOINTMENT_AND_ENROLMENT,Passport Appointment and Enrolment,PASSPORT_ENROLMENT_PROCESS,Passport Enrolment Process,Low,Formal,FALSE,,PARAPHRASED,PASSPORT_ENROLMENT_PROCESS_F01,Easy,FALSE,Controlled paraphrase 1 of reviewed independent seed; family preserved; automated validation complete.
PASSX_0327,ই-পাসপোর্টের শারীরিক এনরোলমেন্ট প্রক্রিয়ায় কোন কোন হয়; পরের ধাপটা কী?,PASSPORT,PASSPORT_APPOINTMENT_AND_ENROLMENT,Passport Appointment and Enrolment,PASSPORT_ENROLMENT_PROCESS,Passport Enrolment Process,Low,Formal,FALSE,,PARAPHRASED,PASSPORT_ENROLMENT_PROCESS_F01,Easy,FALSE,Controlled paraphrase 2 of reviewed independent seed; family preserved; automated validation complete.
PASSX_0328,passport office-এ enrolment করতে গেলে কী process হয়?,PASSPORT,PASSPORT_APPOINTMENT_AND_ENROLMENT,Passport Appointment and Enrolment,PASSPORT_ENROLMENT_PROCESS,Passport Enrolment Process,Low,Informal,FALSE,,SYNTHETIC,PASSPORT_ENROLMENT_PROCESS_F02,Medium,FALSE,Reviewed independent pilot seed retained for canonical expansion.
PASSX_0329,এটা নিয়ে সাহায্য দরকার: passport office-এ enrolment করতে গেলে কী process হয়?,PASSPORT,PASSPORT_APPOINTMENT_AND_ENROLMENT,Passport Appointment and Enrolment,PASSPORT_ENROLMENT_PROCESS,Passport Enrolment Process,Low,Informal,FALSE,,PARAPHRASED,PASSPORT_ENROLMENT_PROCESS_F02,Medium,FALSE,Controlled paraphrase 1 of reviewed independent seed; family preserved; automated validation complete.
PASSX_0330,এই বিষয়ে সহায়তা চাই: passport office-এ enrolment করতে গেলে কী process হয়?,PASSPORT,PASSPORT_APPOINTMENT_AND_ENROLMENT,Passport Appointment and Enrolment,PASSPORT_ENROLMENT_PROCESS,Passport Enrolment Process,Low,Informal,FALSE,,PARAPHRASED,PASSPORT_ENROLMENT_PROCESS_F02,Medium,FALSE,Controlled paraphrase 2 of reviewed independent seed; family preserved; automated validation complete.
PASSX_0337,ই-পাসপোর্টের শারীরিক এনরোলমেন্ট কোথায় সম্পন্ন করতে হবে?,PASSPORT,PASSPORT_APPOINTMENT_AND_ENROLMENT,Passport Appointment and Enrolment,PASSPORT_ENROLMENT_LOCATION,Passport Enrolment Location,Low,Formal,FALSE,,SYNTHETIC,PASSPORT_ENROLMENT_LOCATION_F01,Easy,FALSE,Reviewed independent pilot seed retained for canonical expansion.
PASSX_0338,আমার ক্ষেত্রে ই-পাসপোর্টের শারীরিক এনরোলমেন্ট কোথায় সম্পন্ন করতে হবে?,PASSPORT,PASSPORT_APPOINTMENT_AND_ENROLMENT,Passport Appointment and Enrolment,PASSPORT_ENROLMENT_LOCATION,Passport Enrolment Location,Low,Formal,FALSE,,PARAPHRASED,PASSPORT_ENROLMENT_LOCATION_F01,Easy,FALSE,Controlled paraphrase 1 of reviewed independent seed; family preserved; automated validation complete.
PASSX_0339,ই-পাসপোর্টের শারীরিক এনরোলমেন্ট কোথায় সম্পন্ন করতে হবে; পরের ধাপটা কী?,PASSPORT,PASSPORT_APPOINTMENT_AND_ENROLMENT,Passport Appointment and Enrolment,PASSPORT_ENROLMENT_LOCATION,Passport Enrolment Location,Low,Formal,FALSE,,PARAPHRASED,PASSPORT_ENROLMENT_LOCATION_F01,Easy,FALSE,Controlled paraphrase 2 of reviewed independent seed; family preserved; automated validation complete.
PASSX_0340,passport biometric দিতে কোন জায়গায় যেতে হবে?,PASSPORT,PASSPORT_APPOINTMENT_AND_ENROLMENT,Passport Appointment and Enrolment,PASSPORT_ENROLMENT_LOCATION,Passport Enrolment Location,Low,Informal,FALSE,,SYNTHETIC,PASSPORT_ENROLMENT_LOCATION_F02,Medium,FALSE,Reviewed independent pilot seed retained for canonical expansion.
PASSX_0341,এটা নিয়ে সাহায্য দরকার: passport biometric দিতে কোন জায়গায় যেতে হবে?,PASSPORT,PASSPORT_APPOINTMENT_AND_ENROLMENT,Passport Appointment and Enrolment,PASSPORT_ENROLMENT_LOCATION,Passport Enrolment Location,Low,Informal,FALSE,,PARAPHRASED,PASSPORT_ENROLMENT_LOCATION_F02,Medium,FALSE,Controlled paraphrase 1 of reviewed independent seed; family preserved; automated validation complete.
PASSX_0342,এই বিষয়ে সহায়তা চাই: passport biometric দিতে কোন জায়গায় যেতে হবে?,PASSPORT,PASSPORT_APPOINTMENT_AND_ENROLMENT,Passport Appointment and Enrolment,PASSPORT_ENROLMENT_LOCATION,Passport Enrolment Location,Low,Informal,FALSE,,PARAPHRASED,PASSPORT_ENROLMENT_LOCATION_F02,Medium,FALSE,Controlled paraphrase 2 of reviewed independent seed; family preserved; automated validation complete.
PASSX_0349,ই-পাসপোর্ট বায়োমেট্রিক এনরোলমেন্টে কী কী তথ্য নেওয়া হয়?,PASSPORT,PASSPORT_APPOINTMENT_AND_ENROLMENT,Passport Appointment and Enrolment,PASSPORT_ENROLMENT_BIOMETRICS,Passport Biometric Enrolment,Low,Formal,FALSE,,SYNTHETIC,PASSPORT_ENROLMENT_BIOMETRICS_F01,Easy,FALSE,Reviewed independent pilot seed retained for canonical expansion.
PASSX_0350,আমার ক্ষেত্রে ই-পাসপোর্ট বায়োমেট্রিক এনরোলমেন্টে কোন কোন তথ্য নেওয়া হয়?,PASSPORT,PASSPORT_APPOINTMENT_AND_ENROLMENT,Passport Appointment and Enrolment,PASSPORT_ENROLMENT_BIOMETRICS,Passport Biometric Enrolment,Low,Formal,FALSE,,PARAPHRASED,PASSPORT_ENROLMENT_BIOMETRICS_F01,Easy,FALSE,Controlled paraphrase 1 of reviewed independent seed; family preserved; automated validation complete.
PASSX_0351,ই-পাসপোর্ট বায়োমেট্রিক এনরোলমেন্টে কোন কোন তথ্য নেওয়া হয়; পরের ধাপটা কী?,PASSPORT,PASSPORT_APPOINTMENT_AND_ENROLMENT,Passport Appointment and Enrolment,PASSPORT_ENROLMENT_BIOMETRICS,Passport Biometric Enrolment,Low,Formal,FALSE,,PARAPHRASED,PASSPORT_ENROLMENT_BIOMETRICS_F01,Easy,FALSE,Controlled paraphrase 2 of reviewed independent seed; family preserved; automated validation complete.
PASSX_0352,passport biometric দিতে গেলে আসলে কী হয়?,PASSPORT,PASSPORT_APPOINTMENT_AND_ENROLMENT,Passport Appointment and Enrolment,PASSPORT_ENROLMENT_BIOMETRICS,Passport Biometric Enrolment,Low,Informal,FALSE,,SYNTHETIC,PASSPORT_ENROLMENT_BIOMETRICS_F02,Medium,FALSE,Reviewed independent pilot seed retained for canonical expansion.
PASSX_0353,এটা নিয়ে সাহায্য দরকার: passport biometric দিতে গেলে আসলে কী হয়?,PASSPORT,PASSPORT_APPOINTMENT_AND_ENROLMENT,Passport Appointment and Enrolment,PASSPORT_ENROLMENT_BIOMETRICS,Passport Biometric Enrolment,Low,Informal,FALSE,,PARAPHRASED,PASSPORT_ENROLMENT_BIOMETRICS_F02,Medium,FALSE,Controlled paraphrase 1 of reviewed independent seed; family preserved; automated validation complete.
PASSX_0354,এই বিষয়ে সহায়তা চাই: passport biometric দিতে গেলে আসলে কী হয়?,PASSPORT,PASSPORT_APPOINTMENT_AND_ENROLMENT,Passport Appointment and Enrolment,PASSPORT_ENROLMENT_BIOMETRICS,Passport Biometric Enrolment,Low,Informal,FALSE,,PARAPHRASED,PASSPORT_ENROLMENT_BIOMETRICS_F02,Medium,FALSE,Controlled paraphrase 2 of reviewed independent seed; family preserved; automated validation complete.
PASSX_0361,আগে পাসপোর্ট ছিল; এখন সাধারণভাবে পুনরায় ইস্যু করতে কী করতে হবে?,PASSPORT,PASSPORT_REISSUE,Passport Re-Issue and Replacement,PASSPORT_REISSUE_PROCESS,General Passport Re-Issue Process,Low,Formal,FALSE,,SYNTHETIC,PASSPORT_REISSUE_PROCESS_F01,Easy,FALSE,Reviewed independent pilot seed retained for canonical expansion.
PASSX_0362,আমার ক্ষেত্রে আগে পাসপোর্ট ছিল; এখন সাধারণভাবে পুনরায় ইস্যু করতে কী করতে হবে?,PASSPORT,PASSPORT_REISSUE,Passport Re-Issue and Replacement,PASSPORT_REISSUE_PROCESS,General Passport Re-Issue Process,Low,Formal,FALSE,,PARAPHRASED,PASSPORT_REISSUE_PROCESS_F01,Easy,FALSE,Controlled paraphrase 1 of reviewed independent seed; family preserved; automated validation complete.
PASSX_0363,আগে পাসপোর্ট ছিল; এখন সাধারণভাবে পুনরায় ইস্যু করতে কী করতে হবে; পরের ধাপটা কী?,PASSPORT,PASSPORT_REISSUE,Passport Re-Issue and Replacement,PASSPORT_REISSUE_PROCESS,General Passport Re-Issue Process,Low,Formal,FALSE,,PARAPHRASED,PASSPORT_REISSUE_PROCESS_F01,Easy,FALSE,Controlled paraphrase 2 of reviewed independent seed; family preserved; automated validation complete.
PASSX_0364,"passport reissue করতে চাই, processটা কী?",PASSPORT,PASSPORT_REISSUE,Passport Re-Issue and Replacement,PASSPORT_REISSUE_PROCESS,General Passport Re-Issue Process,Low,Informal,FALSE,,SYNTHETIC,PASSPORT_REISSUE_PROCESS_F02,Medium,FALSE,Reviewed independent pilot seed retained for canonical expansion.
PASSX_0365,"এটা নিয়ে সাহায্য দরকার: passport reissue করতে প্রয়োজন, processটা কী?",PASSPORT,PASSPORT_REISSUE,Passport Re-Issue and Replacement,PASSPORT_REISSUE_PROCESS,General Passport Re-Issue Process,Low,Informal,FALSE,,PARAPHRASED,PASSPORT_REISSUE_PROCESS_F02,Medium,FALSE,Controlled paraphrase 1 of reviewed independent seed; family preserved; automated validation complete.
PASSX_0366,"passport reissue করতে প্রয়োজন, processটা কী?",PASSPORT,PASSPORT_REISSUE,Passport Re-Issue and Replacement,PASSPORT_REISSUE_PROCESS,General Passport Re-Issue Process,Low,Informal,FALSE,,PARAPHRASED,PASSPORT_REISSUE_PROCESS_F02,Medium,FALSE,Controlled paraphrase 2 of reviewed independent seed; family preserved; automated validation complete.
PASSX_0373,আমার পাসপোর্টের মেয়াদ শেষ হয়ে গেছে; পুনরায় ইস্যু কীভাবে করব?,PASSPORT,PASSPORT_REISSUE,Passport Re-Issue and Replacement,PASSPORT_REISSUE_EXPIRY,Expired or Expiring Passport Re-Issue,Low,Formal,FALSE,,SYNTHETIC,PASSPORT_REISSUE_EXPIRY_F01,Easy,FALSE,Reviewed independent pilot seed retained for canonical expansion.
PASSX_0374,আমার ক্ষেত্রে আমার পাসপোর্টের মেয়াদ শেষ হয়ে গেছে; পুনরায় ইস্যু কোন প্রক্রিয়ায় করব?,PASSPORT,PASSPORT_REISSUE,Passport Re-Issue and Replacement,PASSPORT_REISSUE_EXPIRY,Expired or Expiring Passport Re-Issue,Low,Formal,FALSE,,PARAPHRASED,PASSPORT_REISSUE_EXPIRY_F01,Easy,FALSE,Controlled paraphrase 1 of reviewed independent seed; family preserved; automated validation complete.
PASSX_0375,আমার পাসপোর্টের মেয়াদ শেষ হয়ে গেছে; পুনরায় ইস্যু কোন প্রক্রিয়ায় করব; পরের ধাপটা কী?,PASSPORT,PASSPORT_REISSUE,Passport Re-Issue and Replacement,PASSPORT_REISSUE_EXPIRY,Expired or Expiring Passport Re-Issue,Low,Formal,FALSE,,PARAPHRASED,PASSPORT_REISSUE_EXPIRY_F01,Easy,FALSE,Controlled paraphrase 2 of reviewed independent seed; family preserved; automated validation complete.
PASSX_0376,"passport expire হতে যাচ্ছে, renew/reissue করতে কী হবে?",PASSPORT,PASSPORT_REISSUE,Passport Re-Issue and Replacement,PASSPORT_REISSUE_EXPIRY,Expired or Expiring Passport Re-Issue,Low,Informal,FALSE,,SYNTHETIC,PASSPORT_REISSUE_EXPIRY_F02,Medium,FALSE,Reviewed independent pilot seed retained for canonical expansion.
PASSX_0377,"এটা নিয়ে সাহায্য দরকার: passport expire হতে যাচ্ছে, renew/reissue করতে কী হবে?",PASSPORT,PASSPORT_REISSUE,Passport Re-Issue and Replacement,PASSPORT_REISSUE_EXPIRY,Expired or Expiring Passport Re-Issue,Low,Informal,FALSE,,PARAPHRASED,PASSPORT_REISSUE_EXPIRY_F02,Medium,FALSE,Controlled paraphrase 1 of reviewed independent seed; family preserved; automated validation complete.
PASSX_0378,"এই বিষয়ে সহায়তা চাই: passport expire হতে যাচ্ছে, renew/reissue করতে কী হবে?",PASSPORT,PASSPORT_REISSUE,Passport Re-Issue and Replacement,PASSPORT_REISSUE_EXPIRY,Expired or Expiring Passport Re-Issue,Low,Informal,FALSE,,PARAPHRASED,PASSPORT_REISSUE_EXPIRY_F02,Medium,FALSE,Controlled paraphrase 2 of reviewed independent seed; family preserved; automated validation complete.
PASSX_0385,তথ্য পরিবর্তনসহ পাসপোর্ট পুনরায় ইস্যু করতে কী করতে হবে?,PASSPORT,PASSPORT_REISSUE,Passport Re-Issue and Replacement,PASSPORT_REISSUE_WITH_INFORMATION_CHANGE,Passport Re-Issue With Information Change,Medium,Formal,FALSE,,SYNTHETIC,PASSPORT_REISSUE_WITH_INFORMATION_CHANGE_F01,Easy,FALSE,Reviewed independent pilot seed retained for canonical expansion.
PASSX_0386,আমার ক্ষেত্রে তথ্য পরিবর্তনসহ পাসপোর্ট পুনরায় ইস্যু করতে কী করতে হবে?,PASSPORT,PASSPORT_REISSUE,Passport Re-Issue and Replacement,PASSPORT_REISSUE_WITH_INFORMATION_CHANGE,Passport Re-Issue With Information Change,Medium,Formal,FALSE,,PARAPHRASED,PASSPORT_REISSUE_WITH_INFORMATION_CHANGE_F01,Easy,FALSE,Controlled paraphrase 1 of reviewed independent seed; family preserved; automated validation complete.
PASSX_0387,তথ্য পরিবর্তনসহ পাসপোর্ট পুনরায় ইস্যু করতে কী করতে হবে; পরের ধাপটা কী?,PASSPORT,PASSPORT_REISSUE,Passport Re-Issue and Replacement,PASSPORT_REISSUE_WITH_INFORMATION_CHANGE,Passport Re-Issue With Information Change,Medium,Formal,FALSE,,PARAPHRASED,PASSPORT_REISSUE_WITH_INFORMATION_CHANGE_F01,Easy,FALSE,Controlled paraphrase 2 of reviewed independent seed; family preserved; automated validation complete.
PASSX_0388,passport reissue-এর সময় personal information change করতে চাই।,PASSPORT,PASSPORT_REISSUE,Passport Re-Issue and Replacement,PASSPORT_REISSUE_WITH_INFORMATION_CHANGE,Passport Re-Issue With Information Change,Medium,Informal,FALSE,,SYNTHETIC,PASSPORT_REISSUE_WITH_INFORMATION_CHANGE_F02,Medium,FALSE,Reviewed independent pilot seed retained for canonical expansion.
PASSX_0389,এটা নিয়ে সাহায্য দরকার: passport reissue-এর সময় personal information change করতে প্রয়োজন?,PASSPORT,PASSPORT_REISSUE,Passport Re-Issue and Replacement,PASSPORT_REISSUE_WITH_INFORMATION_CHANGE,Passport Re-Issue With Information Change,Medium,Informal,FALSE,,PARAPHRASED,PASSPORT_REISSUE_WITH_INFORMATION_CHANGE_F02,Medium,FALSE,Controlled paraphrase 1 of reviewed independent seed; family preserved; automated validation complete.
PASSX_0390,passport reissue-এর সময় personal information change করতে প্রয়োজন?,PASSPORT,PASSPORT_REISSUE,Passport Re-Issue and Replacement,PASSPORT_REISSUE_WITH_INFORMATION_CHANGE,Passport Re-Issue With Information Change,Medium,Informal,FALSE,,PARAPHRASED,PASSPORT_REISSUE_WITH_INFORMATION_CHANGE_F02,Medium,FALSE,Controlled paraphrase 2 of reviewed independent seed; family preserved; automated validation complete.
PASSX_0397,আমার পাসপোর্ট হারিয়ে গেছে; পুনরায় ইস্যু বা replacement কীভাবে পাব?,PASSPORT,PASSPORT_REISSUE,Passport Re-Issue and Replacement,PASSPORT_REISSUE_LOST,Lost Passport Re-Issue,Medium,Formal,FALSE,,SYNTHETIC,PASSPORT_REISSUE_LOST_F01,Easy,FALSE,Reviewed independent pilot seed retained for canonical expansion.
PASSX_0398,আমার ক্ষেত্রে আমার পাসপোর্ট হারিয়ে গেছে; পুনরায় ইস্যু বা replacement কোন প্রক্রিয়ায় পাব?,PASSPORT,PASSPORT_REISSUE,Passport Re-Issue and Replacement,PASSPORT_REISSUE_LOST,Lost Passport Re-Issue,Medium,Formal,FALSE,,PARAPHRASED,PASSPORT_REISSUE_LOST_F01,Easy,FALSE,Controlled paraphrase 1 of reviewed independent seed; family preserved; automated validation complete.
PASSX_0399,আমার পাসপোর্ট হারিয়ে গেছে; পুনরায় ইস্যু বা replacement কোন প্রক্রিয়ায় পাব; পরের ধাপটা কী?,PASSPORT,PASSPORT_REISSUE,Passport Re-Issue and Replacement,PASSPORT_REISSUE_LOST,Lost Passport Re-Issue,Medium,Formal,FALSE,,PARAPHRASED,PASSPORT_REISSUE_LOST_F01,Easy,FALSE,Controlled paraphrase 2 of reviewed independent seed; family preserved; automated validation complete.
PASSX_0400,"passport খুঁজে পাচ্ছি না, নতুনটা করতে কী হবে?",PASSPORT,PASSPORT_REISSUE,Passport Re-Issue and Replacement,PASSPORT_REISSUE_LOST,Lost Passport Re-Issue,Medium,Informal,FALSE,,SYNTHETIC,PASSPORT_REISSUE_LOST_F02,Medium,FALSE,Reviewed independent pilot seed retained for canonical expansion.
PASSX_0401,"এটা নিয়ে সাহায্য দরকার: passport খুঁজে পাচ্ছি না, নতুনটা করতে কী হবে?",PASSPORT,PASSPORT_REISSUE,Passport Re-Issue and Replacement,PASSPORT_REISSUE_LOST,Lost Passport Re-Issue,Medium,Informal,FALSE,,PARAPHRASED,PASSPORT_REISSUE_LOST_F02,Medium,FALSE,Controlled paraphrase 1 of reviewed independent seed; family preserved; automated validation complete.
PASSX_0402,"এই বিষয়ে সহায়তা চাই: passport খুঁজে পাচ্ছি না, নতুনটা করতে কী হবে?",PASSPORT,PASSPORT_REISSUE,Passport Re-Issue and Replacement,PASSPORT_REISSUE_LOST,Lost Passport Re-Issue,Medium,Informal,FALSE,,PARAPHRASED,PASSPORT_REISSUE_LOST_F02,Medium,FALSE,Controlled paraphrase 2 of reviewed independent seed; family preserved; automated validation complete.
PASSX_0409,আমার পাসপোর্ট চুরি হয়েছে; replacement পেতে কী করতে হবে?,PASSPORT,PASSPORT_REISSUE,Passport Re-Issue and Replacement,PASSPORT_REISSUE_STOLEN,Stolen Passport Re-Issue,Medium,Formal,FALSE,,SYNTHETIC,PASSPORT_REISSUE_STOLEN_F01,Easy,FALSE,Reviewed independent pilot seed retained for canonical expansion.
PASSX_0410,আমার ক্ষেত্রে আমার পাসপোর্ট চুরি হয়েছে; replacement পেতে কী করতে হবে?,PASSPORT,PASSPORT_REISSUE,Passport Re-Issue and Replacement,PASSPORT_REISSUE_STOLEN,Stolen Passport Re-Issue,Medium,Formal,FALSE,,PARAPHRASED,PASSPORT_REISSUE_STOLEN_F01,Easy,FALSE,Controlled paraphrase 1 of reviewed independent seed; family preserved; automated validation complete.
PASSX_0411,আমার পাসপোর্ট চুরি হয়েছে; replacement পেতে কী করতে হবে; পরের ধাপটা কী?,PASSPORT,PASSPORT_REISSUE,Passport Re-Issue and Replacement,PASSPORT_REISSUE_STOLEN,Stolen Passport Re-Issue,Medium,Formal,FALSE,,PARAPHRASED,PASSPORT_REISSUE_STOLEN_F01,Easy,FALSE,Controlled paraphrase 2 of reviewed independent seed; family preserved; automated validation complete.
PASSX_0412,"passport stolen হয়েছে, এখন reissue করব কীভাবে?",PASSPORT,PASSPORT_REISSUE,Passport Re-Issue and Replacement,PASSPORT_REISSUE_STOLEN,Stolen Passport Re-Issue,Medium,Informal,FALSE,,SYNTHETIC,PASSPORT_REISSUE_STOLEN_F02,Medium,FALSE,Reviewed independent pilot seed retained for canonical expansion.
PASSX_0413,"এটা নিয়ে সাহায্য দরকার: passport stolen হয়েছে, এখন reissue করতে হবে কীভাবে?",PASSPORT,PASSPORT_REISSUE,Passport Re-Issue and Replacement,PASSPORT_REISSUE_STOLEN,Stolen Passport Re-Issue,Medium,Informal,FALSE,,PARAPHRASED,PASSPORT_REISSUE_STOLEN_F02,Medium,FALSE,Controlled paraphrase 1 of reviewed independent seed; family preserved; automated validation complete.
PASSX_0414,"passport stolen হয়েছে, এখন reissue করব কোন প্রক্রিয়ায়?",PASSPORT,PASSPORT_REISSUE,Passport Re-Issue and Replacement,PASSPORT_REISSUE_STOLEN,Stolen Passport Re-Issue,Medium,Informal,FALSE,,PARAPHRASED,PASSPORT_REISSUE_STOLEN_F02,Medium,FALSE,Controlled paraphrase 2 of reviewed independent seed; family preserved; automated validation complete.
PASSX_0421,আমার পাসপোর্ট নষ্ট হয়ে গেছে; পুনরায় ইস্যু কীভাবে করব?,PASSPORT,PASSPORT_REISSUE,Passport Re-Issue and Replacement,PASSPORT_REISSUE_DAMAGED,Damaged Passport Re-Issue,Medium,Formal,FALSE,,SYNTHETIC,PASSPORT_REISSUE_DAMAGED_F01,Easy,FALSE,Reviewed independent pilot seed retained for canonical expansion.
PASSX_0422,আমার ক্ষেত্রে আমার পাসপোর্ট নষ্ট হয়ে গেছে; পুনরায় ইস্যু কোন প্রক্রিয়ায় করব?,PASSPORT,PASSPORT_REISSUE,Passport Re-Issue and Replacement,PASSPORT_REISSUE_DAMAGED,Damaged Passport Re-Issue,Medium,Formal,FALSE,,PARAPHRASED,PASSPORT_REISSUE_DAMAGED_F01,Easy,FALSE,Controlled paraphrase 1 of reviewed independent seed; family preserved; automated validation complete.
PASSX_0423,আমার পাসপোর্ট নষ্ট হয়ে গেছে; পুনরায় ইস্যু কোন প্রক্রিয়ায় করব; পরের ধাপটা কী?,PASSPORT,PASSPORT_REISSUE,Passport Re-Issue and Replacement,PASSPORT_REISSUE_DAMAGED,Damaged Passport Re-Issue,Medium,Formal,FALSE,,PARAPHRASED,PASSPORT_REISSUE_DAMAGED_F01,Easy,FALSE,Controlled paraphrase 2 of reviewed independent seed; family preserved; automated validation complete.
PASSX_0424,"passport ছিঁড়ে গেছে, replacement পেতে কী করতে হবে?",PASSPORT,PASSPORT_REISSUE,Passport Re-Issue and Replacement,PASSPORT_REISSUE_DAMAGED,Damaged Passport Re-Issue,Medium,Informal,FALSE,,SYNTHETIC,PASSPORT_REISSUE_DAMAGED_F02,Medium,FALSE,Reviewed independent pilot seed retained for canonical expansion.
PASSX_0425,"এটা নিয়ে সাহায্য দরকার: passport ছিঁড়ে গেছে, replacement পেতে কী করতে হবে?",PASSPORT,PASSPORT_REISSUE,Passport Re-Issue and Replacement,PASSPORT_REISSUE_DAMAGED,Damaged Passport Re-Issue,Medium,Informal,FALSE,,PARAPHRASED,PASSPORT_REISSUE_DAMAGED_F02,Medium,FALSE,Controlled paraphrase 1 of reviewed independent seed; family preserved; automated validation complete.
PASSX_0426,"এই বিষয়ে সহায়তা চাই: passport ছিঁড়ে গেছে, replacement পেতে কী করতে হবে?",PASSPORT,PASSPORT_REISSUE,Passport Re-Issue and Replacement,PASSPORT_REISSUE_DAMAGED,Damaged Passport Re-Issue,Medium,Informal,FALSE,,PARAPHRASED,PASSPORT_REISSUE_DAMAGED_F02,Medium,FALSE,Controlled paraphrase 2 of reviewed independent seed; family preserved; automated validation complete.
PASSX_0433,কোনো তথ্য পরিবর্তন না করে পাসপোর্ট পুনরায় ইস্যু কীভাবে করব?,PASSPORT,PASSPORT_REISSUE,Passport Re-Issue and Replacement,PASSPORT_REISSUE_WITHOUT_INFORMATION_CHANGE,Passport Re-Issue Without Information Change,Low,Formal,FALSE,,SYNTHETIC,PASSPORT_REISSUE_WITHOUT_INFORMATION_CHANGE_F01,Easy,FALSE,Reviewed independent pilot seed retained for canonical expansion.
PASSX_0434,আমার ক্ষেত্রে কোনো তথ্য পরিবর্তন না করে পাসপোর্ট পুনরায় ইস্যু কোন প্রক্রিয়ায় করব?,PASSPORT,PASSPORT_REISSUE,Passport Re-Issue and Replacement,PASSPORT_REISSUE_WITHOUT_INFORMATION_CHANGE,Passport Re-Issue Without Information Change,Low,Formal,FALSE,,PARAPHRASED,PASSPORT_REISSUE_WITHOUT_INFORMATION_CHANGE_F01,Easy,FALSE,Controlled paraphrase 1 of reviewed independent seed; family preserved; automated validation complete.
PASSX_0435,কোনো তথ্য পরিবর্তন না করে পাসপোর্ট পুনরায় ইস্যু কোন প্রক্রিয়ায় করব; পরের ধাপটা কী?,PASSPORT,PASSPORT_REISSUE,Passport Re-Issue and Replacement,PASSPORT_REISSUE_WITHOUT_INFORMATION_CHANGE,Passport Re-Issue Without Information Change,Low,Formal,FALSE,,PARAPHRASED,PASSPORT_REISSUE_WITHOUT_INFORMATION_CHANGE_F01,Easy,FALSE,Controlled paraphrase 2 of reviewed independent seed; family preserved; automated validation complete.
PASSX_0436,"সব details same থাকবে, শুধু passport reissue করতে চাই।",PASSPORT,PASSPORT_REISSUE,Passport Re-Issue and Replacement,PASSPORT_REISSUE_WITHOUT_INFORMATION_CHANGE,Passport Re-Issue Without Information Change,Low,Informal,FALSE,,SYNTHETIC,PASSPORT_REISSUE_WITHOUT_INFORMATION_CHANGE_F02,Medium,FALSE,Reviewed independent pilot seed retained for canonical expansion.
PASSX_0437,"এটা নিয়ে সাহায্য দরকার: সব details same থাকবে, শুধু passport reissue করতে প্রয়োজন?",PASSPORT,PASSPORT_REISSUE,Passport Re-Issue and Replacement,PASSPORT_REISSUE_WITHOUT_INFORMATION_CHANGE,Passport Re-Issue Without Information Change,Low,Informal,FALSE,,PARAPHRASED,PASSPORT_REISSUE_WITHOUT_INFORMATION_CHANGE_F02,Medium,FALSE,Controlled paraphrase 1 of reviewed independent seed; family preserved; automated validation complete.
PASSX_0438,"সব details same থাকবে, শুধু passport reissue করতে প্রয়োজন?",PASSPORT,PASSPORT_REISSUE,Passport Re-Issue and Replacement,PASSPORT_REISSUE_WITHOUT_INFORMATION_CHANGE,Passport Re-Issue Without Information Change,Low,Informal,FALSE,,PARAPHRASED,PASSPORT_REISSUE_WITHOUT_INFORMATION_CHANGE_F02,Medium,FALSE,Controlled paraphrase 2 of reviewed independent seed; family preserved; automated validation complete.
PASSX_0445,বিদেশে অবস্থান করে আমার বর্তমান বাংলাদেশি পাসপোর্ট পুনরায় ইস্যু কীভাবে করব?,PASSPORT,PASSPORT_REISSUE,Passport Re-Issue and Replacement,PASSPORT_REISSUE_OVERSEAS,Passport Re-Issue From Abroad,Low,Formal,FALSE,,SYNTHETIC,PASSPORT_REISSUE_OVERSEAS_F01,Easy,FALSE,Reviewed independent pilot seed retained for canonical expansion.
PASSX_0446,আমার ক্ষেত্রে বিদেশে অবস্থান করে আমার বর্তমান বাংলাদেশি পাসপোর্ট পুনরায় ইস্যু কোন প্রক্রিয়ায় করব?,PASSPORT,PASSPORT_REISSUE,Passport Re-Issue and Replacement,PASSPORT_REISSUE_OVERSEAS,Passport Re-Issue From Abroad,Low,Formal,FALSE,,PARAPHRASED,PASSPORT_REISSUE_OVERSEAS_F01,Easy,FALSE,Controlled paraphrase 1 of reviewed independent seed; family preserved; automated validation complete.
PASSX_0447,বিদেশে অবস্থান করে আমার বর্তমান বাংলাদেশি পাসপোর্ট পুনরায় ইস্যু কোন প্রক্রিয়ায় করব; পরের ধাপটা কী?,PASSPORT,PASSPORT_REISSUE,Passport Re-Issue and Replacement,PASSPORT_REISSUE_OVERSEAS,Passport Re-Issue From Abroad,Low,Formal,FALSE,,PARAPHRASED,PASSPORT_REISSUE_OVERSEAS_F01,Easy,FALSE,Controlled paraphrase 2 of reviewed independent seed; family preserved; automated validation complete.
PASSX_0448,abroad থেকে existing passport renew/reissue করতে চাই।,PASSPORT,PASSPORT_REISSUE,Passport Re-Issue and Replacement,PASSPORT_REISSUE_OVERSEAS,Passport Re-Issue From Abroad,Low,Informal,FALSE,,SYNTHETIC,PASSPORT_REISSUE_OVERSEAS_F02,Medium,FALSE,Reviewed independent pilot seed retained for canonical expansion.
PASSX_0449,এটা নিয়ে সাহায্য দরকার: abroad থেকে existing passport renew/reissue করতে প্রয়োজন?,PASSPORT,PASSPORT_REISSUE,Passport Re-Issue and Replacement,PASSPORT_REISSUE_OVERSEAS,Passport Re-Issue From Abroad,Low,Informal,FALSE,,PARAPHRASED,PASSPORT_REISSUE_OVERSEAS_F02,Medium,FALSE,Controlled paraphrase 1 of reviewed independent seed; family preserved; automated validation complete.
PASSX_0450,abroad থেকে existing passport renew/reissue করতে প্রয়োজন?,PASSPORT,PASSPORT_REISSUE,Passport Re-Issue and Replacement,PASSPORT_REISSUE_OVERSEAS,Passport Re-Issue From Abroad,Low,Informal,FALSE,,PARAPHRASED,PASSPORT_REISSUE_OVERSEAS_F02,Medium,FALSE,Controlled paraphrase 2 of reviewed independent seed; family preserved; automated validation complete.
PASSX_0457,বাংলাদেশ ই-পাসপোর্টের সাধারণ ফি কত?,PASSPORT,PASSPORT_FEES_AND_PAYMENT,Passport Fees and Payment,PASSPORT_FEES_INFORMATION,Passport Fee Information,Low,Formal,FALSE,,SYNTHETIC,PASSPORT_FEES_INFORMATION_F01,Easy,FALSE,Reviewed independent pilot seed retained for canonical expansion.
PASSX_0458,আমার ক্ষেত্রে বাংলাদেশ ই-পাসপোর্টের সাধারণ ফি কত?,PASSPORT,PASSPORT_FEES_AND_PAYMENT,Passport Fees and Payment,PASSPORT_FEES_INFORMATION,Passport Fee Information,Low,Formal,FALSE,,PARAPHRASED,PASSPORT_FEES_INFORMATION_F01,Easy,FALSE,Controlled paraphrase 1 of reviewed independent seed; family preserved; automated validation complete.
PASSX_0459,বাংলাদেশ ই-পাসপোর্টের সাধারণ ফি কত; পরের ধাপটা কী?,PASSPORT,PASSPORT_FEES_AND_PAYMENT,Passport Fees and Payment,PASSPORT_FEES_INFORMATION,Passport Fee Information,Low,Formal,FALSE,,PARAPHRASED,PASSPORT_FEES_INFORMATION_F01,Easy,FALSE,Controlled paraphrase 2 of reviewed independent seed; family preserved; automated validation complete.
PASSX_0460,passport করতে মোট fee কত লাগে?,PASSPORT,PASSPORT_FEES_AND_PAYMENT,Passport Fees and Payment,PASSPORT_FEES_INFORMATION,Passport Fee Information,Low,Informal,FALSE,,SYNTHETIC,PASSPORT_FEES_INFORMATION_F02,Medium,FALSE,Reviewed independent pilot seed retained for canonical expansion.
PASSX_0461,এটা নিয়ে সাহায্য দরকার: passport করতে মোট fee কত লাগে?,PASSPORT,PASSPORT_FEES_AND_PAYMENT,Passport Fees and Payment,PASSPORT_FEES_INFORMATION,Passport Fee Information,Low,Informal,FALSE,,PARAPHRASED,PASSPORT_FEES_INFORMATION_F02,Medium,FALSE,Controlled paraphrase 1 of reviewed independent seed; family preserved; automated validation complete.
PASSX_0462,এই বিষয়ে সহায়তা চাই: passport করতে মোট fee কত লাগে?,PASSPORT,PASSPORT_FEES_AND_PAYMENT,Passport Fees and Payment,PASSPORT_FEES_INFORMATION,Passport Fee Information,Low,Informal,FALSE,,PARAPHRASED,PASSPORT_FEES_INFORMATION_F02,Medium,FALSE,Controlled paraphrase 2 of reviewed independent seed; family preserved; automated validation complete.
PASSX_0469,ই-পাসপোর্টের ফি কীভাবে পরিশোধ করা যায়?,PASSPORT,PASSPORT_FEES_AND_PAYMENT,Passport Fees and Payment,PASSPORT_PAYMENT_METHOD,Passport Payment Method,Low,Formal,FALSE,,SYNTHETIC,PASSPORT_PAYMENT_METHOD_F01,Easy,FALSE,Reviewed independent pilot seed retained for canonical expansion.
PASSX_0470,আমার ক্ষেত্রে ই-পাসপোর্টের ফি কোন প্রক্রিয়ায় পরিশোধ করা যায়?,PASSPORT,PASSPORT_FEES_AND_PAYMENT,Passport Fees and Payment,PASSPORT_PAYMENT_METHOD,Passport Payment Method,Low,Formal,FALSE,,PARAPHRASED,PASSPORT_PAYMENT_METHOD_F01,Easy,FALSE,Controlled paraphrase 1 of reviewed independent seed; family preserved; automated validation complete.
PASSX_0471,ই-পাসপোর্টের ফি কোন প্রক্রিয়ায় পরিশোধ করা যায়; পরের ধাপটা কী?,PASSPORT,PASSPORT_FEES_AND_PAYMENT,Passport Fees and Payment,PASSPORT_PAYMENT_METHOD,Passport Payment Method,Low,Formal,FALSE,,PARAPHRASED,PASSPORT_PAYMENT_METHOD_F01,Easy,FALSE,Controlled paraphrase 2 of reviewed independent seed; family preserved; automated validation complete.
PASSX_0472,passport fee pay করার কী কী method আছে?,PASSPORT,PASSPORT_FEES_AND_PAYMENT,Passport Fees and Payment,PASSPORT_PAYMENT_METHOD,Passport Payment Method,Low,Informal,FALSE,,SYNTHETIC,PASSPORT_PAYMENT_METHOD_F02,Medium,FALSE,Reviewed independent pilot seed retained for canonical expansion.
PASSX_0473,এটা নিয়ে সাহায্য দরকার: passport fee pay করার কোন কোন method আছে?,PASSPORT,PASSPORT_FEES_AND_PAYMENT,Passport Fees and Payment,PASSPORT_PAYMENT_METHOD,Passport Payment Method,Low,Informal,FALSE,,PARAPHRASED,PASSPORT_PAYMENT_METHOD_F02,Medium,FALSE,Controlled paraphrase 1 of reviewed independent seed; family preserved; automated validation complete.
PASSX_0474,passport fee pay করার কোন কোন method আছে?,PASSPORT,PASSPORT_FEES_AND_PAYMENT,Passport Fees and Payment,PASSPORT_PAYMENT_METHOD,Passport Payment Method,Low,Informal,FALSE,,PARAPHRASED,PASSPORT_PAYMENT_METHOD_F02,Medium,FALSE,Controlled paraphrase 2 of reviewed independent seed; family preserved; automated validation complete.
PASSX_0481,আমার ই-পাসপোর্ট ফি সফলভাবে জমা হয়েছে কি না কীভাবে যাচাই করব?,PASSPORT,PASSPORT_FEES_AND_PAYMENT,Passport Fees and Payment,PASSPORT_PAYMENT_CONFIRMATION,Passport Payment Confirmation,Low,Formal,FALSE,,SYNTHETIC,PASSPORT_PAYMENT_CONFIRMATION_F01,Easy,FALSE,Reviewed independent pilot seed retained for canonical expansion.
PASSX_0482,আমার ক্ষেত্রে আমার ই-পাসপোর্ট ফি সফলভাবে জমা হয়েছে কি না কোন প্রক্রিয়ায় যাচাই করব?,PASSPORT,PASSPORT_FEES_AND_PAYMENT,Passport Fees and Payment,PASSPORT_PAYMENT_CONFIRMATION,Passport Payment Confirmation,Low,Formal,FALSE,,PARAPHRASED,PASSPORT_PAYMENT_CONFIRMATION_F01,Easy,FALSE,Controlled paraphrase 1 of reviewed independent seed; family preserved; automated validation complete.
PASSX_0483,আমার ই-পাসপোর্ট ফি সফলভাবে জমা হয়েছে কি না কোন প্রক্রিয়ায় যাচাই করব; পরের ধাপটা কী?,PASSPORT,PASSPORT_FEES_AND_PAYMENT,Passport Fees and Payment,PASSPORT_PAYMENT_CONFIRMATION,Passport Payment Confirmation,Low,Formal,FALSE,,PARAPHRASED,PASSPORT_PAYMENT_CONFIRMATION_F01,Easy,FALSE,Controlled paraphrase 2 of reviewed independent seed; family preserved; automated validation complete.
PASSX_0484,passport payment successful হয়েছে কিনা check করব কীভাবে?,PASSPORT,PASSPORT_FEES_AND_PAYMENT,Passport Fees and Payment,PASSPORT_PAYMENT_CONFIRMATION,Passport Payment Confirmation,Low,Informal,FALSE,,SYNTHETIC,PASSPORT_PAYMENT_CONFIRMATION_F02,Medium,FALSE,Reviewed independent pilot seed retained for canonical expansion.
PASSX_0485,এটা নিয়ে সাহায্য দরকার: passport payment successful হয়েছে কিনা check করব কোন প্রক্রিয়ায়?,PASSPORT,PASSPORT_FEES_AND_PAYMENT,Passport Fees and Payment,PASSPORT_PAYMENT_CONFIRMATION,Passport Payment Confirmation,Low,Informal,FALSE,,PARAPHRASED,PASSPORT_PAYMENT_CONFIRMATION_F02,Medium,FALSE,Controlled paraphrase 1 of reviewed independent seed; family preserved; automated validation complete.
PASSX_0486,passport payment successful হয়েছে কিনা check করব কোন প্রক্রিয়ায়?,PASSPORT,PASSPORT_FEES_AND_PAYMENT,Passport Fees and Payment,PASSPORT_PAYMENT_CONFIRMATION,Passport Payment Confirmation,Low,Informal,FALSE,,PARAPHRASED,PASSPORT_PAYMENT_CONFIRMATION_F02,Medium,FALSE,Controlled paraphrase 2 of reviewed independent seed; family preserved; automated validation complete.
PASSX_0493,আমার ই-পাসপোর্ট ফি পরিশোধের চেষ্টা ব্যর্থ হয়েছে; কী করব?,PASSPORT,PASSPORT_FEES_AND_PAYMENT,Passport Fees and Payment,PASSPORT_PAYMENT_FAILURE,Passport Payment Failure,Medium,Formal,FALSE,,SYNTHETIC,PASSPORT_PAYMENT_FAILURE_F01,Easy,FALSE,Reviewed independent pilot seed retained for canonical expansion.
PASSX_0494,আমার ক্ষেত্রে আমার ই-পাসপোর্ট ফি পরিশোধের চেষ্টা ব্যর্থ হয়েছে; কী করতে হবে?,PASSPORT,PASSPORT_FEES_AND_PAYMENT,Passport Fees and Payment,PASSPORT_PAYMENT_FAILURE,Passport Payment Failure,Medium,Formal,FALSE,,PARAPHRASED,PASSPORT_PAYMENT_FAILURE_F01,Easy,FALSE,Controlled paraphrase 1 of reviewed independent seed; family preserved; automated validation complete.
PASSX_0495,আমার ই-পাসপোর্ট ফি পরিশোধের চেষ্টা ব্যর্থ হয়েছে; কী করতে হবে; পরের ধাপটা কী?,PASSPORT,PASSPORT_FEES_AND_PAYMENT,Passport Fees and Payment,PASSPORT_PAYMENT_FAILURE,Passport Payment Failure,Medium,Formal,FALSE,,PARAPHRASED,PASSPORT_PAYMENT_FAILURE_F01,Easy,FALSE,Controlled paraphrase 2 of reviewed independent seed; family preserved; automated validation complete.
PASSX_0496,passport payment বারবার fail করছে।,PASSPORT,PASSPORT_FEES_AND_PAYMENT,Passport Fees and Payment,PASSPORT_PAYMENT_FAILURE,Passport Payment Failure,Medium,Informal,FALSE,,SYNTHETIC,PASSPORT_PAYMENT_FAILURE_F02,Medium,FALSE,Reviewed independent pilot seed retained for canonical expansion.
PASSX_0497,এটা নিয়ে সাহায্য দরকার: passport payment বারবার fail করছে?,PASSPORT,PASSPORT_FEES_AND_PAYMENT,Passport Fees and Payment,PASSPORT_PAYMENT_FAILURE,Passport Payment Failure,Medium,Informal,FALSE,,PARAPHRASED,PASSPORT_PAYMENT_FAILURE_F02,Medium,FALSE,Controlled paraphrase 1 of reviewed independent seed; family preserved; automated validation complete.
PASSX_0498,passport payment বারবার fail করছে?,PASSPORT,PASSPORT_FEES_AND_PAYMENT,Passport Fees and Payment,PASSPORT_PAYMENT_FAILURE,Passport Payment Failure,Medium,Informal,FALSE,,PARAPHRASED,PASSPORT_PAYMENT_FAILURE_F02,Medium,FALSE,Controlled paraphrase 2 of reviewed independent seed; family preserved; automated validation complete.
PASSX_0505,"টাকা কেটে নেওয়া হয়েছে, কিন্তু ই-পাসপোর্ট payment failed দেখাচ্ছে; কী করব?",PASSPORT,PASSPORT_FEES_AND_PAYMENT,Passport Fees and Payment,PASSPORT_PAYMENT_DEDUCTED_BUT_FAILED,Passport Payment Deducted but Transaction Failed,Medium,Formal,FALSE,,SYNTHETIC,PASSPORT_PAYMENT_DEDUCTED_BUT_FAILED_F01,Easy,FALSE,Reviewed independent pilot seed retained for canonical expansion.
PASSX_0506,"আমার ক্ষেত্রে টাকা কেটে নেওয়া হয়েছে, কিন্তু ই-পাসপোর্ট payment failed দেখাচ্ছে; কী করতে হবে?",PASSPORT,PASSPORT_FEES_AND_PAYMENT,Passport Fees and Payment,PASSPORT_PAYMENT_DEDUCTED_BUT_FAILED,Passport Payment Deducted but Transaction Failed,Medium,Formal,FALSE,,PARAPHRASED,PASSPORT_PAYMENT_DEDUCTED_BUT_FAILED_F01,Easy,FALSE,Controlled paraphrase 1 of reviewed independent seed; family preserved; automated validation complete.
PASSX_0507,"টাকা কেটে নেওয়া হয়েছে, কিন্তু ই-পাসপোর্ট payment failed দেখাচ্ছে; কী করতে হবে; পরের ধাপটা কী?",PASSPORT,PASSPORT_FEES_AND_PAYMENT,Passport Fees and Payment,PASSPORT_PAYMENT_DEDUCTED_BUT_FAILED,Passport Payment Deducted but Transaction Failed,Medium,Formal,FALSE,,PARAPHRASED,PASSPORT_PAYMENT_DEDUCTED_BUT_FAILED_F01,Easy,FALSE,Controlled paraphrase 2 of reviewed independent seed; family preserved; automated validation complete.
PASSX_0508,passport fee account থেকে কেটেছে কিন্তু payment successful হয়নি।,PASSPORT,PASSPORT_FEES_AND_PAYMENT,Passport Fees and Payment,PASSPORT_PAYMENT_DEDUCTED_BUT_FAILED,Passport Payment Deducted but Transaction Failed,Medium,Informal,FALSE,,SYNTHETIC,PASSPORT_PAYMENT_DEDUCTED_BUT_FAILED_F02,Medium,FALSE,Reviewed independent pilot seed retained for canonical expansion.
PASSX_0509,এটা নিয়ে সাহায্য দরকার: passport fee account থেকে কেটেছে কিন্তু payment successful হয়নি?,PASSPORT,PASSPORT_FEES_AND_PAYMENT,Passport Fees and Payment,PASSPORT_PAYMENT_DEDUCTED_BUT_FAILED,Passport Payment Deducted but Transaction Failed,Medium,Informal,FALSE,,PARAPHRASED,PASSPORT_PAYMENT_DEDUCTED_BUT_FAILED_F02,Medium,FALSE,Controlled paraphrase 1 of reviewed independent seed; family preserved; automated validation complete.
PASSX_0510,passport fee account থেকে কেটেছে কিন্তু payment successful হয়নি?,PASSPORT,PASSPORT_FEES_AND_PAYMENT,Passport Fees and Payment,PASSPORT_PAYMENT_DEDUCTED_BUT_FAILED,Passport Payment Deducted but Transaction Failed,Medium,Informal,FALSE,,PARAPHRASED,PASSPORT_PAYMENT_DEDUCTED_BUT_FAILED_F02,Medium,FALSE,Controlled paraphrase 2 of reviewed independent seed; family preserved; automated validation complete.
PASSX_0517,ব্যর্থ পাসপোর্ট payment-এর টাকা ফেরত পাওয়ার প্রক্রিয়া কী?,PASSPORT,PASSPORT_FEES_AND_PAYMENT,Passport Fees and Payment,PASSPORT_PAYMENT_REFUND,Passport Payment Refund,Medium,Formal,FALSE,,SYNTHETIC,PASSPORT_PAYMENT_REFUND_F01,Easy,FALSE,Reviewed independent pilot seed retained for canonical expansion.
PASSX_0518,আমার ক্ষেত্রে ব্যর্থ পাসপোর্ট payment-এর টাকা ফেরত পাওয়ার প্রক্রিয়া কী?,PASSPORT,PASSPORT_FEES_AND_PAYMENT,Passport Fees and Payment,PASSPORT_PAYMENT_REFUND,Passport Payment Refund,Medium,Formal,FALSE,,PARAPHRASED,PASSPORT_PAYMENT_REFUND_F01,Easy,FALSE,Controlled paraphrase 1 of reviewed independent seed; family preserved; automated validation complete.
PASSX_0519,ব্যর্থ পাসপোর্ট payment-এর টাকা ফেরত পাওয়ার প্রক্রিয়া কী; পরের ধাপটা কী?,PASSPORT,PASSPORT_FEES_AND_PAYMENT,Passport Fees and Payment,PASSPORT_PAYMENT_REFUND,Passport Payment Refund,Medium,Formal,FALSE,,PARAPHRASED,PASSPORT_PAYMENT_REFUND_F01,Easy,FALSE,Controlled paraphrase 2 of reviewed independent seed; family preserved; automated validation complete.
PASSX_0520,passport payment fail হওয়ার পর refund কীভাবে পাব?,PASSPORT,PASSPORT_FEES_AND_PAYMENT,Passport Fees and Payment,PASSPORT_PAYMENT_REFUND,Passport Payment Refund,Medium,Informal,FALSE,,SYNTHETIC,PASSPORT_PAYMENT_REFUND_F02,Medium,FALSE,Reviewed independent pilot seed retained for canonical expansion.
PASSX_0521,এটা নিয়ে সাহায্য দরকার: passport payment fail হওয়ার পর refund কোন প্রক্রিয়ায় পাব?,PASSPORT,PASSPORT_FEES_AND_PAYMENT,Passport Fees and Payment,PASSPORT_PAYMENT_REFUND,Passport Payment Refund,Medium,Informal,FALSE,,PARAPHRASED,PASSPORT_PAYMENT_REFUND_F02,Medium,FALSE,Controlled paraphrase 1 of reviewed independent seed; family preserved; automated validation complete.
PASSX_0522,passport payment fail হওয়ার পর refund কোন প্রক্রিয়ায় পাব?,PASSPORT,PASSPORT_FEES_AND_PAYMENT,Passport Fees and Payment,PASSPORT_PAYMENT_REFUND,Passport Payment Refund,Medium,Informal,FALSE,,PARAPHRASED,PASSPORT_PAYMENT_REFUND_F02,Medium,FALSE,Controlled paraphrase 2 of reviewed independent seed; family preserved; automated validation complete.
PASSX_0529,ই-পাসপোর্ট ফি পরিশোধের রসিদ কোথা থেকে পাব?,PASSPORT,PASSPORT_FEES_AND_PAYMENT,Passport Fees and Payment,PASSPORT_PAYMENT_RECEIPT,Passport Payment Receipt or Slip,Low,Formal,FALSE,,SYNTHETIC,PASSPORT_PAYMENT_RECEIPT_F01,Easy,FALSE,Reviewed independent pilot seed retained for canonical expansion.
PASSX_0530,আমার ক্ষেত্রে ই-পাসপোর্ট ফি পরিশোধের রসিদ কোথা থেকে পাব?,PASSPORT,PASSPORT_FEES_AND_PAYMENT,Passport Fees and Payment,PASSPORT_PAYMENT_RECEIPT,Passport Payment Receipt or Slip,Low,Formal,FALSE,,PARAPHRASED,PASSPORT_PAYMENT_RECEIPT_F01,Easy,FALSE,Controlled paraphrase 1 of reviewed independent seed; family preserved; automated validation complete.
PASSX_0531,ই-পাসপোর্ট ফি পরিশোধের রসিদ কোথা থেকে পাব; পরের ধাপটা কী?,PASSPORT,PASSPORT_FEES_AND_PAYMENT,Passport Fees and Payment,PASSPORT_PAYMENT_RECEIPT,Passport Payment Receipt or Slip,Low,Formal,FALSE,,PARAPHRASED,PASSPORT_PAYMENT_RECEIPT_F01,Easy,FALSE,Controlled paraphrase 2 of reviewed independent seed; family preserved; automated validation complete.
PASSX_0532,passport payment receipt print করতে চাই।,PASSPORT,PASSPORT_FEES_AND_PAYMENT,Passport Fees and Payment,PASSPORT_PAYMENT_RECEIPT,Passport Payment Receipt or Slip,Low,Informal,FALSE,,SYNTHETIC,PASSPORT_PAYMENT_RECEIPT_F02,Medium,FALSE,Reviewed independent pilot seed retained for canonical expansion.
PASSX_0533,এটা নিয়ে সাহায্য দরকার: passport payment receipt print করতে প্রয়োজন?,PASSPORT,PASSPORT_FEES_AND_PAYMENT,Passport Fees and Payment,PASSPORT_PAYMENT_RECEIPT,Passport Payment Receipt or Slip,Low,Informal,FALSE,,PARAPHRASED,PASSPORT_PAYMENT_RECEIPT_F02,Medium,FALSE,Controlled paraphrase 1 of reviewed independent seed; family preserved; automated validation complete.
PASSX_0534,passport payment receipt print করতে প্রয়োজন?,PASSPORT,PASSPORT_FEES_AND_PAYMENT,Passport Fees and Payment,PASSPORT_PAYMENT_RECEIPT,Passport Payment Receipt or Slip,Low,Informal,FALSE,,PARAPHRASED,PASSPORT_PAYMENT_RECEIPT_F02,Medium,FALSE,Controlled paraphrase 2 of reviewed independent seed; family preserved; automated validation complete.
PASSX_0541,রেগুলার ও এক্সপ্রেস পাসপোর্ট সেবার ফি কত?,PASSPORT,PASSPORT_FEES_AND_PAYMENT,Passport Fees and Payment,PASSPORT_FEES_DELIVERY_CATEGORY,Passport Delivery Category Fee,Low,Formal,FALSE,,SYNTHETIC,PASSPORT_FEES_DELIVERY_CATEGORY_F01,Easy,FALSE,Reviewed independent pilot seed retained for canonical expansion.
PASSX_0542,আমার ক্ষেত্রে রেগুলার ও এক্সপ্রেস পাসপোর্ট সেবার ফি কত?,PASSPORT,PASSPORT_FEES_AND_PAYMENT,Passport Fees and Payment,PASSPORT_FEES_DELIVERY_CATEGORY,Passport Delivery Category Fee,Low,Formal,FALSE,,PARAPHRASED,PASSPORT_FEES_DELIVERY_CATEGORY_F01,Easy,FALSE,Controlled paraphrase 1 of reviewed independent seed; family preserved; automated validation complete.
PASSX_0543,রেগুলার ও এক্সপ্রেস পাসপোর্ট সেবার ফি কত; পরের ধাপটা কী?,PASSPORT,PASSPORT_FEES_AND_PAYMENT,Passport Fees and Payment,PASSPORT_FEES_DELIVERY_CATEGORY,Passport Delivery Category Fee,Low,Formal,FALSE,,PARAPHRASED,PASSPORT_FEES_DELIVERY_CATEGORY_F01,Easy,FALSE,Controlled paraphrase 2 of reviewed independent seed; family preserved; automated validation complete.
PASSX_0544,express passport-এর fee কত হয়?,PASSPORT,PASSPORT_FEES_AND_PAYMENT,Passport Fees and Payment,PASSPORT_FEES_DELIVERY_CATEGORY,Passport Delivery Category Fee,Low,Informal,FALSE,,SYNTHETIC,PASSPORT_FEES_DELIVERY_CATEGORY_F02,Medium,FALSE,Reviewed independent pilot seed retained for canonical expansion.
PASSX_0545,এটা নিয়ে সাহায্য দরকার: express passport-এর fee কত হয়?,PASSPORT,PASSPORT_FEES_AND_PAYMENT,Passport Fees and Payment,PASSPORT_FEES_DELIVERY_CATEGORY,Passport Delivery Category Fee,Low,Informal,FALSE,,PARAPHRASED,PASSPORT_FEES_DELIVERY_CATEGORY_F02,Medium,FALSE,Controlled paraphrase 1 of reviewed independent seed; family preserved; automated validation complete.
PASSX_0546,এই বিষয়ে সহায়তা চাই: express passport-এর fee কত হয়?,PASSPORT,PASSPORT_FEES_AND_PAYMENT,Passport Fees and Payment,PASSPORT_FEES_DELIVERY_CATEGORY,Passport Delivery Category Fee,Low,Informal,FALSE,,PARAPHRASED,PASSPORT_FEES_DELIVERY_CATEGORY_F02,Medium,FALSE,Controlled paraphrase 2 of reviewed independent seed; family preserved; automated validation complete.
PASSX_0553,আমার ই-পাসপোর্ট আবেদনের বর্তমান অবস্থা কীভাবে যাচাই করব?,PASSPORT,PASSPORT_STATUS_AND_DELIVERY,Passport Application Status and Delivery,PASSPORT_APPLICATION_STATUS,Passport Application Status,Low,Formal,FALSE,,SYNTHETIC,PASSPORT_APPLICATION_STATUS_F01,Easy,FALSE,Reviewed independent pilot seed retained for canonical expansion.
PASSX_0554,আমার ক্ষেত্রে আমার ই-পাসপোর্ট আবেদনের বর্তমান অবস্থা কোন প্রক্রিয়ায় যাচাই করব?,PASSPORT,PASSPORT_STATUS_AND_DELIVERY,Passport Application Status and Delivery,PASSPORT_APPLICATION_STATUS,Passport Application Status,Low,Formal,FALSE,,PARAPHRASED,PASSPORT_APPLICATION_STATUS_F01,Easy,FALSE,Controlled paraphrase 1 of reviewed independent seed; family preserved; automated validation complete.
PASSX_0555,আমার ই-পাসপোর্ট আবেদনের বর্তমান অবস্থা কোন প্রক্রিয়ায় যাচাই করব; পরের ধাপটা কী?,PASSPORT,PASSPORT_STATUS_AND_DELIVERY,Passport Application Status and Delivery,PASSPORT_APPLICATION_STATUS,Passport Application Status,Low,Formal,FALSE,,PARAPHRASED,PASSPORT_APPLICATION_STATUS_F01,Easy,FALSE,Controlled paraphrase 2 of reviewed independent seed; family preserved; automated validation complete.
PASSX_0556,passport application এখন কোন stage-এ আছে দেখব কীভাবে?,PASSPORT,PASSPORT_STATUS_AND_DELIVERY,Passport Application Status and Delivery,PASSPORT_APPLICATION_STATUS,Passport Application Status,Low,Informal,FALSE,,SYNTHETIC,PASSPORT_APPLICATION_STATUS_F02,Medium,FALSE,Reviewed independent pilot seed retained for canonical expansion.
PASSX_0557,এটা নিয়ে সাহায্য দরকার: passport application এখন কোন stage-এ আছে দেখব কোন প্রক্রিয়ায়?,PASSPORT,PASSPORT_STATUS_AND_DELIVERY,Passport Application Status and Delivery,PASSPORT_APPLICATION_STATUS,Passport Application Status,Low,Informal,FALSE,,PARAPHRASED,PASSPORT_APPLICATION_STATUS_F02,Medium,FALSE,Controlled paraphrase 1 of reviewed independent seed; family preserved; automated validation complete.
PASSX_0558,passport application এখন কোন stage-এ আছে দেখব কোন প্রক্রিয়ায়?,PASSPORT,PASSPORT_STATUS_AND_DELIVERY,Passport Application Status and Delivery,PASSPORT_APPLICATION_STATUS,Passport Application Status,Low,Informal,FALSE,,PARAPHRASED,PASSPORT_APPLICATION_STATUS_F02,Medium,FALSE,Controlled paraphrase 2 of reviewed independent seed; family preserved; automated validation complete.
PASSX_0565,আমার ই-পাসপোর্ট আবেদন অস্বাভাবিকভাবে দেরি হচ্ছে; কী করব?,PASSPORT,PASSPORT_STATUS_AND_DELIVERY,Passport Application Status and Delivery,PASSPORT_APPLICATION_DELAY,Passport Application Delay,Medium,Formal,FALSE,,SYNTHETIC,PASSPORT_APPLICATION_DELAY_F01,Easy,FALSE,Reviewed independent pilot seed retained for canonical expansion.
PASSX_0566,আমার ক্ষেত্রে আমার ই-পাসপোর্ট আবেদন অস্বাভাবিকভাবে দেরি হচ্ছে; কী করতে হবে?,PASSPORT,PASSPORT_STATUS_AND_DELIVERY,Passport Application Status and Delivery,PASSPORT_APPLICATION_DELAY,Passport Application Delay,Medium,Formal,FALSE,,PARAPHRASED,PASSPORT_APPLICATION_DELAY_F01,Easy,FALSE,Controlled paraphrase 1 of reviewed independent seed; family preserved; automated validation complete.
PASSX_0567,আমার ই-পাসপোর্ট আবেদন অস্বাভাবিকভাবে দেরি হচ্ছে; কী করতে হবে; পরের ধাপটা কী?,PASSPORT,PASSPORT_STATUS_AND_DELIVERY,Passport Application Status and Delivery,PASSPORT_APPLICATION_DELAY,Passport Application Delay,Medium,Formal,FALSE,,PARAPHRASED,PASSPORT_APPLICATION_DELAY_F01,Easy,FALSE,Controlled paraphrase 2 of reviewed independent seed; family preserved; automated validation complete.
PASSX_0568,passport application অনেকদিন ধরে same stage-এ stuck।,PASSPORT,PASSPORT_STATUS_AND_DELIVERY,Passport Application Status and Delivery,PASSPORT_APPLICATION_DELAY,Passport Application Delay,Medium,Informal,FALSE,,SYNTHETIC,PASSPORT_APPLICATION_DELAY_F02,Medium,FALSE,Reviewed independent pilot seed retained for canonical expansion.
PASSX_0569,এটা নিয়ে সাহায্য দরকার: passport application অনেকদিন ধরে same stage-এ stuck?,PASSPORT,PASSPORT_STATUS_AND_DELIVERY,Passport Application Status and Delivery,PASSPORT_APPLICATION_DELAY,Passport Application Delay,Medium,Informal,FALSE,,PARAPHRASED,PASSPORT_APPLICATION_DELAY_F02,Medium,FALSE,Controlled paraphrase 1 of reviewed independent seed; family preserved; automated validation complete.
PASSX_0570,passport application অনেকদিন ধরে same stage-এ stuck?,PASSPORT,PASSPORT_STATUS_AND_DELIVERY,Passport Application Status and Delivery,PASSPORT_APPLICATION_DELAY,Passport Application Delay,Medium,Informal,FALSE,,PARAPHRASED,PASSPORT_APPLICATION_DELAY_F02,Medium,FALSE,Controlled paraphrase 2 of reviewed independent seed; family preserved; automated validation complete.
PASSX_0577,সাধারণভাবে ই-পাসপোর্ট প্রক্রিয়াকরণে কত সময় লাগে?,PASSPORT,PASSPORT_STATUS_AND_DELIVERY,Passport Application Status and Delivery,PASSPORT_PROCESSING_TIME,Passport Processing Time,Low,Formal,FALSE,,SYNTHETIC,PASSPORT_PROCESSING_TIME_F01,Easy,FALSE,Reviewed independent pilot seed retained for canonical expansion.
PASSX_0578,আমার ক্ষেত্রে সাধারণভাবে ই-পাসপোর্ট প্রক্রিয়াকরণে কত সময় লাগে?,PASSPORT,PASSPORT_STATUS_AND_DELIVERY,Passport Application Status and Delivery,PASSPORT_PROCESSING_TIME,Passport Processing Time,Low,Formal,FALSE,,PARAPHRASED,PASSPORT_PROCESSING_TIME_F01,Easy,FALSE,Controlled paraphrase 1 of reviewed independent seed; family preserved; automated validation complete.
PASSX_0579,সাধারণভাবে ই-পাসপোর্ট প্রক্রিয়াকরণে কত সময় লাগে; পরের ধাপটা কী?,PASSPORT,PASSPORT_STATUS_AND_DELIVERY,Passport Application Status and Delivery,PASSPORT_PROCESSING_TIME,Passport Processing Time,Low,Formal,FALSE,,PARAPHRASED,PASSPORT_PROCESSING_TIME_F01,Easy,FALSE,Controlled paraphrase 2 of reviewed independent seed; family preserved; automated validation complete.
PASSX_0580,passport হতে normally কতদিন লাগে?,PASSPORT,PASSPORT_STATUS_AND_DELIVERY,Passport Application Status and Delivery,PASSPORT_PROCESSING_TIME,Passport Processing Time,Low,Informal,FALSE,,SYNTHETIC,PASSPORT_PROCESSING_TIME_F02,Medium,FALSE,Reviewed independent pilot seed retained for canonical expansion.
PASSX_0581,এটা নিয়ে সাহায্য দরকার: passport হতে normally কতদিন লাগে?,PASSPORT,PASSPORT_STATUS_AND_DELIVERY,Passport Application Status and Delivery,PASSPORT_PROCESSING_TIME,Passport Processing Time,Low,Informal,FALSE,,PARAPHRASED,PASSPORT_PROCESSING_TIME_F02,Medium,FALSE,Controlled paraphrase 1 of reviewed independent seed; family preserved; automated validation complete.
PASSX_0582,এই বিষয়ে সহায়তা চাই: passport হতে normally কতদিন লাগে?,PASSPORT,PASSPORT_STATUS_AND_DELIVERY,Passport Application Status and Delivery,PASSPORT_PROCESSING_TIME,Passport Processing Time,Low,Informal,FALSE,,PARAPHRASED,PASSPORT_PROCESSING_TIME_F02,Medium,FALSE,Controlled paraphrase 2 of reviewed independent seed; family preserved; automated validation complete.
PASSX_0589,"রেগুলার, এক্সপ্রেস ও অন্যান্য পাসপোর্ট processing category-এর পার্থক্য কী?",PASSPORT,PASSPORT_STATUS_AND_DELIVERY,Passport Application Status and Delivery,PASSPORT_DELIVERY_CATEGORY,Passport Delivery or Processing Category,Low,Formal,FALSE,,SYNTHETIC,PASSPORT_DELIVERY_CATEGORY_F01,Easy,FALSE,Reviewed independent pilot seed retained for canonical expansion.
PASSX_0590,"আমার ক্ষেত্রে রেগুলার, এক্সপ্রেস ও অন্যান্য পাসপোর্ট processing category-এর পার্থক্য কী?",PASSPORT,PASSPORT_STATUS_AND_DELIVERY,Passport Application Status and Delivery,PASSPORT_DELIVERY_CATEGORY,Passport Delivery or Processing Category,Low,Formal,FALSE,,PARAPHRASED,PASSPORT_DELIVERY_CATEGORY_F01,Easy,FALSE,Controlled paraphrase 1 of reviewed independent seed; family preserved; automated validation complete.
PASSX_0591,"রেগুলার, এক্সপ্রেস ও অন্যান্য পাসপোর্ট processing category-এর পার্থক্য কী; পরের ধাপটা কী?",PASSPORT,PASSPORT_STATUS_AND_DELIVERY,Passport Application Status and Delivery,PASSPORT_DELIVERY_CATEGORY,Passport Delivery or Processing Category,Low,Formal,FALSE,,PARAPHRASED,PASSPORT_DELIVERY_CATEGORY_F01,Easy,FALSE,Controlled paraphrase 2 of reviewed independent seed; family preserved; automated validation complete.
PASSX_0592,passport-এর regular আর express service কীভাবে আলাদা?,PASSPORT,PASSPORT_STATUS_AND_DELIVERY,Passport Application Status and Delivery,PASSPORT_DELIVERY_CATEGORY,Passport Delivery or Processing Category,Low,Informal,FALSE,,SYNTHETIC,PASSPORT_DELIVERY_CATEGORY_F02,Medium,FALSE,Reviewed independent pilot seed retained for canonical expansion.
PASSX_0593,এটা নিয়ে সাহায্য দরকার: passport-এর regular আর express service কোন প্রক্রিয়ায় আলাদা?,PASSPORT,PASSPORT_STATUS_AND_DELIVERY,Passport Application Status and Delivery,PASSPORT_DELIVERY_CATEGORY,Passport Delivery or Processing Category,Low,Informal,FALSE,,PARAPHRASED,PASSPORT_DELIVERY_CATEGORY_F02,Medium,FALSE,Controlled paraphrase 1 of reviewed independent seed; family preserved; automated validation complete.
PASSX_0594,passport-এর regular আর express service কোন প্রক্রিয়ায় আলাদা?,PASSPORT,PASSPORT_STATUS_AND_DELIVERY,Passport Application Status and Delivery,PASSPORT_DELIVERY_CATEGORY,Passport Delivery or Processing Category,Low,Informal,FALSE,,PARAPHRASED,PASSPORT_DELIVERY_CATEGORY_F02,Medium,FALSE,Controlled paraphrase 2 of reviewed independent seed; family preserved; automated validation complete.
PASSX_0601,আমার পাসপোর্ট সংগ্রহের জন্য প্রস্তুত হয়েছে কি না কীভাবে জানব?,PASSPORT,PASSPORT_STATUS_AND_DELIVERY,Passport Application Status and Delivery,PASSPORT_READY_FOR_COLLECTION,Passport Ready for Collection,Low,Formal,FALSE,,SYNTHETIC,PASSPORT_READY_FOR_COLLECTION_F01,Easy,FALSE,Reviewed independent pilot seed retained for canonical expansion.
PASSX_0602,আমার ক্ষেত্রে আমার পাসপোর্ট সংগ্রহের জন্য প্রস্তুত হয়েছে কি না কোন প্রক্রিয়ায় জানব?,PASSPORT,PASSPORT_STATUS_AND_DELIVERY,Passport Application Status and Delivery,PASSPORT_READY_FOR_COLLECTION,Passport Ready for Collection,Low,Formal,FALSE,,PARAPHRASED,PASSPORT_READY_FOR_COLLECTION_F01,Easy,FALSE,Controlled paraphrase 1 of reviewed independent seed; family preserved; automated validation complete.
PASSX_0603,আমার পাসপোর্ট সংগ্রহের জন্য প্রস্তুত হয়েছে কি না কোন প্রক্রিয়ায় জানব; পরের ধাপটা কী?,PASSPORT,PASSPORT_STATUS_AND_DELIVERY,Passport Application Status and Delivery,PASSPORT_READY_FOR_COLLECTION,Passport Ready for Collection,Low,Formal,FALSE,,PARAPHRASED,PASSPORT_READY_FOR_COLLECTION_F01,Easy,FALSE,Controlled paraphrase 2 of reviewed independent seed; family preserved; automated validation complete.
PASSX_0604,passport ready for collection হয়েছে কিনা কোথায় check করব?,PASSPORT,PASSPORT_STATUS_AND_DELIVERY,Passport Application Status and Delivery,PASSPORT_READY_FOR_COLLECTION,Passport Ready for Collection,Low,Informal,FALSE,,SYNTHETIC,PASSPORT_READY_FOR_COLLECTION_F02,Medium,FALSE,Reviewed independent pilot seed retained for canonical expansion.
PASSX_0605,এটা নিয়ে সাহায্য দরকার: passport ready for collection হয়েছে কিনা কোথায় check করতে হবে?,PASSPORT,PASSPORT_STATUS_AND_DELIVERY,Passport Application Status and Delivery,PASSPORT_READY_FOR_COLLECTION,Passport Ready for Collection,Low,Informal,FALSE,,PARAPHRASED,PASSPORT_READY_FOR_COLLECTION_F02,Medium,FALSE,Controlled paraphrase 1 of reviewed independent seed; family preserved; automated validation complete.
PASSX_0606,passport ready for collection হয়েছে কিনা কোথায় check করতে হবে?,PASSPORT,PASSPORT_STATUS_AND_DELIVERY,Passport Application Status and Delivery,PASSPORT_READY_FOR_COLLECTION,Passport Ready for Collection,Low,Informal,FALSE,,PARAPHRASED,PASSPORT_READY_FOR_COLLECTION_F02,Medium,FALSE,Controlled paraphrase 2 of reviewed independent seed; family preserved; automated validation complete.
PASSX_0613,প্রস্তুত হওয়া পাসপোর্ট কীভাবে সংগ্রহ করব?,PASSPORT,PASSPORT_STATUS_AND_DELIVERY,Passport Application Status and Delivery,PASSPORT_COLLECTION,Passport Collection,Low,Formal,FALSE,,SYNTHETIC,PASSPORT_COLLECTION_F01,Easy,FALSE,Reviewed independent pilot seed retained for canonical expansion.
PASSX_0614,আমার ক্ষেত্রে প্রস্তুত হওয়া পাসপোর্ট কোন প্রক্রিয়ায় সংগ্রহ করব?,PASSPORT,PASSPORT_STATUS_AND_DELIVERY,Passport Application Status and Delivery,PASSPORT_COLLECTION,Passport Collection,Low,Formal,FALSE,,PARAPHRASED,PASSPORT_COLLECTION_F01,Easy,FALSE,Controlled paraphrase 1 of reviewed independent seed; family preserved; automated validation complete.
PASSX_0615,প্রস্তুত হওয়া পাসপোর্ট কোন প্রক্রিয়ায় সংগ্রহ করব; পরের ধাপটা কী?,PASSPORT,PASSPORT_STATUS_AND_DELIVERY,Passport Application Status and Delivery,PASSPORT_COLLECTION,Passport Collection,Low,Formal,FALSE,,PARAPHRASED,PASSPORT_COLLECTION_F01,Easy,FALSE,Controlled paraphrase 2 of reviewed independent seed; family preserved; automated validation complete.
PASSX_0616,"passport ready হয়েছে, এখন কোথা থেকে collect করব?",PASSPORT,PASSPORT_STATUS_AND_DELIVERY,Passport Application Status and Delivery,PASSPORT_COLLECTION,Passport Collection,Low,Informal,FALSE,,SYNTHETIC,PASSPORT_COLLECTION_F02,Medium,FALSE,Reviewed independent pilot seed retained for canonical expansion.
PASSX_0617,"এটা নিয়ে সাহায্য দরকার: passport ready হয়েছে, এখন কোথা থেকে collect করতে হবে?",PASSPORT,PASSPORT_STATUS_AND_DELIVERY,Passport Application Status and Delivery,PASSPORT_COLLECTION,Passport Collection,Low,Informal,FALSE,,PARAPHRASED,PASSPORT_COLLECTION_F02,Medium,FALSE,Controlled paraphrase 1 of reviewed independent seed; family preserved; automated validation complete.
PASSX_0618,"passport ready হয়েছে, এখন কোথা থেকে collect করতে হবে?",PASSPORT,PASSPORT_STATUS_AND_DELIVERY,Passport Application Status and Delivery,PASSPORT_COLLECTION,Passport Collection,Low,Informal,FALSE,,PARAPHRASED,PASSPORT_COLLECTION_F02,Medium,FALSE,Controlled paraphrase 2 of reviewed independent seed; family preserved; automated validation complete.
PASSX_0625,পাসপোর্ট সংগ্রহের delivery slip হারিয়ে ফেলেছি; কী করব?,PASSPORT,PASSPORT_STATUS_AND_DELIVERY,Passport Application Status and Delivery,PASSPORT_DELIVERY_SLIP_LOST,Lost Passport Delivery Slip,Medium,Formal,FALSE,,SYNTHETIC,PASSPORT_DELIVERY_SLIP_LOST_F01,Easy,FALSE,Reviewed independent pilot seed retained for canonical expansion.
PASSX_0626,আমার ক্ষেত্রে পাসপোর্ট সংগ্রহের delivery slip হারিয়ে ফেলেছি; কী করতে হবে?,PASSPORT,PASSPORT_STATUS_AND_DELIVERY,Passport Application Status and Delivery,PASSPORT_DELIVERY_SLIP_LOST,Lost Passport Delivery Slip,Medium,Formal,FALSE,,PARAPHRASED,PASSPORT_DELIVERY_SLIP_LOST_F01,Easy,FALSE,Controlled paraphrase 1 of reviewed independent seed; family preserved; automated validation complete.
PASSX_0627,পাসপোর্ট সংগ্রহের delivery slip হারিয়ে ফেলেছি; কী করতে হবে; পরের ধাপটা কী?,PASSPORT,PASSPORT_STATUS_AND_DELIVERY,Passport Application Status and Delivery,PASSPORT_DELIVERY_SLIP_LOST,Lost Passport Delivery Slip,Medium,Formal,FALSE,,PARAPHRASED,PASSPORT_DELIVERY_SLIP_LOST_F01,Easy,FALSE,Controlled paraphrase 2 of reviewed independent seed; family preserved; automated validation complete.
PASSX_0628,passport ready কিন্তু collection slip খুঁজে পাচ্ছি না।,PASSPORT,PASSPORT_STATUS_AND_DELIVERY,Passport Application Status and Delivery,PASSPORT_DELIVERY_SLIP_LOST,Lost Passport Delivery Slip,Medium,Informal,FALSE,,SYNTHETIC,PASSPORT_DELIVERY_SLIP_LOST_F02,Medium,FALSE,Reviewed independent pilot seed retained for canonical expansion.
PASSX_0629,এটা নিয়ে সাহায্য দরকার: passport ready কিন্তু collection slip খুঁজে পাচ্ছি না?,PASSPORT,PASSPORT_STATUS_AND_DELIVERY,Passport Application Status and Delivery,PASSPORT_DELIVERY_SLIP_LOST,Lost Passport Delivery Slip,Medium,Informal,FALSE,,PARAPHRASED,PASSPORT_DELIVERY_SLIP_LOST_F02,Medium,FALSE,Controlled paraphrase 1 of reviewed independent seed; family preserved; automated validation complete.
PASSX_0630,passport ready কিন্তু collection slip খুঁজে পাচ্ছি না?,PASSPORT,PASSPORT_STATUS_AND_DELIVERY,Passport Application Status and Delivery,PASSPORT_DELIVERY_SLIP_LOST,Lost Passport Delivery Slip,Medium,Informal,FALSE,,PARAPHRASED,PASSPORT_DELIVERY_SLIP_LOST_F02,Medium,FALSE,Controlled paraphrase 2 of reviewed independent seed; family preserved; automated validation complete.
PASSX_0637,ই-পাসপোর্ট কী এবং এটি সাধারণ পাসপোর্ট থেকে কীভাবে আলাদা?,PASSPORT,PASSPORT_GENERAL_INFORMATION,General Passport Information,PASSPORT_GENERAL_EPASSPORT_INFORMATION,General e-Passport Information,Low,Formal,FALSE,,SYNTHETIC,PASSPORT_GENERAL_EPASSPORT_INFORMATION_F01,Easy,FALSE,Reviewed independent pilot seed retained for canonical expansion.
PASSX_0638,আমার ক্ষেত্রে ই-পাসপোর্ট কী এবং এটি সাধারণ পাসপোর্ট থেকে কোন প্রক্রিয়ায় আলাদা?,PASSPORT,PASSPORT_GENERAL_INFORMATION,General Passport Information,PASSPORT_GENERAL_EPASSPORT_INFORMATION,General e-Passport Information,Low,Formal,FALSE,,PARAPHRASED,PASSPORT_GENERAL_EPASSPORT_INFORMATION_F01,Easy,FALSE,Controlled paraphrase 1 of reviewed independent seed; family preserved; automated validation complete.
PASSX_0639,ই-পাসপোর্ট কী এবং এটি সাধারণ পাসপোর্ট থেকে কোন প্রক্রিয়ায় আলাদা; পরের ধাপটা কী?,PASSPORT,PASSPORT_GENERAL_INFORMATION,General Passport Information,PASSPORT_GENERAL_EPASSPORT_INFORMATION,General e-Passport Information,Low,Formal,FALSE,,PARAPHRASED,PASSPORT_GENERAL_EPASSPORT_INFORMATION_F01,Easy,FALSE,Controlled paraphrase 2 of reviewed independent seed; family preserved; automated validation complete.
PASSX_0640,e-passport আসলে কী জিনিস?,PASSPORT,PASSPORT_GENERAL_INFORMATION,General Passport Information,PASSPORT_GENERAL_EPASSPORT_INFORMATION,General e-Passport Information,Low,Informal,FALSE,,SYNTHETIC,PASSPORT_GENERAL_EPASSPORT_INFORMATION_F02,Medium,FALSE,Reviewed independent pilot seed retained for canonical expansion.
PASSX_0641,এটা নিয়ে সাহায্য দরকার: e-passport আসলে কী জিনিস?,PASSPORT,PASSPORT_GENERAL_INFORMATION,General Passport Information,PASSPORT_GENERAL_EPASSPORT_INFORMATION,General e-Passport Information,Low,Informal,FALSE,,PARAPHRASED,PASSPORT_GENERAL_EPASSPORT_INFORMATION_F02,Medium,FALSE,Controlled paraphrase 1 of reviewed independent seed; family preserved; automated validation complete.
PASSX_0642,এই বিষয়ে সহায়তা চাই: e-passport আসলে কী জিনিস?,PASSPORT,PASSPORT_GENERAL_INFORMATION,General Passport Information,PASSPORT_GENERAL_EPASSPORT_INFORMATION,General e-Passport Information,Low,Informal,FALSE,,PARAPHRASED,PASSPORT_GENERAL_EPASSPORT_INFORMATION_F02,Medium,FALSE,Controlled paraphrase 2 of reviewed independent seed; family preserved; automated validation complete.
PASSX_0649,আমার ক্ষেত্রে নতুন পাসপোর্ট আবেদন করব নাকি re-issue করব কীভাবে বুঝব?,PASSPORT,PASSPORT_GENERAL_INFORMATION,General Passport Information,PASSPORT_GENERAL_NEW_VS_REISSUE,New Passport vs Re-Issue Guidance,Low,Formal,FALSE,,SYNTHETIC,PASSPORT_GENERAL_NEW_VS_REISSUE_F01,Easy,FALSE,Reviewed independent pilot seed retained for canonical expansion.
PASSX_0650,আমার ক্ষেত্রে আমার ক্ষেত্রে নতুন পাসপোর্ট আবেদন করব নাকি re-issue করব কোন প্রক্রিয়ায় বুঝব?,PASSPORT,PASSPORT_GENERAL_INFORMATION,General Passport Information,PASSPORT_GENERAL_NEW_VS_REISSUE,New Passport vs Re-Issue Guidance,Low,Formal,FALSE,,PARAPHRASED,PASSPORT_GENERAL_NEW_VS_REISSUE_F01,Easy,FALSE,Controlled paraphrase 1 of reviewed independent seed; family preserved; automated validation complete.
PASSX_0651,আমার ক্ষেত্রে নতুন পাসপোর্ট আবেদন করব নাকি re-issue করব কোন প্রক্রিয়ায় বুঝব; পরের ধাপটা কী?,PASSPORT,PASSPORT_GENERAL_INFORMATION,General Passport Information,PASSPORT_GENERAL_NEW_VS_REISSUE,New Passport vs Re-Issue Guidance,Low,Formal,FALSE,,PARAPHRASED,PASSPORT_GENERAL_NEW_VS_REISSUE_F01,Easy,FALSE,Controlled paraphrase 2 of reviewed independent seed; family preserved; automated validation complete.
PASSX_0652,"আগে passport ছিল, এখন new নাকি reissue select করব?",PASSPORT,PASSPORT_GENERAL_INFORMATION,General Passport Information,PASSPORT_GENERAL_NEW_VS_REISSUE,New Passport vs Re-Issue Guidance,Low,Informal,FALSE,,SYNTHETIC,PASSPORT_GENERAL_NEW_VS_REISSUE_F02,Medium,FALSE,Reviewed independent pilot seed retained for canonical expansion.
PASSX_0653,"এটা নিয়ে সাহায্য দরকার: আগে passport ছিল, এখন new নাকি reissue select করতে হবে?",PASSPORT,PASSPORT_GENERAL_INFORMATION,General Passport Information,PASSPORT_GENERAL_NEW_VS_REISSUE,New Passport vs Re-Issue Guidance,Low,Informal,FALSE,,PARAPHRASED,PASSPORT_GENERAL_NEW_VS_REISSUE_F02,Medium,FALSE,Controlled paraphrase 1 of reviewed independent seed; family preserved; automated validation complete.
PASSX_0654,"আগে passport ছিল, এখন new নাকি reissue select করতে হবে?",PASSPORT,PASSPORT_GENERAL_INFORMATION,General Passport Information,PASSPORT_GENERAL_NEW_VS_REISSUE,New Passport vs Re-Issue Guidance,Low,Informal,FALSE,,PARAPHRASED,PASSPORT_GENERAL_NEW_VS_REISSUE_F02,Medium,FALSE,Controlled paraphrase 2 of reviewed independent seed; family preserved; automated validation complete.
PASSX_0661,পাসপোর্ট সংক্রান্ত কী কী ধরনের সেবা ও সহায়তা পাওয়া যায়?,PASSPORT,PASSPORT_GENERAL_INFORMATION,General Passport Information,PASSPORT_GENERAL_SERVICE_GUIDANCE,General Passport Service Guidance,Low,Formal,FALSE,,SYNTHETIC,PASSPORT_GENERAL_SERVICE_GUIDANCE_F01,Easy,FALSE,Reviewed independent pilot seed retained for canonical expansion.
PASSX_0662,আমার ক্ষেত্রে পাসপোর্ট সংক্রান্ত কোন কোন ধরনের সেবা ও সহায়তা পাওয়া যায়?,PASSPORT,PASSPORT_GENERAL_INFORMATION,General Passport Information,PASSPORT_GENERAL_SERVICE_GUIDANCE,General Passport Service Guidance,Low,Formal,FALSE,,PARAPHRASED,PASSPORT_GENERAL_SERVICE_GUIDANCE_F01,Easy,FALSE,Controlled paraphrase 1 of reviewed independent seed; family preserved; automated validation complete.
PASSX_0663,পাসপোর্ট সংক্রান্ত কোন কোন ধরনের সেবা ও সহায়তা পাওয়া যায়; পরের ধাপটা কী?,PASSPORT,PASSPORT_GENERAL_INFORMATION,General Passport Information,PASSPORT_GENERAL_SERVICE_GUIDANCE,General Passport Service Guidance,Low,Formal,FALSE,,PARAPHRASED,PASSPORT_GENERAL_SERVICE_GUIDANCE_F01,Easy,FALSE,Controlled paraphrase 2 of reviewed independent seed; family preserved; automated validation complete.
PASSX_0664,passport নিয়ে কোন কোন বিষয়ে help পাওয়া যায়?,PASSPORT,PASSPORT_GENERAL_INFORMATION,General Passport Information,PASSPORT_GENERAL_SERVICE_GUIDANCE,General Passport Service Guidance,Low,Informal,FALSE,,SYNTHETIC,PASSPORT_GENERAL_SERVICE_GUIDANCE_F02,Medium,FALSE,Reviewed independent pilot seed retained for canonical expansion.
PASSX_0665,এটা নিয়ে সাহায্য দরকার: passport নিয়ে কোন কোন বিষয়ে help পাওয়া যায়?,PASSPORT,PASSPORT_GENERAL_INFORMATION,General Passport Information,PASSPORT_GENERAL_SERVICE_GUIDANCE,General Passport Service Guidance,Low,Informal,FALSE,,PARAPHRASED,PASSPORT_GENERAL_SERVICE_GUIDANCE_F02,Medium,FALSE,Controlled paraphrase 1 of reviewed independent seed; family preserved; automated validation complete.
PASSX_0666,এই বিষয়ে সহায়তা চাই: passport নিয়ে কোন কোন বিষয়ে help পাওয়া যায়?,PASSPORT,PASSPORT_GENERAL_INFORMATION,General Passport Information,PASSPORT_GENERAL_SERVICE_GUIDANCE,General Passport Service Guidance,Low,Informal,FALSE,,PARAPHRASED,PASSPORT_GENERAL_SERVICE_GUIDANCE_F02,Medium,FALSE,Controlled paraphrase 2 of reviewed independent seed; family preserved; automated validation complete.
TAXX_0001,নতুন করদাতা হিসেবে টিআইএন নিবন্ধনের প্রক্রিয়াটি কী?,TAX,TAX_TIN_REGISTRATION,Taxpayer Registration and TIN,TAX_TIN_REGISTRATION_PROCESS,TIN Registration Process,Low,Formal,FALSE,,SYNTHETIC,TAX_TIN_REGISTRATION_PROCESS_F01,Easy,FALSE,Reviewed independent pilot seed retained for canonical expansion.
TAXX_0002,আমার ক্ষেত্রে নতুন করদাতা হিসেবে টিআইএন নিবন্ধনের প্রক্রিয়াটি কী?,TAX,TAX_TIN_REGISTRATION,Taxpayer Registration and TIN,TAX_TIN_REGISTRATION_PROCESS,TIN Registration Process,Low,Formal,FALSE,,PARAPHRASED,TAX_TIN_REGISTRATION_PROCESS_F01,Easy,FALSE,Controlled paraphrase 1 of reviewed independent seed; family preserved; automated validation complete.
TAXX_0003,নতুন করদাতা হিসেবে টিআইএন নিবন্ধনের প্রক্রিয়াটি কী; পরের ধাপটা কী?,TAX,TAX_TIN_REGISTRATION,Taxpayer Registration and TIN,TAX_TIN_REGISTRATION_PROCESS,TIN Registration Process,Low,Formal,FALSE,,PARAPHRASED,TAX_TIN_REGISTRATION_PROCESS_F01,Easy,FALSE,Controlled paraphrase 2 of reviewed independent seed; family preserved; automated validation complete.
TAXX_0004,"TIN করতে চাই, শুরুটা কোথা থেকে করব?",TAX,TAX_TIN_REGISTRATION,Taxpayer Registration and TIN,TAX_TIN_REGISTRATION_PROCESS,TIN Registration Process,Low,Informal,FALSE,,SYNTHETIC,TAX_TIN_REGISTRATION_PROCESS_F02,Medium,FALSE,Reviewed independent pilot seed retained for canonical expansion.
TAXX_0005,"এটা নিয়ে সাহায্য দরকার: TIN করতে চাই, শুরুটা কোথা থেকে করতে হবে?",TAX,TAX_TIN_REGISTRATION,Taxpayer Registration and TIN,TAX_TIN_REGISTRATION_PROCESS,TIN Registration Process,Low,Informal,FALSE,,PARAPHRASED,TAX_TIN_REGISTRATION_PROCESS_F02,Medium,FALSE,Controlled paraphrase 1 of reviewed independent seed; family preserved; automated validation complete.
TAXX_0006,"TIN করতে চাই, শুরুটা কোথা থেকে করতে হবে?",TAX,TAX_TIN_REGISTRATION,Taxpayer Registration and TIN,TAX_TIN_REGISTRATION_PROCESS,TIN Registration Process,Low,Informal,FALSE,,PARAPHRASED,TAX_TIN_REGISTRATION_PROCESS_F02,Medium,FALSE,Controlled paraphrase 2 of reviewed independent seed; family preserved; automated validation complete.
TAXX_0013,কারা টিআইএন নিবন্ধন করতে পারেন বা প্রয়োজন হয়?,TAX,TAX_TIN_REGISTRATION,Taxpayer Registration and TIN,TAX_TIN_ELIGIBILITY,TIN Registration Eligibility,Low,Formal,FALSE,,SYNTHETIC,TAX_TIN_ELIGIBILITY_F01,Easy,FALSE,Reviewed independent pilot seed retained for canonical expansion.
TAXX_0014,আমার ক্ষেত্রে কারা টিআইএন নিবন্ধন করতে পারেন বা প্রয়োজন হয়?,TAX,TAX_TIN_REGISTRATION,Taxpayer Registration and TIN,TAX_TIN_ELIGIBILITY,TIN Registration Eligibility,Low,Formal,FALSE,,PARAPHRASED,TAX_TIN_ELIGIBILITY_F01,Easy,FALSE,Controlled paraphrase 1 of reviewed independent seed; family preserved; automated validation complete.
TAXX_0015,কারা টিআইএন নিবন্ধন করতে পারেন বা প্রয়োজন হয়; পরের ধাপটা কী?,TAX,TAX_TIN_REGISTRATION,Taxpayer Registration and TIN,TAX_TIN_ELIGIBILITY,TIN Registration Eligibility,Low,Formal,FALSE,,PARAPHRASED,TAX_TIN_ELIGIBILITY_F01,Easy,FALSE,Controlled paraphrase 2 of reviewed independent seed; family preserved; automated validation complete.
TAXX_0016,"আমার income কম, তবুও TIN লাগবে নাকি?",TAX,TAX_TIN_REGISTRATION,Taxpayer Registration and TIN,TAX_TIN_ELIGIBILITY,TIN Registration Eligibility,Low,Informal,FALSE,,SYNTHETIC,TAX_TIN_ELIGIBILITY_F02,Medium,FALSE,Reviewed independent pilot seed retained for canonical expansion.
TAXX_0017,"এটা নিয়ে সাহায্য দরকার: আমার income কম, তবুও TIN দরকার হবে নাকি?",TAX,TAX_TIN_REGISTRATION,Taxpayer Registration and TIN,TAX_TIN_ELIGIBILITY,TIN Registration Eligibility,Low,Informal,FALSE,,PARAPHRASED,TAX_TIN_ELIGIBILITY_F02,Medium,FALSE,Controlled paraphrase 1 of reviewed independent seed; family preserved; automated validation complete.
TAXX_0018,"আমার income কম, তবুও TIN দরকার হবে নাকি?",TAX,TAX_TIN_REGISTRATION,Taxpayer Registration and TIN,TAX_TIN_ELIGIBILITY,TIN Registration Eligibility,Low,Informal,FALSE,,PARAPHRASED,TAX_TIN_ELIGIBILITY_F02,Medium,FALSE,Controlled paraphrase 2 of reviewed independent seed; family preserved; automated validation complete.
TAXX_0025,অনলাইনে ই-টিআইএন নিবন্ধন কীভাবে সম্পন্ন করব?,TAX,TAX_TIN_REGISTRATION,Taxpayer Registration and TIN,TAX_TIN_ONLINE_REGISTRATION,Online e-TIN Registration,Low,Formal,FALSE,,SYNTHETIC,TAX_TIN_ONLINE_REGISTRATION_F01,Easy,FALSE,Reviewed independent pilot seed retained for canonical expansion.
TAXX_0026,আমার ক্ষেত্রে অনলাইনে ই-টিআইএন নিবন্ধন কোন প্রক্রিয়ায় সম্পন্ন করব?,TAX,TAX_TIN_REGISTRATION,Taxpayer Registration and TIN,TAX_TIN_ONLINE_REGISTRATION,Online e-TIN Registration,Low,Formal,FALSE,,PARAPHRASED,TAX_TIN_ONLINE_REGISTRATION_F01,Easy,FALSE,Controlled paraphrase 1 of reviewed independent seed; family preserved; automated validation complete.
TAXX_0027,অনলাইনে ই-টিআইএন নিবন্ধন কোন প্রক্রিয়ায় সম্পন্ন করব; পরের ধাপটা কী?,TAX,TAX_TIN_REGISTRATION,Taxpayer Registration and TIN,TAX_TIN_ONLINE_REGISTRATION,Online e-TIN Registration,Low,Formal,FALSE,,PARAPHRASED,TAX_TIN_ONLINE_REGISTRATION_F01,Easy,FALSE,Controlled paraphrase 2 of reviewed independent seed; family preserved; automated validation complete.
TAXX_0028,e-TIN online করতে কোন option-এ যাব?,TAX,TAX_TIN_REGISTRATION,Taxpayer Registration and TIN,TAX_TIN_ONLINE_REGISTRATION,Online e-TIN Registration,Low,Informal,FALSE,,SYNTHETIC,TAX_TIN_ONLINE_REGISTRATION_F02,Medium,FALSE,Reviewed independent pilot seed retained for canonical expansion.
TAXX_0029,এটা নিয়ে সাহায্য দরকার: e-TIN online করতে কোন option-এ যাব?,TAX,TAX_TIN_REGISTRATION,Taxpayer Registration and TIN,TAX_TIN_ONLINE_REGISTRATION,Online e-TIN Registration,Low,Informal,FALSE,,PARAPHRASED,TAX_TIN_ONLINE_REGISTRATION_F02,Medium,FALSE,Controlled paraphrase 1 of reviewed independent seed; family preserved; automated validation complete.
TAXX_0030,এই বিষয়ে সহায়তা চাই: e-TIN online করতে কোন option-এ যাব?,TAX,TAX_TIN_REGISTRATION,Taxpayer Registration and TIN,TAX_TIN_ONLINE_REGISTRATION,Online e-TIN Registration,Low,Informal,FALSE,,PARAPHRASED,TAX_TIN_ONLINE_REGISTRATION_F02,Medium,FALSE,Controlled paraphrase 2 of reviewed independent seed; family preserved; automated validation complete.
TAXX_0037,টিআইএন নিবন্ধনের জন্য কী তথ্য ও কাগজপত্র প্রয়োজন?,TAX,TAX_TIN_REGISTRATION,Taxpayer Registration and TIN,TAX_TIN_REQUIRED_INFORMATION,TIN Registration Information and Documents,Low,Formal,FALSE,,SYNTHETIC,TAX_TIN_REQUIRED_INFORMATION_F01,Easy,FALSE,Reviewed independent pilot seed retained for canonical expansion.
TAXX_0038,আমার ক্ষেত্রে টিআইএন নিবন্ধনের জন্য কী তথ্য ও কাগজপত্র প্রয়োজন?,TAX,TAX_TIN_REGISTRATION,Taxpayer Registration and TIN,TAX_TIN_REQUIRED_INFORMATION,TIN Registration Information and Documents,Low,Formal,FALSE,,PARAPHRASED,TAX_TIN_REQUIRED_INFORMATION_F01,Easy,FALSE,Controlled paraphrase 1 of reviewed independent seed; family preserved; automated validation complete.
TAXX_0039,টিআইএন নিবন্ধনের জন্য কী তথ্য ও কাগজপত্র প্রয়োজন; পরের ধাপটা কী?,TAX,TAX_TIN_REGISTRATION,Taxpayer Registration and TIN,TAX_TIN_REQUIRED_INFORMATION,TIN Registration Information and Documents,Low,Formal,FALSE,,PARAPHRASED,TAX_TIN_REQUIRED_INFORMATION_F01,Easy,FALSE,Controlled paraphrase 2 of reviewed independent seed; family preserved; automated validation complete.
TAXX_0040,e-TIN করতে কী কী details দিতে হবে?,TAX,TAX_TIN_REGISTRATION,Taxpayer Registration and TIN,TAX_TIN_REQUIRED_INFORMATION,TIN Registration Information and Documents,Low,Informal,FALSE,,SYNTHETIC,TAX_TIN_REQUIRED_INFORMATION_F02,Medium,FALSE,Reviewed independent pilot seed retained for canonical expansion.
TAXX_0041,এটা নিয়ে সাহায্য দরকার: e-TIN করতে কোন কোন details দিতে হবে?,TAX,TAX_TIN_REGISTRATION,Taxpayer Registration and TIN,TAX_TIN_REQUIRED_INFORMATION,TIN Registration Information and Documents,Low,Informal,FALSE,,PARAPHRASED,TAX_TIN_REQUIRED_INFORMATION_F02,Medium,FALSE,Controlled paraphrase 1 of reviewed independent seed; family preserved; automated validation complete.
TAXX_0042,e-TIN করতে কোন কোন details দিতে হবে?,TAX,TAX_TIN_REGISTRATION,Taxpayer Registration and TIN,TAX_TIN_REQUIRED_INFORMATION,TIN Registration Information and Documents,Low,Informal,FALSE,,PARAPHRASED,TAX_TIN_REQUIRED_INFORMATION_F02,Medium,FALSE,Controlled paraphrase 2 of reviewed independent seed; family preserved; automated validation complete.
TAXX_0049,আমার ই-টিআইএন সনদ কীভাবে ডাউনলোড করব?,TAX,TAX_TIN_REGISTRATION,Taxpayer Registration and TIN,TAX_TIN_CERTIFICATE_DOWNLOAD,e-TIN Certificate Download,Low,Formal,FALSE,,SYNTHETIC,TAX_TIN_CERTIFICATE_DOWNLOAD_F01,Easy,FALSE,Reviewed independent pilot seed retained for canonical expansion.
TAXX_0050,আমার ক্ষেত্রে আমার ই-টিআইএন সনদ কীভাবে ডাউনলোড করতে হবে?,TAX,TAX_TIN_REGISTRATION,Taxpayer Registration and TIN,TAX_TIN_CERTIFICATE_DOWNLOAD,e-TIN Certificate Download,Low,Formal,FALSE,,PARAPHRASED,TAX_TIN_CERTIFICATE_DOWNLOAD_F01,Easy,FALSE,Controlled paraphrase 1 of reviewed independent seed; family preserved; automated validation complete.
TAXX_0051,আমার ই-টিআইএন সনদ কীভাবে ডাউনলোড করতে হবে; পরের ধাপটা কী?,TAX,TAX_TIN_REGISTRATION,Taxpayer Registration and TIN,TAX_TIN_CERTIFICATE_DOWNLOAD,e-TIN Certificate Download,Low,Formal,FALSE,,PARAPHRASED,TAX_TIN_CERTIFICATE_DOWNLOAD_F01,Easy,FALSE,Controlled paraphrase 2 of reviewed independent seed; family preserved; automated validation complete.
TAXX_0052,TIN certificate-এর আরেকটা copy কোথায় পাব?,TAX,TAX_TIN_REGISTRATION,Taxpayer Registration and TIN,TAX_TIN_CERTIFICATE_DOWNLOAD,e-TIN Certificate Download,Low,Informal,FALSE,,SYNTHETIC,TAX_TIN_CERTIFICATE_DOWNLOAD_F02,Medium,FALSE,Reviewed independent pilot seed retained for canonical expansion.
TAXX_0053,এটা নিয়ে সাহায্য দরকার: TIN certificate-এর আরেকটা copy কোথায় পাব?,TAX,TAX_TIN_REGISTRATION,Taxpayer Registration and TIN,TAX_TIN_CERTIFICATE_DOWNLOAD,e-TIN Certificate Download,Low,Informal,FALSE,,PARAPHRASED,TAX_TIN_CERTIFICATE_DOWNLOAD_F02,Medium,FALSE,Controlled paraphrase 1 of reviewed independent seed; family preserved; automated validation complete.
TAXX_0054,এই বিষয়ে সহায়তা চাই: TIN certificate-এর আরেকটা copy কোথায় পাব?,TAX,TAX_TIN_REGISTRATION,Taxpayer Registration and TIN,TAX_TIN_CERTIFICATE_DOWNLOAD,e-TIN Certificate Download,Low,Informal,FALSE,,PARAPHRASED,TAX_TIN_CERTIFICATE_DOWNLOAD_F02,Medium,FALSE,Controlled paraphrase 2 of reviewed independent seed; family preserved; automated validation complete.
TAXX_0061,ই-টিআইএনে ভুল তথ্য কীভাবে সংশোধন করব?,TAX,TAX_TIN_REGISTRATION,Taxpayer Registration and TIN,TAX_TIN_INFORMATION_UPDATE,TIN Information Correction or Update,Medium,Formal,FALSE,,SYNTHETIC,TAX_TIN_INFORMATION_UPDATE_F01,Easy,FALSE,Reviewed independent pilot seed retained for canonical expansion.
TAXX_0062,আমার ক্ষেত্রে ই-টিআইএনে ভুল তথ্য কোন প্রক্রিয়ায় সংশোধন করব?,TAX,TAX_TIN_REGISTRATION,Taxpayer Registration and TIN,TAX_TIN_INFORMATION_UPDATE,TIN Information Correction or Update,Medium,Formal,FALSE,,PARAPHRASED,TAX_TIN_INFORMATION_UPDATE_F01,Easy,FALSE,Controlled paraphrase 1 of reviewed independent seed; family preserved; automated validation complete.
TAXX_0063,ই-টিআইএনে ভুল তথ্য কোন প্রক্রিয়ায় সংশোধন করব; পরের ধাপটা কী?,TAX,TAX_TIN_REGISTRATION,Taxpayer Registration and TIN,TAX_TIN_INFORMATION_UPDATE,TIN Information Correction or Update,Medium,Formal,FALSE,,PARAPHRASED,TAX_TIN_INFORMATION_UPDATE_F01,Easy,FALSE,Controlled paraphrase 2 of reviewed independent seed; family preserved; automated validation complete.
TAXX_0064,TIN profile-এর address update করতে চাই।,TAX,TAX_TIN_REGISTRATION,Taxpayer Registration and TIN,TAX_TIN_INFORMATION_UPDATE,TIN Information Correction or Update,Medium,Informal,FALSE,,SYNTHETIC,TAX_TIN_INFORMATION_UPDATE_F02,Medium,FALSE,Reviewed independent pilot seed retained for canonical expansion.
TAXX_0065,এটা নিয়ে সাহায্য দরকার: TIN profile-এর address update করতে প্রয়োজন?,TAX,TAX_TIN_REGISTRATION,Taxpayer Registration and TIN,TAX_TIN_INFORMATION_UPDATE,TIN Information Correction or Update,Medium,Informal,FALSE,,PARAPHRASED,TAX_TIN_INFORMATION_UPDATE_F02,Medium,FALSE,Controlled paraphrase 1 of reviewed independent seed; family preserved; automated validation complete.
TAXX_0066,TIN profile-এর address update করতে প্রয়োজন?,TAX,TAX_TIN_REGISTRATION,Taxpayer Registration and TIN,TAX_TIN_INFORMATION_UPDATE,TIN Information Correction or Update,Medium,Informal,FALSE,,PARAPHRASED,TAX_TIN_INFORMATION_UPDATE_F02,Medium,FALSE,Controlled paraphrase 2 of reviewed independent seed; family preserved; automated validation complete.
TAXX_0073,বিদ্যমান টিআইএন বাতিলের আবেদন কীভাবে করব?,TAX,TAX_TIN_REGISTRATION,Taxpayer Registration and TIN,TAX_TIN_CANCELLATION,TIN Cancellation or Inactivation,Medium,Formal,FALSE,,SYNTHETIC,TAX_TIN_CANCELLATION_F01,Easy,FALSE,Reviewed independent pilot seed retained for canonical expansion.
TAXX_0074,আমার ক্ষেত্রে বিদ্যমান টিআইএন বাতিলের আবেদন কোন প্রক্রিয়ায় করব?,TAX,TAX_TIN_REGISTRATION,Taxpayer Registration and TIN,TAX_TIN_CANCELLATION,TIN Cancellation or Inactivation,Medium,Formal,FALSE,,PARAPHRASED,TAX_TIN_CANCELLATION_F01,Easy,FALSE,Controlled paraphrase 1 of reviewed independent seed; family preserved; automated validation complete.
TAXX_0075,বিদ্যমান টিআইএন বাতিলের আবেদন কোন প্রক্রিয়ায় করব; পরের ধাপটা কী?,TAX,TAX_TIN_REGISTRATION,Taxpayer Registration and TIN,TAX_TIN_CANCELLATION,TIN Cancellation or Inactivation,Medium,Formal,FALSE,,PARAPHRASED,TAX_TIN_CANCELLATION_F01,Easy,FALSE,Controlled paraphrase 2 of reviewed independent seed; family preserved; automated validation complete.
TAXX_0076,"TIN আর দরকার নেই, deactivate করা যাবে?",TAX,TAX_TIN_REGISTRATION,Taxpayer Registration and TIN,TAX_TIN_CANCELLATION,TIN Cancellation or Inactivation,Medium,Informal,FALSE,,SYNTHETIC,TAX_TIN_CANCELLATION_F02,Medium,FALSE,Reviewed independent pilot seed retained for canonical expansion.
TAXX_0077,"এটা নিয়ে সাহায্য দরকার: TIN আর দরকার নেই, deactivate করা যাবে?",TAX,TAX_TIN_REGISTRATION,Taxpayer Registration and TIN,TAX_TIN_CANCELLATION,TIN Cancellation or Inactivation,Medium,Informal,FALSE,,PARAPHRASED,TAX_TIN_CANCELLATION_F02,Medium,FALSE,Controlled paraphrase 1 of reviewed independent seed; family preserved; automated validation complete.
TAXX_0078,"এই বিষয়ে সহায়তা চাই: TIN আর দরকার নেই, deactivate করা যাবে?",TAX,TAX_TIN_REGISTRATION,Taxpayer Registration and TIN,TAX_TIN_CANCELLATION,TIN Cancellation or Inactivation,Medium,Informal,FALSE,,PARAPHRASED,TAX_TIN_CANCELLATION_F02,Medium,FALSE,Controlled paraphrase 2 of reviewed independent seed; family preserved; automated validation complete.
TAXX_0085,কার আয়কর রিটার্ন দাখিল করা প্রয়োজন?,TAX,TAX_RETURN_FILING,Income Tax Return Filing,TAX_RETURN_OBLIGATION,Tax Return Filing Obligation,Low,Formal,FALSE,,SYNTHETIC,TAX_RETURN_OBLIGATION_F01,Easy,FALSE,Reviewed independent pilot seed retained for canonical expansion.
TAXX_0086,আমার ক্ষেত্রে কার আয়কর রিটার্ন দাখিল করা প্রয়োজন?,TAX,TAX_RETURN_FILING,Income Tax Return Filing,TAX_RETURN_OBLIGATION,Tax Return Filing Obligation,Low,Formal,FALSE,,PARAPHRASED,TAX_RETURN_OBLIGATION_F01,Easy,FALSE,Controlled paraphrase 1 of reviewed independent seed; family preserved; automated validation complete.
TAXX_0087,কার আয়কর রিটার্ন দাখিল করা প্রয়োজন; পরের ধাপটা কী?,TAX,TAX_RETURN_FILING,Income Tax Return Filing,TAX_RETURN_OBLIGATION,Tax Return Filing Obligation,Low,Formal,FALSE,,PARAPHRASED,TAX_RETURN_OBLIGATION_F01,Easy,FALSE,Controlled paraphrase 2 of reviewed independent seed; family preserved; automated validation complete.
TAXX_0088,"TIN আছে, return file করতেই হবে নাকি?",TAX,TAX_RETURN_FILING,Income Tax Return Filing,TAX_RETURN_OBLIGATION,Tax Return Filing Obligation,Low,Informal,FALSE,,SYNTHETIC,TAX_RETURN_OBLIGATION_F02,Medium,FALSE,Reviewed independent pilot seed retained for canonical expansion.
TAXX_0089,"এটা নিয়ে সাহায্য দরকার: TIN আছে, return file করতেই হবে নাকি?",TAX,TAX_RETURN_FILING,Income Tax Return Filing,TAX_RETURN_OBLIGATION,Tax Return Filing Obligation,Low,Informal,FALSE,,PARAPHRASED,TAX_RETURN_OBLIGATION_F02,Medium,FALSE,Controlled paraphrase 1 of reviewed independent seed; family preserved; automated validation complete.
TAXX_0090,"এই বিষয়ে সহায়তা চাই: TIN আছে, return file করতেই হবে নাকি?",TAX,TAX_RETURN_FILING,Income Tax Return Filing,TAX_RETURN_OBLIGATION,Tax Return Filing Obligation,Low,Informal,FALSE,,PARAPHRASED,TAX_RETURN_OBLIGATION_F02,Medium,FALSE,Controlled paraphrase 2 of reviewed independent seed; family preserved; automated validation complete.
TAXX_0097,আয়কর রিটার্ন দাখিলের সম্পূর্ণ প্রক্রিয়াটি কী?,TAX,TAX_RETURN_FILING,Income Tax Return Filing,TAX_RETURN_PROCESS,Income Tax Return Filing Process,Low,Formal,FALSE,,SYNTHETIC,TAX_RETURN_PROCESS_F01,Easy,FALSE,Reviewed independent pilot seed retained for canonical expansion.
TAXX_0098,আমার ক্ষেত্রে আয়কর রিটার্ন দাখিলের সম্পূর্ণ প্রক্রিয়াটি কী?,TAX,TAX_RETURN_FILING,Income Tax Return Filing,TAX_RETURN_PROCESS,Income Tax Return Filing Process,Low,Formal,FALSE,,PARAPHRASED,TAX_RETURN_PROCESS_F01,Easy,FALSE,Controlled paraphrase 1 of reviewed independent seed; family preserved; automated validation complete.
TAXX_0099,আয়কর রিটার্ন দাখিলের সম্পূর্ণ প্রক্রিয়াটি কী; পরের ধাপটা কী?,TAX,TAX_RETURN_FILING,Income Tax Return Filing,TAX_RETURN_PROCESS,Income Tax Return Filing Process,Low,Formal,FALSE,,PARAPHRASED,TAX_RETURN_PROCESS_F01,Easy,FALSE,Controlled paraphrase 2 of reviewed independent seed; family preserved; automated validation complete.
TAXX_0100,"tax return করতে চাই, কীভাবে শুরু করব?",TAX,TAX_RETURN_FILING,Income Tax Return Filing,TAX_RETURN_PROCESS,Income Tax Return Filing Process,Low,Informal,FALSE,,SYNTHETIC,TAX_RETURN_PROCESS_F02,Medium,FALSE,Reviewed independent pilot seed retained for canonical expansion.
TAXX_0101,"এটা নিয়ে সাহায্য দরকার: tax return করতে প্রয়োজন, কীভাবে শুরু করব?",TAX,TAX_RETURN_FILING,Income Tax Return Filing,TAX_RETURN_PROCESS,Income Tax Return Filing Process,Low,Informal,FALSE,,PARAPHRASED,TAX_RETURN_PROCESS_F02,Medium,FALSE,Controlled paraphrase 1 of reviewed independent seed; family preserved; automated validation complete.
TAXX_0102,"tax return করতে চাই, কোন প্রক্রিয়ায় শুরু করব?",TAX,TAX_RETURN_FILING,Income Tax Return Filing,TAX_RETURN_PROCESS,Income Tax Return Filing Process,Low,Informal,FALSE,,PARAPHRASED,TAX_RETURN_PROCESS_F02,Medium,FALSE,Controlled paraphrase 2 of reviewed independent seed; family preserved; automated validation complete.
TAXX_0109,অনলাইনে আয়কর রিটার্ন কীভাবে জমা দেব?,TAX,TAX_RETURN_FILING,Income Tax Return Filing,TAX_RETURN_ONLINE_SUBMISSION,Online Tax Return Submission,Low,Formal,FALSE,,SYNTHETIC,TAX_RETURN_ONLINE_SUBMISSION_F01,Easy,FALSE,Reviewed independent pilot seed retained for canonical expansion.
TAXX_0110,আমার ক্ষেত্রে অনলাইনে আয়কর রিটার্ন কোন প্রক্রিয়ায় জমা দেব?,TAX,TAX_RETURN_FILING,Income Tax Return Filing,TAX_RETURN_ONLINE_SUBMISSION,Online Tax Return Submission,Low,Formal,FALSE,,PARAPHRASED,TAX_RETURN_ONLINE_SUBMISSION_F01,Easy,FALSE,Controlled paraphrase 1 of reviewed independent seed; family preserved; automated validation complete.
TAXX_0111,অনলাইনে আয়কর রিটার্ন কোন প্রক্রিয়ায় জমা দেব; পরের ধাপটা কী?,TAX,TAX_RETURN_FILING,Income Tax Return Filing,TAX_RETURN_ONLINE_SUBMISSION,Online Tax Return Submission,Low,Formal,FALSE,,PARAPHRASED,TAX_RETURN_ONLINE_SUBMISSION_F01,Easy,FALSE,Controlled paraphrase 2 of reviewed independent seed; family preserved; automated validation complete.
TAXX_0112,e-Return portal দিয়ে return submit করব কীভাবে?,TAX,TAX_RETURN_FILING,Income Tax Return Filing,TAX_RETURN_ONLINE_SUBMISSION,Online Tax Return Submission,Low,Informal,FALSE,,SYNTHETIC,TAX_RETURN_ONLINE_SUBMISSION_F02,Medium,FALSE,Reviewed independent pilot seed retained for canonical expansion.
TAXX_0113,এটা নিয়ে সাহায্য দরকার: e-Return portal দিয়ে return submit করব কোন প্রক্রিয়ায়?,TAX,TAX_RETURN_FILING,Income Tax Return Filing,TAX_RETURN_ONLINE_SUBMISSION,Online Tax Return Submission,Low,Informal,FALSE,,PARAPHRASED,TAX_RETURN_ONLINE_SUBMISSION_F02,Medium,FALSE,Controlled paraphrase 1 of reviewed independent seed; family preserved; automated validation complete.
TAXX_0114,e-Return portal দিয়ে return submit করব কোন প্রক্রিয়ায়?,TAX,TAX_RETURN_FILING,Income Tax Return Filing,TAX_RETURN_ONLINE_SUBMISSION,Online Tax Return Submission,Low,Informal,FALSE,,PARAPHRASED,TAX_RETURN_ONLINE_SUBMISSION_F02,Medium,FALSE,Controlled paraphrase 2 of reviewed independent seed; family preserved; automated validation complete.
TAXX_0121,আয়কর রিটার্ন তৈরির জন্য কী কী নথি ও তথ্য প্রয়োজন?,TAX,TAX_RETURN_FILING,Income Tax Return Filing,TAX_RETURN_REQUIRED_DOCUMENTS,Tax Return Information and Documents,Low,Formal,FALSE,,SYNTHETIC,TAX_RETURN_REQUIRED_DOCUMENTS_F01,Easy,FALSE,Reviewed independent pilot seed retained for canonical expansion.
TAXX_0122,আমার ক্ষেত্রে আয়কর রিটার্ন তৈরির জন্য কোন কোন নথি ও তথ্য প্রয়োজন?,TAX,TAX_RETURN_FILING,Income Tax Return Filing,TAX_RETURN_REQUIRED_DOCUMENTS,Tax Return Information and Documents,Low,Formal,FALSE,,PARAPHRASED,TAX_RETURN_REQUIRED_DOCUMENTS_F01,Easy,FALSE,Controlled paraphrase 1 of reviewed independent seed; family preserved; automated validation complete.
TAXX_0123,আয়কর রিটার্ন তৈরির জন্য কোন কোন নথি ও তথ্য প্রয়োজন; পরের ধাপটা কী?,TAX,TAX_RETURN_FILING,Income Tax Return Filing,TAX_RETURN_REQUIRED_DOCUMENTS,Tax Return Information and Documents,Low,Formal,FALSE,,PARAPHRASED,TAX_RETURN_REQUIRED_DOCUMENTS_F01,Easy,FALSE,Controlled paraphrase 2 of reviewed independent seed; family preserved; automated validation complete.
TAXX_0124,return file করতে কোন papers ready রাখব?,TAX,TAX_RETURN_FILING,Income Tax Return Filing,TAX_RETURN_REQUIRED_DOCUMENTS,Tax Return Information and Documents,Low,Informal,FALSE,,SYNTHETIC,TAX_RETURN_REQUIRED_DOCUMENTS_F02,Medium,FALSE,Reviewed independent pilot seed retained for canonical expansion.
TAXX_0125,এটা নিয়ে সাহায্য দরকার: return file করতে কোন papers ready রাখব?,TAX,TAX_RETURN_FILING,Income Tax Return Filing,TAX_RETURN_REQUIRED_DOCUMENTS,Tax Return Information and Documents,Low,Informal,FALSE,,PARAPHRASED,TAX_RETURN_REQUIRED_DOCUMENTS_F02,Medium,FALSE,Controlled paraphrase 1 of reviewed independent seed; family preserved; automated validation complete.
TAXX_0126,এই বিষয়ে সহায়তা চাই: return file করতে কোন papers ready রাখব?,TAX,TAX_RETURN_FILING,Income Tax Return Filing,TAX_RETURN_REQUIRED_DOCUMENTS,Tax Return Information and Documents,Low,Informal,FALSE,,PARAPHRASED,TAX_RETURN_REQUIRED_DOCUMENTS_F02,Medium,FALSE,Controlled paraphrase 2 of reviewed independent seed; family preserved; automated validation complete.
TAXX_0133,রিটার্নে আয়ের তথ্য কীভাবে উল্লেখ করতে হয়?,TAX,TAX_RETURN_FILING,Income Tax Return Filing,TAX_RETURN_INCOME_INFORMATION,Income Information in Tax Return,Low,Formal,FALSE,,SYNTHETIC,TAX_RETURN_INCOME_INFORMATION_F01,Easy,FALSE,Reviewed independent pilot seed retained for canonical expansion.
TAXX_0134,আমার ক্ষেত্রে রিটার্নে আয়ের তথ্য কোন প্রক্রিয়ায় উল্লেখ করতে হয়?,TAX,TAX_RETURN_FILING,Income Tax Return Filing,TAX_RETURN_INCOME_INFORMATION,Income Information in Tax Return,Low,Formal,FALSE,,PARAPHRASED,TAX_RETURN_INCOME_INFORMATION_F01,Easy,FALSE,Controlled paraphrase 1 of reviewed independent seed; family preserved; automated validation complete.
TAXX_0135,রিটার্নে আয়ের তথ্য কোন প্রক্রিয়ায় উল্লেখ করতে হয়; পরের ধাপটা কী?,TAX,TAX_RETURN_FILING,Income Tax Return Filing,TAX_RETURN_INCOME_INFORMATION,Income Information in Tax Return,Low,Formal,FALSE,,PARAPHRASED,TAX_RETURN_INCOME_INFORMATION_F01,Easy,FALSE,Controlled paraphrase 2 of reviewed independent seed; family preserved; automated validation complete.
TAXX_0136,salary income কোন section-এ দেব?,TAX,TAX_RETURN_FILING,Income Tax Return Filing,TAX_RETURN_INCOME_INFORMATION,Income Information in Tax Return,Low,Informal,FALSE,,SYNTHETIC,TAX_RETURN_INCOME_INFORMATION_F02,Medium,FALSE,Reviewed independent pilot seed retained for canonical expansion.
TAXX_0137,এটা নিয়ে সাহায্য দরকার: salary income কোন section-এ দেব?,TAX,TAX_RETURN_FILING,Income Tax Return Filing,TAX_RETURN_INCOME_INFORMATION,Income Information in Tax Return,Low,Informal,FALSE,,PARAPHRASED,TAX_RETURN_INCOME_INFORMATION_F02,Medium,FALSE,Controlled paraphrase 1 of reviewed independent seed; family preserved; automated validation complete.
TAXX_0138,এই বিষয়ে সহায়তা চাই: salary income কোন section-এ দেব?,TAX,TAX_RETURN_FILING,Income Tax Return Filing,TAX_RETURN_INCOME_INFORMATION,Income Information in Tax Return,Low,Informal,FALSE,,PARAPHRASED,TAX_RETURN_INCOME_INFORMATION_F02,Medium,FALSE,Controlled paraphrase 2 of reviewed independent seed; family preserved; automated validation complete.
TAXX_0145,আয়কর রিটার্নে সম্পদ ও দায়ের তথ্য কীভাবে দেব?,TAX,TAX_RETURN_FILING,Income Tax Return Filing,TAX_RETURN_ASSET_LIABILITY,Assets and Liabilities in Tax Return,Low,Formal,FALSE,,SYNTHETIC,TAX_RETURN_ASSET_LIABILITY_F01,Easy,FALSE,Reviewed independent pilot seed retained for canonical expansion.
TAXX_0146,আমার ক্ষেত্রে আয়কর রিটার্নে সম্পদ ও দায়ের তথ্য কোন প্রক্রিয়ায় দেব?,TAX,TAX_RETURN_FILING,Income Tax Return Filing,TAX_RETURN_ASSET_LIABILITY,Assets and Liabilities in Tax Return,Low,Formal,FALSE,,PARAPHRASED,TAX_RETURN_ASSET_LIABILITY_F01,Easy,FALSE,Controlled paraphrase 1 of reviewed independent seed; family preserved; automated validation complete.
TAXX_0147,আয়কর রিটার্নে সম্পদ ও দায়ের তথ্য কোন প্রক্রিয়ায় দেব; পরের ধাপটা কী?,TAX,TAX_RETURN_FILING,Income Tax Return Filing,TAX_RETURN_ASSET_LIABILITY,Assets and Liabilities in Tax Return,Low,Formal,FALSE,,PARAPHRASED,TAX_RETURN_ASSET_LIABILITY_F01,Easy,FALSE,Controlled paraphrase 2 of reviewed independent seed; family preserved; automated validation complete.
TAXX_0148,return-এ loan আর asset কোথায় লিখব?,TAX,TAX_RETURN_FILING,Income Tax Return Filing,TAX_RETURN_ASSET_LIABILITY,Assets and Liabilities in Tax Return,Low,Informal,FALSE,,SYNTHETIC,TAX_RETURN_ASSET_LIABILITY_F02,Medium,FALSE,Reviewed independent pilot seed retained for canonical expansion.
TAXX_0149,এটা নিয়ে সাহায্য দরকার: return-এ loan আর asset কোথায় লিখব?,TAX,TAX_RETURN_FILING,Income Tax Return Filing,TAX_RETURN_ASSET_LIABILITY,Assets and Liabilities in Tax Return,Low,Informal,FALSE,,PARAPHRASED,TAX_RETURN_ASSET_LIABILITY_F02,Medium,FALSE,Controlled paraphrase 1 of reviewed independent seed; family preserved; automated validation complete.
TAXX_0150,এই বিষয়ে সহায়তা চাই: return-এ loan আর asset কোথায় লিখব?,TAX,TAX_RETURN_FILING,Income Tax Return Filing,TAX_RETURN_ASSET_LIABILITY,Assets and Liabilities in Tax Return,Low,Informal,FALSE,,PARAPHRASED,TAX_RETURN_ASSET_LIABILITY_F02,Medium,FALSE,Controlled paraphrase 2 of reviewed independent seed; family preserved; automated validation complete.
TAXX_0157,জমা দেওয়া আয়কর রিটার্নে ভুল থাকলে সংশোধন কীভাবে করব?,TAX,TAX_RETURN_FILING,Income Tax Return Filing,TAX_RETURN_AMENDMENT,Submitted Tax Return Amendment,Medium,Formal,FALSE,,SYNTHETIC,TAX_RETURN_AMENDMENT_F01,Easy,FALSE,Reviewed independent pilot seed retained for canonical expansion.
TAXX_0158,আমার ক্ষেত্রে জমা দেওয়া আয়কর রিটার্নে ভুল থাকলে সংশোধন কোন প্রক্রিয়ায় করব?,TAX,TAX_RETURN_FILING,Income Tax Return Filing,TAX_RETURN_AMENDMENT,Submitted Tax Return Amendment,Medium,Formal,FALSE,,PARAPHRASED,TAX_RETURN_AMENDMENT_F01,Easy,FALSE,Controlled paraphrase 1 of reviewed independent seed; family preserved; automated validation complete.
TAXX_0159,জমা দেওয়া আয়কর রিটার্নে ভুল থাকলে সংশোধন কোন প্রক্রিয়ায় করব; পরের ধাপটা কী?,TAX,TAX_RETURN_FILING,Income Tax Return Filing,TAX_RETURN_AMENDMENT,Submitted Tax Return Amendment,Medium,Formal,FALSE,,PARAPHRASED,TAX_RETURN_AMENDMENT_F01,Easy,FALSE,Controlled paraphrase 2 of reviewed independent seed; family preserved; automated validation complete.
TAXX_0160,submitted returnটা revise করা যাবে?,TAX,TAX_RETURN_FILING,Income Tax Return Filing,TAX_RETURN_AMENDMENT,Submitted Tax Return Amendment,Medium,Informal,FALSE,,SYNTHETIC,TAX_RETURN_AMENDMENT_F02,Medium,FALSE,Reviewed independent pilot seed retained for canonical expansion.
TAXX_0161,এটা নিয়ে সাহায্য দরকার: submitted returnটা revise করা যাবে?,TAX,TAX_RETURN_FILING,Income Tax Return Filing,TAX_RETURN_AMENDMENT,Submitted Tax Return Amendment,Medium,Informal,FALSE,,PARAPHRASED,TAX_RETURN_AMENDMENT_F02,Medium,FALSE,Controlled paraphrase 1 of reviewed independent seed; family preserved; automated validation complete.
TAXX_0162,এই বিষয়ে সহায়তা চাই: submitted returnটা revise করা যাবে?,TAX,TAX_RETURN_FILING,Income Tax Return Filing,TAX_RETURN_AMENDMENT,Submitted Tax Return Amendment,Medium,Informal,FALSE,,PARAPHRASED,TAX_RETURN_AMENDMENT_F02,Medium,FALSE,Controlled paraphrase 2 of reviewed independent seed; family preserved; automated validation complete.
TAXX_0169,আয়কর রিটার্ন জমা দেওয়ার সময়সীমা কীভাবে জানব?,TAX,TAX_RETURN_FILING,Income Tax Return Filing,TAX_RETURN_DEADLINE,Tax Return Filing Deadline,Low,Formal,FALSE,,SYNTHETIC,TAX_RETURN_DEADLINE_F01,Easy,FALSE,Reviewed independent pilot seed retained for canonical expansion.
TAXX_0170,আমার ক্ষেত্রে আয়কর রিটার্ন জমা দেওয়ার সময়সীমা কোন প্রক্রিয়ায় জানব?,TAX,TAX_RETURN_FILING,Income Tax Return Filing,TAX_RETURN_DEADLINE,Tax Return Filing Deadline,Low,Formal,FALSE,,PARAPHRASED,TAX_RETURN_DEADLINE_F01,Easy,FALSE,Controlled paraphrase 1 of reviewed independent seed; family preserved; automated validation complete.
TAXX_0171,আয়কর রিটার্ন জমা দেওয়ার সময়সীমা কোন প্রক্রিয়ায় জানব; পরের ধাপটা কী?,TAX,TAX_RETURN_FILING,Income Tax Return Filing,TAX_RETURN_DEADLINE,Tax Return Filing Deadline,Low,Formal,FALSE,,PARAPHRASED,TAX_RETURN_DEADLINE_F01,Easy,FALSE,Controlled paraphrase 2 of reviewed independent seed; family preserved; automated validation complete.
TAXX_0172,return submission-এর last date কোথায় দেখব?,TAX,TAX_RETURN_FILING,Income Tax Return Filing,TAX_RETURN_DEADLINE,Tax Return Filing Deadline,Low,Informal,FALSE,,SYNTHETIC,TAX_RETURN_DEADLINE_F02,Medium,FALSE,Reviewed independent pilot seed retained for canonical expansion.
TAXX_0173,এটা নিয়ে সাহায্য দরকার: return submission-এর last date কোথায় দেখব?,TAX,TAX_RETURN_FILING,Income Tax Return Filing,TAX_RETURN_DEADLINE,Tax Return Filing Deadline,Low,Informal,FALSE,,PARAPHRASED,TAX_RETURN_DEADLINE_F02,Medium,FALSE,Controlled paraphrase 1 of reviewed independent seed; family preserved; automated validation complete.
TAXX_0174,এই বিষয়ে সহায়তা চাই: return submission-এর last date কোথায় দেখব?,TAX,TAX_RETURN_FILING,Income Tax Return Filing,TAX_RETURN_DEADLINE,Tax Return Filing Deadline,Low,Informal,FALSE,,PARAPHRASED,TAX_RETURN_DEADLINE_F02,Medium,FALSE,Controlled paraphrase 2 of reviewed independent seed; family preserved; automated validation complete.
TAXX_0181,ই-রিটার্ন ব্যবহারের জন্য নতুন অ্যাকাউন্ট কীভাবে খুলব?,TAX,TAX_ONLINE_ACCOUNT,e-Return Online Account,TAX_ACCOUNT_REGISTRATION,e-Return Account Registration,Low,Formal,FALSE,,SYNTHETIC,TAX_ACCOUNT_REGISTRATION_F01,Easy,FALSE,Reviewed independent pilot seed retained for canonical expansion.
TAXX_0182,আমার ক্ষেত্রে ই-রিটার্ন ব্যবহারের জন্য নতুন অ্যাকাউন্ট কোন প্রক্রিয়ায় খুলব?,TAX,TAX_ONLINE_ACCOUNT,e-Return Online Account,TAX_ACCOUNT_REGISTRATION,e-Return Account Registration,Low,Formal,FALSE,,PARAPHRASED,TAX_ACCOUNT_REGISTRATION_F01,Easy,FALSE,Controlled paraphrase 1 of reviewed independent seed; family preserved; automated validation complete.
TAXX_0183,ই-রিটার্ন ব্যবহারের জন্য নতুন অ্যাকাউন্ট কোন প্রক্রিয়ায় খুলব; পরের ধাপটা কী?,TAX,TAX_ONLINE_ACCOUNT,e-Return Online Account,TAX_ACCOUNT_REGISTRATION,e-Return Account Registration,Low,Formal,FALSE,,PARAPHRASED,TAX_ACCOUNT_REGISTRATION_F01,Easy,FALSE,Controlled paraphrase 2 of reviewed independent seed; family preserved; automated validation complete.
TAXX_0184,e-Return account register করতে চাই।,TAX,TAX_ONLINE_ACCOUNT,e-Return Online Account,TAX_ACCOUNT_REGISTRATION,e-Return Account Registration,Low,Informal,FALSE,,SYNTHETIC,TAX_ACCOUNT_REGISTRATION_F02,Medium,FALSE,Reviewed independent pilot seed retained for canonical expansion.
TAXX_0185,এটা নিয়ে সাহায্য দরকার: e-Return account register করতে প্রয়োজন?,TAX,TAX_ONLINE_ACCOUNT,e-Return Online Account,TAX_ACCOUNT_REGISTRATION,e-Return Account Registration,Low,Informal,FALSE,,PARAPHRASED,TAX_ACCOUNT_REGISTRATION_F02,Medium,FALSE,Controlled paraphrase 1 of reviewed independent seed; family preserved; automated validation complete.
TAXX_0186,e-Return account register করতে প্রয়োজন?,TAX,TAX_ONLINE_ACCOUNT,e-Return Online Account,TAX_ACCOUNT_REGISTRATION,e-Return Account Registration,Low,Informal,FALSE,,PARAPHRASED,TAX_ACCOUNT_REGISTRATION_F02,Medium,FALSE,Controlled paraphrase 2 of reviewed independent seed; family preserved; automated validation complete.
TAXX_0193,বিদ্যমান ই-রিটার্ন অ্যাকাউন্টে কীভাবে লগইন করব?,TAX,TAX_ONLINE_ACCOUNT,e-Return Online Account,TAX_ACCOUNT_LOGIN,e-Return Account Login,Low,Formal,FALSE,,SYNTHETIC,TAX_ACCOUNT_LOGIN_F01,Easy,FALSE,Reviewed independent pilot seed retained for canonical expansion.
TAXX_0194,আমার ক্ষেত্রে বিদ্যমান ই-রিটার্ন অ্যাকাউন্টে কোন প্রক্রিয়ায় লগইন করব?,TAX,TAX_ONLINE_ACCOUNT,e-Return Online Account,TAX_ACCOUNT_LOGIN,e-Return Account Login,Low,Formal,FALSE,,PARAPHRASED,TAX_ACCOUNT_LOGIN_F01,Easy,FALSE,Controlled paraphrase 1 of reviewed independent seed; family preserved; automated validation complete.
TAXX_0195,বিদ্যমান ই-রিটার্ন অ্যাকাউন্টে কোন প্রক্রিয়ায় লগইন করব; পরের ধাপটা কী?,TAX,TAX_ONLINE_ACCOUNT,e-Return Online Account,TAX_ACCOUNT_LOGIN,e-Return Account Login,Low,Formal,FALSE,,PARAPHRASED,TAX_ACCOUNT_LOGIN_F01,Easy,FALSE,Controlled paraphrase 2 of reviewed independent seed; family preserved; automated validation complete.
TAXX_0196,e-Return login page কোথায়?,TAX,TAX_ONLINE_ACCOUNT,e-Return Online Account,TAX_ACCOUNT_LOGIN,e-Return Account Login,Low,Informal,FALSE,,SYNTHETIC,TAX_ACCOUNT_LOGIN_F02,Medium,FALSE,Reviewed independent pilot seed retained for canonical expansion.
TAXX_0197,এটা নিয়ে সাহায্য দরকার: e-Return login page কোথায়?,TAX,TAX_ONLINE_ACCOUNT,e-Return Online Account,TAX_ACCOUNT_LOGIN,e-Return Account Login,Low,Informal,FALSE,,PARAPHRASED,TAX_ACCOUNT_LOGIN_F02,Medium,FALSE,Controlled paraphrase 1 of reviewed independent seed; family preserved; automated validation complete.
TAXX_0198,এই বিষয়ে সহায়তা চাই: e-Return login page কোথায়?,TAX,TAX_ONLINE_ACCOUNT,e-Return Online Account,TAX_ACCOUNT_LOGIN,e-Return Account Login,Low,Informal,FALSE,,PARAPHRASED,TAX_ACCOUNT_LOGIN_F02,Medium,FALSE,Controlled paraphrase 2 of reviewed independent seed; family preserved; automated validation complete.
TAXX_0205,ই-রিটার্নের পাসওয়ার্ড ভুলে গেলে কীভাবে রিসেট করব?,TAX,TAX_ONLINE_ACCOUNT,e-Return Online Account,TAX_ACCOUNT_PASSWORD_RESET,e-Return Password Reset,Medium,Formal,FALSE,,SYNTHETIC,TAX_ACCOUNT_PASSWORD_RESET_F01,Easy,FALSE,Reviewed independent pilot seed retained for canonical expansion.
TAXX_0206,আমার ক্ষেত্রে ই-রিটার্নের পাসওয়ার্ড ভুলে গেলে কোন প্রক্রিয়ায় রিসেট করব?,TAX,TAX_ONLINE_ACCOUNT,e-Return Online Account,TAX_ACCOUNT_PASSWORD_RESET,e-Return Password Reset,Medium,Formal,FALSE,,PARAPHRASED,TAX_ACCOUNT_PASSWORD_RESET_F01,Easy,FALSE,Controlled paraphrase 1 of reviewed independent seed; family preserved; automated validation complete.
TAXX_0207,ই-রিটার্নের পাসওয়ার্ড ভুলে গেলে কোন প্রক্রিয়ায় রিসেট করব; পরের ধাপটা কী?,TAX,TAX_ONLINE_ACCOUNT,e-Return Online Account,TAX_ACCOUNT_PASSWORD_RESET,e-Return Password Reset,Medium,Formal,FALSE,,PARAPHRASED,TAX_ACCOUNT_PASSWORD_RESET_F01,Easy,FALSE,Controlled paraphrase 2 of reviewed independent seed; family preserved; automated validation complete.
TAXX_0208,"tax portal password মনে নেই, recover করতে চাই।",TAX,TAX_ONLINE_ACCOUNT,e-Return Online Account,TAX_ACCOUNT_PASSWORD_RESET,e-Return Password Reset,Medium,Informal,FALSE,,SYNTHETIC,TAX_ACCOUNT_PASSWORD_RESET_F02,Medium,FALSE,Reviewed independent pilot seed retained for canonical expansion.
TAXX_0209,"এটা নিয়ে সাহায্য দরকার: tax portal password মনে নেই, recover করতে প্রয়োজন?",TAX,TAX_ONLINE_ACCOUNT,e-Return Online Account,TAX_ACCOUNT_PASSWORD_RESET,e-Return Password Reset,Medium,Informal,FALSE,,PARAPHRASED,TAX_ACCOUNT_PASSWORD_RESET_F02,Medium,FALSE,Controlled paraphrase 1 of reviewed independent seed; family preserved; automated validation complete.
TAXX_0210,"tax portal password মনে নেই, recover করতে প্রয়োজন?",TAX,TAX_ONLINE_ACCOUNT,e-Return Online Account,TAX_ACCOUNT_PASSWORD_RESET,e-Return Password Reset,Medium,Informal,FALSE,,PARAPHRASED,TAX_ACCOUNT_PASSWORD_RESET_F02,Medium,FALSE,Controlled paraphrase 2 of reviewed independent seed; family preserved; automated validation complete.
TAXX_0217,ই-রিটার্ন অ্যাকাউন্টে নিবন্ধিত মোবাইল নম্বর কীভাবে বদলাব?,TAX,TAX_ONLINE_ACCOUNT,e-Return Online Account,TAX_ACCOUNT_MOBILE_UPDATE,e-Return Registered Mobile Update,Medium,Formal,FALSE,,SYNTHETIC,TAX_ACCOUNT_MOBILE_UPDATE_F01,Easy,FALSE,Reviewed independent pilot seed retained for canonical expansion.
TAXX_0218,আমার ক্ষেত্রে ই-রিটার্ন অ্যাকাউন্টে নিবন্ধিত মোবাইল নম্বর কোন প্রক্রিয়ায় বদলাব?,TAX,TAX_ONLINE_ACCOUNT,e-Return Online Account,TAX_ACCOUNT_MOBILE_UPDATE,e-Return Registered Mobile Update,Medium,Formal,FALSE,,PARAPHRASED,TAX_ACCOUNT_MOBILE_UPDATE_F01,Easy,FALSE,Controlled paraphrase 1 of reviewed independent seed; family preserved; automated validation complete.
TAXX_0219,ই-রিটার্ন অ্যাকাউন্টে নিবন্ধিত মোবাইল নম্বর কোন প্রক্রিয়ায় বদলাব; পরের ধাপটা কী?,TAX,TAX_ONLINE_ACCOUNT,e-Return Online Account,TAX_ACCOUNT_MOBILE_UPDATE,e-Return Registered Mobile Update,Medium,Formal,FALSE,,PARAPHRASED,TAX_ACCOUNT_MOBILE_UPDATE_F01,Easy,FALSE,Controlled paraphrase 2 of reviewed independent seed; family preserved; automated validation complete.
TAXX_0220,"old phone number বন্ধ হয়ে গেছে, tax account-এ নতুনটা update করতে চাই।",TAX,TAX_ONLINE_ACCOUNT,e-Return Online Account,TAX_ACCOUNT_MOBILE_UPDATE,e-Return Registered Mobile Update,Medium,Informal,FALSE,,SYNTHETIC,TAX_ACCOUNT_MOBILE_UPDATE_F02,Medium,FALSE,Reviewed independent pilot seed retained for canonical expansion.
TAXX_0221,"এটা নিয়ে সাহায্য দরকার: old phone number বন্ধ হয়ে গেছে, tax account-এ নতুনটা update করতে প্রয়োজন?",TAX,TAX_ONLINE_ACCOUNT,e-Return Online Account,TAX_ACCOUNT_MOBILE_UPDATE,e-Return Registered Mobile Update,Medium,Informal,FALSE,,PARAPHRASED,TAX_ACCOUNT_MOBILE_UPDATE_F02,Medium,FALSE,Controlled paraphrase 1 of reviewed independent seed; family preserved; automated validation complete.
TAXX_0222,"old phone number বন্ধ হয়ে গেছে, tax account-এ নতুনটা update করতে প্রয়োজন?",TAX,TAX_ONLINE_ACCOUNT,e-Return Online Account,TAX_ACCOUNT_MOBILE_UPDATE,e-Return Registered Mobile Update,Medium,Informal,FALSE,,PARAPHRASED,TAX_ACCOUNT_MOBILE_UPDATE_F02,Medium,FALSE,Controlled paraphrase 2 of reviewed independent seed; family preserved; automated validation complete.
TAXX_0229,ই-রিটার্ন নিবন্ধনের ওটিপি না এলে কী করব?,TAX,TAX_ONLINE_ACCOUNT,e-Return Online Account,TAX_ACCOUNT_OTP_PROBLEM,e-Return OTP Problem,Medium,Formal,FALSE,,SYNTHETIC,TAX_ACCOUNT_OTP_PROBLEM_F01,Easy,FALSE,Reviewed independent pilot seed retained for canonical expansion.
TAXX_0230,আমার ক্ষেত্রে ই-রিটার্ন নিবন্ধনের ওটিপি না এলে কী করতে হবে?,TAX,TAX_ONLINE_ACCOUNT,e-Return Online Account,TAX_ACCOUNT_OTP_PROBLEM,e-Return OTP Problem,Medium,Formal,FALSE,,PARAPHRASED,TAX_ACCOUNT_OTP_PROBLEM_F01,Easy,FALSE,Controlled paraphrase 1 of reviewed independent seed; family preserved; automated validation complete.
TAXX_0231,ই-রিটার্ন নিবন্ধনের ওটিপি না এলে কী করতে হবে; পরের ধাপটা কী?,TAX,TAX_ONLINE_ACCOUNT,e-Return Online Account,TAX_ACCOUNT_OTP_PROBLEM,e-Return OTP Problem,Medium,Formal,FALSE,,PARAPHRASED,TAX_ACCOUNT_OTP_PROBLEM_F01,Easy,FALSE,Controlled paraphrase 2 of reviewed independent seed; family preserved; automated validation complete.
TAXX_0232,OTP পেয়েছি কিন্তু tax portal accept করছে না।,TAX,TAX_ONLINE_ACCOUNT,e-Return Online Account,TAX_ACCOUNT_OTP_PROBLEM,e-Return OTP Problem,Medium,Informal,FALSE,,SYNTHETIC,TAX_ACCOUNT_OTP_PROBLEM_F02,Medium,FALSE,Reviewed independent pilot seed retained for canonical expansion.
TAXX_0233,এটা নিয়ে সাহায্য দরকার: OTP পেয়েছি কিন্তু tax portal accept করছে না?,TAX,TAX_ONLINE_ACCOUNT,e-Return Online Account,TAX_ACCOUNT_OTP_PROBLEM,e-Return OTP Problem,Medium,Informal,FALSE,,PARAPHRASED,TAX_ACCOUNT_OTP_PROBLEM_F02,Medium,FALSE,Controlled paraphrase 1 of reviewed independent seed; family preserved; automated validation complete.
TAXX_0234,OTP পেয়েছি কিন্তু tax portal accept করছে না?,TAX,TAX_ONLINE_ACCOUNT,e-Return Online Account,TAX_ACCOUNT_OTP_PROBLEM,e-Return OTP Problem,Medium,Informal,FALSE,,PARAPHRASED,TAX_ACCOUNT_OTP_PROBLEM_F02,Medium,FALSE,Controlled paraphrase 2 of reviewed independent seed; family preserved; automated validation complete.
TAXX_0241,সঠিক তথ্য দিয়েও ই-রিটার্ন অ্যাকাউন্টে প্রবেশ করতে পারছি না।,TAX,TAX_ONLINE_ACCOUNT,e-Return Online Account,TAX_ACCOUNT_ACCESS_PROBLEM,General e-Return Account Access Problem,Medium,Formal,FALSE,,SYNTHETIC,TAX_ACCOUNT_ACCESS_PROBLEM_F01,Easy,FALSE,Reviewed independent pilot seed retained for canonical expansion.
TAXX_0242,আমার ক্ষেত্রে সঠিক তথ্য দিয়েও ই-রিটার্ন অ্যাকাউন্টে প্রবেশ করতে পারছি না?,TAX,TAX_ONLINE_ACCOUNT,e-Return Online Account,TAX_ACCOUNT_ACCESS_PROBLEM,General e-Return Account Access Problem,Medium,Formal,FALSE,,PARAPHRASED,TAX_ACCOUNT_ACCESS_PROBLEM_F01,Easy,FALSE,Controlled paraphrase 1 of reviewed independent seed; family preserved; automated validation complete.
TAXX_0243,সঠিক তথ্য দিয়েও ই-রিটার্ন অ্যাকাউন্টে প্রবেশ করতে পারছি না; পরের ধাপটা কী?,TAX,TAX_ONLINE_ACCOUNT,e-Return Online Account,TAX_ACCOUNT_ACCESS_PROBLEM,General e-Return Account Access Problem,Medium,Formal,FALSE,,PARAPHRASED,TAX_ACCOUNT_ACCESS_PROBLEM_F01,Easy,FALSE,Controlled paraphrase 2 of reviewed independent seed; family preserved; automated validation complete.
TAXX_0244,"tax account open হচ্ছে না, কারণটা বুঝতে পারছি না।",TAX,TAX_ONLINE_ACCOUNT,e-Return Online Account,TAX_ACCOUNT_ACCESS_PROBLEM,General e-Return Account Access Problem,Medium,Informal,FALSE,,SYNTHETIC,TAX_ACCOUNT_ACCESS_PROBLEM_F02,Medium,FALSE,Reviewed independent pilot seed retained for canonical expansion.
TAXX_0245,"এটা নিয়ে সাহায্য দরকার: tax account open হচ্ছে না, কারণটা বুঝতে পারছি না?",TAX,TAX_ONLINE_ACCOUNT,e-Return Online Account,TAX_ACCOUNT_ACCESS_PROBLEM,General e-Return Account Access Problem,Medium,Informal,FALSE,,PARAPHRASED,TAX_ACCOUNT_ACCESS_PROBLEM_F02,Medium,FALSE,Controlled paraphrase 1 of reviewed independent seed; family preserved; automated validation complete.
TAXX_0246,"tax account open হচ্ছে না, কারণটা বুঝতে পারছি না?",TAX,TAX_ONLINE_ACCOUNT,e-Return Online Account,TAX_ACCOUNT_ACCESS_PROBLEM,General e-Return Account Access Problem,Medium,Informal,FALSE,,PARAPHRASED,TAX_ACCOUNT_ACCESS_PROBLEM_F02,Medium,FALSE,Controlled paraphrase 2 of reviewed independent seed; family preserved; automated validation complete.
TAXX_0253,প্রদেয় আয়কর কীভাবে হিসাব করা হয়?,TAX,TAX_PAYMENT,Tax Payment and Ledger,TAX_PAYMENT_AMOUNT_CALCULATION,Tax Amount and Calculation Guidance,Low,Formal,FALSE,,SYNTHETIC,TAX_PAYMENT_AMOUNT_CALCULATION_F01,Easy,FALSE,Reviewed independent pilot seed retained for canonical expansion.
TAXX_0254,আমার ক্ষেত্রে প্রদেয় আয়কর কোন প্রক্রিয়ায় হিসাব করা হয়?,TAX,TAX_PAYMENT,Tax Payment and Ledger,TAX_PAYMENT_AMOUNT_CALCULATION,Tax Amount and Calculation Guidance,Low,Formal,FALSE,,PARAPHRASED,TAX_PAYMENT_AMOUNT_CALCULATION_F01,Easy,FALSE,Controlled paraphrase 1 of reviewed independent seed; family preserved; automated validation complete.
TAXX_0255,প্রদেয় আয়কর কোন প্রক্রিয়ায় হিসাব করা হয়; পরের ধাপটা কী?,TAX,TAX_PAYMENT,Tax Payment and Ledger,TAX_PAYMENT_AMOUNT_CALCULATION,Tax Amount and Calculation Guidance,Low,Formal,FALSE,,PARAPHRASED,TAX_PAYMENT_AMOUNT_CALCULATION_F01,Easy,FALSE,Controlled paraphrase 2 of reviewed independent seed; family preserved; automated validation complete.
TAXX_0256,আমার payable tax amount কোথায় দেখাবে?,TAX,TAX_PAYMENT,Tax Payment and Ledger,TAX_PAYMENT_AMOUNT_CALCULATION,Tax Amount and Calculation Guidance,Low,Informal,FALSE,,SYNTHETIC,TAX_PAYMENT_AMOUNT_CALCULATION_F02,Medium,FALSE,Reviewed independent pilot seed retained for canonical expansion.
TAXX_0257,এটা নিয়ে সাহায্য দরকার: আমার payable tax amount কোথায় দেখাবে?,TAX,TAX_PAYMENT,Tax Payment and Ledger,TAX_PAYMENT_AMOUNT_CALCULATION,Tax Amount and Calculation Guidance,Low,Informal,FALSE,,PARAPHRASED,TAX_PAYMENT_AMOUNT_CALCULATION_F02,Medium,FALSE,Controlled paraphrase 1 of reviewed independent seed; family preserved; automated validation complete.
TAXX_0258,এই বিষয়ে সহায়তা চাই: আমার payable tax amount কোথায় দেখাবে?,TAX,TAX_PAYMENT,Tax Payment and Ledger,TAX_PAYMENT_AMOUNT_CALCULATION,Tax Amount and Calculation Guidance,Low,Informal,FALSE,,PARAPHRASED,TAX_PAYMENT_AMOUNT_CALCULATION_F02,Medium,FALSE,Controlled paraphrase 2 of reviewed independent seed; family preserved; automated validation complete.
TAXX_0265,আয়কর কীভাবে পরিশোধ করা যায়?,TAX,TAX_PAYMENT,Tax Payment and Ledger,TAX_PAYMENT_METHOD,Tax Payment Method,Low,Formal,FALSE,,SYNTHETIC,TAX_PAYMENT_METHOD_F01,Easy,FALSE,Reviewed independent pilot seed retained for canonical expansion.
TAXX_0266,আমার ক্ষেত্রে আয়কর কোন প্রক্রিয়ায় পরিশোধ করা যায়?,TAX,TAX_PAYMENT,Tax Payment and Ledger,TAX_PAYMENT_METHOD,Tax Payment Method,Low,Formal,FALSE,,PARAPHRASED,TAX_PAYMENT_METHOD_F01,Easy,FALSE,Controlled paraphrase 1 of reviewed independent seed; family preserved; automated validation complete.
TAXX_0267,আয়কর কোন প্রক্রিয়ায় পরিশোধ করা যায়; পরের ধাপটা কী?,TAX,TAX_PAYMENT,Tax Payment and Ledger,TAX_PAYMENT_METHOD,Tax Payment Method,Low,Formal,FALSE,,PARAPHRASED,TAX_PAYMENT_METHOD_F01,Easy,FALSE,Controlled paraphrase 2 of reviewed independent seed; family preserved; automated validation complete.
TAXX_0268,tax payment-এর available method কী কী?,TAX,TAX_PAYMENT,Tax Payment and Ledger,TAX_PAYMENT_METHOD,Tax Payment Method,Low,Informal,FALSE,,SYNTHETIC,TAX_PAYMENT_METHOD_F02,Medium,FALSE,Reviewed independent pilot seed retained for canonical expansion.
TAXX_0269,এটা নিয়ে সাহায্য দরকার: tax payment-এর available method কোন কোন?,TAX,TAX_PAYMENT,Tax Payment and Ledger,TAX_PAYMENT_METHOD,Tax Payment Method,Low,Informal,FALSE,,PARAPHRASED,TAX_PAYMENT_METHOD_F02,Medium,FALSE,Controlled paraphrase 1 of reviewed independent seed; family preserved; automated validation complete.
TAXX_0270,tax payment-এর available method কোন কোন?,TAX,TAX_PAYMENT,Tax Payment and Ledger,TAX_PAYMENT_METHOD,Tax Payment Method,Low,Informal,FALSE,,PARAPHRASED,TAX_PAYMENT_METHOD_F02,Medium,FALSE,Controlled paraphrase 2 of reviewed independent seed; family preserved; automated validation complete.
TAXX_0277,আয়কর পরিশোধ সফল হয়েছে কি না কীভাবে যাচাই করব?,TAX,TAX_PAYMENT,Tax Payment and Ledger,TAX_PAYMENT_CONFIRMATION,Tax Payment Confirmation,Low,Formal,FALSE,,SYNTHETIC,TAX_PAYMENT_CONFIRMATION_F01,Easy,FALSE,Reviewed independent pilot seed retained for canonical expansion.
TAXX_0278,আমার ক্ষেত্রে আয়কর পরিশোধ সফল হয়েছে কি না কীভাবে যাচাই করতে হবে?,TAX,TAX_PAYMENT,Tax Payment and Ledger,TAX_PAYMENT_CONFIRMATION,Tax Payment Confirmation,Low,Formal,FALSE,,PARAPHRASED,TAX_PAYMENT_CONFIRMATION_F01,Easy,FALSE,Controlled paraphrase 1 of reviewed independent seed; family preserved; automated validation complete.
TAXX_0279,আয়কর পরিশোধ সফল হয়েছে কি না কীভাবে যাপ্রয়োজন করব; পরের ধাপটা কী?,TAX,TAX_PAYMENT,Tax Payment and Ledger,TAX_PAYMENT_CONFIRMATION,Tax Payment Confirmation,Low,Formal,FALSE,,PARAPHRASED,TAX_PAYMENT_CONFIRMATION_F01,Easy,FALSE,Controlled paraphrase 2 of reviewed independent seed; family preserved; automated validation complete.
TAXX_0280,tax paymentটা system-এ record হয়েছে কিনা দেখব কীভাবে?,TAX,TAX_PAYMENT,Tax Payment and Ledger,TAX_PAYMENT_CONFIRMATION,Tax Payment Confirmation,Low,Informal,FALSE,,SYNTHETIC,TAX_PAYMENT_CONFIRMATION_F02,Medium,FALSE,Reviewed independent pilot seed retained for canonical expansion.
TAXX_0281,এটা নিয়ে সাহায্য দরকার: tax paymentটা system-এ record হয়েছে কিনা দেখব কোন প্রক্রিয়ায়?,TAX,TAX_PAYMENT,Tax Payment and Ledger,TAX_PAYMENT_CONFIRMATION,Tax Payment Confirmation,Low,Informal,FALSE,,PARAPHRASED,TAX_PAYMENT_CONFIRMATION_F02,Medium,FALSE,Controlled paraphrase 1 of reviewed independent seed; family preserved; automated validation complete.
TAXX_0282,tax paymentটা system-এ record হয়েছে কিনা দেখব কোন প্রক্রিয়ায়?,TAX,TAX_PAYMENT,Tax Payment and Ledger,TAX_PAYMENT_CONFIRMATION,Tax Payment Confirmation,Low,Informal,FALSE,,PARAPHRASED,TAX_PAYMENT_CONFIRMATION_F02,Medium,FALSE,Controlled paraphrase 2 of reviewed independent seed; family preserved; automated validation complete.
TAXX_0289,আয়কর পরিশোধের চেষ্টা ব্যর্থ হলে কী করব?,TAX,TAX_PAYMENT,Tax Payment and Ledger,TAX_PAYMENT_FAILURE,Tax Payment Failure,Medium,Formal,FALSE,,SYNTHETIC,TAX_PAYMENT_FAILURE_F01,Easy,FALSE,Reviewed independent pilot seed retained for canonical expansion.
TAXX_0290,আমার ক্ষেত্রে আয়কর পরিশোধের চেষ্টা ব্যর্থ হলে কী করতে হবে?,TAX,TAX_PAYMENT,Tax Payment and Ledger,TAX_PAYMENT_FAILURE,Tax Payment Failure,Medium,Formal,FALSE,,PARAPHRASED,TAX_PAYMENT_FAILURE_F01,Easy,FALSE,Controlled paraphrase 1 of reviewed independent seed; family preserved; automated validation complete.
TAXX_0291,আয়কর পরিশোধের চেষ্টা ব্যর্থ হলে কী করতে হবে; পরের ধাপটা কী?,TAX,TAX_PAYMENT,Tax Payment and Ledger,TAX_PAYMENT_FAILURE,Tax Payment Failure,Medium,Formal,FALSE,,PARAPHRASED,TAX_PAYMENT_FAILURE_F01,Easy,FALSE,Controlled paraphrase 2 of reviewed independent seed; family preserved; automated validation complete.
TAXX_0292,tax payment বারবার fail করছে।,TAX,TAX_PAYMENT,Tax Payment and Ledger,TAX_PAYMENT_FAILURE,Tax Payment Failure,Medium,Informal,FALSE,,SYNTHETIC,TAX_PAYMENT_FAILURE_F02,Medium,FALSE,Reviewed independent pilot seed retained for canonical expansion.
TAXX_0293,এটা নিয়ে সাহায্য দরকার: tax payment বারবার fail করছে?,TAX,TAX_PAYMENT,Tax Payment and Ledger,TAX_PAYMENT_FAILURE,Tax Payment Failure,Medium,Informal,FALSE,,PARAPHRASED,TAX_PAYMENT_FAILURE_F02,Medium,FALSE,Controlled paraphrase 1 of reviewed independent seed; family preserved; automated validation complete.
TAXX_0294,tax payment বারবার fail করছে?,TAX,TAX_PAYMENT,Tax Payment and Ledger,TAX_PAYMENT_FAILURE,Tax Payment Failure,Medium,Informal,FALSE,,PARAPHRASED,TAX_PAYMENT_FAILURE_F02,Medium,FALSE,Controlled paraphrase 2 of reviewed independent seed; family preserved; automated validation complete.
TAXX_0301,ই-রিটার্ন লেজারে কর পরিশোধের তথ্য কীভাবে আপডেট করব?,TAX,TAX_PAYMENT,Tax Payment and Ledger,TAX_PAYMENT_LEDGER_UPDATE,Tax Payment Ledger Update,Medium,Formal,FALSE,,SYNTHETIC,TAX_PAYMENT_LEDGER_UPDATE_F01,Easy,FALSE,Reviewed independent pilot seed retained for canonical expansion.
TAXX_0302,আমার ক্ষেত্রে ই-রিটার্ন লেজারে কর পরিশোধের তথ্য কোন প্রক্রিয়ায় আপডেট করব?,TAX,TAX_PAYMENT,Tax Payment and Ledger,TAX_PAYMENT_LEDGER_UPDATE,Tax Payment Ledger Update,Medium,Formal,FALSE,,PARAPHRASED,TAX_PAYMENT_LEDGER_UPDATE_F01,Easy,FALSE,Controlled paraphrase 1 of reviewed independent seed; family preserved; automated validation complete.
TAXX_0303,ই-রিটার্ন লেজারে কর পরিশোধের তথ্য কোন প্রক্রিয়ায় আপডেট করব; পরের ধাপটা কী?,TAX,TAX_PAYMENT,Tax Payment and Ledger,TAX_PAYMENT_LEDGER_UPDATE,Tax Payment Ledger Update,Medium,Formal,FALSE,,PARAPHRASED,TAX_PAYMENT_LEDGER_UPDATE_F01,Easy,FALSE,Controlled paraphrase 2 of reviewed independent seed; family preserved; automated validation complete.
TAXX_0304,tax paid কিন্তু ledger-এ দেখাচ্ছে না।,TAX,TAX_PAYMENT,Tax Payment and Ledger,TAX_PAYMENT_LEDGER_UPDATE,Tax Payment Ledger Update,Medium,Informal,FALSE,,SYNTHETIC,TAX_PAYMENT_LEDGER_UPDATE_F02,Medium,FALSE,Reviewed independent pilot seed retained for canonical expansion.
TAXX_0305,এটা নিয়ে সাহায্য দরকার: tax paid কিন্তু ledger-এ দেখাচ্ছে না?,TAX,TAX_PAYMENT,Tax Payment and Ledger,TAX_PAYMENT_LEDGER_UPDATE,Tax Payment Ledger Update,Medium,Informal,FALSE,,PARAPHRASED,TAX_PAYMENT_LEDGER_UPDATE_F02,Medium,FALSE,Controlled paraphrase 1 of reviewed independent seed; family preserved; automated validation complete.
TAXX_0306,tax paid কিন্তু ledger-এ দেখাচ্ছে না?,TAX,TAX_PAYMENT,Tax Payment and Ledger,TAX_PAYMENT_LEDGER_UPDATE,Tax Payment Ledger Update,Medium,Informal,FALSE,,PARAPHRASED,TAX_PAYMENT_LEDGER_UPDATE_F02,Medium,FALSE,Controlled paraphrase 2 of reviewed independent seed; family preserved; automated validation complete.
TAXX_0313,জমা দেওয়া আয়কর রিটার্নের অবস্থা কীভাবে যাচাই করব?,TAX,TAX_STATUS_AND_DOCUMENTS,Return Status and Tax Documents,TAX_RETURN_STATUS_VERIFICATION,Submitted Return Status and Verification,Low,Formal,FALSE,,SYNTHETIC,TAX_RETURN_STATUS_VERIFICATION_F01,Easy,FALSE,Reviewed independent pilot seed retained for canonical expansion.
TAXX_0314,আমার ক্ষেত্রে জমা দেওয়া আয়কর রিটার্নের অবস্থা কোন প্রক্রিয়ায় যাচাই করব?,TAX,TAX_STATUS_AND_DOCUMENTS,Return Status and Tax Documents,TAX_RETURN_STATUS_VERIFICATION,Submitted Return Status and Verification,Low,Formal,FALSE,,PARAPHRASED,TAX_RETURN_STATUS_VERIFICATION_F01,Easy,FALSE,Controlled paraphrase 1 of reviewed independent seed; family preserved; automated validation complete.
TAXX_0315,জমা দেওয়া আয়কর রিটার্নের অবস্থা কীভাবে যাচাই করতে হবে; পরের ধাপটা কী?,TAX,TAX_STATUS_AND_DOCUMENTS,Return Status and Tax Documents,TAX_RETURN_STATUS_VERIFICATION,Submitted Return Status and Verification,Low,Formal,FALSE,,PARAPHRASED,TAX_RETURN_STATUS_VERIFICATION_F01,Easy,FALSE,Controlled paraphrase 2 of reviewed independent seed; family preserved; automated validation complete.
TAXX_0316,আমার return submit হয়েছে কিনা online-এ দেখব কীভাবে?,TAX,TAX_STATUS_AND_DOCUMENTS,Return Status and Tax Documents,TAX_RETURN_STATUS_VERIFICATION,Submitted Return Status and Verification,Low,Informal,FALSE,,SYNTHETIC,TAX_RETURN_STATUS_VERIFICATION_F02,Medium,FALSE,Reviewed independent pilot seed retained for canonical expansion.
TAXX_0317,এটা নিয়ে সাহায্য দরকার: আমার return submit হয়েছে কিনা online-এ দেখব কোন প্রক্রিয়ায়?,TAX,TAX_STATUS_AND_DOCUMENTS,Return Status and Tax Documents,TAX_RETURN_STATUS_VERIFICATION,Submitted Return Status and Verification,Low,Informal,FALSE,,PARAPHRASED,TAX_RETURN_STATUS_VERIFICATION_F02,Medium,FALSE,Controlled paraphrase 1 of reviewed independent seed; family preserved; automated validation complete.
TAXX_0318,আমার return submit হয়েছে কিনা online-এ দেখব কোন প্রক্রিয়ায়?,TAX,TAX_STATUS_AND_DOCUMENTS,Return Status and Tax Documents,TAX_RETURN_STATUS_VERIFICATION,Submitted Return Status and Verification,Low,Informal,FALSE,,PARAPHRASED,TAX_RETURN_STATUS_VERIFICATION_F02,Medium,FALSE,Controlled paraphrase 2 of reviewed independent seed; family preserved; automated validation complete.
TAXX_0325,রিটার্ন জমার স্বীকারপত্র কীভাবে ডাউনলোড করব?,TAX,TAX_STATUS_AND_DOCUMENTS,Return Status and Tax Documents,TAX_RETURN_ACKNOWLEDGEMENT,Return Acknowledgement or Submission Receipt,Low,Formal,FALSE,,SYNTHETIC,TAX_RETURN_ACKNOWLEDGEMENT_F01,Easy,FALSE,Reviewed independent pilot seed retained for canonical expansion.
TAXX_0326,আমার ক্ষেত্রে রিটার্ন জমার স্বীকারপত্র কোন প্রক্রিয়ায় ডাউনলোড করব?,TAX,TAX_STATUS_AND_DOCUMENTS,Return Status and Tax Documents,TAX_RETURN_ACKNOWLEDGEMENT,Return Acknowledgement or Submission Receipt,Low,Formal,FALSE,,PARAPHRASED,TAX_RETURN_ACKNOWLEDGEMENT_F01,Easy,FALSE,Controlled paraphrase 1 of reviewed independent seed; family preserved; automated validation complete.
TAXX_0327,রিটার্ন জমার স্বীকারপত্র কোন প্রক্রিয়ায় ডাউনলোড করব; পরের ধাপটা কী?,TAX,TAX_STATUS_AND_DOCUMENTS,Return Status and Tax Documents,TAX_RETURN_ACKNOWLEDGEMENT,Return Acknowledgement or Submission Receipt,Low,Formal,FALSE,,PARAPHRASED,TAX_RETURN_ACKNOWLEDGEMENT_F01,Easy,FALSE,Controlled paraphrase 2 of reviewed independent seed; family preserved; automated validation complete.
TAXX_0328,return submission receipt কোথায় পাব?,TAX,TAX_STATUS_AND_DOCUMENTS,Return Status and Tax Documents,TAX_RETURN_ACKNOWLEDGEMENT,Return Acknowledgement or Submission Receipt,Low,Informal,FALSE,,SYNTHETIC,TAX_RETURN_ACKNOWLEDGEMENT_F02,Medium,FALSE,Reviewed independent pilot seed retained for canonical expansion.
TAXX_0329,এটা নিয়ে সাহায্য দরকার: return submission receipt কোথায় পাব?,TAX,TAX_STATUS_AND_DOCUMENTS,Return Status and Tax Documents,TAX_RETURN_ACKNOWLEDGEMENT,Return Acknowledgement or Submission Receipt,Low,Informal,FALSE,,PARAPHRASED,TAX_RETURN_ACKNOWLEDGEMENT_F02,Medium,FALSE,Controlled paraphrase 1 of reviewed independent seed; family preserved; automated validation complete.
TAXX_0330,এই বিষয়ে সহায়তা চাই: return submission receipt কোথায় পাব?,TAX,TAX_STATUS_AND_DOCUMENTS,Return Status and Tax Documents,TAX_RETURN_ACKNOWLEDGEMENT,Return Acknowledgement or Submission Receipt,Low,Informal,FALSE,,PARAPHRASED,TAX_RETURN_ACKNOWLEDGEMENT_F02,Medium,FALSE,Controlled paraphrase 2 of reviewed independent seed; family preserved; automated validation complete.
TAXX_0337,জমা দেওয়া আয়কর রিটার্নের কপি কীভাবে পাব?,TAX,TAX_STATUS_AND_DOCUMENTS,Return Status and Tax Documents,TAX_RETURN_COPY_DOWNLOAD,Submitted Tax Return Copy,Low,Formal,FALSE,,SYNTHETIC,TAX_RETURN_COPY_DOWNLOAD_F01,Easy,FALSE,Reviewed independent pilot seed retained for canonical expansion.
TAXX_0338,আমার ক্ষেত্রে জমা দেওয়া আয়কর রিটার্নের কপি কোন প্রক্রিয়ায় পাব?,TAX,TAX_STATUS_AND_DOCUMENTS,Return Status and Tax Documents,TAX_RETURN_COPY_DOWNLOAD,Submitted Tax Return Copy,Low,Formal,FALSE,,PARAPHRASED,TAX_RETURN_COPY_DOWNLOAD_F01,Easy,FALSE,Controlled paraphrase 1 of reviewed independent seed; family preserved; automated validation complete.
TAXX_0339,জমা দেওয়া আয়কর রিটার্নের কপি কোন প্রক্রিয়ায় পাব; পরের ধাপটা কী?,TAX,TAX_STATUS_AND_DOCUMENTS,Return Status and Tax Documents,TAX_RETURN_COPY_DOWNLOAD,Submitted Tax Return Copy,Low,Formal,FALSE,,PARAPHRASED,TAX_RETURN_COPY_DOWNLOAD_F01,Easy,FALSE,Controlled paraphrase 2 of reviewed independent seed; family preserved; automated validation complete.
TAXX_0340,filed returnটা download করতে চাই।,TAX,TAX_STATUS_AND_DOCUMENTS,Return Status and Tax Documents,TAX_RETURN_COPY_DOWNLOAD,Submitted Tax Return Copy,Low,Informal,FALSE,,SYNTHETIC,TAX_RETURN_COPY_DOWNLOAD_F02,Medium,FALSE,Reviewed independent pilot seed retained for canonical expansion.
TAXX_0341,এটা নিয়ে সাহায্য দরকার: filed returnটা download করতে প্রয়োজন?,TAX,TAX_STATUS_AND_DOCUMENTS,Return Status and Tax Documents,TAX_RETURN_COPY_DOWNLOAD,Submitted Tax Return Copy,Low,Informal,FALSE,,PARAPHRASED,TAX_RETURN_COPY_DOWNLOAD_F02,Medium,FALSE,Controlled paraphrase 1 of reviewed independent seed; family preserved; automated validation complete.
TAXX_0342,filed returnটা download করতে প্রয়োজন?,TAX,TAX_STATUS_AND_DOCUMENTS,Return Status and Tax Documents,TAX_RETURN_COPY_DOWNLOAD,Submitted Tax Return Copy,Low,Informal,FALSE,,PARAPHRASED,TAX_RETURN_COPY_DOWNLOAD_F02,Medium,FALSE,Controlled paraphrase 2 of reviewed independent seed; family preserved; automated validation complete.
TAXX_0349,আয়কর সনদ কীভাবে সংগ্রহ বা ডাউনলোড করব?,TAX,TAX_STATUS_AND_DOCUMENTS,Return Status and Tax Documents,TAX_CERTIFICATE_ACCESS,Income Tax Certificate Access,Low,Formal,FALSE,,SYNTHETIC,TAX_CERTIFICATE_ACCESS_F01,Easy,FALSE,Reviewed independent pilot seed retained for canonical expansion.
TAXX_0350,আমার ক্ষেত্রে আয়কর সনদ কোন প্রক্রিয়ায় সংগ্রহ বা ডাউনলোড করব?,TAX,TAX_STATUS_AND_DOCUMENTS,Return Status and Tax Documents,TAX_CERTIFICATE_ACCESS,Income Tax Certificate Access,Low,Formal,FALSE,,PARAPHRASED,TAX_CERTIFICATE_ACCESS_F01,Easy,FALSE,Controlled paraphrase 1 of reviewed independent seed; family preserved; automated validation complete.
TAXX_0351,আয়কর সনদ কোন প্রক্রিয়ায় সংগ্রহ বা ডাউনলোড করব; পরের ধাপটা কী?,TAX,TAX_STATUS_AND_DOCUMENTS,Return Status and Tax Documents,TAX_CERTIFICATE_ACCESS,Income Tax Certificate Access,Low,Formal,FALSE,,PARAPHRASED,TAX_CERTIFICATE_ACCESS_F01,Easy,FALSE,Controlled paraphrase 2 of reviewed independent seed; family preserved; automated validation complete.
TAXX_0352,tax certificate কোথায় পাওয়া যাবে?,TAX,TAX_STATUS_AND_DOCUMENTS,Return Status and Tax Documents,TAX_CERTIFICATE_ACCESS,Income Tax Certificate Access,Low,Informal,FALSE,,SYNTHETIC,TAX_CERTIFICATE_ACCESS_F02,Medium,FALSE,Reviewed independent pilot seed retained for canonical expansion.
TAXX_0353,এটা নিয়ে সাহায্য দরকার: tax certificate কোথায় পাওয়া যাবে?,TAX,TAX_STATUS_AND_DOCUMENTS,Return Status and Tax Documents,TAX_CERTIFICATE_ACCESS,Income Tax Certificate Access,Low,Informal,FALSE,,PARAPHRASED,TAX_CERTIFICATE_ACCESS_F02,Medium,FALSE,Controlled paraphrase 1 of reviewed independent seed; family preserved; automated validation complete.
TAXX_0354,এই বিষয়ে সহায়তা চাই: tax certificate কোথায় পাওয়া যাবে?,TAX,TAX_STATUS_AND_DOCUMENTS,Return Status and Tax Documents,TAX_CERTIFICATE_ACCESS,Income Tax Certificate Access,Low,Informal,FALSE,,PARAPHRASED,TAX_CERTIFICATE_ACCESS_F02,Medium,FALSE,Controlled paraphrase 2 of reviewed independent seed; family preserved; automated validation complete.
TAXX_0361,আয়কর সংক্রান্ত কী কী অনলাইন সেবা পাওয়া যায়?,TAX,TAX_GENERAL_AND_SUPPORT,General Tax Information and Support,TAX_GENERAL_SERVICE_GUIDANCE,General Income Tax Service Guidance,Low,Formal,FALSE,,SYNTHETIC,TAX_GENERAL_SERVICE_GUIDANCE_F01,Easy,FALSE,Reviewed independent pilot seed retained for canonical expansion.
TAXX_0362,আমার ক্ষেত্রে আয়কর সংক্রান্ত কোন কোন অনলাইন সেবা পাওয়া যায়?,TAX,TAX_GENERAL_AND_SUPPORT,General Tax Information and Support,TAX_GENERAL_SERVICE_GUIDANCE,General Income Tax Service Guidance,Low,Formal,FALSE,,PARAPHRASED,TAX_GENERAL_SERVICE_GUIDANCE_F01,Easy,FALSE,Controlled paraphrase 1 of reviewed independent seed; family preserved; automated validation complete.
TAXX_0363,আয়কর সংক্রান্ত কোন কোন অনলাইন সেবা পাওয়া যায়; পরের ধাপটা কী?,TAX,TAX_GENERAL_AND_SUPPORT,General Tax Information and Support,TAX_GENERAL_SERVICE_GUIDANCE,General Income Tax Service Guidance,Low,Formal,FALSE,,PARAPHRASED,TAX_GENERAL_SERVICE_GUIDANCE_F01,Easy,FALSE,Controlled paraphrase 2 of reviewed independent seed; family preserved; automated validation complete.
TAXX_0364,tax service নিয়ে শুরুতে কোথা থেকে guidance পাব?,TAX,TAX_GENERAL_AND_SUPPORT,General Tax Information and Support,TAX_GENERAL_SERVICE_GUIDANCE,General Income Tax Service Guidance,Low,Informal,FALSE,,SYNTHETIC,TAX_GENERAL_SERVICE_GUIDANCE_F02,Medium,FALSE,Reviewed independent pilot seed retained for canonical expansion.
TAXX_0365,এটা নিয়ে সাহায্য দরকার: tax service নিয়ে শুরুতে কোথা থেকে guidance পাব?,TAX,TAX_GENERAL_AND_SUPPORT,General Tax Information and Support,TAX_GENERAL_SERVICE_GUIDANCE,General Income Tax Service Guidance,Low,Informal,FALSE,,PARAPHRASED,TAX_GENERAL_SERVICE_GUIDANCE_F02,Medium,FALSE,Controlled paraphrase 1 of reviewed independent seed; family preserved; automated validation complete.
TAXX_0366,এই বিষয়ে সহায়তা চাই: tax service নিয়ে শুরুতে কোথা থেকে guidance পাব?,TAX,TAX_GENERAL_AND_SUPPORT,General Tax Information and Support,TAX_GENERAL_SERVICE_GUIDANCE,General Income Tax Service Guidance,Low,Informal,FALSE,,PARAPHRASED,TAX_GENERAL_SERVICE_GUIDANCE_F02,Medium,FALSE,Controlled paraphrase 2 of reviewed independent seed; family preserved; automated validation complete.
TAXX_0373,আমার আগের কর রেকর্ড কোথায় দেখা যাবে?,TAX,TAX_GENERAL_AND_SUPPORT,General Tax Information and Support,TAX_RECORD_INFORMATION,Tax Record Information,Low,Formal,FALSE,,SYNTHETIC,TAX_RECORD_INFORMATION_F01,Easy,FALSE,Reviewed independent pilot seed retained for canonical expansion.
TAXX_0374,আমার ক্ষেত্রে আমার আগের কর রেকর্ড কোথায় দেখা যাবে?,TAX,TAX_GENERAL_AND_SUPPORT,General Tax Information and Support,TAX_RECORD_INFORMATION,Tax Record Information,Low,Formal,FALSE,,PARAPHRASED,TAX_RECORD_INFORMATION_F01,Easy,FALSE,Controlled paraphrase 1 of reviewed independent seed; family preserved; automated validation complete.
TAXX_0375,আমার আগের কর রেকর্ড কোথায় দেখা যাবে; পরের ধাপটা কী?,TAX,TAX_GENERAL_AND_SUPPORT,General Tax Information and Support,TAX_RECORD_INFORMATION,Tax Record Information,Low,Formal,FALSE,,PARAPHRASED,TAX_RECORD_INFORMATION_F01,Easy,FALSE,Controlled paraphrase 2 of reviewed independent seed; family preserved; automated validation complete.
TAXX_0376,previous tax return history দেখতে চাই।,TAX,TAX_GENERAL_AND_SUPPORT,General Tax Information and Support,TAX_RECORD_INFORMATION,Tax Record Information,Low,Informal,FALSE,,SYNTHETIC,TAX_RECORD_INFORMATION_F02,Medium,FALSE,Reviewed independent pilot seed retained for canonical expansion.
TAXX_0377,এটা নিয়ে সাহায্য দরকার: previous tax return history দেখতে প্রয়োজন?,TAX,TAX_GENERAL_AND_SUPPORT,General Tax Information and Support,TAX_RECORD_INFORMATION,Tax Record Information,Low,Informal,FALSE,,PARAPHRASED,TAX_RECORD_INFORMATION_F02,Medium,FALSE,Controlled paraphrase 1 of reviewed independent seed; family preserved; automated validation complete.
TAXX_0378,previous tax return history দেখতে প্রয়োজন?,TAX,TAX_GENERAL_AND_SUPPORT,General Tax Information and Support,TAX_RECORD_INFORMATION,Tax Record Information,Low,Informal,FALSE,,PARAPHRASED,TAX_RECORD_INFORMATION_F02,Medium,FALSE,Controlled paraphrase 2 of reviewed independent seed; family preserved; automated validation complete.
TAXX_0385,ই-রিটার্ন সমস্যার জন্য সহায়তার আবেদন কীভাবে করব?,TAX,TAX_GENERAL_AND_SUPPORT,General Tax Information and Support,TAX_SUPPORT_REQUEST,e-Return Support Request,Medium,Formal,FALSE,,SYNTHETIC,TAX_SUPPORT_REQUEST_F01,Easy,FALSE,Reviewed independent pilot seed retained for canonical expansion.
TAXX_0386,আমার ক্ষেত্রে ই-রিটার্ন সমস্যার জন্য সহায়তার আবেদন কোন প্রক্রিয়ায় করব?,TAX,TAX_GENERAL_AND_SUPPORT,General Tax Information and Support,TAX_SUPPORT_REQUEST,e-Return Support Request,Medium,Formal,FALSE,,PARAPHRASED,TAX_SUPPORT_REQUEST_F01,Easy,FALSE,Controlled paraphrase 1 of reviewed independent seed; family preserved; automated validation complete.
TAXX_0387,ই-রিটার্ন সমস্যার জন্য সহায়তার আবেদন কোন প্রক্রিয়ায় করব; পরের ধাপটা কী?,TAX,TAX_GENERAL_AND_SUPPORT,General Tax Information and Support,TAX_SUPPORT_REQUEST,e-Return Support Request,Medium,Formal,FALSE,,PARAPHRASED,TAX_SUPPORT_REQUEST_F01,Easy,FALSE,Controlled paraphrase 2 of reviewed independent seed; family preserved; automated validation complete.
TAXX_0388,tax portal issue নিয়ে support ticket দিতে চাই।,TAX,TAX_GENERAL_AND_SUPPORT,General Tax Information and Support,TAX_SUPPORT_REQUEST,e-Return Support Request,Medium,Informal,FALSE,,SYNTHETIC,TAX_SUPPORT_REQUEST_F02,Medium,FALSE,Reviewed independent pilot seed retained for canonical expansion.
TAXX_0389,এটা নিয়ে সাহায্য দরকার: tax portal issue নিয়ে support ticket দিতে প্রয়োজন?,TAX,TAX_GENERAL_AND_SUPPORT,General Tax Information and Support,TAX_SUPPORT_REQUEST,e-Return Support Request,Medium,Informal,FALSE,,PARAPHRASED,TAX_SUPPORT_REQUEST_F02,Medium,FALSE,Controlled paraphrase 1 of reviewed independent seed; family preserved; automated validation complete.
TAXX_0390,tax portal issue নিয়ে support ticket দিতে প্রয়োজন?,TAX,TAX_GENERAL_AND_SUPPORT,General Tax Information and Support,TAX_SUPPORT_REQUEST,e-Return Support Request,Medium,Informal,FALSE,,PARAPHRASED,TAX_SUPPORT_REQUEST_F02,Medium,FALSE,Controlled paraphrase 2 of reviewed independent seed; family preserved; automated validation complete.
PGDX_0001,সাধারণ ডায়েরি বা জিডি কী এবং এর উদ্দেশ্য কী?,POLICE_GD,POLICE_GD_GUIDANCE,GD Purpose and Routing Guidance,POLICE_GD_PURPOSE,General Diary Purpose,Low,Formal,FALSE,,SYNTHETIC,POLICE_GD_PURPOSE_F01,Easy,FALSE,Reviewed independent pilot seed retained for canonical expansion.
PGDX_0002,আমার ক্ষেত্রে সাধারণ ডায়েরি বা জিডি কী এবং এর উদ্দেশ্য কী?,POLICE_GD,POLICE_GD_GUIDANCE,GD Purpose and Routing Guidance,POLICE_GD_PURPOSE,General Diary Purpose,Low,Formal,FALSE,,PARAPHRASED,POLICE_GD_PURPOSE_F01,Easy,FALSE,Controlled paraphrase 1 of reviewed independent seed; family preserved; automated validation complete.
PGDX_0003,সাধারণ ডায়েরি বা জিডি কী এবং এর উদ্দেশ্য কী; পরের ধাপটা কী?,POLICE_GD,POLICE_GD_GUIDANCE,GD Purpose and Routing Guidance,POLICE_GD_PURPOSE,General Diary Purpose,Low,Formal,FALSE,,PARAPHRASED,POLICE_GD_PURPOSE_F01,Easy,FALSE,Controlled paraphrase 2 of reviewed independent seed; family preserved; automated validation complete.
PGDX_0004,GD আসলে কী কাজে লাগে?,POLICE_GD,POLICE_GD_GUIDANCE,GD Purpose and Routing Guidance,POLICE_GD_PURPOSE,General Diary Purpose,Low,Informal,FALSE,,SYNTHETIC,POLICE_GD_PURPOSE_F02,Medium,FALSE,Reviewed independent pilot seed retained for canonical expansion.
PGDX_0005,এটা নিয়ে সাহায্য দরকার: GD আসলে কী কাজে লাগে?,POLICE_GD,POLICE_GD_GUIDANCE,GD Purpose and Routing Guidance,POLICE_GD_PURPOSE,General Diary Purpose,Low,Informal,FALSE,,PARAPHRASED,POLICE_GD_PURPOSE_F02,Medium,FALSE,Controlled paraphrase 1 of reviewed independent seed; family preserved; automated validation complete.
PGDX_0006,এই বিষয়ে সহায়তা চাই: GD আসলে কী কাজে লাগে?,POLICE_GD,POLICE_GD_GUIDANCE,GD Purpose and Routing Guidance,POLICE_GD_PURPOSE,General Diary Purpose,Low,Informal,FALSE,,PARAPHRASED,POLICE_GD_PURPOSE_F02,Medium,FALSE,Controlled paraphrase 2 of reviewed independent seed; family preserved; automated validation complete.
PGDX_0013,কোন ধরনের ঘটনায় সাধারণত জিডি করা যায়?,POLICE_GD,POLICE_GD_GUIDANCE,GD Purpose and Routing Guidance,POLICE_GD_APPROPRIATE_USE,Whether a Matter Is Appropriate for GD,Low,Formal,FALSE,,SYNTHETIC,POLICE_GD_APPROPRIATE_USE_F01,Easy,FALSE,Reviewed independent pilot seed retained for canonical expansion.
PGDX_0014,আমার ক্ষেত্রে কোন ধরনের ঘটনায় সাধারণত জিডি করা যায়?,POLICE_GD,POLICE_GD_GUIDANCE,GD Purpose and Routing Guidance,POLICE_GD_APPROPRIATE_USE,Whether a Matter Is Appropriate for GD,Low,Formal,FALSE,,PARAPHRASED,POLICE_GD_APPROPRIATE_USE_F01,Easy,FALSE,Controlled paraphrase 1 of reviewed independent seed; family preserved; automated validation complete.
PGDX_0015,কোন ধরনের ঘটনায় সাধারণত জিডি করা যায়; পরের ধাপটা কী?,POLICE_GD,POLICE_GD_GUIDANCE,GD Purpose and Routing Guidance,POLICE_GD_APPROPRIATE_USE,Whether a Matter Is Appropriate for GD,Low,Formal,FALSE,,PARAPHRASED,POLICE_GD_APPROPRIATE_USE_F01,Easy,FALSE,Controlled paraphrase 2 of reviewed independent seed; family preserved; automated validation complete.
PGDX_0016,আমার জিনিস হারানোর বিষয়টা GD-তে জানানো যাবে?,POLICE_GD,POLICE_GD_GUIDANCE,GD Purpose and Routing Guidance,POLICE_GD_APPROPRIATE_USE,Whether a Matter Is Appropriate for GD,Low,Informal,FALSE,,SYNTHETIC,POLICE_GD_APPROPRIATE_USE_F02,Medium,FALSE,Reviewed independent pilot seed retained for canonical expansion.
PGDX_0017,এটা নিয়ে সাহায্য দরকার: আমার জিনিস হারানোর বিষয়টা GD-তে জানানো যাবে?,POLICE_GD,POLICE_GD_GUIDANCE,GD Purpose and Routing Guidance,POLICE_GD_APPROPRIATE_USE,Whether a Matter Is Appropriate for GD,Low,Informal,FALSE,,PARAPHRASED,POLICE_GD_APPROPRIATE_USE_F02,Medium,FALSE,Controlled paraphrase 1 of reviewed independent seed; family preserved; automated validation complete.
PGDX_0018,এই বিষয়ে সহায়তা চাই: আমার জিনিস হারানোর বিষয়টা GD-তে জানানো যাবে?,POLICE_GD,POLICE_GD_GUIDANCE,GD Purpose and Routing Guidance,POLICE_GD_APPROPRIATE_USE,Whether a Matter Is Appropriate for GD,Low,Informal,FALSE,,PARAPHRASED,POLICE_GD_APPROPRIATE_USE_F02,Medium,FALSE,Controlled paraphrase 2 of reviewed independent seed; family preserved; automated validation complete.
PGDX_0025,"তাৎক্ষণিক বিপদের ঘটনায় জিডি করব, নাকি জরুরি পুলিশি সহায়তা চাইব?",POLICE_GD,POLICE_GD_GUIDANCE,GD Purpose and Routing Guidance,POLICE_GD_EMERGENCY_ROUTING,Emergency or Immediate-Danger Routing,High,Formal,FALSE,,SYNTHETIC,POLICE_GD_EMERGENCY_ROUTING_F01,Easy,FALSE,Reviewed independent pilot seed retained for canonical expansion.
PGDX_0026,"আমার ক্ষেত্রে তাৎক্ষণিক বিপদের ঘটনায় জিডি করতে হবে, নাকি জরুরি পুলিশি সহায়তা চাইব?",POLICE_GD,POLICE_GD_GUIDANCE,GD Purpose and Routing Guidance,POLICE_GD_EMERGENCY_ROUTING,Emergency or Immediate-Danger Routing,High,Formal,FALSE,,PARAPHRASED,POLICE_GD_EMERGENCY_ROUTING_F01,Easy,FALSE,Controlled paraphrase 1 of reviewed independent seed; family preserved; automated validation complete.
PGDX_0027,"তাৎক্ষণিক বিপদের ঘটনায় জিডি করতে হবে, নাকি জরুরি পুলিশি সহায়তা চাইব; পরের ধাপটা কী?",POLICE_GD,POLICE_GD_GUIDANCE,GD Purpose and Routing Guidance,POLICE_GD_EMERGENCY_ROUTING,Emergency or Immediate-Danger Routing,High,Formal,FALSE,,PARAPHRASED,POLICE_GD_EMERGENCY_ROUTING_F01,Easy,FALSE,Controlled paraphrase 2 of reviewed independent seed; family preserved; automated validation complete.
PGDX_0028,"এখনই danger আছে, online GD কি এই situation-এর জন্য?",POLICE_GD,POLICE_GD_GUIDANCE,GD Purpose and Routing Guidance,POLICE_GD_EMERGENCY_ROUTING,Emergency or Immediate-Danger Routing,High,Informal,FALSE,,SYNTHETIC,POLICE_GD_EMERGENCY_ROUTING_F02,Medium,FALSE,Reviewed independent pilot seed retained for canonical expansion.
PGDX_0029,"এটা নিয়ে সাহায্য দরকার: এখনই danger আছে, online GD কি এই situation-এর জন্য?",POLICE_GD,POLICE_GD_GUIDANCE,GD Purpose and Routing Guidance,POLICE_GD_EMERGENCY_ROUTING,Emergency or Immediate-Danger Routing,High,Informal,FALSE,,PARAPHRASED,POLICE_GD_EMERGENCY_ROUTING_F02,Medium,FALSE,Controlled paraphrase 1 of reviewed independent seed; family preserved; automated validation complete.
PGDX_0030,"এই বিষয়ে সহায়তা চাই: এখনই danger আছে, online GD কি এই situation-এর জন্য?",POLICE_GD,POLICE_GD_GUIDANCE,GD Purpose and Routing Guidance,POLICE_GD_EMERGENCY_ROUTING,Emergency or Immediate-Danger Routing,High,Informal,FALSE,,PARAPHRASED,POLICE_GD_EMERGENCY_ROUTING_F02,Medium,FALSE,Controlled paraphrase 2 of reviewed independent seed; family preserved; automated validation complete.
PGDX_0037,"আমার অভিযোগটি জিডি হবে নাকি মামলার প্রক্রিয়ায় যাবে, কীভাবে জানব?",POLICE_GD,POLICE_GD_GUIDANCE,GD Purpose and Routing Guidance,POLICE_GD_CASE_VS_GD_GUIDANCE,GD Versus Case/Complaint Guidance,Medium,Formal,FALSE,,SYNTHETIC,POLICE_GD_CASE_VS_GD_GUIDANCE_F01,Easy,FALSE,Reviewed independent pilot seed retained for canonical expansion.
PGDX_0038,"আমার ক্ষেত্রে আমার অভিযোগটি জিডি হবে নাকি মামলার প্রক্রিয়ায় যাবে, কোন প্রক্রিয়ায় জানব?",POLICE_GD,POLICE_GD_GUIDANCE,GD Purpose and Routing Guidance,POLICE_GD_CASE_VS_GD_GUIDANCE,GD Versus Case/Complaint Guidance,Medium,Formal,FALSE,,PARAPHRASED,POLICE_GD_CASE_VS_GD_GUIDANCE_F01,Easy,FALSE,Controlled paraphrase 1 of reviewed independent seed; family preserved; automated validation complete.
PGDX_0039,"আমার অভিযোগটি জিডি হবে নাকি মামলার প্রক্রিয়ায় যাবে, কোন প্রক্রিয়ায় জানব; পরের ধাপটা কী?",POLICE_GD,POLICE_GD_GUIDANCE,GD Purpose and Routing Guidance,POLICE_GD_CASE_VS_GD_GUIDANCE,GD Versus Case/Complaint Guidance,Medium,Formal,FALSE,,PARAPHRASED,POLICE_GD_CASE_VS_GD_GUIDANCE_F01,Easy,FALSE,Controlled paraphrase 2 of reviewed independent seed; family preserved; automated validation complete.
PGDX_0040,complaint submit করলে থানায় যেতে হবে কিনা বুঝব কীভাবে?,POLICE_GD,POLICE_GD_GUIDANCE,GD Purpose and Routing Guidance,POLICE_GD_CASE_VS_GD_GUIDANCE,GD Versus Case/Complaint Guidance,Medium,Informal,FALSE,,SYNTHETIC,POLICE_GD_CASE_VS_GD_GUIDANCE_F02,Medium,FALSE,Reviewed independent pilot seed retained for canonical expansion.
PGDX_0041,এটা নিয়ে সাহায্য দরকার: complaint submit করলে থানায় যেতে হবে কিনা বুঝব কোন প্রক্রিয়ায়?,POLICE_GD,POLICE_GD_GUIDANCE,GD Purpose and Routing Guidance,POLICE_GD_CASE_VS_GD_GUIDANCE,GD Versus Case/Complaint Guidance,Medium,Informal,FALSE,,PARAPHRASED,POLICE_GD_CASE_VS_GD_GUIDANCE_F02,Medium,FALSE,Controlled paraphrase 1 of reviewed independent seed; family preserved; automated validation complete.
PGDX_0042,complaint submit করলে থানায় যেতে হবে কিনা বুঝব কোন প্রক্রিয়ায়?,POLICE_GD,POLICE_GD_GUIDANCE,GD Purpose and Routing Guidance,POLICE_GD_CASE_VS_GD_GUIDANCE,GD Versus Case/Complaint Guidance,Medium,Informal,FALSE,,PARAPHRASED,POLICE_GD_CASE_VS_GD_GUIDANCE_F02,Medium,FALSE,Controlled paraphrase 2 of reviewed independent seed; family preserved; automated validation complete.
PGDX_0049,সাধারণ ডায়েরি করার সম্পূর্ণ প্রক্রিয়াটি কী?,POLICE_GD,POLICE_GD_FILING,GD Filing and Submission,POLICE_GD_FILING_PROCESS,General Diary Filing Process,Low,Formal,FALSE,,SYNTHETIC,POLICE_GD_FILING_PROCESS_F01,Easy,FALSE,Reviewed independent pilot seed retained for canonical expansion.
PGDX_0050,আমার ক্ষেত্রে সাধারণ ডায়েরি করার সম্পূর্ণ প্রক্রিয়াটি কী?,POLICE_GD,POLICE_GD_FILING,GD Filing and Submission,POLICE_GD_FILING_PROCESS,General Diary Filing Process,Low,Formal,FALSE,,PARAPHRASED,POLICE_GD_FILING_PROCESS_F01,Easy,FALSE,Controlled paraphrase 1 of reviewed independent seed; family preserved; automated validation complete.
PGDX_0051,সাধারণ ডায়েরি করার সম্পূর্ণ প্রক্রিয়াটি কী; পরের ধাপটা কী?,POLICE_GD,POLICE_GD_FILING,GD Filing and Submission,POLICE_GD_FILING_PROCESS,General Diary Filing Process,Low,Formal,FALSE,,PARAPHRASED,POLICE_GD_FILING_PROCESS_F01,Easy,FALSE,Controlled paraphrase 2 of reviewed independent seed; family preserved; automated validation complete.
PGDX_0052,"GD করতে চাই, কীভাবে শুরু করব?",POLICE_GD,POLICE_GD_FILING,GD Filing and Submission,POLICE_GD_FILING_PROCESS,General Diary Filing Process,Low,Informal,FALSE,,SYNTHETIC,POLICE_GD_FILING_PROCESS_F02,Medium,FALSE,Reviewed independent pilot seed retained for canonical expansion.
PGDX_0053,"এটা নিয়ে সাহায্য দরকার: GD করতে চাই, কীভাবে শুরু করতে হবে?",POLICE_GD,POLICE_GD_FILING,GD Filing and Submission,POLICE_GD_FILING_PROCESS,General Diary Filing Process,Low,Informal,FALSE,,PARAPHRASED,POLICE_GD_FILING_PROCESS_F02,Medium,FALSE,Controlled paraphrase 1 of reviewed independent seed; family preserved; automated validation complete.
PGDX_0054,"GD করতে প্রয়োজন, কীভাবে শুরু করব?",POLICE_GD,POLICE_GD_FILING,GD Filing and Submission,POLICE_GD_FILING_PROCESS,General Diary Filing Process,Low,Informal,FALSE,,PARAPHRASED,POLICE_GD_FILING_PROCESS_F02,Medium,FALSE,Controlled paraphrase 2 of reviewed independent seed; family preserved; automated validation complete.
PGDX_0061,অনলাইনে জিডি কীভাবে জমা দেব?,POLICE_GD,POLICE_GD_FILING,GD Filing and Submission,POLICE_GD_ONLINE_SUBMISSION,Online GD Submission,Low,Formal,FALSE,,SYNTHETIC,POLICE_GD_ONLINE_SUBMISSION_F01,Easy,FALSE,Reviewed independent pilot seed retained for canonical expansion.
PGDX_0062,আমার ক্ষেত্রে অনলাইনে জিডি কোন প্রক্রিয়ায় জমা দেব?,POLICE_GD,POLICE_GD_FILING,GD Filing and Submission,POLICE_GD_ONLINE_SUBMISSION,Online GD Submission,Low,Formal,FALSE,,PARAPHRASED,POLICE_GD_ONLINE_SUBMISSION_F01,Easy,FALSE,Controlled paraphrase 1 of reviewed independent seed; family preserved; automated validation complete.
PGDX_0063,অনলাইনে জিডি কোন প্রক্রিয়ায় জমা দেব; পরের ধাপটা কী?,POLICE_GD,POLICE_GD_FILING,GD Filing and Submission,POLICE_GD_ONLINE_SUBMISSION,Online GD Submission,Low,Formal,FALSE,,PARAPHRASED,POLICE_GD_ONLINE_SUBMISSION_F01,Easy,FALSE,Controlled paraphrase 2 of reviewed independent seed; family preserved; automated validation complete.
PGDX_0064,Online GD app দিয়ে complaint submit করব কীভাবে?,POLICE_GD,POLICE_GD_FILING,GD Filing and Submission,POLICE_GD_ONLINE_SUBMISSION,Online GD Submission,Low,Informal,FALSE,,SYNTHETIC,POLICE_GD_ONLINE_SUBMISSION_F02,Medium,FALSE,Reviewed independent pilot seed retained for canonical expansion.
PGDX_0065,এটা নিয়ে সাহায্য দরকার: Online GD app দিয়ে complaint submit করব কোন প্রক্রিয়ায়?,POLICE_GD,POLICE_GD_FILING,GD Filing and Submission,POLICE_GD_ONLINE_SUBMISSION,Online GD Submission,Low,Informal,FALSE,,PARAPHRASED,POLICE_GD_ONLINE_SUBMISSION_F02,Medium,FALSE,Controlled paraphrase 1 of reviewed independent seed; family preserved; automated validation complete.
PGDX_0066,Online GD app দিয়ে complaint submit করব কোন প্রক্রিয়ায়?,POLICE_GD,POLICE_GD_FILING,GD Filing and Submission,POLICE_GD_ONLINE_SUBMISSION,Online GD Submission,Low,Informal,FALSE,,PARAPHRASED,POLICE_GD_ONLINE_SUBMISSION_F02,Medium,FALSE,Controlled paraphrase 2 of reviewed independent seed; family preserved; automated validation complete.
PGDX_0073,জিডি করতে কী কী তথ্য দিতে হয়?,POLICE_GD,POLICE_GD_FILING,GD Filing and Submission,POLICE_GD_REQUIRED_INFORMATION,Information Required for GD,Low,Formal,FALSE,,SYNTHETIC,POLICE_GD_REQUIRED_INFORMATION_F01,Easy,FALSE,Reviewed independent pilot seed retained for canonical expansion.
PGDX_0074,আমার ক্ষেত্রে জিডি করতে কোন কোন তথ্য দিতে হয়?,POLICE_GD,POLICE_GD_FILING,GD Filing and Submission,POLICE_GD_REQUIRED_INFORMATION,Information Required for GD,Low,Formal,FALSE,,PARAPHRASED,POLICE_GD_REQUIRED_INFORMATION_F01,Easy,FALSE,Controlled paraphrase 1 of reviewed independent seed; family preserved; automated validation complete.
PGDX_0075,জিডি করতে কোন কোন তথ্য দিতে হয়; পরের ধাপটা কী?,POLICE_GD,POLICE_GD_FILING,GD Filing and Submission,POLICE_GD_REQUIRED_INFORMATION,Information Required for GD,Low,Formal,FALSE,,PARAPHRASED,POLICE_GD_REQUIRED_INFORMATION_F01,Easy,FALSE,Controlled paraphrase 2 of reviewed independent seed; family preserved; automated validation complete.
PGDX_0076,GD form-এ incident-এর কোন details লাগবে?,POLICE_GD,POLICE_GD_FILING,GD Filing and Submission,POLICE_GD_REQUIRED_INFORMATION,Information Required for GD,Low,Informal,FALSE,,SYNTHETIC,POLICE_GD_REQUIRED_INFORMATION_F02,Medium,FALSE,Reviewed independent pilot seed retained for canonical expansion.
PGDX_0077,এটা নিয়ে সাহায্য দরকার: GD form-এ incident-এর কোন details দরকার হবে?,POLICE_GD,POLICE_GD_FILING,GD Filing and Submission,POLICE_GD_REQUIRED_INFORMATION,Information Required for GD,Low,Informal,FALSE,,PARAPHRASED,POLICE_GD_REQUIRED_INFORMATION_F02,Medium,FALSE,Controlled paraphrase 1 of reviewed independent seed; family preserved; automated validation complete.
PGDX_0078,GD form-এ incident-এর কোন details দরকার হবে?,POLICE_GD,POLICE_GD_FILING,GD Filing and Submission,POLICE_GD_REQUIRED_INFORMATION,Information Required for GD,Low,Informal,FALSE,,PARAPHRASED,POLICE_GD_REQUIRED_INFORMATION_F02,Medium,FALSE,Controlled paraphrase 2 of reviewed independent seed; family preserved; automated validation complete.
PGDX_0085,জিডির সঙ্গে সহায়ক কাগজ বা ছবি কীভাবে যুক্ত করব?,POLICE_GD,POLICE_GD_FILING,GD Filing and Submission,POLICE_GD_ATTACHMENTS,GD Supporting Documents and Attachments,Low,Formal,FALSE,,SYNTHETIC,POLICE_GD_ATTACHMENTS_F01,Easy,FALSE,Reviewed independent pilot seed retained for canonical expansion.
PGDX_0086,আমার ক্ষেত্রে জিডির সঙ্গে সহায়ক কাগজ বা ছবি কোন প্রক্রিয়ায় যুক্ত করব?,POLICE_GD,POLICE_GD_FILING,GD Filing and Submission,POLICE_GD_ATTACHMENTS,GD Supporting Documents and Attachments,Low,Formal,FALSE,,PARAPHRASED,POLICE_GD_ATTACHMENTS_F01,Easy,FALSE,Controlled paraphrase 1 of reviewed independent seed; family preserved; automated validation complete.
PGDX_0087,জিডির সঙ্গে সহায়ক কাগজ বা ছবি কোন প্রক্রিয়ায় যুক্ত করব; পরের ধাপটা কী?,POLICE_GD,POLICE_GD_FILING,GD Filing and Submission,POLICE_GD_ATTACHMENTS,GD Supporting Documents and Attachments,Low,Formal,FALSE,,PARAPHRASED,POLICE_GD_ATTACHMENTS_F01,Easy,FALSE,Controlled paraphrase 2 of reviewed independent seed; family preserved; automated validation complete.
PGDX_0088,complaint-এর proof upload করা যাবে?,POLICE_GD,POLICE_GD_FILING,GD Filing and Submission,POLICE_GD_ATTACHMENTS,GD Supporting Documents and Attachments,Low,Informal,FALSE,,SYNTHETIC,POLICE_GD_ATTACHMENTS_F02,Medium,FALSE,Reviewed independent pilot seed retained for canonical expansion.
PGDX_0089,এটা নিয়ে সাহায্য দরকার: complaint-এর proof upload করা যাবে?,POLICE_GD,POLICE_GD_FILING,GD Filing and Submission,POLICE_GD_ATTACHMENTS,GD Supporting Documents and Attachments,Low,Informal,FALSE,,PARAPHRASED,POLICE_GD_ATTACHMENTS_F02,Medium,FALSE,Controlled paraphrase 1 of reviewed independent seed; family preserved; automated validation complete.
PGDX_0090,এই বিষয়ে সহায়তা চাই: complaint-এর proof upload করা যাবে?,POLICE_GD,POLICE_GD_FILING,GD Filing and Submission,POLICE_GD_ATTACHMENTS,GD Supporting Documents and Attachments,Low,Informal,FALSE,,PARAPHRASED,POLICE_GD_ATTACHMENTS_F02,Medium,FALSE,Controlled paraphrase 2 of reviewed independent seed; family preserved; automated validation complete.
PGDX_0097,জিডিতে ঘটনার সময় ও স্থান কীভাবে লিখব?,POLICE_GD,POLICE_GD_FILING,GD Filing and Submission,POLICE_GD_INCIDENT_DETAILS,"Incident Time, Place and Description",Low,Formal,FALSE,,SYNTHETIC,POLICE_GD_INCIDENT_DETAILS_F01,Easy,FALSE,Reviewed independent pilot seed retained for canonical expansion.
PGDX_0098,আমার ক্ষেত্রে জিডিতে ঘটনার সময় ও স্থান কোন প্রক্রিয়ায় লিখব?,POLICE_GD,POLICE_GD_FILING,GD Filing and Submission,POLICE_GD_INCIDENT_DETAILS,"Incident Time, Place and Description",Low,Formal,FALSE,,PARAPHRASED,POLICE_GD_INCIDENT_DETAILS_F01,Easy,FALSE,Controlled paraphrase 1 of reviewed independent seed; family preserved; automated validation complete.
PGDX_0099,জিডিতে ঘটনার সময় ও স্থান কোন প্রক্রিয়ায় লিখব; পরের ধাপটা কী?,POLICE_GD,POLICE_GD_FILING,GD Filing and Submission,POLICE_GD_INCIDENT_DETAILS,"Incident Time, Place and Description",Low,Formal,FALSE,,PARAPHRASED,POLICE_GD_INCIDENT_DETAILS_F01,Easy,FALSE,Controlled paraphrase 2 of reviewed independent seed; family preserved; automated validation complete.
PGDX_0100,incident description-এ কতটা detail দেব?,POLICE_GD,POLICE_GD_FILING,GD Filing and Submission,POLICE_GD_INCIDENT_DETAILS,"Incident Time, Place and Description",Low,Informal,FALSE,,SYNTHETIC,POLICE_GD_INCIDENT_DETAILS_F02,Medium,FALSE,Reviewed independent pilot seed retained for canonical expansion.
PGDX_0101,এটা নিয়ে সাহায্য দরকার: incident description-এ কতটা detail দেব?,POLICE_GD,POLICE_GD_FILING,GD Filing and Submission,POLICE_GD_INCIDENT_DETAILS,"Incident Time, Place and Description",Low,Informal,FALSE,,PARAPHRASED,POLICE_GD_INCIDENT_DETAILS_F02,Medium,FALSE,Controlled paraphrase 1 of reviewed independent seed; family preserved; automated validation complete.
PGDX_0102,এই বিষয়ে সহায়তা চাই: incident description-এ কতটা detail দেব?,POLICE_GD,POLICE_GD_FILING,GD Filing and Submission,POLICE_GD_INCIDENT_DETAILS,"Incident Time, Place and Description",Low,Informal,FALSE,,PARAPHRASED,POLICE_GD_INCIDENT_DETAILS_F02,Medium,FALSE,Controlled paraphrase 2 of reviewed independent seed; family preserved; automated validation complete.
PGDX_0109,জিডির জন্য কোন থানা নির্বাচন করব?,POLICE_GD,POLICE_GD_FILING,GD Filing and Submission,POLICE_GD_JURISDICTION,Police Station and Jurisdiction Selection,Low,Formal,FALSE,,SYNTHETIC,POLICE_GD_JURISDICTION_F01,Easy,FALSE,Reviewed independent pilot seed retained for canonical expansion.
PGDX_0110,আমার ক্ষেত্রে জিডির জন্য কোন থানা নির্বাচন করতে হবে?,POLICE_GD,POLICE_GD_FILING,GD Filing and Submission,POLICE_GD_JURISDICTION,Police Station and Jurisdiction Selection,Low,Formal,FALSE,,PARAPHRASED,POLICE_GD_JURISDICTION_F01,Easy,FALSE,Controlled paraphrase 1 of reviewed independent seed; family preserved; automated validation complete.
PGDX_0111,জিডির জন্য কোন থানা নির্বাচন করতে হবে; পরের ধাপটা কী?,POLICE_GD,POLICE_GD_FILING,GD Filing and Submission,POLICE_GD_JURISDICTION,Police Station and Jurisdiction Selection,Low,Formal,FALSE,,PARAPHRASED,POLICE_GD_JURISDICTION_F01,Easy,FALSE,Controlled paraphrase 2 of reviewed independent seed; family preserved; automated validation complete.
PGDX_0112,"ঘটনা অন্য এলাকায় হয়েছে, কোন police station select হবে?",POLICE_GD,POLICE_GD_FILING,GD Filing and Submission,POLICE_GD_JURISDICTION,Police Station and Jurisdiction Selection,Low,Informal,FALSE,,SYNTHETIC,POLICE_GD_JURISDICTION_F02,Medium,FALSE,Reviewed independent pilot seed retained for canonical expansion.
PGDX_0113,"এটা নিয়ে সাহায্য দরকার: ঘটনা অন্য এলাকায় হয়েছে, কোন police station select হবে?",POLICE_GD,POLICE_GD_FILING,GD Filing and Submission,POLICE_GD_JURISDICTION,Police Station and Jurisdiction Selection,Low,Informal,FALSE,,PARAPHRASED,POLICE_GD_JURISDICTION_F02,Medium,FALSE,Controlled paraphrase 1 of reviewed independent seed; family preserved; automated validation complete.
PGDX_0114,"এই বিষয়ে সহায়তা চাই: ঘটনা অন্য এলাকায় হয়েছে, কোন police station select হবে?",POLICE_GD,POLICE_GD_FILING,GD Filing and Submission,POLICE_GD_JURISDICTION,Police Station and Jurisdiction Selection,Low,Informal,FALSE,,PARAPHRASED,POLICE_GD_JURISDICTION_F02,Medium,FALSE,Controlled paraphrase 2 of reviewed independent seed; family preserved; automated validation complete.
PGDX_0121,অনলাইন GD complaint জমা দেওয়ার আগে পরিচয় যাচাইয়ের জন্য কী কী প্রয়োজন?,POLICE_GD,POLICE_GD_FILING,GD Filing and Submission,POLICE_GD_IDENTITY_REQUIREMENTS,Online GD Identity and Registration Requirements,Low,Formal,FALSE,,SYNTHETIC,POLICE_GD_IDENTITY_REQUIREMENTS_F01,Easy,FALSE,Reviewed independent pilot seed retained for canonical expansion.
PGDX_0122,আমার ক্ষেত্রে অনলাইন GD complaint জমা দেওয়ার আগে পরিচয় যাচাইয়ের জন্য কোন কোন প্রয়োজন?,POLICE_GD,POLICE_GD_FILING,GD Filing and Submission,POLICE_GD_IDENTITY_REQUIREMENTS,Online GD Identity and Registration Requirements,Low,Formal,FALSE,,PARAPHRASED,POLICE_GD_IDENTITY_REQUIREMENTS_F01,Easy,FALSE,Controlled paraphrase 1 of reviewed independent seed; family preserved; automated validation complete.
PGDX_0123,অনলাইন GD complaint জমা দেওয়ার আগে পরিচয় যাচাইয়ের জন্য কোন কোন প্রয়োজন; পরের ধাপটা কী?,POLICE_GD,POLICE_GD_FILING,GD Filing and Submission,POLICE_GD_IDENTITY_REQUIREMENTS,Online GD Identity and Registration Requirements,Low,Formal,FALSE,,PARAPHRASED,POLICE_GD_IDENTITY_REQUIREMENTS_F01,Easy,FALSE,Controlled paraphrase 2 of reviewed independent seed; family preserved; automated validation complete.
PGDX_0124,Online GD complaint submit করার আগে কোন identity information verify করতে হয়?,POLICE_GD,POLICE_GD_FILING,GD Filing and Submission,POLICE_GD_IDENTITY_REQUIREMENTS,Online GD Identity and Registration Requirements,Low,Informal,FALSE,,SYNTHETIC,POLICE_GD_IDENTITY_REQUIREMENTS_F02,Medium,FALSE,Reviewed independent pilot seed retained for canonical expansion.
PGDX_0125,এটা নিয়ে সাহায্য দরকার: Online GD complaint submit করার আগে কোন identity information verify করতে হয়?,POLICE_GD,POLICE_GD_FILING,GD Filing and Submission,POLICE_GD_IDENTITY_REQUIREMENTS,Online GD Identity and Registration Requirements,Low,Informal,FALSE,,PARAPHRASED,POLICE_GD_IDENTITY_REQUIREMENTS_F02,Medium,FALSE,Controlled paraphrase 1 of reviewed independent seed; family preserved; automated validation complete.
PGDX_0126,এই বিষয়ে সহায়তা চাই: Online GD complaint submit করার আগে কোন identity information verify করতে হয়?,POLICE_GD,POLICE_GD_FILING,GD Filing and Submission,POLICE_GD_IDENTITY_REQUIREMENTS,Online GD Identity and Registration Requirements,Low,Informal,FALSE,,PARAPHRASED,POLICE_GD_IDENTITY_REQUIREMENTS_F02,Medium,FALSE,Controlled paraphrase 2 of reviewed independent seed; family preserved; automated validation complete.
PGDX_0133,গুরুত্বপূর্ণ কাগজপত্র হারিয়ে গেলে জিডি কীভাবে করব?,POLICE_GD,POLICE_GD_INCIDENT_TYPE,GD Incident and Item Type,POLICE_GD_LOST_DOCUMENT,Lost Document GD,Medium,Formal,FALSE,,SYNTHETIC,POLICE_GD_LOST_DOCUMENT_F01,Easy,FALSE,Reviewed independent pilot seed retained for canonical expansion.
PGDX_0134,আমার ক্ষেত্রে গুরুত্বপূর্ণ কাগজপত্র হারিয়ে গেলে জিডি কোন প্রক্রিয়ায় করব?,POLICE_GD,POLICE_GD_INCIDENT_TYPE,GD Incident and Item Type,POLICE_GD_LOST_DOCUMENT,Lost Document GD,Medium,Formal,FALSE,,PARAPHRASED,POLICE_GD_LOST_DOCUMENT_F01,Easy,FALSE,Controlled paraphrase 1 of reviewed independent seed; family preserved; automated validation complete.
PGDX_0135,গুরুত্বপূর্ণ কাগজপত্র হারিয়ে গেলে জিডি কীভাবে করতে হবে; পরের ধাপটা কী?,POLICE_GD,POLICE_GD_INCIDENT_TYPE,GD Incident and Item Type,POLICE_GD_LOST_DOCUMENT,Lost Document GD,Medium,Formal,FALSE,,PARAPHRASED,POLICE_GD_LOST_DOCUMENT_F01,Easy,FALSE,Controlled paraphrase 2 of reviewed independent seed; family preserved; automated validation complete.
PGDX_0136,"certificate হারিয়েছে, GD করতে চাই।",POLICE_GD,POLICE_GD_INCIDENT_TYPE,GD Incident and Item Type,POLICE_GD_LOST_DOCUMENT,Lost Document GD,Medium,Informal,FALSE,,SYNTHETIC,POLICE_GD_LOST_DOCUMENT_F02,Medium,FALSE,Reviewed independent pilot seed retained for canonical expansion.
PGDX_0137,"এটা নিয়ে সাহায্য দরকার: certificate হারিয়েছে, GD করতে প্রয়োজন?",POLICE_GD,POLICE_GD_INCIDENT_TYPE,GD Incident and Item Type,POLICE_GD_LOST_DOCUMENT,Lost Document GD,Medium,Informal,FALSE,,PARAPHRASED,POLICE_GD_LOST_DOCUMENT_F02,Medium,FALSE,Controlled paraphrase 1 of reviewed independent seed; family preserved; automated validation complete.
PGDX_0138,"certificate হারিয়েছে, GD করতে প্রয়োজন?",POLICE_GD,POLICE_GD_INCIDENT_TYPE,GD Incident and Item Type,POLICE_GD_LOST_DOCUMENT,Lost Document GD,Medium,Informal,FALSE,,PARAPHRASED,POLICE_GD_LOST_DOCUMENT_F02,Medium,FALSE,Controlled paraphrase 2 of reviewed independent seed; family preserved; automated validation complete.
PGDX_0145,মোবাইল বা অন্য কোনো জিনিস হারালে জিডি কীভাবে করব?,POLICE_GD,POLICE_GD_INCIDENT_TYPE,GD Incident and Item Type,POLICE_GD_LOST_ITEM_DEVICE,Lost Item or Device GD,Medium,Formal,FALSE,,SYNTHETIC,POLICE_GD_LOST_ITEM_DEVICE_F01,Easy,FALSE,Reviewed independent pilot seed retained for canonical expansion.
PGDX_0146,আমার ক্ষেত্রে মোবাইল বা অন্য কোনো জিনিস হারালে জিডি কোন প্রক্রিয়ায় করব?,POLICE_GD,POLICE_GD_INCIDENT_TYPE,GD Incident and Item Type,POLICE_GD_LOST_ITEM_DEVICE,Lost Item or Device GD,Medium,Formal,FALSE,,PARAPHRASED,POLICE_GD_LOST_ITEM_DEVICE_F01,Easy,FALSE,Controlled paraphrase 1 of reviewed independent seed; family preserved; automated validation complete.
PGDX_0147,মোবাইল বা অন্য কোনো জিনিস হারালে জিডি কোন প্রক্রিয়ায় করব; পরের ধাপটা কী?,POLICE_GD,POLICE_GD_INCIDENT_TYPE,GD Incident and Item Type,POLICE_GD_LOST_ITEM_DEVICE,Lost Item or Device GD,Medium,Formal,FALSE,,PARAPHRASED,POLICE_GD_LOST_ITEM_DEVICE_F01,Easy,FALSE,Controlled paraphrase 2 of reviewed independent seed; family preserved; automated validation complete.
PGDX_0148,"আমার bag হারিয়েছে, online GD দিতে চাই।",POLICE_GD,POLICE_GD_INCIDENT_TYPE,GD Incident and Item Type,POLICE_GD_LOST_ITEM_DEVICE,Lost Item or Device GD,Medium,Informal,FALSE,,SYNTHETIC,POLICE_GD_LOST_ITEM_DEVICE_F02,Medium,FALSE,Reviewed independent pilot seed retained for canonical expansion.
PGDX_0149,"এটা নিয়ে সাহায্য দরকার: আমার bag হারিয়েছে, online GD দিতে প্রয়োজন?",POLICE_GD,POLICE_GD_INCIDENT_TYPE,GD Incident and Item Type,POLICE_GD_LOST_ITEM_DEVICE,Lost Item or Device GD,Medium,Informal,FALSE,,PARAPHRASED,POLICE_GD_LOST_ITEM_DEVICE_F02,Medium,FALSE,Controlled paraphrase 1 of reviewed independent seed; family preserved; automated validation complete.
PGDX_0150,"আমার bag হারিয়েছে, online GD দিতে প্রয়োজন?",POLICE_GD,POLICE_GD_INCIDENT_TYPE,GD Incident and Item Type,POLICE_GD_LOST_ITEM_DEVICE,Lost Item or Device GD,Medium,Informal,FALSE,,PARAPHRASED,POLICE_GD_LOST_ITEM_DEVICE_F02,Medium,FALSE,Controlled paraphrase 2 of reviewed independent seed; family preserved; automated validation complete.
PGDX_0157,জিনিস চুরি হলে অনলাইন GD-তে কোন incident category নির্বাচন করব?,POLICE_GD,POLICE_GD_INCIDENT_TYPE,GD Incident and Item Type,POLICE_GD_STOLEN_ITEM,Stolen Item GD/Complaint,Medium,Formal,FALSE,,SYNTHETIC,POLICE_GD_STOLEN_ITEM_F01,Easy,FALSE,Reviewed independent pilot seed retained for canonical expansion.
PGDX_0158,আমার ক্ষেত্রে জিনিস চুরি হলে অনলাইন GD-তে কোন incident category নির্বাচন করতে হবে?,POLICE_GD,POLICE_GD_INCIDENT_TYPE,GD Incident and Item Type,POLICE_GD_STOLEN_ITEM,Stolen Item GD/Complaint,Medium,Formal,FALSE,,PARAPHRASED,POLICE_GD_STOLEN_ITEM_F01,Easy,FALSE,Controlled paraphrase 1 of reviewed independent seed; family preserved; automated validation complete.
PGDX_0159,জিনিস চুরি হলে অনলাইন GD-তে কোন incident category নির্বাচন করতে হবে; পরের ধাপটা কী?,POLICE_GD,POLICE_GD_INCIDENT_TYPE,GD Incident and Item Type,POLICE_GD_STOLEN_ITEM,Stolen Item GD/Complaint,Medium,Formal,FALSE,,PARAPHRASED,POLICE_GD_STOLEN_ITEM_F01,Easy,FALSE,Controlled paraphrase 2 of reviewed independent seed; family preserved; automated validation complete.
PGDX_0160,phone stolen হলে কোন complaint category ব্যবহার করব?,POLICE_GD,POLICE_GD_INCIDENT_TYPE,GD Incident and Item Type,POLICE_GD_STOLEN_ITEM,Stolen Item GD/Complaint,Medium,Informal,FALSE,,SYNTHETIC,POLICE_GD_STOLEN_ITEM_F02,Medium,FALSE,Reviewed independent pilot seed retained for canonical expansion.
PGDX_0161,এটা নিয়ে সাহায্য দরকার: phone stolen হলে কোন complaint category ব্যবহার করতে হবে?,POLICE_GD,POLICE_GD_INCIDENT_TYPE,GD Incident and Item Type,POLICE_GD_STOLEN_ITEM,Stolen Item GD/Complaint,Medium,Informal,FALSE,,PARAPHRASED,POLICE_GD_STOLEN_ITEM_F02,Medium,FALSE,Controlled paraphrase 1 of reviewed independent seed; family preserved; automated validation complete.
PGDX_0162,phone stolen হলে কোন complaint category ব্যবহার করতে হবে?,POLICE_GD,POLICE_GD_INCIDENT_TYPE,GD Incident and Item Type,POLICE_GD_STOLEN_ITEM,Stolen Item GD/Complaint,Medium,Informal,FALSE,,PARAPHRASED,POLICE_GD_STOLEN_ITEM_F02,Medium,FALSE,Controlled paraphrase 2 of reviewed independent seed; family preserved; automated validation complete.
PGDX_0169,কুড়িয়ে পাওয়া জিনিস report করতে কোন GD category নির্বাচন করব?,POLICE_GD,POLICE_GD_INCIDENT_TYPE,GD Incident and Item Type,POLICE_GD_FOUND_ITEM,Found Item Report,Medium,Formal,FALSE,,SYNTHETIC,POLICE_GD_FOUND_ITEM_F01,Easy,FALSE,Reviewed independent pilot seed retained for canonical expansion.
PGDX_0170,আমার ক্ষেত্রে কুড়িয়ে পাওয়া জিনিস report করতে কোন GD category নির্বাচন করতে হবে?,POLICE_GD,POLICE_GD_INCIDENT_TYPE,GD Incident and Item Type,POLICE_GD_FOUND_ITEM,Found Item Report,Medium,Formal,FALSE,,PARAPHRASED,POLICE_GD_FOUND_ITEM_F01,Easy,FALSE,Controlled paraphrase 1 of reviewed independent seed; family preserved; automated validation complete.
PGDX_0171,কুড়িয়ে পাওয়া জিনিস report করতে কোন GD category নির্বাচন করতে হবে; পরের ধাপটা কী?,POLICE_GD,POLICE_GD_INCIDENT_TYPE,GD Incident and Item Type,POLICE_GD_FOUND_ITEM,Found Item Report,Medium,Formal,FALSE,,PARAPHRASED,POLICE_GD_FOUND_ITEM_F01,Easy,FALSE,Controlled paraphrase 2 of reviewed independent seed; family preserved; automated validation complete.
PGDX_0172,একটা lost phone পেয়েছি—found item হিসেবে কোন category select করব?,POLICE_GD,POLICE_GD_INCIDENT_TYPE,GD Incident and Item Type,POLICE_GD_FOUND_ITEM,Found Item Report,Medium,Informal,FALSE,,SYNTHETIC,POLICE_GD_FOUND_ITEM_F02,Medium,FALSE,Reviewed independent pilot seed retained for canonical expansion.
PGDX_0173,এটা নিয়ে সাহায্য দরকার: একটা lost phone পেয়েছি—found item হিসেবে কোন category select করতে হবে?,POLICE_GD,POLICE_GD_INCIDENT_TYPE,GD Incident and Item Type,POLICE_GD_FOUND_ITEM,Found Item Report,Medium,Informal,FALSE,,PARAPHRASED,POLICE_GD_FOUND_ITEM_F02,Medium,FALSE,Controlled paraphrase 1 of reviewed independent seed; family preserved; automated validation complete.
PGDX_0174,একটা lost phone পেয়েছি—found item হিসেবে কোন category select করতে হবে?,POLICE_GD,POLICE_GD_INCIDENT_TYPE,GD Incident and Item Type,POLICE_GD_FOUND_ITEM,Found Item Report,Medium,Informal,FALSE,,PARAPHRASED,POLICE_GD_FOUND_ITEM_F02,Medium,FALSE,Controlled paraphrase 2 of reviewed independent seed; family preserved; automated validation complete.
PGDX_0181,"হারানো, চুরি বা পাওয়া জিনিস নয়—এমন ঘটনার জন্য কোন GD category ব্যবহার করব?",POLICE_GD,POLICE_GD_INCIDENT_TYPE,GD Incident and Item Type,POLICE_GD_OTHER_INCIDENT,Other Non-Emergency GD Complaint,Medium,Formal,FALSE,,SYNTHETIC,POLICE_GD_OTHER_INCIDENT_F01,Easy,FALSE,Reviewed independent pilot seed retained for canonical expansion.
PGDX_0182,"আমার ক্ষেত্রে হারানো, চুরি বা পাওয়া জিনিস নয়—এমন ঘটনার জন্য কোন GD category ব্যবহার করতে হবে?",POLICE_GD,POLICE_GD_INCIDENT_TYPE,GD Incident and Item Type,POLICE_GD_OTHER_INCIDENT,Other Non-Emergency GD Complaint,Medium,Formal,FALSE,,PARAPHRASED,POLICE_GD_OTHER_INCIDENT_F01,Easy,FALSE,Controlled paraphrase 1 of reviewed independent seed; family preserved; automated validation complete.
PGDX_0183,"হারানো, চুরি বা পাওয়া জিনিস নয়—এমন ঘটনার জন্য কোন GD category ব্যবহার করতে হবে; পরের ধাপটা কী?",POLICE_GD,POLICE_GD_INCIDENT_TYPE,GD Incident and Item Type,POLICE_GD_OTHER_INCIDENT,Other Non-Emergency GD Complaint,Medium,Formal,FALSE,,PARAPHRASED,POLICE_GD_OTHER_INCIDENT_F01,Easy,FALSE,Controlled paraphrase 2 of reviewed independent seed; family preserved; automated validation complete.
PGDX_0184,non-emergency incident টি কোন other complaint category-তে পড়ে?,POLICE_GD,POLICE_GD_INCIDENT_TYPE,GD Incident and Item Type,POLICE_GD_OTHER_INCIDENT,Other Non-Emergency GD Complaint,Medium,Informal,FALSE,,SYNTHETIC,POLICE_GD_OTHER_INCIDENT_F02,Medium,FALSE,Reviewed independent pilot seed retained for canonical expansion.
PGDX_0185,এটা নিয়ে সাহায্য দরকার: non-emergency incident টি কোন other complaint category-তে পড়ে?,POLICE_GD,POLICE_GD_INCIDENT_TYPE,GD Incident and Item Type,POLICE_GD_OTHER_INCIDENT,Other Non-Emergency GD Complaint,Medium,Informal,FALSE,,PARAPHRASED,POLICE_GD_OTHER_INCIDENT_F02,Medium,FALSE,Controlled paraphrase 1 of reviewed independent seed; family preserved; automated validation complete.
PGDX_0186,এই বিষয়ে সহায়তা চাই: non-emergency incident টি কোন other complaint category-তে পড়ে?,POLICE_GD,POLICE_GD_INCIDENT_TYPE,GD Incident and Item Type,POLICE_GD_OTHER_INCIDENT,Other Non-Emergency GD Complaint,Medium,Informal,FALSE,,PARAPHRASED,POLICE_GD_OTHER_INCIDENT_F02,Medium,FALSE,Controlled paraphrase 2 of reviewed independent seed; family preserved; automated validation complete.
PGDX_0193,অনলাইন জিডির জন্য নতুন user account কীভাবে খুলব?,POLICE_GD,POLICE_GD_ONLINE_ACCOUNT,Online GD Account and Access,POLICE_GD_ACCOUNT_REGISTRATION,Online GD Account Registration,Low,Formal,FALSE,,SYNTHETIC,POLICE_GD_ACCOUNT_REGISTRATION_F01,Easy,FALSE,Reviewed independent pilot seed retained for canonical expansion.
PGDX_0194,আমার ক্ষেত্রে অনলাইন জিডির জন্য নতুন user account কোন প্রক্রিয়ায় খুলব?,POLICE_GD,POLICE_GD_ONLINE_ACCOUNT,Online GD Account and Access,POLICE_GD_ACCOUNT_REGISTRATION,Online GD Account Registration,Low,Formal,FALSE,,PARAPHRASED,POLICE_GD_ACCOUNT_REGISTRATION_F01,Easy,FALSE,Controlled paraphrase 1 of reviewed independent seed; family preserved; automated validation complete.
PGDX_0195,অনলাইন জিডির জন্য নতুন user account কোন প্রক্রিয়ায় খুলব; পরের ধাপটা কী?,POLICE_GD,POLICE_GD_ONLINE_ACCOUNT,Online GD Account and Access,POLICE_GD_ACCOUNT_REGISTRATION,Online GD Account Registration,Low,Formal,FALSE,,PARAPHRASED,POLICE_GD_ACCOUNT_REGISTRATION_F01,Easy,FALSE,Controlled paraphrase 2 of reviewed independent seed; family preserved; automated validation complete.
PGDX_0196,GD portal-এ নতুন account register করার নিয়ম কী?,POLICE_GD,POLICE_GD_ONLINE_ACCOUNT,Online GD Account and Access,POLICE_GD_ACCOUNT_REGISTRATION,Online GD Account Registration,Low,Informal,FALSE,,SYNTHETIC,POLICE_GD_ACCOUNT_REGISTRATION_F02,Medium,FALSE,Reviewed independent pilot seed retained for canonical expansion.
PGDX_0197,এটা নিয়ে সাহায্য দরকার: GD portal-এ নতুন account register করার নিয়ম কী?,POLICE_GD,POLICE_GD_ONLINE_ACCOUNT,Online GD Account and Access,POLICE_GD_ACCOUNT_REGISTRATION,Online GD Account Registration,Low,Informal,FALSE,,PARAPHRASED,POLICE_GD_ACCOUNT_REGISTRATION_F02,Medium,FALSE,Controlled paraphrase 1 of reviewed independent seed; family preserved; automated validation complete.
PGDX_0198,এই বিষয়ে সহায়তা চাই: GD portal-এ নতুন account register করার নিয়ম কী?,POLICE_GD,POLICE_GD_ONLINE_ACCOUNT,Online GD Account and Access,POLICE_GD_ACCOUNT_REGISTRATION,Online GD Account Registration,Low,Informal,FALSE,,PARAPHRASED,POLICE_GD_ACCOUNT_REGISTRATION_F02,Medium,FALSE,Controlled paraphrase 2 of reviewed independent seed; family preserved; automated validation complete.
PGDX_0205,বিদ্যমান অনলাইন জিডি অ্যাকাউন্টে কীভাবে লগইন করব?,POLICE_GD,POLICE_GD_ONLINE_ACCOUNT,Online GD Account and Access,POLICE_GD_ACCOUNT_LOGIN,Online GD Account Login,Low,Formal,FALSE,,SYNTHETIC,POLICE_GD_ACCOUNT_LOGIN_F01,Easy,FALSE,Reviewed independent pilot seed retained for canonical expansion.
PGDX_0206,আমার ক্ষেত্রে বিদ্যমান অনলাইন জিডি অ্যাকাউন্টে কোন প্রক্রিয়ায় লগইন করব?,POLICE_GD,POLICE_GD_ONLINE_ACCOUNT,Online GD Account and Access,POLICE_GD_ACCOUNT_LOGIN,Online GD Account Login,Low,Formal,FALSE,,PARAPHRASED,POLICE_GD_ACCOUNT_LOGIN_F01,Easy,FALSE,Controlled paraphrase 1 of reviewed independent seed; family preserved; automated validation complete.
PGDX_0207,বিদ্যমান অনলাইন জিডি অ্যাকাউন্টে কোন প্রক্রিয়ায় লগইন করব; পরের ধাপটা কী?,POLICE_GD,POLICE_GD_ONLINE_ACCOUNT,Online GD Account and Access,POLICE_GD_ACCOUNT_LOGIN,Online GD Account Login,Low,Formal,FALSE,,PARAPHRASED,POLICE_GD_ACCOUNT_LOGIN_F01,Easy,FALSE,Controlled paraphrase 2 of reviewed independent seed; family preserved; automated validation complete.
PGDX_0208,GD app login option কোথায়?,POLICE_GD,POLICE_GD_ONLINE_ACCOUNT,Online GD Account and Access,POLICE_GD_ACCOUNT_LOGIN,Online GD Account Login,Low,Informal,FALSE,,SYNTHETIC,POLICE_GD_ACCOUNT_LOGIN_F02,Medium,FALSE,Reviewed independent pilot seed retained for canonical expansion.
PGDX_0209,এটা নিয়ে সাহায্য দরকার: GD app login option কোথায়?,POLICE_GD,POLICE_GD_ONLINE_ACCOUNT,Online GD Account and Access,POLICE_GD_ACCOUNT_LOGIN,Online GD Account Login,Low,Informal,FALSE,,PARAPHRASED,POLICE_GD_ACCOUNT_LOGIN_F02,Medium,FALSE,Controlled paraphrase 1 of reviewed independent seed; family preserved; automated validation complete.
PGDX_0210,এই বিষয়ে সহায়তা চাই: GD app login option কোথায়?,POLICE_GD,POLICE_GD_ONLINE_ACCOUNT,Online GD Account and Access,POLICE_GD_ACCOUNT_LOGIN,Online GD Account Login,Low,Informal,FALSE,,PARAPHRASED,POLICE_GD_ACCOUNT_LOGIN_F02,Medium,FALSE,Controlled paraphrase 2 of reviewed independent seed; family preserved; automated validation complete.
PGDX_0217,অনলাইন জিডি অ্যাকাউন্টের পাসওয়ার্ড ভুলে গেলে কী করব?,POLICE_GD,POLICE_GD_ONLINE_ACCOUNT,Online GD Account and Access,POLICE_GD_PASSWORD_RESET,Online GD Password Reset,Medium,Formal,FALSE,,SYNTHETIC,POLICE_GD_PASSWORD_RESET_F01,Easy,FALSE,Reviewed independent pilot seed retained for canonical expansion.
PGDX_0218,আমার ক্ষেত্রে অনলাইন জিডি অ্যাকাউন্টের পাসওয়ার্ড ভুলে গেলে কী করতে হবে?,POLICE_GD,POLICE_GD_ONLINE_ACCOUNT,Online GD Account and Access,POLICE_GD_PASSWORD_RESET,Online GD Password Reset,Medium,Formal,FALSE,,PARAPHRASED,POLICE_GD_PASSWORD_RESET_F01,Easy,FALSE,Controlled paraphrase 1 of reviewed independent seed; family preserved; automated validation complete.
PGDX_0219,অনলাইন জিডি অ্যাকাউন্টের পাসওয়ার্ড ভুলে গেলে কী করতে হবে; পরের ধাপটা কী?,POLICE_GD,POLICE_GD_ONLINE_ACCOUNT,Online GD Account and Access,POLICE_GD_PASSWORD_RESET,Online GD Password Reset,Medium,Formal,FALSE,,PARAPHRASED,POLICE_GD_PASSWORD_RESET_F01,Easy,FALSE,Controlled paraphrase 2 of reviewed independent seed; family preserved; automated validation complete.
PGDX_0220,GD portal password reset করতে চাই।,POLICE_GD,POLICE_GD_ONLINE_ACCOUNT,Online GD Account and Access,POLICE_GD_PASSWORD_RESET,Online GD Password Reset,Medium,Informal,FALSE,,SYNTHETIC,POLICE_GD_PASSWORD_RESET_F02,Medium,FALSE,Reviewed independent pilot seed retained for canonical expansion.
PGDX_0221,এটা নিয়ে সাহায্য দরকার: GD portal password reset করতে প্রয়োজন?,POLICE_GD,POLICE_GD_ONLINE_ACCOUNT,Online GD Account and Access,POLICE_GD_PASSWORD_RESET,Online GD Password Reset,Medium,Informal,FALSE,,PARAPHRASED,POLICE_GD_PASSWORD_RESET_F02,Medium,FALSE,Controlled paraphrase 1 of reviewed independent seed; family preserved; automated validation complete.
PGDX_0222,GD portal password reset করতে প্রয়োজন?,POLICE_GD,POLICE_GD_ONLINE_ACCOUNT,Online GD Account and Access,POLICE_GD_PASSWORD_RESET,Online GD Password Reset,Medium,Informal,FALSE,,PARAPHRASED,POLICE_GD_PASSWORD_RESET_F02,Medium,FALSE,Controlled paraphrase 2 of reviewed independent seed; family preserved; automated validation complete.
PGDX_0229,অনলাইন জিডির ওটিপি না এলে কী করব?,POLICE_GD,POLICE_GD_ONLINE_ACCOUNT,Online GD Account and Access,POLICE_GD_OTP_PROBLEM,Online GD OTP Problem,Medium,Formal,FALSE,,SYNTHETIC,POLICE_GD_OTP_PROBLEM_F01,Easy,FALSE,Reviewed independent pilot seed retained for canonical expansion.
PGDX_0230,আমার ক্ষেত্রে অনলাইন জিডির ওটিপি না এলে কী করতে হবে?,POLICE_GD,POLICE_GD_ONLINE_ACCOUNT,Online GD Account and Access,POLICE_GD_OTP_PROBLEM,Online GD OTP Problem,Medium,Formal,FALSE,,PARAPHRASED,POLICE_GD_OTP_PROBLEM_F01,Easy,FALSE,Controlled paraphrase 1 of reviewed independent seed; family preserved; automated validation complete.
PGDX_0231,অনলাইন জিডির ওটিপি না এলে কী করতে হবে; পরের ধাপটা কী?,POLICE_GD,POLICE_GD_ONLINE_ACCOUNT,Online GD Account and Access,POLICE_GD_OTP_PROBLEM,Online GD OTP Problem,Medium,Formal,FALSE,,PARAPHRASED,POLICE_GD_OTP_PROBLEM_F01,Easy,FALSE,Controlled paraphrase 2 of reviewed independent seed; family preserved; automated validation complete.
PGDX_0232,OTP code পেয়েছি কিন্তু verify হচ্ছে না।,POLICE_GD,POLICE_GD_ONLINE_ACCOUNT,Online GD Account and Access,POLICE_GD_OTP_PROBLEM,Online GD OTP Problem,Medium,Informal,FALSE,,SYNTHETIC,POLICE_GD_OTP_PROBLEM_F02,Medium,FALSE,Reviewed independent pilot seed retained for canonical expansion.
PGDX_0233,এটা নিয়ে সাহায্য দরকার: OTP code পেয়েছি কিন্তু verify হচ্ছে না?,POLICE_GD,POLICE_GD_ONLINE_ACCOUNT,Online GD Account and Access,POLICE_GD_OTP_PROBLEM,Online GD OTP Problem,Medium,Informal,FALSE,,PARAPHRASED,POLICE_GD_OTP_PROBLEM_F02,Medium,FALSE,Controlled paraphrase 1 of reviewed independent seed; family preserved; automated validation complete.
PGDX_0234,OTP code পেয়েছি কিন্তু verify হচ্ছে না?,POLICE_GD,POLICE_GD_ONLINE_ACCOUNT,Online GD Account and Access,POLICE_GD_OTP_PROBLEM,Online GD OTP Problem,Medium,Informal,FALSE,,PARAPHRASED,POLICE_GD_OTP_PROBLEM_F02,Medium,FALSE,Controlled paraphrase 2 of reviewed independent seed; family preserved; automated validation complete.
PGDX_0241,অনলাইন জিডিতে পরিচয় যাচাই সম্পন্ন হচ্ছে না; কী করব?,POLICE_GD,POLICE_GD_ONLINE_ACCOUNT,Online GD Account and Access,POLICE_GD_IDENTITY_VERIFICATION_PROBLEM,Online GD Identity Verification Problem,Medium,Formal,FALSE,,SYNTHETIC,POLICE_GD_IDENTITY_VERIFICATION_PROBLEM_F01,Easy,FALSE,Reviewed independent pilot seed retained for canonical expansion.
PGDX_0242,আমার ক্ষেত্রে অনলাইন জিডিতে পরিচয় যাচাই সম্পন্ন হচ্ছে না; কী করতে হবে?,POLICE_GD,POLICE_GD_ONLINE_ACCOUNT,Online GD Account and Access,POLICE_GD_IDENTITY_VERIFICATION_PROBLEM,Online GD Identity Verification Problem,Medium,Formal,FALSE,,PARAPHRASED,POLICE_GD_IDENTITY_VERIFICATION_PROBLEM_F01,Easy,FALSE,Controlled paraphrase 1 of reviewed independent seed; family preserved; automated validation complete.
PGDX_0243,অনলাইন জিডিতে পরিচয় যাচাই সম্পন্ন হচ্ছে না; কী করতে হবে; পরের ধাপটা কী?,POLICE_GD,POLICE_GD_ONLINE_ACCOUNT,Online GD Account and Access,POLICE_GD_IDENTITY_VERIFICATION_PROBLEM,Online GD Identity Verification Problem,Medium,Formal,FALSE,,PARAPHRASED,POLICE_GD_IDENTITY_VERIFICATION_PROBLEM_F01,Easy,FALSE,Controlled paraphrase 2 of reviewed independent seed; family preserved; automated validation complete.
PGDX_0244,"live photo accept করছে না, account verify হচ্ছে না।",POLICE_GD,POLICE_GD_ONLINE_ACCOUNT,Online GD Account and Access,POLICE_GD_IDENTITY_VERIFICATION_PROBLEM,Online GD Identity Verification Problem,Medium,Informal,FALSE,,SYNTHETIC,POLICE_GD_IDENTITY_VERIFICATION_PROBLEM_F02,Medium,FALSE,Reviewed independent pilot seed retained for canonical expansion.
PGDX_0245,"এটা নিয়ে সাহায্য দরকার: live photo accept করছে না, account verify হচ্ছে না?",POLICE_GD,POLICE_GD_ONLINE_ACCOUNT,Online GD Account and Access,POLICE_GD_IDENTITY_VERIFICATION_PROBLEM,Online GD Identity Verification Problem,Medium,Informal,FALSE,,PARAPHRASED,POLICE_GD_IDENTITY_VERIFICATION_PROBLEM_F02,Medium,FALSE,Controlled paraphrase 1 of reviewed independent seed; family preserved; automated validation complete.
PGDX_0246,"live photo accept করছে না, account verify হচ্ছে না?",POLICE_GD,POLICE_GD_ONLINE_ACCOUNT,Online GD Account and Access,POLICE_GD_IDENTITY_VERIFICATION_PROBLEM,Online GD Identity Verification Problem,Medium,Informal,FALSE,,PARAPHRASED,POLICE_GD_IDENTITY_VERIFICATION_PROBLEM_F02,Medium,FALSE,Controlled paraphrase 2 of reviewed independent seed; family preserved; automated validation complete.
PGDX_0253,সঠিক তথ্য দিয়েও আমার existing Online GD account-এ login করতে পারছি না।,POLICE_GD,POLICE_GD_ONLINE_ACCOUNT,Online GD Account and Access,POLICE_GD_ACCOUNT_ACCESS_PROBLEM,General Online GD Account Access Problem,Medium,Formal,FALSE,,SYNTHETIC,POLICE_GD_ACCOUNT_ACCESS_PROBLEM_F01,Easy,FALSE,Reviewed independent pilot seed retained for canonical expansion.
PGDX_0254,আমার ক্ষেত্রে সঠিক তথ্য দিয়েও আমার existing Online GD account-এ login করতে পারছি না?,POLICE_GD,POLICE_GD_ONLINE_ACCOUNT,Online GD Account and Access,POLICE_GD_ACCOUNT_ACCESS_PROBLEM,General Online GD Account Access Problem,Medium,Formal,FALSE,,PARAPHRASED,POLICE_GD_ACCOUNT_ACCESS_PROBLEM_F01,Easy,FALSE,Controlled paraphrase 1 of reviewed independent seed; family preserved; automated validation complete.
PGDX_0255,সঠিক তথ্য দিয়েও আমার existing Online GD account-এ login করতে পারছি না; পরের ধাপটা কী?,POLICE_GD,POLICE_GD_ONLINE_ACCOUNT,Online GD Account and Access,POLICE_GD_ACCOUNT_ACCESS_PROBLEM,General Online GD Account Access Problem,Medium,Formal,FALSE,,PARAPHRASED,POLICE_GD_ACCOUNT_ACCESS_PROBLEM_F01,Easy,FALSE,Controlled paraphrase 2 of reviewed independent seed; family preserved; automated validation complete.
PGDX_0256,"আমার existing GD account-এ ঢুকতে পারছি না, clear errorও দেখাচ্ছে না।",POLICE_GD,POLICE_GD_ONLINE_ACCOUNT,Online GD Account and Access,POLICE_GD_ACCOUNT_ACCESS_PROBLEM,General Online GD Account Access Problem,Medium,Informal,FALSE,,SYNTHETIC,POLICE_GD_ACCOUNT_ACCESS_PROBLEM_F02,Medium,FALSE,Reviewed independent pilot seed retained for canonical expansion.
PGDX_0257,"এটা নিয়ে সাহায্য দরকার: আমার existing GD account-এ ঢুকতে পারছি না, clear errorও দেখাচ্ছে না?",POLICE_GD,POLICE_GD_ONLINE_ACCOUNT,Online GD Account and Access,POLICE_GD_ACCOUNT_ACCESS_PROBLEM,General Online GD Account Access Problem,Medium,Informal,FALSE,,PARAPHRASED,POLICE_GD_ACCOUNT_ACCESS_PROBLEM_F02,Medium,FALSE,Controlled paraphrase 1 of reviewed independent seed; family preserved; automated validation complete.
PGDX_0258,"আমার existing GD account-এ ঢুকতে পারছি না, clear errorও দেখাচ্ছে না?",POLICE_GD,POLICE_GD_ONLINE_ACCOUNT,Online GD Account and Access,POLICE_GD_ACCOUNT_ACCESS_PROBLEM,General Online GD Account Access Problem,Medium,Informal,FALSE,,PARAPHRASED,POLICE_GD_ACCOUNT_ACCESS_PROBLEM_F02,Medium,FALSE,Controlled paraphrase 2 of reviewed independent seed; family preserved; automated validation complete.
PGDX_0265,জমা দেওয়া জিডির বর্তমান অবস্থা কীভাবে দেখব?,POLICE_GD,POLICE_GD_STATUS_FOLLOWUP,GD Status and Follow-Up,POLICE_GD_STATUS,GD Application Status,Low,Formal,FALSE,,SYNTHETIC,POLICE_GD_STATUS_F01,Easy,FALSE,Reviewed independent pilot seed retained for canonical expansion.
PGDX_0266,আমার ক্ষেত্রে জমা দেওয়া জিডির বর্তমান অবস্থা কোন প্রক্রিয়ায় দেখব?,POLICE_GD,POLICE_GD_STATUS_FOLLOWUP,GD Status and Follow-Up,POLICE_GD_STATUS,GD Application Status,Low,Formal,FALSE,,PARAPHRASED,POLICE_GD_STATUS_F01,Easy,FALSE,Controlled paraphrase 1 of reviewed independent seed; family preserved; automated validation complete.
PGDX_0267,জমা দেওয়া জিডির বর্তমান অবস্থা কোন প্রক্রিয়ায় দেখব; পরের ধাপটা কী?,POLICE_GD,POLICE_GD_STATUS_FOLLOWUP,GD Status and Follow-Up,POLICE_GD_STATUS,GD Application Status,Low,Formal,FALSE,,PARAPHRASED,POLICE_GD_STATUS_F01,Easy,FALSE,Controlled paraphrase 2 of reviewed independent seed; family preserved; automated validation complete.
PGDX_0268,আমার GD application কোন stage-এ আছে?,POLICE_GD,POLICE_GD_STATUS_FOLLOWUP,GD Status and Follow-Up,POLICE_GD_STATUS,GD Application Status,Low,Informal,FALSE,,SYNTHETIC,POLICE_GD_STATUS_F02,Medium,FALSE,Reviewed independent pilot seed retained for canonical expansion.
PGDX_0269,এটা নিয়ে সাহায্য দরকার: আমার GD application কোন stage-এ আছে?,POLICE_GD,POLICE_GD_STATUS_FOLLOWUP,GD Status and Follow-Up,POLICE_GD_STATUS,GD Application Status,Low,Informal,FALSE,,PARAPHRASED,POLICE_GD_STATUS_F02,Medium,FALSE,Controlled paraphrase 1 of reviewed independent seed; family preserved; automated validation complete.
PGDX_0270,এই বিষয়ে সহায়তা চাই: আমার GD application কোন stage-এ আছে?,POLICE_GD,POLICE_GD_STATUS_FOLLOWUP,GD Status and Follow-Up,POLICE_GD_STATUS,GD Application Status,Low,Informal,FALSE,,PARAPHRASED,POLICE_GD_STATUS_F02,Medium,FALSE,Controlled paraphrase 2 of reviewed independent seed; family preserved; automated validation complete.
PGDX_0277,জিডির আবেদন দীর্ঘদিন pending থাকলে কী করব?,POLICE_GD,POLICE_GD_STATUS_FOLLOWUP,GD Status and Follow-Up,POLICE_GD_DELAY,GD Review or Processing Delay,Medium,Formal,FALSE,,SYNTHETIC,POLICE_GD_DELAY_F01,Easy,FALSE,Reviewed independent pilot seed retained for canonical expansion.
PGDX_0278,আমার ক্ষেত্রে জিডির আবেদন দীর্ঘদিন pending থাকলে কী করতে হবে?,POLICE_GD,POLICE_GD_STATUS_FOLLOWUP,GD Status and Follow-Up,POLICE_GD_DELAY,GD Review or Processing Delay,Medium,Formal,FALSE,,PARAPHRASED,POLICE_GD_DELAY_F01,Easy,FALSE,Controlled paraphrase 1 of reviewed independent seed; family preserved; automated validation complete.
PGDX_0279,জিডির আবেদন দীর্ঘদিন pending থাকলে কী করতে হবে; পরের ধাপটা কী?,POLICE_GD,POLICE_GD_STATUS_FOLLOWUP,GD Status and Follow-Up,POLICE_GD_DELAY,GD Review or Processing Delay,Medium,Formal,FALSE,,PARAPHRASED,POLICE_GD_DELAY_F01,Easy,FALSE,Controlled paraphrase 2 of reviewed independent seed; family preserved; automated validation complete.
PGDX_0280,"অনেক সময় হয়ে গেছে, complaint-এর update আসছে না।",POLICE_GD,POLICE_GD_STATUS_FOLLOWUP,GD Status and Follow-Up,POLICE_GD_DELAY,GD Review or Processing Delay,Medium,Informal,FALSE,,SYNTHETIC,POLICE_GD_DELAY_F02,Medium,FALSE,Reviewed independent pilot seed retained for canonical expansion.
PGDX_0281,"এটা নিয়ে সাহায্য দরকার: অনেক সময় হয়ে গেছে, complaint-এর update আসছে না?",POLICE_GD,POLICE_GD_STATUS_FOLLOWUP,GD Status and Follow-Up,POLICE_GD_DELAY,GD Review or Processing Delay,Medium,Informal,FALSE,,PARAPHRASED,POLICE_GD_DELAY_F02,Medium,FALSE,Controlled paraphrase 1 of reviewed independent seed; family preserved; automated validation complete.
PGDX_0282,"অনেক সময় হয়ে গেছে, complaint-এর update আসছে না?",POLICE_GD,POLICE_GD_STATUS_FOLLOWUP,GD Status and Follow-Up,POLICE_GD_DELAY,GD Review or Processing Delay,Medium,Informal,FALSE,,PARAPHRASED,POLICE_GD_DELAY_F02,Medium,FALSE,Controlled paraphrase 2 of reviewed independent seed; family preserved; automated validation complete.
PGDX_0289,জিডির দায়িত্বপ্রাপ্ত তদন্তকারী কর্মকর্তার সঙ্গে কীভাবে যোগাযোগ করব?,POLICE_GD,POLICE_GD_STATUS_FOLLOWUP,GD Status and Follow-Up,POLICE_GD_OFFICER_CONTACT,Investigating Officer Contact,Low,Formal,FALSE,,SYNTHETIC,POLICE_GD_OFFICER_CONTACT_F01,Easy,FALSE,Reviewed independent pilot seed retained for canonical expansion.
PGDX_0290,আমার ক্ষেত্রে জিডির দায়িত্বপ্রাপ্ত তদন্তকারী কর্মকর্তার সঙ্গে কোন প্রক্রিয়ায় যোগাযোগ করব?,POLICE_GD,POLICE_GD_STATUS_FOLLOWUP,GD Status and Follow-Up,POLICE_GD_OFFICER_CONTACT,Investigating Officer Contact,Low,Formal,FALSE,,PARAPHRASED,POLICE_GD_OFFICER_CONTACT_F01,Easy,FALSE,Controlled paraphrase 1 of reviewed independent seed; family preserved; automated validation complete.
PGDX_0291,জিডির দায়িত্বপ্রাপ্ত তদন্তকারী কর্মকর্তার সঙ্গে কোন প্রক্রিয়ায় যোগাযোগ করব; পরের ধাপটা কী?,POLICE_GD,POLICE_GD_STATUS_FOLLOWUP,GD Status and Follow-Up,POLICE_GD_OFFICER_CONTACT,Investigating Officer Contact,Low,Formal,FALSE,,PARAPHRASED,POLICE_GD_OFFICER_CONTACT_F01,Easy,FALSE,Controlled paraphrase 2 of reviewed independent seed; family preserved; automated validation complete.
PGDX_0292,"আমার complaint-এর assigned officer কে, কোথায় দেখব?",POLICE_GD,POLICE_GD_STATUS_FOLLOWUP,GD Status and Follow-Up,POLICE_GD_OFFICER_CONTACT,Investigating Officer Contact,Low,Informal,FALSE,,SYNTHETIC,POLICE_GD_OFFICER_CONTACT_F02,Medium,FALSE,Reviewed independent pilot seed retained for canonical expansion.
PGDX_0293,"এটা নিয়ে সাহায্য দরকার: আমার complaint-এর assigned officer কে, কোথায় দেখব?",POLICE_GD,POLICE_GD_STATUS_FOLLOWUP,GD Status and Follow-Up,POLICE_GD_OFFICER_CONTACT,Investigating Officer Contact,Low,Informal,FALSE,,PARAPHRASED,POLICE_GD_OFFICER_CONTACT_F02,Medium,FALSE,Controlled paraphrase 1 of reviewed independent seed; family preserved; automated validation complete.
PGDX_0294,"এই বিষয়ে সহায়তা চাই: আমার complaint-এর assigned officer কে, কোথায় দেখব?",POLICE_GD,POLICE_GD_STATUS_FOLLOWUP,GD Status and Follow-Up,POLICE_GD_OFFICER_CONTACT,Investigating Officer Contact,Low,Informal,FALSE,,PARAPHRASED,POLICE_GD_OFFICER_CONTACT_F02,Medium,FALSE,Controlled paraphrase 2 of reviewed independent seed; family preserved; automated validation complete.
PGDX_0301,অনলাইন অভিযোগের পর থানায় follow-up কীভাবে করব?,POLICE_GD,POLICE_GD_STATUS_FOLLOWUP,GD Status and Follow-Up,POLICE_GD_STATION_FOLLOWUP,Police Station Follow-Up,Medium,Formal,FALSE,,SYNTHETIC,POLICE_GD_STATION_FOLLOWUP_F01,Easy,FALSE,Reviewed independent pilot seed retained for canonical expansion.
PGDX_0302,আমার ক্ষেত্রে অনলাইন অভিযোগের পর থানায় follow-up কোন প্রক্রিয়ায় করব?,POLICE_GD,POLICE_GD_STATUS_FOLLOWUP,GD Status and Follow-Up,POLICE_GD_STATION_FOLLOWUP,Police Station Follow-Up,Medium,Formal,FALSE,,PARAPHRASED,POLICE_GD_STATION_FOLLOWUP_F01,Easy,FALSE,Controlled paraphrase 1 of reviewed independent seed; family preserved; automated validation complete.
PGDX_0303,অনলাইন অভিযোগের পর থানায় follow-up কোন প্রক্রিয়ায় করব; পরের ধাপটা কী?,POLICE_GD,POLICE_GD_STATUS_FOLLOWUP,GD Status and Follow-Up,POLICE_GD_STATION_FOLLOWUP,Police Station Follow-Up,Medium,Formal,FALSE,,PARAPHRASED,POLICE_GD_STATION_FOLLOWUP_F01,Easy,FALSE,Controlled paraphrase 2 of reviewed independent seed; family preserved; automated validation complete.
PGDX_0304,"GD submit করেছি, police station-এ যেতে হবে কিনা কোথায় জানব?",POLICE_GD,POLICE_GD_STATUS_FOLLOWUP,GD Status and Follow-Up,POLICE_GD_STATION_FOLLOWUP,Police Station Follow-Up,Medium,Informal,FALSE,,SYNTHETIC,POLICE_GD_STATION_FOLLOWUP_F02,Medium,FALSE,Reviewed independent pilot seed retained for canonical expansion.
PGDX_0305,"এটা নিয়ে সাহায্য দরকার: GD submit করেছি, police station-এ যেতে হবে কিনা কোথায় জানব?",POLICE_GD,POLICE_GD_STATUS_FOLLOWUP,GD Status and Follow-Up,POLICE_GD_STATION_FOLLOWUP,Police Station Follow-Up,Medium,Informal,FALSE,,PARAPHRASED,POLICE_GD_STATION_FOLLOWUP_F02,Medium,FALSE,Controlled paraphrase 1 of reviewed independent seed; family preserved; automated validation complete.
PGDX_0306,"এই বিষয়ে সহায়তা চাই: GD submit করেছি, police station-এ যেতে হবে কিনা কোথায় জানব?",POLICE_GD,POLICE_GD_STATUS_FOLLOWUP,GD Status and Follow-Up,POLICE_GD_STATION_FOLLOWUP,Police Station Follow-Up,Medium,Informal,FALSE,,PARAPHRASED,POLICE_GD_STATION_FOLLOWUP_F02,Medium,FALSE,Controlled paraphrase 2 of reviewed independent seed; family preserved; automated validation complete.
PGDX_0313,ডিজিটাল জিডির কপি কীভাবে ডাউনলোড করব?,POLICE_GD,POLICE_GD_COPY_REFERENCE,"GD Copy, Receipt and Reference",POLICE_GD_COPY_DOWNLOAD,Digital GD Copy Download,Low,Formal,FALSE,,SYNTHETIC,POLICE_GD_COPY_DOWNLOAD_F01,Easy,FALSE,Reviewed independent pilot seed retained for canonical expansion.
PGDX_0314,আমার ক্ষেত্রে ডিজিটাল জিডির কপি কোন প্রক্রিয়ায় ডাউনলোড করব?,POLICE_GD,POLICE_GD_COPY_REFERENCE,"GD Copy, Receipt and Reference",POLICE_GD_COPY_DOWNLOAD,Digital GD Copy Download,Low,Formal,FALSE,,PARAPHRASED,POLICE_GD_COPY_DOWNLOAD_F01,Easy,FALSE,Controlled paraphrase 1 of reviewed independent seed; family preserved; automated validation complete.
PGDX_0315,ডিজিটাল জিডির কপি কীভাবে ডাউনলোড করতে হবে; পরের ধাপটা কী?,POLICE_GD,POLICE_GD_COPY_REFERENCE,"GD Copy, Receipt and Reference",POLICE_GD_COPY_DOWNLOAD,Digital GD Copy Download,Low,Formal,FALSE,,PARAPHRASED,POLICE_GD_COPY_DOWNLOAD_F01,Easy,FALSE,Controlled paraphrase 2 of reviewed independent seed; family preserved; automated validation complete.
PGDX_0316,completed GD copyটা কোথায় পাব?,POLICE_GD,POLICE_GD_COPY_REFERENCE,"GD Copy, Receipt and Reference",POLICE_GD_COPY_DOWNLOAD,Digital GD Copy Download,Low,Informal,FALSE,,SYNTHETIC,POLICE_GD_COPY_DOWNLOAD_F02,Medium,FALSE,Reviewed independent pilot seed retained for canonical expansion.
PGDX_0317,এটা নিয়ে সাহায্য দরকার: completed GD copyটা কোথায় পাব?,POLICE_GD,POLICE_GD_COPY_REFERENCE,"GD Copy, Receipt and Reference",POLICE_GD_COPY_DOWNLOAD,Digital GD Copy Download,Low,Informal,FALSE,,PARAPHRASED,POLICE_GD_COPY_DOWNLOAD_F02,Medium,FALSE,Controlled paraphrase 1 of reviewed independent seed; family preserved; automated validation complete.
PGDX_0318,এই বিষয়ে সহায়তা চাই: completed GD copyটা কোথায় পাব?,POLICE_GD,POLICE_GD_COPY_REFERENCE,"GD Copy, Receipt and Reference",POLICE_GD_COPY_DOWNLOAD,Digital GD Copy Download,Low,Informal,FALSE,,PARAPHRASED,POLICE_GD_COPY_DOWNLOAD_F02,Medium,FALSE,Controlled paraphrase 2 of reviewed independent seed; family preserved; automated validation complete.
PGDX_0325,জিডির অভিযোগ জমা দেওয়ার স্বীকারপত্র কোথায় পাব?,POLICE_GD,POLICE_GD_COPY_REFERENCE,"GD Copy, Receipt and Reference",POLICE_GD_SUBMISSION_RECEIPT,GD Submission Acknowledgement,Low,Formal,FALSE,,SYNTHETIC,POLICE_GD_SUBMISSION_RECEIPT_F01,Easy,FALSE,Reviewed independent pilot seed retained for canonical expansion.
PGDX_0326,আমার ক্ষেত্রে জিডির অভিযোগ জমা দেওয়ার স্বীকারপত্র কোথায় পাব?,POLICE_GD,POLICE_GD_COPY_REFERENCE,"GD Copy, Receipt and Reference",POLICE_GD_SUBMISSION_RECEIPT,GD Submission Acknowledgement,Low,Formal,FALSE,,PARAPHRASED,POLICE_GD_SUBMISSION_RECEIPT_F01,Easy,FALSE,Controlled paraphrase 1 of reviewed independent seed; family preserved; automated validation complete.
PGDX_0327,জিডির অভিযোগ জমা দেওয়ার স্বীকারপত্র কোথায় পাব; পরের ধাপটা কী?,POLICE_GD,POLICE_GD_COPY_REFERENCE,"GD Copy, Receipt and Reference",POLICE_GD_SUBMISSION_RECEIPT,GD Submission Acknowledgement,Low,Formal,FALSE,,PARAPHRASED,POLICE_GD_SUBMISSION_RECEIPT_F01,Easy,FALSE,Controlled paraphrase 2 of reviewed independent seed; family preserved; automated validation complete.
PGDX_0328,complaint submit হয়েছে—receiptটা দরকার।,POLICE_GD,POLICE_GD_COPY_REFERENCE,"GD Copy, Receipt and Reference",POLICE_GD_SUBMISSION_RECEIPT,GD Submission Acknowledgement,Low,Informal,FALSE,,SYNTHETIC,POLICE_GD_SUBMISSION_RECEIPT_F02,Medium,FALSE,Reviewed independent pilot seed retained for canonical expansion.
PGDX_0329,এটা নিয়ে সাহায্য দরকার: complaint submit হয়েছে—receiptটা দরকার?,POLICE_GD,POLICE_GD_COPY_REFERENCE,"GD Copy, Receipt and Reference",POLICE_GD_SUBMISSION_RECEIPT,GD Submission Acknowledgement,Low,Informal,FALSE,,PARAPHRASED,POLICE_GD_SUBMISSION_RECEIPT_F02,Medium,FALSE,Controlled paraphrase 1 of reviewed independent seed; family preserved; automated validation complete.
PGDX_0330,complaint submit হয়েছে—receiptটা দরকার?,POLICE_GD,POLICE_GD_COPY_REFERENCE,"GD Copy, Receipt and Reference",POLICE_GD_SUBMISSION_RECEIPT,GD Submission Acknowledgement,Low,Informal,FALSE,,PARAPHRASED,POLICE_GD_SUBMISSION_RECEIPT_F02,Medium,FALSE,Controlled paraphrase 2 of reviewed independent seed; family preserved; automated validation complete.
PGDX_0337,জিডির অভিযোগ কোড বা রেফারেন্স হারালে কীভাবে ফিরে পাব?,POLICE_GD,POLICE_GD_COPY_REFERENCE,"GD Copy, Receipt and Reference",POLICE_GD_REFERENCE_RECOVERY,GD Complaint Reference Recovery,Medium,Formal,FALSE,,SYNTHETIC,POLICE_GD_REFERENCE_RECOVERY_F01,Easy,FALSE,Reviewed independent pilot seed retained for canonical expansion.
PGDX_0338,আমার ক্ষেত্রে জিডির অভিযোগ কোড বা রেফারেন্স হারালে কোন প্রক্রিয়ায় ফিরে পাব?,POLICE_GD,POLICE_GD_COPY_REFERENCE,"GD Copy, Receipt and Reference",POLICE_GD_REFERENCE_RECOVERY,GD Complaint Reference Recovery,Medium,Formal,FALSE,,PARAPHRASED,POLICE_GD_REFERENCE_RECOVERY_F01,Easy,FALSE,Controlled paraphrase 1 of reviewed independent seed; family preserved; automated validation complete.
PGDX_0339,জিডির অভিযোগ কোড বা রেফারেন্স হারালে কোন প্রক্রিয়ায় ফিরে পাব; পরের ধাপটা কী?,POLICE_GD,POLICE_GD_COPY_REFERENCE,"GD Copy, Receipt and Reference",POLICE_GD_REFERENCE_RECOVERY,GD Complaint Reference Recovery,Medium,Formal,FALSE,,PARAPHRASED,POLICE_GD_REFERENCE_RECOVERY_F01,Easy,FALSE,Controlled paraphrase 2 of reviewed independent seed; family preserved; automated validation complete.
PGDX_0340,আমার GD number খুঁজে পাচ্ছি না।,POLICE_GD,POLICE_GD_COPY_REFERENCE,"GD Copy, Receipt and Reference",POLICE_GD_REFERENCE_RECOVERY,GD Complaint Reference Recovery,Medium,Informal,FALSE,,SYNTHETIC,POLICE_GD_REFERENCE_RECOVERY_F02,Medium,FALSE,Reviewed independent pilot seed retained for canonical expansion.
PGDX_0341,এটা নিয়ে সাহায্য দরকার: আমার GD number খুঁজে পাচ্ছি না?,POLICE_GD,POLICE_GD_COPY_REFERENCE,"GD Copy, Receipt and Reference",POLICE_GD_REFERENCE_RECOVERY,GD Complaint Reference Recovery,Medium,Informal,FALSE,,PARAPHRASED,POLICE_GD_REFERENCE_RECOVERY_F02,Medium,FALSE,Controlled paraphrase 1 of reviewed independent seed; family preserved; automated validation complete.
PGDX_0342,আমার GD number খুঁজে পাচ্ছি না?,POLICE_GD,POLICE_GD_COPY_REFERENCE,"GD Copy, Receipt and Reference",POLICE_GD_REFERENCE_RECOVERY,GD Complaint Reference Recovery,Medium,Informal,FALSE,,PARAPHRASED,POLICE_GD_REFERENCE_RECOVERY_F02,Medium,FALSE,Controlled paraphrase 2 of reviewed independent seed; family preserved; automated validation complete.
PGDX_0349,অনলাইন জিডির অভিযোগ submit না হলে কী করব?,POLICE_GD,POLICE_GD_TECHNICAL_PROBLEMS,Online GD Technical Problems,POLICE_GD_SUBMISSION_FAILURE,Online GD Submission Failure,Medium,Formal,FALSE,,SYNTHETIC,POLICE_GD_SUBMISSION_FAILURE_F01,Easy,FALSE,Reviewed independent pilot seed retained for canonical expansion.
PGDX_0350,আমার ক্ষেত্রে অনলাইন জিডির অভিযোগ submit না হলে কী করতে হবে?,POLICE_GD,POLICE_GD_TECHNICAL_PROBLEMS,Online GD Technical Problems,POLICE_GD_SUBMISSION_FAILURE,Online GD Submission Failure,Medium,Formal,FALSE,,PARAPHRASED,POLICE_GD_SUBMISSION_FAILURE_F01,Easy,FALSE,Controlled paraphrase 1 of reviewed independent seed; family preserved; automated validation complete.
PGDX_0351,অনলাইন জিডির অভিযোগ submit না হলে কী করতে হবে; পরের ধাপটা কী?,POLICE_GD,POLICE_GD_TECHNICAL_PROBLEMS,Online GD Technical Problems,POLICE_GD_SUBMISSION_FAILURE,Online GD Submission Failure,Medium,Formal,FALSE,,PARAPHRASED,POLICE_GD_SUBMISSION_FAILURE_F01,Easy,FALSE,Controlled paraphrase 2 of reviewed independent seed; family preserved; automated validation complete.
PGDX_0352,সব fill up করেছি কিন্তু GD form জমা হচ্ছে না।,POLICE_GD,POLICE_GD_TECHNICAL_PROBLEMS,Online GD Technical Problems,POLICE_GD_SUBMISSION_FAILURE,Online GD Submission Failure,Medium,Informal,FALSE,,SYNTHETIC,POLICE_GD_SUBMISSION_FAILURE_F02,Medium,FALSE,Reviewed independent pilot seed retained for canonical expansion.
PGDX_0353,এটা নিয়ে সাহায্য দরকার: সব fill up করেছি কিন্তু GD form জমা হচ্ছে না?,POLICE_GD,POLICE_GD_TECHNICAL_PROBLEMS,Online GD Technical Problems,POLICE_GD_SUBMISSION_FAILURE,Online GD Submission Failure,Medium,Informal,FALSE,,PARAPHRASED,POLICE_GD_SUBMISSION_FAILURE_F02,Medium,FALSE,Controlled paraphrase 1 of reviewed independent seed; family preserved; automated validation complete.
PGDX_0354,সব fill up করেছি কিন্তু GD form জমা হচ্ছে না?,POLICE_GD,POLICE_GD_TECHNICAL_PROBLEMS,Online GD Technical Problems,POLICE_GD_SUBMISSION_FAILURE,Online GD Submission Failure,Medium,Informal,FALSE,,PARAPHRASED,POLICE_GD_SUBMISSION_FAILURE_F02,Medium,FALSE,Controlled paraphrase 2 of reviewed independent seed; family preserved; automated validation complete.
PGDX_0361,অনলাইন জিডি website-টাই খুলছে না।,POLICE_GD,POLICE_GD_TECHNICAL_PROBLEMS,Online GD Technical Problems,POLICE_GD_PORTAL_UNAVAILABLE,Online GD Portal Unavailable,Medium,Formal,FALSE,,SYNTHETIC,POLICE_GD_PORTAL_UNAVAILABLE_F01,Easy,FALSE,Reviewed independent pilot seed retained for canonical expansion.
PGDX_0362,আমার ক্ষেত্রে অনলাইন জিডি website-টাই খুলছে না?,POLICE_GD,POLICE_GD_TECHNICAL_PROBLEMS,Online GD Technical Problems,POLICE_GD_PORTAL_UNAVAILABLE,Online GD Portal Unavailable,Medium,Formal,FALSE,,PARAPHRASED,POLICE_GD_PORTAL_UNAVAILABLE_F01,Easy,FALSE,Controlled paraphrase 1 of reviewed independent seed; family preserved; automated validation complete.
PGDX_0363,অনলাইন জিডি website-টাই খুলছে না; পরের ধাপটা কী?,POLICE_GD,POLICE_GD_TECHNICAL_PROBLEMS,Online GD Technical Problems,POLICE_GD_PORTAL_UNAVAILABLE,Online GD Portal Unavailable,Medium,Formal,FALSE,,PARAPHRASED,POLICE_GD_PORTAL_UNAVAILABLE_F01,Easy,FALSE,Controlled paraphrase 2 of reviewed independent seed; family preserved; automated validation complete.
PGDX_0364,GD app নিজেই load হচ্ছে না।,POLICE_GD,POLICE_GD_TECHNICAL_PROBLEMS,Online GD Technical Problems,POLICE_GD_PORTAL_UNAVAILABLE,Online GD Portal Unavailable,Medium,Informal,FALSE,,SYNTHETIC,POLICE_GD_PORTAL_UNAVAILABLE_F02,Medium,FALSE,Reviewed independent pilot seed retained for canonical expansion.
PGDX_0365,এটা নিয়ে সাহায্য দরকার: GD app নিজেই load হচ্ছে না?,POLICE_GD,POLICE_GD_TECHNICAL_PROBLEMS,Online GD Technical Problems,POLICE_GD_PORTAL_UNAVAILABLE,Online GD Portal Unavailable,Medium,Informal,FALSE,,PARAPHRASED,POLICE_GD_PORTAL_UNAVAILABLE_F02,Medium,FALSE,Controlled paraphrase 1 of reviewed independent seed; family preserved; automated validation complete.
PGDX_0366,GD app নিজেই load হচ্ছে না?,POLICE_GD,POLICE_GD_TECHNICAL_PROBLEMS,Online GD Technical Problems,POLICE_GD_PORTAL_UNAVAILABLE,Online GD Portal Unavailable,Medium,Informal,FALSE,,PARAPHRASED,POLICE_GD_PORTAL_UNAVAILABLE_F02,Medium,FALSE,Controlled paraphrase 2 of reviewed independent seed; family preserved; automated validation complete.
PGDX_0373,অনলাইন জিডি সেবায় কী কী ধরনের সহায়তা পাওয়া যায়?,POLICE_GD,POLICE_GD_GENERAL_INFORMATION,General Online GD Service Information,POLICE_GD_GENERAL_SERVICE_GUIDANCE,General Online GD Service Guidance,Low,Formal,FALSE,,SYNTHETIC,POLICE_GD_GENERAL_SERVICE_GUIDANCE_F01,Easy,FALSE,Reviewed independent pilot seed retained for canonical expansion.
PGDX_0374,আমার ক্ষেত্রে অনলাইন জিডি সেবায় কোন কোন ধরনের সহায়তা পাওয়া যায়?,POLICE_GD,POLICE_GD_GENERAL_INFORMATION,General Online GD Service Information,POLICE_GD_GENERAL_SERVICE_GUIDANCE,General Online GD Service Guidance,Low,Formal,FALSE,,PARAPHRASED,POLICE_GD_GENERAL_SERVICE_GUIDANCE_F01,Easy,FALSE,Controlled paraphrase 1 of reviewed independent seed; family preserved; automated validation complete.
PGDX_0375,অনলাইন জিডি সেবায় কোন কোন ধরনের সহায়তা পাওয়া যায়; পরের ধাপটা কী?,POLICE_GD,POLICE_GD_GENERAL_INFORMATION,General Online GD Service Information,POLICE_GD_GENERAL_SERVICE_GUIDANCE,General Online GD Service Guidance,Low,Formal,FALSE,,PARAPHRASED,POLICE_GD_GENERAL_SERVICE_GUIDANCE_F01,Easy,FALSE,Controlled paraphrase 2 of reviewed independent seed; family preserved; automated validation complete.
PGDX_0376,GD portal দিয়ে কী কী কাজ করা যায়?,POLICE_GD,POLICE_GD_GENERAL_INFORMATION,General Online GD Service Information,POLICE_GD_GENERAL_SERVICE_GUIDANCE,General Online GD Service Guidance,Low,Informal,FALSE,,SYNTHETIC,POLICE_GD_GENERAL_SERVICE_GUIDANCE_F02,Medium,FALSE,Reviewed independent pilot seed retained for canonical expansion.
PGDX_0377,এটা নিয়ে সাহায্য দরকার: GD portal দিয়ে কোন কোন কাজ করা যায়?,POLICE_GD,POLICE_GD_GENERAL_INFORMATION,General Online GD Service Information,POLICE_GD_GENERAL_SERVICE_GUIDANCE,General Online GD Service Guidance,Low,Informal,FALSE,,PARAPHRASED,POLICE_GD_GENERAL_SERVICE_GUIDANCE_F02,Medium,FALSE,Controlled paraphrase 1 of reviewed independent seed; family preserved; automated validation complete.
PGDX_0378,GD portal দিয়ে কোন কোন কাজ করা যায়?,POLICE_GD,POLICE_GD_GENERAL_INFORMATION,General Online GD Service Information,POLICE_GD_GENERAL_SERVICE_GUIDANCE,General Online GD Service Guidance,Low,Informal,FALSE,,PARAPHRASED,POLICE_GD_GENERAL_SERVICE_GUIDANCE_F02,Medium,FALSE,Controlled paraphrase 2 of reviewed independent seed; family preserved; automated validation complete.
DLX_0001,শিক্ষানবিশ ড্রাইভিং লাইসেন্সের জন্য কারা আবেদন করতে পারেন?,DRIVING_LICENCE,DRIVING_LICENCE_LEARNER,Learner Driving Licence,DRIVING_LICENCE_LEARNER_ELIGIBILITY,Learner Licence Eligibility,Low,Formal,FALSE,,SYNTHETIC,DRIVING_LICENCE_LEARNER_ELIGIBILITY_F01,Easy,FALSE,Reviewed independent pilot seed retained for canonical expansion.
DLX_0002,আমার ক্ষেত্রে শিক্ষানবিশ ড্রাইভিং লাইসেন্সের জন্য কারা আবেদন করতে পারেন?,DRIVING_LICENCE,DRIVING_LICENCE_LEARNER,Learner Driving Licence,DRIVING_LICENCE_LEARNER_ELIGIBILITY,Learner Licence Eligibility,Low,Formal,FALSE,,PARAPHRASED,DRIVING_LICENCE_LEARNER_ELIGIBILITY_F01,Easy,FALSE,Controlled paraphrase 1 of reviewed independent seed; family preserved; automated validation complete.
DLX_0003,শিক্ষানবিশ ড্রাইভিং লাইসেন্সের জন্য কারা আবেদন করতে পারেন; পরের ধাপটা কী?,DRIVING_LICENCE,DRIVING_LICENCE_LEARNER,Learner Driving Licence,DRIVING_LICENCE_LEARNER_ELIGIBILITY,Learner Licence Eligibility,Low,Formal,FALSE,,PARAPHRASED,DRIVING_LICENCE_LEARNER_ELIGIBILITY_F01,Easy,FALSE,Controlled paraphrase 2 of reviewed independent seed; family preserved; automated validation complete.
DLX_0004,learner licence করার eligibility কী?,DRIVING_LICENCE,DRIVING_LICENCE_LEARNER,Learner Driving Licence,DRIVING_LICENCE_LEARNER_ELIGIBILITY,Learner Licence Eligibility,Low,Informal,FALSE,,SYNTHETIC,DRIVING_LICENCE_LEARNER_ELIGIBILITY_F02,Medium,FALSE,Reviewed independent pilot seed retained for canonical expansion.
DLX_0005,এটা নিয়ে সাহায্য দরকার: learner licence করার eligibility কী?,DRIVING_LICENCE,DRIVING_LICENCE_LEARNER,Learner Driving Licence,DRIVING_LICENCE_LEARNER_ELIGIBILITY,Learner Licence Eligibility,Low,Informal,FALSE,,PARAPHRASED,DRIVING_LICENCE_LEARNER_ELIGIBILITY_F02,Medium,FALSE,Controlled paraphrase 1 of reviewed independent seed; family preserved; automated validation complete.
DLX_0006,এই বিষয়ে সহায়তা চাই: learner licence করার eligibility কী?,DRIVING_LICENCE,DRIVING_LICENCE_LEARNER,Learner Driving Licence,DRIVING_LICENCE_LEARNER_ELIGIBILITY,Learner Licence Eligibility,Low,Informal,FALSE,,PARAPHRASED,DRIVING_LICENCE_LEARNER_ELIGIBILITY_F02,Medium,FALSE,Controlled paraphrase 2 of reviewed independent seed; family preserved; automated validation complete.
DLX_0013,শিক্ষানবিশ ড্রাইভিং লাইসেন্স করার প্রক্রিয়াটি কী?,DRIVING_LICENCE,DRIVING_LICENCE_LEARNER,Learner Driving Licence,DRIVING_LICENCE_LEARNER_PROCESS,Learner Licence Application Process,Low,Formal,FALSE,,SYNTHETIC,DRIVING_LICENCE_LEARNER_PROCESS_F01,Easy,FALSE,Reviewed independent pilot seed retained for canonical expansion.
DLX_0014,আমার ক্ষেত্রে শিক্ষানবিশ ড্রাইভিং লাইসেন্স করার প্রক্রিয়াটি কী?,DRIVING_LICENCE,DRIVING_LICENCE_LEARNER,Learner Driving Licence,DRIVING_LICENCE_LEARNER_PROCESS,Learner Licence Application Process,Low,Formal,FALSE,,PARAPHRASED,DRIVING_LICENCE_LEARNER_PROCESS_F01,Easy,FALSE,Controlled paraphrase 1 of reviewed independent seed; family preserved; automated validation complete.
DLX_0015,শিক্ষানবিশ ড্রাইভিং লাইসেন্স করার প্রক্রিয়াটি কী; পরের ধাপটা কী?,DRIVING_LICENCE,DRIVING_LICENCE_LEARNER,Learner Driving Licence,DRIVING_LICENCE_LEARNER_PROCESS,Learner Licence Application Process,Low,Formal,FALSE,,PARAPHRASED,DRIVING_LICENCE_LEARNER_PROCESS_F01,Easy,FALSE,Controlled paraphrase 2 of reviewed independent seed; family preserved; automated validation complete.
DLX_0016,"learner licence করতে চাই, কীভাবে শুরু করব?",DRIVING_LICENCE,DRIVING_LICENCE_LEARNER,Learner Driving Licence,DRIVING_LICENCE_LEARNER_PROCESS,Learner Licence Application Process,Low,Informal,FALSE,,SYNTHETIC,DRIVING_LICENCE_LEARNER_PROCESS_F02,Medium,FALSE,Reviewed independent pilot seed retained for canonical expansion.
DLX_0017,"এটা নিয়ে সাহায্য দরকার: learner licence করতে চাই, কোন প্রক্রিয়ায় শুরু করব?",DRIVING_LICENCE,DRIVING_LICENCE_LEARNER,Learner Driving Licence,DRIVING_LICENCE_LEARNER_PROCESS,Learner Licence Application Process,Low,Informal,FALSE,,PARAPHRASED,DRIVING_LICENCE_LEARNER_PROCESS_F02,Medium,FALSE,Controlled paraphrase 1 of reviewed independent seed; family preserved; automated validation complete.
DLX_0018,"learner licence করতে চাই, কোন প্রক্রিয়ায় শুরু করব?",DRIVING_LICENCE,DRIVING_LICENCE_LEARNER,Learner Driving Licence,DRIVING_LICENCE_LEARNER_PROCESS,Learner Licence Application Process,Low,Informal,FALSE,,PARAPHRASED,DRIVING_LICENCE_LEARNER_PROCESS_F02,Medium,FALSE,Controlled paraphrase 2 of reviewed independent seed; family preserved; automated validation complete.
DLX_0025,লার্নার ড্রাইভিং লাইসেন্সের জন্য কী কী কাগজপত্র লাগে?,DRIVING_LICENCE,DRIVING_LICENCE_LEARNER,Learner Driving Licence,DRIVING_LICENCE_LEARNER_DOCUMENTS,Learner Licence Required Documents,Low,Formal,FALSE,,SYNTHETIC,DRIVING_LICENCE_LEARNER_DOCUMENTS_F01,Easy,FALSE,Reviewed independent pilot seed retained for canonical expansion.
DLX_0026,আমার ক্ষেত্রে লার্নার ড্রাইভিং লাইসেন্সের জন্য কোন কোন কাগজপত্র লাগে?,DRIVING_LICENCE,DRIVING_LICENCE_LEARNER,Learner Driving Licence,DRIVING_LICENCE_LEARNER_DOCUMENTS,Learner Licence Required Documents,Low,Formal,FALSE,,PARAPHRASED,DRIVING_LICENCE_LEARNER_DOCUMENTS_F01,Easy,FALSE,Controlled paraphrase 1 of reviewed independent seed; family preserved; automated validation complete.
DLX_0027,লার্নার ড্রাইভিং লাইসেন্সের জন্য কোন কোন কাগজপত্র লাগে; পরের ধাপটা কী?,DRIVING_LICENCE,DRIVING_LICENCE_LEARNER,Learner Driving Licence,DRIVING_LICENCE_LEARNER_DOCUMENTS,Learner Licence Required Documents,Low,Formal,FALSE,,PARAPHRASED,DRIVING_LICENCE_LEARNER_DOCUMENTS_F01,Easy,FALSE,Controlled paraphrase 2 of reviewed independent seed; family preserved; automated validation complete.
DLX_0028,learner application-এ কোন documents লাগবে?,DRIVING_LICENCE,DRIVING_LICENCE_LEARNER,Learner Driving Licence,DRIVING_LICENCE_LEARNER_DOCUMENTS,Learner Licence Required Documents,Low,Informal,FALSE,,SYNTHETIC,DRIVING_LICENCE_LEARNER_DOCUMENTS_F02,Medium,FALSE,Reviewed independent pilot seed retained for canonical expansion.
DLX_0029,এটা নিয়ে সাহায্য দরকার: learner application-এ কোন documents দরকার হবে?,DRIVING_LICENCE,DRIVING_LICENCE_LEARNER,Learner Driving Licence,DRIVING_LICENCE_LEARNER_DOCUMENTS,Learner Licence Required Documents,Low,Informal,FALSE,,PARAPHRASED,DRIVING_LICENCE_LEARNER_DOCUMENTS_F02,Medium,FALSE,Controlled paraphrase 1 of reviewed independent seed; family preserved; automated validation complete.
DLX_0030,learner application-এ কোন documents দরকার হবে?,DRIVING_LICENCE,DRIVING_LICENCE_LEARNER,Learner Driving Licence,DRIVING_LICENCE_LEARNER_DOCUMENTS,Learner Licence Required Documents,Low,Informal,FALSE,,PARAPHRASED,DRIVING_LICENCE_LEARNER_DOCUMENTS_F02,Medium,FALSE,Controlled paraphrase 2 of reviewed independent seed; family preserved; automated validation complete.
DLX_0037,ড্রাইভিং লাইসেন্স আবেদনে মেডিকেল সার্টিফিকেট কীভাবে জমা দেব?,DRIVING_LICENCE,DRIVING_LICENCE_LEARNER,Learner Driving Licence,DRIVING_LICENCE_LEARNER_MEDICAL,Learner Licence Medical Certificate,Low,Formal,FALSE,,SYNTHETIC,DRIVING_LICENCE_LEARNER_MEDICAL_F01,Easy,FALSE,Reviewed independent pilot seed retained for canonical expansion.
DLX_0038,আমার ক্ষেত্রে ড্রাইভিং লাইসেন্স আবেদনে মেডিকেল সার্টিফিকেট কোন প্রক্রিয়ায় জমা দেব?,DRIVING_LICENCE,DRIVING_LICENCE_LEARNER,Learner Driving Licence,DRIVING_LICENCE_LEARNER_MEDICAL,Learner Licence Medical Certificate,Low,Formal,FALSE,,PARAPHRASED,DRIVING_LICENCE_LEARNER_MEDICAL_F01,Easy,FALSE,Controlled paraphrase 1 of reviewed independent seed; family preserved; automated validation complete.
DLX_0039,ড্রাইভিং লাইসেন্স আবেদনে মেডিকেল সার্টিফিকেট কোন প্রক্রিয়ায় জমা দেব; পরের ধাপটা কী?,DRIVING_LICENCE,DRIVING_LICENCE_LEARNER,Learner Driving Licence,DRIVING_LICENCE_LEARNER_MEDICAL,Learner Licence Medical Certificate,Low,Formal,FALSE,,PARAPHRASED,DRIVING_LICENCE_LEARNER_MEDICAL_F01,Easy,FALSE,Controlled paraphrase 2 of reviewed independent seed; family preserved; automated validation complete.
DLX_0040,learner licence করতে medical form লাগবে?,DRIVING_LICENCE,DRIVING_LICENCE_LEARNER,Learner Driving Licence,DRIVING_LICENCE_LEARNER_MEDICAL,Learner Licence Medical Certificate,Low,Informal,FALSE,,SYNTHETIC,DRIVING_LICENCE_LEARNER_MEDICAL_F02,Medium,FALSE,Reviewed independent pilot seed retained for canonical expansion.
DLX_0041,এটা নিয়ে সাহায্য দরকার: learner licence করতে medical form দরকার হবে?,DRIVING_LICENCE,DRIVING_LICENCE_LEARNER,Learner Driving Licence,DRIVING_LICENCE_LEARNER_MEDICAL,Learner Licence Medical Certificate,Low,Informal,FALSE,,PARAPHRASED,DRIVING_LICENCE_LEARNER_MEDICAL_F02,Medium,FALSE,Controlled paraphrase 1 of reviewed independent seed; family preserved; automated validation complete.
DLX_0042,learner licence করতে medical form দরকার হবে?,DRIVING_LICENCE,DRIVING_LICENCE_LEARNER,Learner Driving Licence,DRIVING_LICENCE_LEARNER_MEDICAL,Learner Licence Medical Certificate,Low,Informal,FALSE,,PARAPHRASED,DRIVING_LICENCE_LEARNER_MEDICAL_F02,Medium,FALSE,Controlled paraphrase 2 of reviewed independent seed; family preserved; automated validation complete.
DLX_0049,ইস্যু হওয়া লার্নার লাইসেন্স কীভাবে ডাউনলোড করব?,DRIVING_LICENCE,DRIVING_LICENCE_LEARNER,Learner Driving Licence,DRIVING_LICENCE_LEARNER_COPY,Learner Licence Copy or Download,Low,Formal,FALSE,,SYNTHETIC,DRIVING_LICENCE_LEARNER_COPY_F01,Easy,FALSE,Reviewed independent pilot seed retained for canonical expansion.
DLX_0050,আমার ক্ষেত্রে ইস্যু হওয়া লার্নার লাইসেন্স কীভাবে ডাউনলোড করতে হবে?,DRIVING_LICENCE,DRIVING_LICENCE_LEARNER,Learner Driving Licence,DRIVING_LICENCE_LEARNER_COPY,Learner Licence Copy or Download,Low,Formal,FALSE,,PARAPHRASED,DRIVING_LICENCE_LEARNER_COPY_F01,Easy,FALSE,Controlled paraphrase 1 of reviewed independent seed; family preserved; automated validation complete.
DLX_0051,ইস্যু হওয়া লার্নার লাইসেন্স কীভাবে ডাউনলোড করতে হবে; পরের ধাপটা কী?,DRIVING_LICENCE,DRIVING_LICENCE_LEARNER,Learner Driving Licence,DRIVING_LICENCE_LEARNER_COPY,Learner Licence Copy or Download,Low,Formal,FALSE,,PARAPHRASED,DRIVING_LICENCE_LEARNER_COPY_F01,Easy,FALSE,Controlled paraphrase 2 of reviewed independent seed; family preserved; automated validation complete.
DLX_0052,learner permit-এর print copy কোথায় পাব?,DRIVING_LICENCE,DRIVING_LICENCE_LEARNER,Learner Driving Licence,DRIVING_LICENCE_LEARNER_COPY,Learner Licence Copy or Download,Low,Informal,FALSE,,SYNTHETIC,DRIVING_LICENCE_LEARNER_COPY_F02,Medium,FALSE,Reviewed independent pilot seed retained for canonical expansion.
DLX_0053,এটা নিয়ে সাহায্য দরকার: learner permit-এর print copy কোথায় পাব?,DRIVING_LICENCE,DRIVING_LICENCE_LEARNER,Learner Driving Licence,DRIVING_LICENCE_LEARNER_COPY,Learner Licence Copy or Download,Low,Informal,FALSE,,PARAPHRASED,DRIVING_LICENCE_LEARNER_COPY_F02,Medium,FALSE,Controlled paraphrase 1 of reviewed independent seed; family preserved; automated validation complete.
DLX_0054,এই বিষয়ে সহায়তা চাই: learner permit-এর print copy কোথায় পাব?,DRIVING_LICENCE,DRIVING_LICENCE_LEARNER,Learner Driving Licence,DRIVING_LICENCE_LEARNER_COPY,Learner Licence Copy or Download,Low,Informal,FALSE,,PARAPHRASED,DRIVING_LICENCE_LEARNER_COPY_F02,Medium,FALSE,Controlled paraphrase 2 of reviewed independent seed; family preserved; automated validation complete.
DLX_0061,নতুন পূর্ণাঙ্গ ড্রাইভিং লাইসেন্স পাওয়ার প্রক্রিয়াটি কী?,DRIVING_LICENCE,DRIVING_LICENCE_APPLICATION,New Driving Licence Application,DRIVING_LICENCE_NEW_PROCESS,New Driving Licence Application Process,Low,Formal,FALSE,,SYNTHETIC,DRIVING_LICENCE_NEW_PROCESS_F01,Easy,FALSE,Reviewed independent pilot seed retained for canonical expansion.
DLX_0062,আমার ক্ষেত্রে নতুন পূর্ণাঙ্গ ড্রাইভিং লাইসেন্স পাওয়ার প্রক্রিয়াটি কী?,DRIVING_LICENCE,DRIVING_LICENCE_APPLICATION,New Driving Licence Application,DRIVING_LICENCE_NEW_PROCESS,New Driving Licence Application Process,Low,Formal,FALSE,,PARAPHRASED,DRIVING_LICENCE_NEW_PROCESS_F01,Easy,FALSE,Controlled paraphrase 1 of reviewed independent seed; family preserved; automated validation complete.
DLX_0063,নতুন পূর্ণাঙ্গ ড্রাইভিং লাইসেন্স পাওয়ার প্রক্রিয়াটি কী; পরের ধাপটা কী?,DRIVING_LICENCE,DRIVING_LICENCE_APPLICATION,New Driving Licence Application,DRIVING_LICENCE_NEW_PROCESS,New Driving Licence Application Process,Low,Formal,FALSE,,PARAPHRASED,DRIVING_LICENCE_NEW_PROCESS_F01,Easy,FALSE,Controlled paraphrase 2 of reviewed independent seed; family preserved; automated validation complete.
DLX_0064,"learner আছে, এখন main driving licence করতে কী হবে?",DRIVING_LICENCE,DRIVING_LICENCE_APPLICATION,New Driving Licence Application,DRIVING_LICENCE_NEW_PROCESS,New Driving Licence Application Process,Low,Informal,FALSE,,SYNTHETIC,DRIVING_LICENCE_NEW_PROCESS_F02,Medium,FALSE,Reviewed independent pilot seed retained for canonical expansion.
DLX_0065,"এটা নিয়ে সাহায্য দরকার: learner আছে, এখন main driving licence করতে কী হবে?",DRIVING_LICENCE,DRIVING_LICENCE_APPLICATION,New Driving Licence Application,DRIVING_LICENCE_NEW_PROCESS,New Driving Licence Application Process,Low,Informal,FALSE,,PARAPHRASED,DRIVING_LICENCE_NEW_PROCESS_F02,Medium,FALSE,Controlled paraphrase 1 of reviewed independent seed; family preserved; automated validation complete.
DLX_0066,"এই বিষয়ে সহায়তা চাই: learner আছে, এখন main driving licence করতে কী হবে?",DRIVING_LICENCE,DRIVING_LICENCE_APPLICATION,New Driving Licence Application,DRIVING_LICENCE_NEW_PROCESS,New Driving Licence Application Process,Low,Informal,FALSE,,PARAPHRASED,DRIVING_LICENCE_NEW_PROCESS_F02,Medium,FALSE,Controlled paraphrase 2 of reviewed independent seed; family preserved; automated validation complete.
DLX_0073,বিআরটিএ সার্ভিস পোর্টালে ড্রাইভিং লাইসেন্সের আবেদন কীভাবে করব?,DRIVING_LICENCE,DRIVING_LICENCE_APPLICATION,New Driving Licence Application,DRIVING_LICENCE_ONLINE_APPLICATION,Online Driving Licence Application,Low,Formal,FALSE,,SYNTHETIC,DRIVING_LICENCE_ONLINE_APPLICATION_F01,Easy,FALSE,Reviewed independent pilot seed retained for canonical expansion.
DLX_0074,আমার ক্ষেত্রে বিআরটিএ সার্ভিস পোর্টালে ড্রাইভিং লাইসেন্সের আবেদন কোন প্রক্রিয়ায় করব?,DRIVING_LICENCE,DRIVING_LICENCE_APPLICATION,New Driving Licence Application,DRIVING_LICENCE_ONLINE_APPLICATION,Online Driving Licence Application,Low,Formal,FALSE,,PARAPHRASED,DRIVING_LICENCE_ONLINE_APPLICATION_F01,Easy,FALSE,Controlled paraphrase 1 of reviewed independent seed; family preserved; automated validation complete.
DLX_0075,বিআরটিএ সার্ভিস পোর্টালে ড্রাইভিং লাইসেন্সের আবেদন কোন প্রক্রিয়ায় করব; পরের ধাপটা কী?,DRIVING_LICENCE,DRIVING_LICENCE_APPLICATION,New Driving Licence Application,DRIVING_LICENCE_ONLINE_APPLICATION,Online Driving Licence Application,Low,Formal,FALSE,,PARAPHRASED,DRIVING_LICENCE_ONLINE_APPLICATION_F01,Easy,FALSE,Controlled paraphrase 2 of reviewed independent seed; family preserved; automated validation complete.
DLX_0076,driving licence online apply করতে কোথায় যাব?,DRIVING_LICENCE,DRIVING_LICENCE_APPLICATION,New Driving Licence Application,DRIVING_LICENCE_ONLINE_APPLICATION,Online Driving Licence Application,Low,Informal,FALSE,,SYNTHETIC,DRIVING_LICENCE_ONLINE_APPLICATION_F02,Medium,FALSE,Reviewed independent pilot seed retained for canonical expansion.
DLX_0077,এটা নিয়ে সাহায্য দরকার: driving licence online apply করতে কোথায় যাব?,DRIVING_LICENCE,DRIVING_LICENCE_APPLICATION,New Driving Licence Application,DRIVING_LICENCE_ONLINE_APPLICATION,Online Driving Licence Application,Low,Informal,FALSE,,PARAPHRASED,DRIVING_LICENCE_ONLINE_APPLICATION_F02,Medium,FALSE,Controlled paraphrase 1 of reviewed independent seed; family preserved; automated validation complete.
DLX_0078,এই বিষয়ে সহায়তা চাই: driving licence online apply করতে কোথায় যাব?,DRIVING_LICENCE,DRIVING_LICENCE_APPLICATION,New Driving Licence Application,DRIVING_LICENCE_ONLINE_APPLICATION,Online Driving Licence Application,Low,Informal,FALSE,,PARAPHRASED,DRIVING_LICENCE_ONLINE_APPLICATION_F02,Medium,FALSE,Controlled paraphrase 2 of reviewed independent seed; family preserved; automated validation complete.
DLX_0085,পেশাদার ও অপেশাদার ড্রাইভিং লাইসেন্সের মধ্যে কোন ধরন নির্বাচন করব?,DRIVING_LICENCE,DRIVING_LICENCE_APPLICATION,New Driving Licence Application,DRIVING_LICENCE_TYPE_SELECTION,Professional or Non-Professional Licence Type,Low,Formal,FALSE,,SYNTHETIC,DRIVING_LICENCE_TYPE_SELECTION_F01,Easy,FALSE,Reviewed independent pilot seed retained for canonical expansion.
DLX_0086,আমার ক্ষেত্রে পেশাদার ও অপেশাদার ড্রাইভিং লাইসেন্সের মধ্যে কোন ধরন নির্বাচন করতে হবে?,DRIVING_LICENCE,DRIVING_LICENCE_APPLICATION,New Driving Licence Application,DRIVING_LICENCE_TYPE_SELECTION,Professional or Non-Professional Licence Type,Low,Formal,FALSE,,PARAPHRASED,DRIVING_LICENCE_TYPE_SELECTION_F01,Easy,FALSE,Controlled paraphrase 1 of reviewed independent seed; family preserved; automated validation complete.
DLX_0087,পেশাদার ও অপেশাদার ড্রাইভিং লাইসেন্সের মধ্যে কোন ধরন নির্বাচন করতে হবে; পরের ধাপটা কী?,DRIVING_LICENCE,DRIVING_LICENCE_APPLICATION,New Driving Licence Application,DRIVING_LICENCE_TYPE_SELECTION,Professional or Non-Professional Licence Type,Low,Formal,FALSE,,PARAPHRASED,DRIVING_LICENCE_TYPE_SELECTION_F01,Easy,FALSE,Controlled paraphrase 2 of reviewed independent seed; family preserved; automated validation complete.
DLX_0088,professional licence আর non-professional-এর application type কীভাবে choose করব?,DRIVING_LICENCE,DRIVING_LICENCE_APPLICATION,New Driving Licence Application,DRIVING_LICENCE_TYPE_SELECTION,Professional or Non-Professional Licence Type,Low,Informal,FALSE,,SYNTHETIC,DRIVING_LICENCE_TYPE_SELECTION_F02,Medium,FALSE,Reviewed independent pilot seed retained for canonical expansion.
DLX_0089,এটা নিয়ে সাহায্য দরকার: professional licence আর non-professional-এর application type কোন প্রক্রিয়ায় choose করব?,DRIVING_LICENCE,DRIVING_LICENCE_APPLICATION,New Driving Licence Application,DRIVING_LICENCE_TYPE_SELECTION,Professional or Non-Professional Licence Type,Low,Informal,FALSE,,PARAPHRASED,DRIVING_LICENCE_TYPE_SELECTION_F02,Medium,FALSE,Controlled paraphrase 1 of reviewed independent seed; family preserved; automated validation complete.
DLX_0090,professional licence আর non-professional-এর application type কীভাবে choose করতে হবে?,DRIVING_LICENCE,DRIVING_LICENCE_APPLICATION,New Driving Licence Application,DRIVING_LICENCE_TYPE_SELECTION,Professional or Non-Professional Licence Type,Low,Informal,FALSE,,PARAPHRASED,DRIVING_LICENCE_TYPE_SELECTION_F02,Medium,FALSE,Controlled paraphrase 2 of reviewed independent seed; family preserved; automated validation complete.
DLX_0097,ড্রাইভিং লাইসেন্স আবেদনে মোটরযানের শ্রেণি কীভাবে নির্বাচন করব?,DRIVING_LICENCE,DRIVING_LICENCE_APPLICATION,New Driving Licence Application,DRIVING_LICENCE_VEHICLE_CLASS,Driving Licence Vehicle Class Selection,Low,Formal,FALSE,,SYNTHETIC,DRIVING_LICENCE_VEHICLE_CLASS_F01,Easy,FALSE,Reviewed independent pilot seed retained for canonical expansion.
DLX_0098,আমার ক্ষেত্রে ড্রাইভিং লাইসেন্স আবেদনে মোটরযানের শ্রেণি কীভাবে নির্বাচন করতে হবে?,DRIVING_LICENCE,DRIVING_LICENCE_APPLICATION,New Driving Licence Application,DRIVING_LICENCE_VEHICLE_CLASS,Driving Licence Vehicle Class Selection,Low,Formal,FALSE,,PARAPHRASED,DRIVING_LICENCE_VEHICLE_CLASS_F01,Easy,FALSE,Controlled paraphrase 1 of reviewed independent seed; family preserved; automated validation complete.
DLX_0099,ড্রাইভিং লাইসেন্স আবেদনে মোটরযানের শ্রেণি কোন প্রক্রিয়ায় নির্বাচন করব; পরের ধাপটা কী?,DRIVING_LICENCE,DRIVING_LICENCE_APPLICATION,New Driving Licence Application,DRIVING_LICENCE_VEHICLE_CLASS,Driving Licence Vehicle Class Selection,Low,Formal,FALSE,,PARAPHRASED,DRIVING_LICENCE_VEHICLE_CLASS_F01,Easy,FALSE,Controlled paraphrase 2 of reviewed independent seed; family preserved; automated validation complete.
DLX_0100,motorcycle আর car-এর জন্য কোন class select হবে?,DRIVING_LICENCE,DRIVING_LICENCE_APPLICATION,New Driving Licence Application,DRIVING_LICENCE_VEHICLE_CLASS,Driving Licence Vehicle Class Selection,Low,Informal,FALSE,,SYNTHETIC,DRIVING_LICENCE_VEHICLE_CLASS_F02,Medium,FALSE,Reviewed independent pilot seed retained for canonical expansion.
DLX_0101,এটা নিয়ে সাহায্য দরকার: motorcycle আর car-এর জন্য কোন class select হবে?,DRIVING_LICENCE,DRIVING_LICENCE_APPLICATION,New Driving Licence Application,DRIVING_LICENCE_VEHICLE_CLASS,Driving Licence Vehicle Class Selection,Low,Informal,FALSE,,PARAPHRASED,DRIVING_LICENCE_VEHICLE_CLASS_F02,Medium,FALSE,Controlled paraphrase 1 of reviewed independent seed; family preserved; automated validation complete.
DLX_0102,এই বিষয়ে সহায়তা চাই: motorcycle আর car-এর জন্য কোন class select হবে?,DRIVING_LICENCE,DRIVING_LICENCE_APPLICATION,New Driving Licence Application,DRIVING_LICENCE_VEHICLE_CLASS,Driving Licence Vehicle Class Selection,Low,Informal,FALSE,,PARAPHRASED,DRIVING_LICENCE_VEHICLE_CLASS_F02,Medium,FALSE,Controlled paraphrase 2 of reviewed independent seed; family preserved; automated validation complete.
DLX_0109,ড্রাইভিং লাইসেন্সের যোগ্যতা পরীক্ষায় কী কী ধাপ থাকে?,DRIVING_LICENCE,DRIVING_LICENCE_TEST,Driving Competency Test,DRIVING_LICENCE_TEST_PROCESS,Driving Test Process,Low,Formal,FALSE,,SYNTHETIC,DRIVING_LICENCE_TEST_PROCESS_F01,Easy,FALSE,Reviewed independent pilot seed retained for canonical expansion.
DLX_0110,আমার ক্ষেত্রে ড্রাইভিং লাইসেন্সের যোগ্যতা পরীক্ষায় কোন কোন ধাপ থাকে?,DRIVING_LICENCE,DRIVING_LICENCE_TEST,Driving Competency Test,DRIVING_LICENCE_TEST_PROCESS,Driving Test Process,Low,Formal,FALSE,,PARAPHRASED,DRIVING_LICENCE_TEST_PROCESS_F01,Easy,FALSE,Controlled paraphrase 1 of reviewed independent seed; family preserved; automated validation complete.
DLX_0111,ড্রাইভিং লাইসেন্সের যোগ্যতা পরীক্ষায় কোন কোন ধাপ থাকে; পরের ধাপটা কী?,DRIVING_LICENCE,DRIVING_LICENCE_TEST,Driving Competency Test,DRIVING_LICENCE_TEST_PROCESS,Driving Test Process,Low,Formal,FALSE,,PARAPHRASED,DRIVING_LICENCE_TEST_PROCESS_F01,Easy,FALSE,Controlled paraphrase 2 of reviewed independent seed; family preserved; automated validation complete.
DLX_0112,driving test দিতে গেলে processটা কী?,DRIVING_LICENCE,DRIVING_LICENCE_TEST,Driving Competency Test,DRIVING_LICENCE_TEST_PROCESS,Driving Test Process,Low,Informal,FALSE,,SYNTHETIC,DRIVING_LICENCE_TEST_PROCESS_F02,Medium,FALSE,Reviewed independent pilot seed retained for canonical expansion.
DLX_0113,এটা নিয়ে সাহায্য দরকার: driving test দিতে গেলে processটা কী?,DRIVING_LICENCE,DRIVING_LICENCE_TEST,Driving Competency Test,DRIVING_LICENCE_TEST_PROCESS,Driving Test Process,Low,Informal,FALSE,,PARAPHRASED,DRIVING_LICENCE_TEST_PROCESS_F02,Medium,FALSE,Controlled paraphrase 1 of reviewed independent seed; family preserved; automated validation complete.
DLX_0114,এই বিষয়ে সহায়তা চাই: driving test দিতে গেলে processটা কী?,DRIVING_LICENCE,DRIVING_LICENCE_TEST,Driving Competency Test,DRIVING_LICENCE_TEST_PROCESS,Driving Test Process,Low,Informal,FALSE,,PARAPHRASED,DRIVING_LICENCE_TEST_PROCESS_F02,Medium,FALSE,Controlled paraphrase 2 of reviewed independent seed; family preserved; automated validation complete.
DLX_0121,ড্রাইভিং পরীক্ষার তারিখ কীভাবে নির্ধারণ বা দেখব?,DRIVING_LICENCE,DRIVING_LICENCE_TEST,Driving Competency Test,DRIVING_LICENCE_TEST_SCHEDULE,Driving Test Schedule or Appointment,Low,Formal,FALSE,,SYNTHETIC,DRIVING_LICENCE_TEST_SCHEDULE_F01,Easy,FALSE,Reviewed independent pilot seed retained for canonical expansion.
DLX_0122,আমার ক্ষেত্রে ড্রাইভিং পরীক্ষার তারিখ কোন প্রক্রিয়ায় নির্ধারণ বা দেখব?,DRIVING_LICENCE,DRIVING_LICENCE_TEST,Driving Competency Test,DRIVING_LICENCE_TEST_SCHEDULE,Driving Test Schedule or Appointment,Low,Formal,FALSE,,PARAPHRASED,DRIVING_LICENCE_TEST_SCHEDULE_F01,Easy,FALSE,Controlled paraphrase 1 of reviewed independent seed; family preserved; automated validation complete.
DLX_0123,ড্রাইভিং পরীক্ষার তারিখ কোন প্রক্রিয়ায় নির্ধারণ বা দেখব; পরের ধাপটা কী?,DRIVING_LICENCE,DRIVING_LICENCE_TEST,Driving Competency Test,DRIVING_LICENCE_TEST_SCHEDULE,Driving Test Schedule or Appointment,Low,Formal,FALSE,,PARAPHRASED,DRIVING_LICENCE_TEST_SCHEDULE_F01,Easy,FALSE,Controlled paraphrase 2 of reviewed independent seed; family preserved; automated validation complete.
DLX_0124,"আমার driving test কবে, কোথায় check করব?",DRIVING_LICENCE,DRIVING_LICENCE_TEST,Driving Competency Test,DRIVING_LICENCE_TEST_SCHEDULE,Driving Test Schedule or Appointment,Low,Informal,FALSE,,SYNTHETIC,DRIVING_LICENCE_TEST_SCHEDULE_F02,Medium,FALSE,Reviewed independent pilot seed retained for canonical expansion.
DLX_0125,"এটা নিয়ে সাহায্য দরকার: আমার driving test কবে, কোথায় check করতে হবে?",DRIVING_LICENCE,DRIVING_LICENCE_TEST,Driving Competency Test,DRIVING_LICENCE_TEST_SCHEDULE,Driving Test Schedule or Appointment,Low,Informal,FALSE,,PARAPHRASED,DRIVING_LICENCE_TEST_SCHEDULE_F02,Medium,FALSE,Controlled paraphrase 1 of reviewed independent seed; family preserved; automated validation complete.
DLX_0126,"আমার driving test কবে, কোথায় check করতে হবে?",DRIVING_LICENCE,DRIVING_LICENCE_TEST,Driving Competency Test,DRIVING_LICENCE_TEST_SCHEDULE,Driving Test Schedule or Appointment,Low,Informal,FALSE,,PARAPHRASED,DRIVING_LICENCE_TEST_SCHEDULE_F02,Medium,FALSE,Controlled paraphrase 2 of reviewed independent seed; family preserved; automated validation complete.
DLX_0133,ড্রাইভিং পরীক্ষার দিনে কী কী সঙ্গে নিতে হবে?,DRIVING_LICENCE,DRIVING_LICENCE_TEST,Driving Competency Test,DRIVING_LICENCE_TEST_REQUIREMENTS,Driving Test Requirements and Preparation,Low,Formal,FALSE,,SYNTHETIC,DRIVING_LICENCE_TEST_REQUIREMENTS_F01,Easy,FALSE,Reviewed independent pilot seed retained for canonical expansion.
DLX_0134,আমার ক্ষেত্রে ড্রাইভিং পরীক্ষার দিনে কোন কোন সঙ্গে নিতে হবে?,DRIVING_LICENCE,DRIVING_LICENCE_TEST,Driving Competency Test,DRIVING_LICENCE_TEST_REQUIREMENTS,Driving Test Requirements and Preparation,Low,Formal,FALSE,,PARAPHRASED,DRIVING_LICENCE_TEST_REQUIREMENTS_F01,Easy,FALSE,Controlled paraphrase 1 of reviewed independent seed; family preserved; automated validation complete.
DLX_0135,ড্রাইভিং পরীক্ষার দিনে কোন কোন সঙ্গে নিতে হবে; পরের ধাপটা কী?,DRIVING_LICENCE,DRIVING_LICENCE_TEST,Driving Competency Test,DRIVING_LICENCE_TEST_REQUIREMENTS,Driving Test Requirements and Preparation,Low,Formal,FALSE,,PARAPHRASED,DRIVING_LICENCE_TEST_REQUIREMENTS_F01,Easy,FALSE,Controlled paraphrase 2 of reviewed independent seed; family preserved; automated validation complete.
DLX_0136,test attend করার আগে কী preparation দরকার?,DRIVING_LICENCE,DRIVING_LICENCE_TEST,Driving Competency Test,DRIVING_LICENCE_TEST_REQUIREMENTS,Driving Test Requirements and Preparation,Low,Informal,FALSE,,SYNTHETIC,DRIVING_LICENCE_TEST_REQUIREMENTS_F02,Medium,FALSE,Reviewed independent pilot seed retained for canonical expansion.
DLX_0137,এটা নিয়ে সাহায্য দরকার: test attend করার আগে কী preparation দরকার?,DRIVING_LICENCE,DRIVING_LICENCE_TEST,Driving Competency Test,DRIVING_LICENCE_TEST_REQUIREMENTS,Driving Test Requirements and Preparation,Low,Informal,FALSE,,PARAPHRASED,DRIVING_LICENCE_TEST_REQUIREMENTS_F02,Medium,FALSE,Controlled paraphrase 1 of reviewed independent seed; family preserved; automated validation complete.
DLX_0138,এই বিষয়ে সহায়তা চাই: test attend করার আগে কী preparation দরকার?,DRIVING_LICENCE,DRIVING_LICENCE_TEST,Driving Competency Test,DRIVING_LICENCE_TEST_REQUIREMENTS,Driving Test Requirements and Preparation,Low,Informal,FALSE,,PARAPHRASED,DRIVING_LICENCE_TEST_REQUIREMENTS_F02,Medium,FALSE,Controlled paraphrase 2 of reviewed independent seed; family preserved; automated validation complete.
DLX_0145,ড্রাইভিং কম্পিটেন্সি পরীক্ষার ফলাফল কীভাবে দেখব?,DRIVING_LICENCE,DRIVING_LICENCE_TEST,Driving Competency Test,DRIVING_LICENCE_TEST_RESULT,Driving Test Result,Low,Formal,FALSE,,SYNTHETIC,DRIVING_LICENCE_TEST_RESULT_F01,Easy,FALSE,Reviewed independent pilot seed retained for canonical expansion.
DLX_0146,আমার ক্ষেত্রে ড্রাইভিং কম্পিটেন্সি পরীক্ষার ফলাফল কোন প্রক্রিয়ায় দেখব?,DRIVING_LICENCE,DRIVING_LICENCE_TEST,Driving Competency Test,DRIVING_LICENCE_TEST_RESULT,Driving Test Result,Low,Formal,FALSE,,PARAPHRASED,DRIVING_LICENCE_TEST_RESULT_F01,Easy,FALSE,Controlled paraphrase 1 of reviewed independent seed; family preserved; automated validation complete.
DLX_0147,ড্রাইভিং কম্পিটেন্সি পরীক্ষার ফলাফল কোন প্রক্রিয়ায় দেখব; পরের ধাপটা কী?,DRIVING_LICENCE,DRIVING_LICENCE_TEST,Driving Competency Test,DRIVING_LICENCE_TEST_RESULT,Driving Test Result,Low,Formal,FALSE,,PARAPHRASED,DRIVING_LICENCE_TEST_RESULT_F01,Easy,FALSE,Controlled paraphrase 2 of reviewed independent seed; family preserved; automated validation complete.
DLX_0148,driving test pass করেছি কিনা কোথায় check করব?,DRIVING_LICENCE,DRIVING_LICENCE_TEST,Driving Competency Test,DRIVING_LICENCE_TEST_RESULT,Driving Test Result,Low,Informal,FALSE,,SYNTHETIC,DRIVING_LICENCE_TEST_RESULT_F02,Medium,FALSE,Reviewed independent pilot seed retained for canonical expansion.
DLX_0149,এটা নিয়ে সাহায্য দরকার: driving test pass করেছি কিনা কোথায় check করতে হবে?,DRIVING_LICENCE,DRIVING_LICENCE_TEST,Driving Competency Test,DRIVING_LICENCE_TEST_RESULT,Driving Test Result,Low,Informal,FALSE,,PARAPHRASED,DRIVING_LICENCE_TEST_RESULT_F02,Medium,FALSE,Controlled paraphrase 1 of reviewed independent seed; family preserved; automated validation complete.
DLX_0150,driving test pass করেছি কিনা কোথায় check করতে হবে?,DRIVING_LICENCE,DRIVING_LICENCE_TEST,Driving Competency Test,DRIVING_LICENCE_TEST_RESULT,Driving Test Result,Low,Informal,FALSE,,PARAPHRASED,DRIVING_LICENCE_TEST_RESULT_F02,Medium,FALSE,Controlled paraphrase 2 of reviewed independent seed; family preserved; automated validation complete.
DLX_0157,ড্রাইভিং পরীক্ষায় উত্তীর্ণ না হলে পুনরায় পরীক্ষার প্রক্রিয়া কী?,DRIVING_LICENCE,DRIVING_LICENCE_TEST,Driving Competency Test,DRIVING_LICENCE_TEST_RETAKE,Driving Test Retake Guidance,Medium,Formal,FALSE,,SYNTHETIC,DRIVING_LICENCE_TEST_RETAKE_F01,Easy,FALSE,Reviewed independent pilot seed retained for canonical expansion.
DLX_0158,আমার ক্ষেত্রে ড্রাইভিং পরীক্ষায় উত্তীর্ণ না হলে পুনরায় পরীক্ষার প্রক্রিয়া কী?,DRIVING_LICENCE,DRIVING_LICENCE_TEST,Driving Competency Test,DRIVING_LICENCE_TEST_RETAKE,Driving Test Retake Guidance,Medium,Formal,FALSE,,PARAPHRASED,DRIVING_LICENCE_TEST_RETAKE_F01,Easy,FALSE,Controlled paraphrase 1 of reviewed independent seed; family preserved; automated validation complete.
DLX_0159,ড্রাইভিং পরীক্ষায় উত্তীর্ণ না হলে পুনরায় পরীক্ষার প্রক্রিয়া কী; পরের ধাপটা কী?,DRIVING_LICENCE,DRIVING_LICENCE_TEST,Driving Competency Test,DRIVING_LICENCE_TEST_RETAKE,Driving Test Retake Guidance,Medium,Formal,FALSE,,PARAPHRASED,DRIVING_LICENCE_TEST_RETAKE_F01,Easy,FALSE,Controlled paraphrase 2 of reviewed independent seed; family preserved; automated validation complete.
DLX_0160,"test miss করেছি, next attempt কীভাবে পাব?",DRIVING_LICENCE,DRIVING_LICENCE_TEST,Driving Competency Test,DRIVING_LICENCE_TEST_RETAKE,Driving Test Retake Guidance,Medium,Informal,FALSE,,SYNTHETIC,DRIVING_LICENCE_TEST_RETAKE_F02,Medium,FALSE,Reviewed independent pilot seed retained for canonical expansion.
DLX_0161,"এটা নিয়ে সাহায্য দরকার: test miss করেছি, next attempt কোন প্রক্রিয়ায় পাব?",DRIVING_LICENCE,DRIVING_LICENCE_TEST,Driving Competency Test,DRIVING_LICENCE_TEST_RETAKE,Driving Test Retake Guidance,Medium,Informal,FALSE,,PARAPHRASED,DRIVING_LICENCE_TEST_RETAKE_F02,Medium,FALSE,Controlled paraphrase 1 of reviewed independent seed; family preserved; automated validation complete.
DLX_0162,"test miss করেছি, next attempt কোন প্রক্রিয়ায় পাব?",DRIVING_LICENCE,DRIVING_LICENCE_TEST,Driving Competency Test,DRIVING_LICENCE_TEST_RETAKE,Driving Test Retake Guidance,Medium,Informal,FALSE,,PARAPHRASED,DRIVING_LICENCE_TEST_RETAKE_F02,Medium,FALSE,Controlled paraphrase 2 of reviewed independent seed; family preserved; automated validation complete.
DLX_0169,বিআরটিএ সার্ভিস পোর্টালে নতুন অ্যাকাউন্ট কীভাবে খুলব?,DRIVING_LICENCE,DRIVING_LICENCE_ONLINE_ACCOUNT,BRTA Service Portal Account,DRIVING_LICENCE_ACCOUNT_REGISTRATION,BRTA Portal Account Registration,Low,Formal,FALSE,,SYNTHETIC,DRIVING_LICENCE_ACCOUNT_REGISTRATION_F01,Easy,FALSE,Reviewed independent pilot seed retained for canonical expansion.
DLX_0170,আমার ক্ষেত্রে বিআরটিএ সার্ভিস পোর্টালে নতুন অ্যাকাউন্ট কোন প্রক্রিয়ায় খুলব?,DRIVING_LICENCE,DRIVING_LICENCE_ONLINE_ACCOUNT,BRTA Service Portal Account,DRIVING_LICENCE_ACCOUNT_REGISTRATION,BRTA Portal Account Registration,Low,Formal,FALSE,,PARAPHRASED,DRIVING_LICENCE_ACCOUNT_REGISTRATION_F01,Easy,FALSE,Controlled paraphrase 1 of reviewed independent seed; family preserved; automated validation complete.
DLX_0171,বিআরটিএ সার্ভিস পোর্টালে নতুন অ্যাকাউন্ট কোন প্রক্রিয়ায় খুলব; পরের ধাপটা কী?,DRIVING_LICENCE,DRIVING_LICENCE_ONLINE_ACCOUNT,BRTA Service Portal Account,DRIVING_LICENCE_ACCOUNT_REGISTRATION,BRTA Portal Account Registration,Low,Formal,FALSE,,PARAPHRASED,DRIVING_LICENCE_ACCOUNT_REGISTRATION_F01,Easy,FALSE,Controlled paraphrase 2 of reviewed independent seed; family preserved; automated validation complete.
DLX_0172,BSP-তে driver হিসেবে register করতে চাই।,DRIVING_LICENCE,DRIVING_LICENCE_ONLINE_ACCOUNT,BRTA Service Portal Account,DRIVING_LICENCE_ACCOUNT_REGISTRATION,BRTA Portal Account Registration,Low,Informal,FALSE,,SYNTHETIC,DRIVING_LICENCE_ACCOUNT_REGISTRATION_F02,Medium,FALSE,Reviewed independent pilot seed retained for canonical expansion.
DLX_0173,এটা নিয়ে সাহায্য দরকার: BSP-তে driver হিসেবে register করতে প্রয়োজন?,DRIVING_LICENCE,DRIVING_LICENCE_ONLINE_ACCOUNT,BRTA Service Portal Account,DRIVING_LICENCE_ACCOUNT_REGISTRATION,BRTA Portal Account Registration,Low,Informal,FALSE,,PARAPHRASED,DRIVING_LICENCE_ACCOUNT_REGISTRATION_F02,Medium,FALSE,Controlled paraphrase 1 of reviewed independent seed; family preserved; automated validation complete.
DLX_0174,BSP-তে driver হিসেবে register করতে প্রয়োজন?,DRIVING_LICENCE,DRIVING_LICENCE_ONLINE_ACCOUNT,BRTA Service Portal Account,DRIVING_LICENCE_ACCOUNT_REGISTRATION,BRTA Portal Account Registration,Low,Informal,FALSE,,PARAPHRASED,DRIVING_LICENCE_ACCOUNT_REGISTRATION_F02,Medium,FALSE,Controlled paraphrase 2 of reviewed independent seed; family preserved; automated validation complete.
DLX_0181,বিদ্যমান বিআরটিএ সার্ভিস পোর্টাল অ্যাকাউন্টে কীভাবে লগইন করব?,DRIVING_LICENCE,DRIVING_LICENCE_ONLINE_ACCOUNT,BRTA Service Portal Account,DRIVING_LICENCE_ACCOUNT_LOGIN,BRTA Portal Account Login,Low,Formal,FALSE,,SYNTHETIC,DRIVING_LICENCE_ACCOUNT_LOGIN_F01,Easy,FALSE,Reviewed independent pilot seed retained for canonical expansion.
DLX_0182,আমার ক্ষেত্রে বিদ্যমান বিআরটিএ সার্ভিস পোর্টাল অ্যাকাউন্টে কীভাবে লগইন করতে হবে?,DRIVING_LICENCE,DRIVING_LICENCE_ONLINE_ACCOUNT,BRTA Service Portal Account,DRIVING_LICENCE_ACCOUNT_LOGIN,BRTA Portal Account Login,Low,Formal,FALSE,,PARAPHRASED,DRIVING_LICENCE_ACCOUNT_LOGIN_F01,Easy,FALSE,Controlled paraphrase 1 of reviewed independent seed; family preserved; automated validation complete.
DLX_0183,বিদ্যমান বিআরটিএ সার্ভিস পোর্টাল অ্যাকাউন্টে কীভাবে লগইন করতে হবে; পরের ধাপটা কী?,DRIVING_LICENCE,DRIVING_LICENCE_ONLINE_ACCOUNT,BRTA Service Portal Account,DRIVING_LICENCE_ACCOUNT_LOGIN,BRTA Portal Account Login,Low,Formal,FALSE,,PARAPHRASED,DRIVING_LICENCE_ACCOUNT_LOGIN_F01,Easy,FALSE,Controlled paraphrase 2 of reviewed independent seed; family preserved; automated validation complete.
DLX_0184,BSP login কোথা থেকে করব?,DRIVING_LICENCE,DRIVING_LICENCE_ONLINE_ACCOUNT,BRTA Service Portal Account,DRIVING_LICENCE_ACCOUNT_LOGIN,BRTA Portal Account Login,Low,Informal,FALSE,,SYNTHETIC,DRIVING_LICENCE_ACCOUNT_LOGIN_F02,Medium,FALSE,Reviewed independent pilot seed retained for canonical expansion.
DLX_0185,এটা নিয়ে সাহায্য দরকার: BSP login কোথা থেকে করতে হবে?,DRIVING_LICENCE,DRIVING_LICENCE_ONLINE_ACCOUNT,BRTA Service Portal Account,DRIVING_LICENCE_ACCOUNT_LOGIN,BRTA Portal Account Login,Low,Informal,FALSE,,PARAPHRASED,DRIVING_LICENCE_ACCOUNT_LOGIN_F02,Medium,FALSE,Controlled paraphrase 1 of reviewed independent seed; family preserved; automated validation complete.
DLX_0186,BSP login কোথা থেকে করতে হবে?,DRIVING_LICENCE,DRIVING_LICENCE_ONLINE_ACCOUNT,BRTA Service Portal Account,DRIVING_LICENCE_ACCOUNT_LOGIN,BRTA Portal Account Login,Low,Informal,FALSE,,PARAPHRASED,DRIVING_LICENCE_ACCOUNT_LOGIN_F02,Medium,FALSE,Controlled paraphrase 2 of reviewed independent seed; family preserved; automated validation complete.
DLX_0193,বিআরটিএ পোর্টালের পাসওয়ার্ড ভুলে গেলে কীভাবে রিসেট করব?,DRIVING_LICENCE,DRIVING_LICENCE_ONLINE_ACCOUNT,BRTA Service Portal Account,DRIVING_LICENCE_PASSWORD_RESET,BRTA Portal Password Reset,Medium,Formal,FALSE,,SYNTHETIC,DRIVING_LICENCE_PASSWORD_RESET_F01,Easy,FALSE,Reviewed independent pilot seed retained for canonical expansion.
DLX_0194,আমার ক্ষেত্রে বিআরটিএ পোর্টালের পাসওয়ার্ড ভুলে গেলে কোন প্রক্রিয়ায় রিসেট করব?,DRIVING_LICENCE,DRIVING_LICENCE_ONLINE_ACCOUNT,BRTA Service Portal Account,DRIVING_LICENCE_PASSWORD_RESET,BRTA Portal Password Reset,Medium,Formal,FALSE,,PARAPHRASED,DRIVING_LICENCE_PASSWORD_RESET_F01,Easy,FALSE,Controlled paraphrase 1 of reviewed independent seed; family preserved; automated validation complete.
DLX_0195,বিআরটিএ পোর্টালের পাসওয়ার্ড ভুলে গেলে কোন প্রক্রিয়ায় রিসেট করব; পরের ধাপটা কী?,DRIVING_LICENCE,DRIVING_LICENCE_ONLINE_ACCOUNT,BRTA Service Portal Account,DRIVING_LICENCE_PASSWORD_RESET,BRTA Portal Password Reset,Medium,Formal,FALSE,,PARAPHRASED,DRIVING_LICENCE_PASSWORD_RESET_F01,Easy,FALSE,Controlled paraphrase 2 of reviewed independent seed; family preserved; automated validation complete.
DLX_0196,"BSP password মনে নেই, recover করতে চাই।",DRIVING_LICENCE,DRIVING_LICENCE_ONLINE_ACCOUNT,BRTA Service Portal Account,DRIVING_LICENCE_PASSWORD_RESET,BRTA Portal Password Reset,Medium,Informal,FALSE,,SYNTHETIC,DRIVING_LICENCE_PASSWORD_RESET_F02,Medium,FALSE,Reviewed independent pilot seed retained for canonical expansion.
DLX_0197,"এটা নিয়ে সাহায্য দরকার: BSP password মনে নেই, recover করতে প্রয়োজন?",DRIVING_LICENCE,DRIVING_LICENCE_ONLINE_ACCOUNT,BRTA Service Portal Account,DRIVING_LICENCE_PASSWORD_RESET,BRTA Portal Password Reset,Medium,Informal,FALSE,,PARAPHRASED,DRIVING_LICENCE_PASSWORD_RESET_F02,Medium,FALSE,Controlled paraphrase 1 of reviewed independent seed; family preserved; automated validation complete.
DLX_0198,"BSP password মনে নেই, recover করতে প্রয়োজন?",DRIVING_LICENCE,DRIVING_LICENCE_ONLINE_ACCOUNT,BRTA Service Portal Account,DRIVING_LICENCE_PASSWORD_RESET,BRTA Portal Password Reset,Medium,Informal,FALSE,,PARAPHRASED,DRIVING_LICENCE_PASSWORD_RESET_F02,Medium,FALSE,Controlled paraphrase 2 of reviewed independent seed; family preserved; automated validation complete.
DLX_0205,বিআরটিএ পোর্টালের ওটিপি না এলে কী করব?,DRIVING_LICENCE,DRIVING_LICENCE_ONLINE_ACCOUNT,BRTA Service Portal Account,DRIVING_LICENCE_ACCOUNT_OTP,BRTA Portal OTP Problem,Medium,Formal,FALSE,,SYNTHETIC,DRIVING_LICENCE_ACCOUNT_OTP_F01,Easy,FALSE,Reviewed independent pilot seed retained for canonical expansion.
DLX_0206,আমার ক্ষেত্রে বিআরটিএ পোর্টালের ওটিপি না এলে কী করতে হবে?,DRIVING_LICENCE,DRIVING_LICENCE_ONLINE_ACCOUNT,BRTA Service Portal Account,DRIVING_LICENCE_ACCOUNT_OTP,BRTA Portal OTP Problem,Medium,Formal,FALSE,,PARAPHRASED,DRIVING_LICENCE_ACCOUNT_OTP_F01,Easy,FALSE,Controlled paraphrase 1 of reviewed independent seed; family preserved; automated validation complete.
DLX_0207,বিআরটিএ পোর্টালের ওটিপি না এলে কী করতে হবে; পরের ধাপটা কী?,DRIVING_LICENCE,DRIVING_LICENCE_ONLINE_ACCOUNT,BRTA Service Portal Account,DRIVING_LICENCE_ACCOUNT_OTP,BRTA Portal OTP Problem,Medium,Formal,FALSE,,PARAPHRASED,DRIVING_LICENCE_ACCOUNT_OTP_F01,Easy,FALSE,Controlled paraphrase 2 of reviewed independent seed; family preserved; automated validation complete.
DLX_0208,OTP code পেয়েছি কিন্তু BSP accept করছে না।,DRIVING_LICENCE,DRIVING_LICENCE_ONLINE_ACCOUNT,BRTA Service Portal Account,DRIVING_LICENCE_ACCOUNT_OTP,BRTA Portal OTP Problem,Medium,Informal,FALSE,,SYNTHETIC,DRIVING_LICENCE_ACCOUNT_OTP_F02,Medium,FALSE,Reviewed independent pilot seed retained for canonical expansion.
DLX_0209,এটা নিয়ে সাহায্য দরকার: OTP code পেয়েছি কিন্তু BSP accept করছে না?,DRIVING_LICENCE,DRIVING_LICENCE_ONLINE_ACCOUNT,BRTA Service Portal Account,DRIVING_LICENCE_ACCOUNT_OTP,BRTA Portal OTP Problem,Medium,Informal,FALSE,,PARAPHRASED,DRIVING_LICENCE_ACCOUNT_OTP_F02,Medium,FALSE,Controlled paraphrase 1 of reviewed independent seed; family preserved; automated validation complete.
DLX_0210,OTP code পেয়েছি কিন্তু BSP accept করছে না?,DRIVING_LICENCE,DRIVING_LICENCE_ONLINE_ACCOUNT,BRTA Service Portal Account,DRIVING_LICENCE_ACCOUNT_OTP,BRTA Portal OTP Problem,Medium,Informal,FALSE,,PARAPHRASED,DRIVING_LICENCE_ACCOUNT_OTP_F02,Medium,FALSE,Controlled paraphrase 2 of reviewed independent seed; family preserved; automated validation complete.
DLX_0217,সঠিক তথ্য দিয়েও বিআরটিএ পোর্টাল অ্যাকাউন্টে ঢুকতে পারছি না।,DRIVING_LICENCE,DRIVING_LICENCE_ONLINE_ACCOUNT,BRTA Service Portal Account,DRIVING_LICENCE_ACCOUNT_ACCESS_PROBLEM,General BRTA Portal Access Problem,Medium,Formal,FALSE,,SYNTHETIC,DRIVING_LICENCE_ACCOUNT_ACCESS_PROBLEM_F01,Easy,FALSE,Reviewed independent pilot seed retained for canonical expansion.
DLX_0218,আমার ক্ষেত্রে সঠিক তথ্য দিয়েও বিআরটিএ পোর্টাল অ্যাকাউন্টে ঢুকতে পারছি না?,DRIVING_LICENCE,DRIVING_LICENCE_ONLINE_ACCOUNT,BRTA Service Portal Account,DRIVING_LICENCE_ACCOUNT_ACCESS_PROBLEM,General BRTA Portal Access Problem,Medium,Formal,FALSE,,PARAPHRASED,DRIVING_LICENCE_ACCOUNT_ACCESS_PROBLEM_F01,Easy,FALSE,Controlled paraphrase 1 of reviewed independent seed; family preserved; automated validation complete.
DLX_0219,সঠিক তথ্য দিয়েও বিআরটিএ পোর্টাল অ্যাকাউন্টে ঢুকতে পারছি না; পরের ধাপটা কী?,DRIVING_LICENCE,DRIVING_LICENCE_ONLINE_ACCOUNT,BRTA Service Portal Account,DRIVING_LICENCE_ACCOUNT_ACCESS_PROBLEM,General BRTA Portal Access Problem,Medium,Formal,FALSE,,PARAPHRASED,DRIVING_LICENCE_ACCOUNT_ACCESS_PROBLEM_F01,Easy,FALSE,Controlled paraphrase 2 of reviewed independent seed; family preserved; automated validation complete.
DLX_0220,"BSP account খুলছে না, error-এর কারণ বুঝছি না।",DRIVING_LICENCE,DRIVING_LICENCE_ONLINE_ACCOUNT,BRTA Service Portal Account,DRIVING_LICENCE_ACCOUNT_ACCESS_PROBLEM,General BRTA Portal Access Problem,Medium,Informal,FALSE,,SYNTHETIC,DRIVING_LICENCE_ACCOUNT_ACCESS_PROBLEM_F02,Medium,FALSE,Reviewed independent pilot seed retained for canonical expansion.
DLX_0221,"এটা নিয়ে সাহায্য দরকার: BSP account খুলছে না, error-এর কারণ বুঝছি না?",DRIVING_LICENCE,DRIVING_LICENCE_ONLINE_ACCOUNT,BRTA Service Portal Account,DRIVING_LICENCE_ACCOUNT_ACCESS_PROBLEM,General BRTA Portal Access Problem,Medium,Informal,FALSE,,PARAPHRASED,DRIVING_LICENCE_ACCOUNT_ACCESS_PROBLEM_F02,Medium,FALSE,Controlled paraphrase 1 of reviewed independent seed; family preserved; automated validation complete.
DLX_0222,"BSP account খুলছে না, error-এর কারণ বুঝছি না?",DRIVING_LICENCE,DRIVING_LICENCE_ONLINE_ACCOUNT,BRTA Service Portal Account,DRIVING_LICENCE_ACCOUNT_ACCESS_PROBLEM,General BRTA Portal Access Problem,Medium,Informal,FALSE,,PARAPHRASED,DRIVING_LICENCE_ACCOUNT_ACCESS_PROBLEM_F02,Medium,FALSE,Controlled paraphrase 2 of reviewed independent seed; family preserved; automated validation complete.
DLX_0229,ড্রাইভিং লাইসেন্স সেবার সরকারি ফি কীভাবে জানব?,DRIVING_LICENCE,DRIVING_LICENCE_PAYMENT,Driving Licence Fees and Payment,DRIVING_LICENCE_FEE_INFORMATION,Driving Licence Fee Information,Low,Formal,FALSE,,SYNTHETIC,DRIVING_LICENCE_FEE_INFORMATION_F01,Easy,FALSE,Reviewed independent pilot seed retained for canonical expansion.
DLX_0230,আমার ক্ষেত্রে ড্রাইভিং লাইসেন্স সেবার সরকারি ফি কোন প্রক্রিয়ায় জানব?,DRIVING_LICENCE,DRIVING_LICENCE_PAYMENT,Driving Licence Fees and Payment,DRIVING_LICENCE_FEE_INFORMATION,Driving Licence Fee Information,Low,Formal,FALSE,,PARAPHRASED,DRIVING_LICENCE_FEE_INFORMATION_F01,Easy,FALSE,Controlled paraphrase 1 of reviewed independent seed; family preserved; automated validation complete.
DLX_0231,ড্রাইভিং লাইসেন্স সেবার সরকারি ফি কোন প্রক্রিয়ায় জানব; পরের ধাপটা কী?,DRIVING_LICENCE,DRIVING_LICENCE_PAYMENT,Driving Licence Fees and Payment,DRIVING_LICENCE_FEE_INFORMATION,Driving Licence Fee Information,Low,Formal,FALSE,,PARAPHRASED,DRIVING_LICENCE_FEE_INFORMATION_F01,Easy,FALSE,Controlled paraphrase 2 of reviewed independent seed; family preserved; automated validation complete.
DLX_0232,"learner বা renewal-এর fee কত, কোথায় check করব?",DRIVING_LICENCE,DRIVING_LICENCE_PAYMENT,Driving Licence Fees and Payment,DRIVING_LICENCE_FEE_INFORMATION,Driving Licence Fee Information,Low,Informal,FALSE,,SYNTHETIC,DRIVING_LICENCE_FEE_INFORMATION_F02,Medium,FALSE,Reviewed independent pilot seed retained for canonical expansion.
DLX_0233,"এটা নিয়ে সাহায্য দরকার: learner বা renewal-এর fee কত, কোথায় check করতে হবে?",DRIVING_LICENCE,DRIVING_LICENCE_PAYMENT,Driving Licence Fees and Payment,DRIVING_LICENCE_FEE_INFORMATION,Driving Licence Fee Information,Low,Informal,FALSE,,PARAPHRASED,DRIVING_LICENCE_FEE_INFORMATION_F02,Medium,FALSE,Controlled paraphrase 1 of reviewed independent seed; family preserved; automated validation complete.
DLX_0234,"learner বা renewal-এর fee কত, কোথায় check করতে হবে?",DRIVING_LICENCE,DRIVING_LICENCE_PAYMENT,Driving Licence Fees and Payment,DRIVING_LICENCE_FEE_INFORMATION,Driving Licence Fee Information,Low,Informal,FALSE,,PARAPHRASED,DRIVING_LICENCE_FEE_INFORMATION_F02,Medium,FALSE,Controlled paraphrase 2 of reviewed independent seed; family preserved; automated validation complete.
DLX_0241,ড্রাইভিং লাইসেন্সের ফি কীভাবে পরিশোধ করব?,DRIVING_LICENCE,DRIVING_LICENCE_PAYMENT,Driving Licence Fees and Payment,DRIVING_LICENCE_PAYMENT_METHOD,Driving Licence Payment Method,Low,Formal,FALSE,,SYNTHETIC,DRIVING_LICENCE_PAYMENT_METHOD_F01,Easy,FALSE,Reviewed independent pilot seed retained for canonical expansion.
DLX_0242,আমার ক্ষেত্রে ড্রাইভিং লাইসেন্সের ফি কোন প্রক্রিয়ায় পরিশোধ করব?,DRIVING_LICENCE,DRIVING_LICENCE_PAYMENT,Driving Licence Fees and Payment,DRIVING_LICENCE_PAYMENT_METHOD,Driving Licence Payment Method,Low,Formal,FALSE,,PARAPHRASED,DRIVING_LICENCE_PAYMENT_METHOD_F01,Easy,FALSE,Controlled paraphrase 1 of reviewed independent seed; family preserved; automated validation complete.
DLX_0243,ড্রাইভিং লাইসেন্সের ফি কোন প্রক্রিয়ায় পরিশোধ করব; পরের ধাপটা কী?,DRIVING_LICENCE,DRIVING_LICENCE_PAYMENT,Driving Licence Fees and Payment,DRIVING_LICENCE_PAYMENT_METHOD,Driving Licence Payment Method,Low,Formal,FALSE,,PARAPHRASED,DRIVING_LICENCE_PAYMENT_METHOD_F01,Easy,FALSE,Controlled paraphrase 2 of reviewed independent seed; family preserved; automated validation complete.
DLX_0244,BSP payment-এর available method কী?,DRIVING_LICENCE,DRIVING_LICENCE_PAYMENT,Driving Licence Fees and Payment,DRIVING_LICENCE_PAYMENT_METHOD,Driving Licence Payment Method,Low,Informal,FALSE,,SYNTHETIC,DRIVING_LICENCE_PAYMENT_METHOD_F02,Medium,FALSE,Reviewed independent pilot seed retained for canonical expansion.
DLX_0245,এটা নিয়ে সাহায্য দরকার: BSP payment-এর available method কী?,DRIVING_LICENCE,DRIVING_LICENCE_PAYMENT,Driving Licence Fees and Payment,DRIVING_LICENCE_PAYMENT_METHOD,Driving Licence Payment Method,Low,Informal,FALSE,,PARAPHRASED,DRIVING_LICENCE_PAYMENT_METHOD_F02,Medium,FALSE,Controlled paraphrase 1 of reviewed independent seed; family preserved; automated validation complete.
DLX_0246,এই বিষয়ে সহায়তা চাই: BSP payment-এর available method কী?,DRIVING_LICENCE,DRIVING_LICENCE_PAYMENT,Driving Licence Fees and Payment,DRIVING_LICENCE_PAYMENT_METHOD,Driving Licence Payment Method,Low,Informal,FALSE,,PARAPHRASED,DRIVING_LICENCE_PAYMENT_METHOD_F02,Medium,FALSE,Controlled paraphrase 2 of reviewed independent seed; family preserved; automated validation complete.
DLX_0253,ড্রাইভিং লাইসেন্সের payment সফল হয়েছে কি না কীভাবে যাচাই করব?,DRIVING_LICENCE,DRIVING_LICENCE_PAYMENT,Driving Licence Fees and Payment,DRIVING_LICENCE_PAYMENT_VERIFICATION,Driving Licence Payment Verification,Low,Formal,FALSE,,SYNTHETIC,DRIVING_LICENCE_PAYMENT_VERIFICATION_F01,Easy,FALSE,Reviewed independent pilot seed retained for canonical expansion.
DLX_0254,আমার ক্ষেত্রে ড্রাইভিং লাইসেন্সের payment সফল হয়েছে কি না কোন প্রক্রিয়ায় যাচাই করব?,DRIVING_LICENCE,DRIVING_LICENCE_PAYMENT,Driving Licence Fees and Payment,DRIVING_LICENCE_PAYMENT_VERIFICATION,Driving Licence Payment Verification,Low,Formal,FALSE,,PARAPHRASED,DRIVING_LICENCE_PAYMENT_VERIFICATION_F01,Easy,FALSE,Controlled paraphrase 1 of reviewed independent seed; family preserved; automated validation complete.
DLX_0255,ড্রাইভিং লাইসেন্সের payment সফল হয়েছে কি না কোন প্রক্রিয়ায় যাচাই করব; পরের ধাপটা কী?,DRIVING_LICENCE,DRIVING_LICENCE_PAYMENT,Driving Licence Fees and Payment,DRIVING_LICENCE_PAYMENT_VERIFICATION,Driving Licence Payment Verification,Low,Formal,FALSE,,PARAPHRASED,DRIVING_LICENCE_PAYMENT_VERIFICATION_F01,Easy,FALSE,Controlled paraphrase 2 of reviewed independent seed; family preserved; automated validation complete.
DLX_0256,BSP-তে fee paid দেখাচ্ছে কিনা check করতে চাই।,DRIVING_LICENCE,DRIVING_LICENCE_PAYMENT,Driving Licence Fees and Payment,DRIVING_LICENCE_PAYMENT_VERIFICATION,Driving Licence Payment Verification,Low,Informal,FALSE,,SYNTHETIC,DRIVING_LICENCE_PAYMENT_VERIFICATION_F02,Medium,FALSE,Reviewed independent pilot seed retained for canonical expansion.
DLX_0257,এটা নিয়ে সাহায্য দরকার: BSP-তে fee paid দেখাচ্ছে কিনা check করতে প্রয়োজন?,DRIVING_LICENCE,DRIVING_LICENCE_PAYMENT,Driving Licence Fees and Payment,DRIVING_LICENCE_PAYMENT_VERIFICATION,Driving Licence Payment Verification,Low,Informal,FALSE,,PARAPHRASED,DRIVING_LICENCE_PAYMENT_VERIFICATION_F02,Medium,FALSE,Controlled paraphrase 1 of reviewed independent seed; family preserved; automated validation complete.
DLX_0258,BSP-তে fee paid দেখাচ্ছে কিনা check করতে প্রয়োজন?,DRIVING_LICENCE,DRIVING_LICENCE_PAYMENT,Driving Licence Fees and Payment,DRIVING_LICENCE_PAYMENT_VERIFICATION,Driving Licence Payment Verification,Low,Informal,FALSE,,PARAPHRASED,DRIVING_LICENCE_PAYMENT_VERIFICATION_F02,Medium,FALSE,Controlled paraphrase 2 of reviewed independent seed; family preserved; automated validation complete.
DLX_0265,ড্রাইভিং লাইসেন্সের ফি পরিশোধ ব্যর্থ হলে কী করব?,DRIVING_LICENCE,DRIVING_LICENCE_PAYMENT,Driving Licence Fees and Payment,DRIVING_LICENCE_PAYMENT_FAILURE,Driving Licence Payment Failure,Medium,Formal,FALSE,,SYNTHETIC,DRIVING_LICENCE_PAYMENT_FAILURE_F01,Easy,FALSE,Reviewed independent pilot seed retained for canonical expansion.
DLX_0266,আমার ক্ষেত্রে ড্রাইভিং লাইসেন্সের ফি পরিশোধ ব্যর্থ হলে কী করতে হবে?,DRIVING_LICENCE,DRIVING_LICENCE_PAYMENT,Driving Licence Fees and Payment,DRIVING_LICENCE_PAYMENT_FAILURE,Driving Licence Payment Failure,Medium,Formal,FALSE,,PARAPHRASED,DRIVING_LICENCE_PAYMENT_FAILURE_F01,Easy,FALSE,Controlled paraphrase 1 of reviewed independent seed; family preserved; automated validation complete.
DLX_0267,ড্রাইভিং লাইসেন্সের ফি পরিশোধ ব্যর্থ হলে কী করতে হবে; পরের ধাপটা কী?,DRIVING_LICENCE,DRIVING_LICENCE_PAYMENT,Driving Licence Fees and Payment,DRIVING_LICENCE_PAYMENT_FAILURE,Driving Licence Payment Failure,Medium,Formal,FALSE,,PARAPHRASED,DRIVING_LICENCE_PAYMENT_FAILURE_F01,Easy,FALSE,Controlled paraphrase 2 of reviewed independent seed; family preserved; automated validation complete.
DLX_0268,BSP payment বারবার fail করছে।,DRIVING_LICENCE,DRIVING_LICENCE_PAYMENT,Driving Licence Fees and Payment,DRIVING_LICENCE_PAYMENT_FAILURE,Driving Licence Payment Failure,Medium,Informal,FALSE,,SYNTHETIC,DRIVING_LICENCE_PAYMENT_FAILURE_F02,Medium,FALSE,Reviewed independent pilot seed retained for canonical expansion.
DLX_0269,এটা নিয়ে সাহায্য দরকার: BSP payment বারবার fail করছে?,DRIVING_LICENCE,DRIVING_LICENCE_PAYMENT,Driving Licence Fees and Payment,DRIVING_LICENCE_PAYMENT_FAILURE,Driving Licence Payment Failure,Medium,Informal,FALSE,,PARAPHRASED,DRIVING_LICENCE_PAYMENT_FAILURE_F02,Medium,FALSE,Controlled paraphrase 1 of reviewed independent seed; family preserved; automated validation complete.
DLX_0270,BSP payment বারবার fail করছে?,DRIVING_LICENCE,DRIVING_LICENCE_PAYMENT,Driving Licence Fees and Payment,DRIVING_LICENCE_PAYMENT_FAILURE,Driving Licence Payment Failure,Medium,Informal,FALSE,,PARAPHRASED,DRIVING_LICENCE_PAYMENT_FAILURE_F02,Medium,FALSE,Controlled paraphrase 2 of reviewed independent seed; family preserved; automated validation complete.
DLX_0277,ড্রাইভিং লাইসেন্স আবেদনের বর্তমান অবস্থা কীভাবে দেখব?,DRIVING_LICENCE,DRIVING_LICENCE_STATUS_DELIVERY,"Licence Status, Issuance and Delivery",DRIVING_LICENCE_APPLICATION_STATUS,Driving Licence Application Status,Low,Formal,FALSE,,SYNTHETIC,DRIVING_LICENCE_APPLICATION_STATUS_F01,Easy,FALSE,Reviewed independent pilot seed retained for canonical expansion.
DLX_0278,আমার ক্ষেত্রে ড্রাইভিং লাইসেন্স আবেদনের বর্তমান অবস্থা কোন প্রক্রিয়ায় দেখব?,DRIVING_LICENCE,DRIVING_LICENCE_STATUS_DELIVERY,"Licence Status, Issuance and Delivery",DRIVING_LICENCE_APPLICATION_STATUS,Driving Licence Application Status,Low,Formal,FALSE,,PARAPHRASED,DRIVING_LICENCE_APPLICATION_STATUS_F01,Easy,FALSE,Controlled paraphrase 1 of reviewed independent seed; family preserved; automated validation complete.
DLX_0279,ড্রাইভিং লাইসেন্স আবেদনের বর্তমান অবস্থা কোন প্রক্রিয়ায় দেখব; পরের ধাপটা কী?,DRIVING_LICENCE,DRIVING_LICENCE_STATUS_DELIVERY,"Licence Status, Issuance and Delivery",DRIVING_LICENCE_APPLICATION_STATUS,Driving Licence Application Status,Low,Formal,FALSE,,PARAPHRASED,DRIVING_LICENCE_APPLICATION_STATUS_F01,Easy,FALSE,Controlled paraphrase 2 of reviewed independent seed; family preserved; automated validation complete.
DLX_0280,আমার licence application কোন stage-এ আছে?,DRIVING_LICENCE,DRIVING_LICENCE_STATUS_DELIVERY,"Licence Status, Issuance and Delivery",DRIVING_LICENCE_APPLICATION_STATUS,Driving Licence Application Status,Low,Informal,FALSE,,SYNTHETIC,DRIVING_LICENCE_APPLICATION_STATUS_F02,Medium,FALSE,Reviewed independent pilot seed retained for canonical expansion.
DLX_0281,এটা নিয়ে সাহায্য দরকার: আমার licence application কোন stage-এ আছে?,DRIVING_LICENCE,DRIVING_LICENCE_STATUS_DELIVERY,"Licence Status, Issuance and Delivery",DRIVING_LICENCE_APPLICATION_STATUS,Driving Licence Application Status,Low,Informal,FALSE,,PARAPHRASED,DRIVING_LICENCE_APPLICATION_STATUS_F02,Medium,FALSE,Controlled paraphrase 1 of reviewed independent seed; family preserved; automated validation complete.
DLX_0282,এই বিষয়ে সহায়তা চাই: আমার licence application কোন stage-এ আছে?,DRIVING_LICENCE,DRIVING_LICENCE_STATUS_DELIVERY,"Licence Status, Issuance and Delivery",DRIVING_LICENCE_APPLICATION_STATUS,Driving Licence Application Status,Low,Informal,FALSE,,PARAPHRASED,DRIVING_LICENCE_APPLICATION_STATUS_F02,Medium,FALSE,Controlled paraphrase 2 of reviewed independent seed; family preserved; automated validation complete.
DLX_0289,ড্রাইভিং লাইসেন্স আবেদন দীর্ঘদিন pending থাকলে কী করব?,DRIVING_LICENCE,DRIVING_LICENCE_STATUS_DELIVERY,"Licence Status, Issuance and Delivery",DRIVING_LICENCE_APPLICATION_DELAY,Driving Licence Application Delay,Medium,Formal,FALSE,,SYNTHETIC,DRIVING_LICENCE_APPLICATION_DELAY_F01,Easy,FALSE,Reviewed independent pilot seed retained for canonical expansion.
DLX_0290,আমার ক্ষেত্রে ড্রাইভিং লাইসেন্স আবেদন দীর্ঘদিন pending থাকলে কী করতে হবে?,DRIVING_LICENCE,DRIVING_LICENCE_STATUS_DELIVERY,"Licence Status, Issuance and Delivery",DRIVING_LICENCE_APPLICATION_DELAY,Driving Licence Application Delay,Medium,Formal,FALSE,,PARAPHRASED,DRIVING_LICENCE_APPLICATION_DELAY_F01,Easy,FALSE,Controlled paraphrase 1 of reviewed independent seed; family preserved; automated validation complete.
DLX_0291,ড্রাইভিং লাইসেন্স আবেদন দীর্ঘদিন pending থাকলে কী করতে হবে; পরের ধাপটা কী?,DRIVING_LICENCE,DRIVING_LICENCE_STATUS_DELIVERY,"Licence Status, Issuance and Delivery",DRIVING_LICENCE_APPLICATION_DELAY,Driving Licence Application Delay,Medium,Formal,FALSE,,PARAPHRASED,DRIVING_LICENCE_APPLICATION_DELAY_F01,Easy,FALSE,Controlled paraphrase 2 of reviewed independent seed; family preserved; automated validation complete.
DLX_0292,"অনেক সময় হয়ে গেছে, licence-এর update আসছে না।",DRIVING_LICENCE,DRIVING_LICENCE_STATUS_DELIVERY,"Licence Status, Issuance and Delivery",DRIVING_LICENCE_APPLICATION_DELAY,Driving Licence Application Delay,Medium,Informal,FALSE,,SYNTHETIC,DRIVING_LICENCE_APPLICATION_DELAY_F02,Medium,FALSE,Reviewed independent pilot seed retained for canonical expansion.
DLX_0293,"এটা নিয়ে সাহায্য দরকার: অনেক সময় হয়ে গেছে, licence-এর update আসছে না?",DRIVING_LICENCE,DRIVING_LICENCE_STATUS_DELIVERY,"Licence Status, Issuance and Delivery",DRIVING_LICENCE_APPLICATION_DELAY,Driving Licence Application Delay,Medium,Informal,FALSE,,PARAPHRASED,DRIVING_LICENCE_APPLICATION_DELAY_F02,Medium,FALSE,Controlled paraphrase 1 of reviewed independent seed; family preserved; automated validation complete.
DLX_0294,"অনেক সময় হয়ে গেছে, licence-এর update আসছে না?",DRIVING_LICENCE,DRIVING_LICENCE_STATUS_DELIVERY,"Licence Status, Issuance and Delivery",DRIVING_LICENCE_APPLICATION_DELAY,Driving Licence Application Delay,Medium,Informal,FALSE,,PARAPHRASED,DRIVING_LICENCE_APPLICATION_DELAY_F02,Medium,FALSE,Controlled paraphrase 2 of reviewed independent seed; family preserved; automated validation complete.
DLX_0301,ড্রাইভিং লাইসেন্স সংগ্রহের জন্য প্রস্তুত হয়েছে কি না কীভাবে জানব?,DRIVING_LICENCE,DRIVING_LICENCE_STATUS_DELIVERY,"Licence Status, Issuance and Delivery",DRIVING_LICENCE_READY,Driving Licence Ready for Collection,Low,Formal,FALSE,,SYNTHETIC,DRIVING_LICENCE_READY_F01,Easy,FALSE,Reviewed independent pilot seed retained for canonical expansion.
DLX_0302,আমার ক্ষেত্রে ড্রাইভিং লাইসেন্স সংগ্রহের জন্য প্রস্তুত হয়েছে কি না কোন প্রক্রিয়ায় জানব?,DRIVING_LICENCE,DRIVING_LICENCE_STATUS_DELIVERY,"Licence Status, Issuance and Delivery",DRIVING_LICENCE_READY,Driving Licence Ready for Collection,Low,Formal,FALSE,,PARAPHRASED,DRIVING_LICENCE_READY_F01,Easy,FALSE,Controlled paraphrase 1 of reviewed independent seed; family preserved; automated validation complete.
DLX_0303,ড্রাইভিং লাইসেন্স সংগ্রহের জন্য প্রস্তুত হয়েছে কি না কোন প্রক্রিয়ায় জানব; পরের ধাপটা কী?,DRIVING_LICENCE,DRIVING_LICENCE_STATUS_DELIVERY,"Licence Status, Issuance and Delivery",DRIVING_LICENCE_READY,Driving Licence Ready for Collection,Low,Formal,FALSE,,PARAPHRASED,DRIVING_LICENCE_READY_F01,Easy,FALSE,Controlled paraphrase 2 of reviewed independent seed; family preserved; automated validation complete.
DLX_0304,smart card ready হয়েছে কিনা কোথায় check করব?,DRIVING_LICENCE,DRIVING_LICENCE_STATUS_DELIVERY,"Licence Status, Issuance and Delivery",DRIVING_LICENCE_READY,Driving Licence Ready for Collection,Low,Informal,FALSE,,SYNTHETIC,DRIVING_LICENCE_READY_F02,Medium,FALSE,Reviewed independent pilot seed retained for canonical expansion.
DLX_0305,এটা নিয়ে সাহায্য দরকার: smart card ready হয়েছে কিনা কোথায় check করতে হবে?,DRIVING_LICENCE,DRIVING_LICENCE_STATUS_DELIVERY,"Licence Status, Issuance and Delivery",DRIVING_LICENCE_READY,Driving Licence Ready for Collection,Low,Informal,FALSE,,PARAPHRASED,DRIVING_LICENCE_READY_F02,Medium,FALSE,Controlled paraphrase 1 of reviewed independent seed; family preserved; automated validation complete.
DLX_0306,smart card ready হয়েছে কিনা কোথায় check করতে হবে?,DRIVING_LICENCE,DRIVING_LICENCE_STATUS_DELIVERY,"Licence Status, Issuance and Delivery",DRIVING_LICENCE_READY,Driving Licence Ready for Collection,Low,Informal,FALSE,,PARAPHRASED,DRIVING_LICENCE_READY_F02,Medium,FALSE,Controlled paraphrase 2 of reviewed independent seed; family preserved; automated validation complete.
DLX_0313,প্রস্তুত ড্রাইভিং লাইসেন্স কীভাবে সংগ্রহ করব?,DRIVING_LICENCE,DRIVING_LICENCE_STATUS_DELIVERY,"Licence Status, Issuance and Delivery",DRIVING_LICENCE_COLLECTION_DELIVERY,Driving Licence Collection or Delivery,Low,Formal,FALSE,,SYNTHETIC,DRIVING_LICENCE_COLLECTION_DELIVERY_F01,Easy,FALSE,Reviewed independent pilot seed retained for canonical expansion.
DLX_0314,আমার ক্ষেত্রে প্রস্তুত ড্রাইভিং লাইসেন্স কোন প্রক্রিয়ায় সংগ্রহ করব?,DRIVING_LICENCE,DRIVING_LICENCE_STATUS_DELIVERY,"Licence Status, Issuance and Delivery",DRIVING_LICENCE_COLLECTION_DELIVERY,Driving Licence Collection or Delivery,Low,Formal,FALSE,,PARAPHRASED,DRIVING_LICENCE_COLLECTION_DELIVERY_F01,Easy,FALSE,Controlled paraphrase 1 of reviewed independent seed; family preserved; automated validation complete.
DLX_0315,প্রস্তুত ড্রাইভিং লাইসেন্স কীভাবে সংগ্রহ করতে হবে; পরের ধাপটা কী?,DRIVING_LICENCE,DRIVING_LICENCE_STATUS_DELIVERY,"Licence Status, Issuance and Delivery",DRIVING_LICENCE_COLLECTION_DELIVERY,Driving Licence Collection or Delivery,Low,Formal,FALSE,,PARAPHRASED,DRIVING_LICENCE_COLLECTION_DELIVERY_F01,Easy,FALSE,Controlled paraphrase 2 of reviewed independent seed; family preserved; automated validation complete.
DLX_0316,"smart card ready, এখন কোথা থেকে নেব?",DRIVING_LICENCE,DRIVING_LICENCE_STATUS_DELIVERY,"Licence Status, Issuance and Delivery",DRIVING_LICENCE_COLLECTION_DELIVERY,Driving Licence Collection or Delivery,Low,Informal,FALSE,,SYNTHETIC,DRIVING_LICENCE_COLLECTION_DELIVERY_F02,Medium,FALSE,Reviewed independent pilot seed retained for canonical expansion.
DLX_0317,"এটা নিয়ে সাহায্য দরকার: smart card ready, এখন কোথা থেকে নেব?",DRIVING_LICENCE,DRIVING_LICENCE_STATUS_DELIVERY,"Licence Status, Issuance and Delivery",DRIVING_LICENCE_COLLECTION_DELIVERY,Driving Licence Collection or Delivery,Low,Informal,FALSE,,PARAPHRASED,DRIVING_LICENCE_COLLECTION_DELIVERY_F02,Medium,FALSE,Controlled paraphrase 1 of reviewed independent seed; family preserved; automated validation complete.
DLX_0318,"এই বিষয়ে সহায়তা চাই: smart card ready, এখন কোথা থেকে নেব?",DRIVING_LICENCE,DRIVING_LICENCE_STATUS_DELIVERY,"Licence Status, Issuance and Delivery",DRIVING_LICENCE_COLLECTION_DELIVERY,Driving Licence Collection or Delivery,Low,Informal,FALSE,,PARAPHRASED,DRIVING_LICENCE_COLLECTION_DELIVERY_F02,Medium,FALSE,Controlled paraphrase 2 of reviewed independent seed; family preserved; automated validation complete.
DLX_0325,বিদ্যমান ড্রাইভিং লাইসেন্স কীভাবে অনলাইনে যাচাই করব?,DRIVING_LICENCE,DRIVING_LICENCE_STATUS_DELIVERY,"Licence Status, Issuance and Delivery",DRIVING_LICENCE_VERIFICATION,Driving Licence Verification,Low,Formal,FALSE,,SYNTHETIC,DRIVING_LICENCE_VERIFICATION_F01,Easy,FALSE,Reviewed independent pilot seed retained for canonical expansion.
DLX_0326,আমার ক্ষেত্রে বিদ্যমান ড্রাইভিং লাইসেন্স কীভাবে অনলাইনে যাপ্রয়োজন করব?,DRIVING_LICENCE,DRIVING_LICENCE_STATUS_DELIVERY,"Licence Status, Issuance and Delivery",DRIVING_LICENCE_VERIFICATION,Driving Licence Verification,Low,Formal,FALSE,,PARAPHRASED,DRIVING_LICENCE_VERIFICATION_F01,Easy,FALSE,Controlled paraphrase 1 of reviewed independent seed; family preserved; automated validation complete.
DLX_0327,বিদ্যমান ড্রাইভিং লাইসেন্স কোন প্রক্রিয়ায় অনলাইনে যাচাই করব; পরের ধাপটা কী?,DRIVING_LICENCE,DRIVING_LICENCE_STATUS_DELIVERY,"Licence Status, Issuance and Delivery",DRIVING_LICENCE_VERIFICATION,Driving Licence Verification,Low,Formal,FALSE,,PARAPHRASED,DRIVING_LICENCE_VERIFICATION_F01,Easy,FALSE,Controlled paraphrase 2 of reviewed independent seed; family preserved; automated validation complete.
DLX_0328,e-license record verify করার option কোথায়?,DRIVING_LICENCE,DRIVING_LICENCE_STATUS_DELIVERY,"Licence Status, Issuance and Delivery",DRIVING_LICENCE_VERIFICATION,Driving Licence Verification,Low,Informal,FALSE,,SYNTHETIC,DRIVING_LICENCE_VERIFICATION_F02,Medium,FALSE,Reviewed independent pilot seed retained for canonical expansion.
DLX_0329,এটা নিয়ে সাহায্য দরকার: e-license record verify করার option কোথায়?,DRIVING_LICENCE,DRIVING_LICENCE_STATUS_DELIVERY,"Licence Status, Issuance and Delivery",DRIVING_LICENCE_VERIFICATION,Driving Licence Verification,Low,Informal,FALSE,,PARAPHRASED,DRIVING_LICENCE_VERIFICATION_F02,Medium,FALSE,Controlled paraphrase 1 of reviewed independent seed; family preserved; automated validation complete.
DLX_0330,এই বিষয়ে সহায়তা চাই: e-license record verify করার option কোথায়?,DRIVING_LICENCE,DRIVING_LICENCE_STATUS_DELIVERY,"Licence Status, Issuance and Delivery",DRIVING_LICENCE_VERIFICATION,Driving Licence Verification,Low,Informal,FALSE,,PARAPHRASED,DRIVING_LICENCE_VERIFICATION_F02,Medium,FALSE,Controlled paraphrase 2 of reviewed independent seed; family preserved; automated validation complete.
DLX_0337,ড্রাইভিং লাইসেন্স নবায়নের প্রক্রিয়াটি কী?,DRIVING_LICENCE,DRIVING_LICENCE_RENEWAL,Driving Licence Renewal,DRIVING_LICENCE_RENEWAL_PROCESS,Driving Licence Renewal Process,Low,Formal,FALSE,,SYNTHETIC,DRIVING_LICENCE_RENEWAL_PROCESS_F01,Easy,FALSE,Reviewed independent pilot seed retained for canonical expansion.
DLX_0338,আমার ক্ষেত্রে ড্রাইভিং লাইসেন্স নবায়নের প্রক্রিয়াটি কী?,DRIVING_LICENCE,DRIVING_LICENCE_RENEWAL,Driving Licence Renewal,DRIVING_LICENCE_RENEWAL_PROCESS,Driving Licence Renewal Process,Low,Formal,FALSE,,PARAPHRASED,DRIVING_LICENCE_RENEWAL_PROCESS_F01,Easy,FALSE,Controlled paraphrase 1 of reviewed independent seed; family preserved; automated validation complete.
DLX_0339,ড্রাইভিং লাইসেন্স নবায়নের প্রক্রিয়াটি কী; পরের ধাপটা কী?,DRIVING_LICENCE,DRIVING_LICENCE_RENEWAL,Driving Licence Renewal,DRIVING_LICENCE_RENEWAL_PROCESS,Driving Licence Renewal Process,Low,Formal,FALSE,,PARAPHRASED,DRIVING_LICENCE_RENEWAL_PROCESS_F01,Easy,FALSE,Controlled paraphrase 2 of reviewed independent seed; family preserved; automated validation complete.
DLX_0340,"licence renew করতে চাই, কীভাবে apply করব?",DRIVING_LICENCE,DRIVING_LICENCE_RENEWAL,Driving Licence Renewal,DRIVING_LICENCE_RENEWAL_PROCESS,Driving Licence Renewal Process,Low,Informal,FALSE,,SYNTHETIC,DRIVING_LICENCE_RENEWAL_PROCESS_F02,Medium,FALSE,Reviewed independent pilot seed retained for canonical expansion.
DLX_0341,"এটা নিয়ে সাহায্য দরকার: licence renew করতে চাই, কোন প্রক্রিয়ায় apply করব?",DRIVING_LICENCE,DRIVING_LICENCE_RENEWAL,Driving Licence Renewal,DRIVING_LICENCE_RENEWAL_PROCESS,Driving Licence Renewal Process,Low,Informal,FALSE,,PARAPHRASED,DRIVING_LICENCE_RENEWAL_PROCESS_F02,Medium,FALSE,Controlled paraphrase 1 of reviewed independent seed; family preserved; automated validation complete.
DLX_0342,"licence renew করতে চাই, কোন প্রক্রিয়ায় apply করব?",DRIVING_LICENCE,DRIVING_LICENCE_RENEWAL,Driving Licence Renewal,DRIVING_LICENCE_RENEWAL_PROCESS,Driving Licence Renewal Process,Low,Informal,FALSE,,PARAPHRASED,DRIVING_LICENCE_RENEWAL_PROCESS_F02,Medium,FALSE,Controlled paraphrase 2 of reviewed independent seed; family preserved; automated validation complete.
DLX_0349,ড্রাইভিং লাইসেন্স নবায়নে কী কী কাগজপত্র লাগে?,DRIVING_LICENCE,DRIVING_LICENCE_RENEWAL,Driving Licence Renewal,DRIVING_LICENCE_RENEWAL_DOCUMENTS,Driving Licence Renewal Documents,Low,Formal,FALSE,,SYNTHETIC,DRIVING_LICENCE_RENEWAL_DOCUMENTS_F01,Easy,FALSE,Reviewed independent pilot seed retained for canonical expansion.
DLX_0350,আমার ক্ষেত্রে ড্রাইভিং লাইসেন্স নবায়নে কোন কোন কাগজপত্র লাগে?,DRIVING_LICENCE,DRIVING_LICENCE_RENEWAL,Driving Licence Renewal,DRIVING_LICENCE_RENEWAL_DOCUMENTS,Driving Licence Renewal Documents,Low,Formal,FALSE,,PARAPHRASED,DRIVING_LICENCE_RENEWAL_DOCUMENTS_F01,Easy,FALSE,Controlled paraphrase 1 of reviewed independent seed; family preserved; automated validation complete.
DLX_0351,ড্রাইভিং লাইসেন্স নবায়নে কোন কোন কাগজপত্র লাগে; পরের ধাপটা কী?,DRIVING_LICENCE,DRIVING_LICENCE_RENEWAL,Driving Licence Renewal,DRIVING_LICENCE_RENEWAL_DOCUMENTS,Driving Licence Renewal Documents,Low,Formal,FALSE,,PARAPHRASED,DRIVING_LICENCE_RENEWAL_DOCUMENTS_F01,Easy,FALSE,Controlled paraphrase 2 of reviewed independent seed; family preserved; automated validation complete.
DLX_0352,renewal application-এ old licence copy দিতে হবে?,DRIVING_LICENCE,DRIVING_LICENCE_RENEWAL,Driving Licence Renewal,DRIVING_LICENCE_RENEWAL_DOCUMENTS,Driving Licence Renewal Documents,Low,Informal,FALSE,,SYNTHETIC,DRIVING_LICENCE_RENEWAL_DOCUMENTS_F02,Medium,FALSE,Reviewed independent pilot seed retained for canonical expansion.
DLX_0353,এটা নিয়ে সাহায্য দরকার: renewal application-এ old licence copy দিতে হবে?,DRIVING_LICENCE,DRIVING_LICENCE_RENEWAL,Driving Licence Renewal,DRIVING_LICENCE_RENEWAL_DOCUMENTS,Driving Licence Renewal Documents,Low,Informal,FALSE,,PARAPHRASED,DRIVING_LICENCE_RENEWAL_DOCUMENTS_F02,Medium,FALSE,Controlled paraphrase 1 of reviewed independent seed; family preserved; automated validation complete.
DLX_0354,এই বিষয়ে সহায়তা চাই: renewal application-এ old licence copy দিতে হবে?,DRIVING_LICENCE,DRIVING_LICENCE_RENEWAL,Driving Licence Renewal,DRIVING_LICENCE_RENEWAL_DOCUMENTS,Driving Licence Renewal Documents,Low,Informal,FALSE,,PARAPHRASED,DRIVING_LICENCE_RENEWAL_DOCUMENTS_F02,Medium,FALSE,Controlled paraphrase 2 of reviewed independent seed; family preserved; automated validation complete.
DLX_0361,মেয়াদ শেষ হওয়া ড্রাইভিং লাইসেন্স কীভাবে নবায়ন করব?,DRIVING_LICENCE,DRIVING_LICENCE_RENEWAL,Driving Licence Renewal,DRIVING_LICENCE_EXPIRED_RENEWAL,Expired Driving Licence Renewal,Medium,Formal,FALSE,,SYNTHETIC,DRIVING_LICENCE_EXPIRED_RENEWAL_F01,Easy,FALSE,Reviewed independent pilot seed retained for canonical expansion.
DLX_0362,আমার ক্ষেত্রে মেয়াদ শেষ হওয়া ড্রাইভিং লাইসেন্স কীভাবে নবায়ন করতে হবে?,DRIVING_LICENCE,DRIVING_LICENCE_RENEWAL,Driving Licence Renewal,DRIVING_LICENCE_EXPIRED_RENEWAL,Expired Driving Licence Renewal,Medium,Formal,FALSE,,PARAPHRASED,DRIVING_LICENCE_EXPIRED_RENEWAL_F01,Easy,FALSE,Controlled paraphrase 1 of reviewed independent seed; family preserved; automated validation complete.
DLX_0363,মেয়াদ শেষ হওয়া ড্রাইভিং লাইসেন্স কীভাবে নবায়ন করতে হবে; পরের ধাপটা কী?,DRIVING_LICENCE,DRIVING_LICENCE_RENEWAL,Driving Licence Renewal,DRIVING_LICENCE_EXPIRED_RENEWAL,Expired Driving Licence Renewal,Medium,Formal,FALSE,,PARAPHRASED,DRIVING_LICENCE_EXPIRED_RENEWAL_F01,Easy,FALSE,Controlled paraphrase 2 of reviewed independent seed; family preserved; automated validation complete.
DLX_0364,"licence already expired, এখন renewal কীভাবে হবে?",DRIVING_LICENCE,DRIVING_LICENCE_RENEWAL,Driving Licence Renewal,DRIVING_LICENCE_EXPIRED_RENEWAL,Expired Driving Licence Renewal,Medium,Informal,FALSE,,SYNTHETIC,DRIVING_LICENCE_EXPIRED_RENEWAL_F02,Medium,FALSE,Reviewed independent pilot seed retained for canonical expansion.
DLX_0365,"এটা নিয়ে সাহায্য দরকার: licence already expired, এখন renewal কোন প্রক্রিয়ায় হবে?",DRIVING_LICENCE,DRIVING_LICENCE_RENEWAL,Driving Licence Renewal,DRIVING_LICENCE_EXPIRED_RENEWAL,Expired Driving Licence Renewal,Medium,Informal,FALSE,,PARAPHRASED,DRIVING_LICENCE_EXPIRED_RENEWAL_F02,Medium,FALSE,Controlled paraphrase 1 of reviewed independent seed; family preserved; automated validation complete.
DLX_0366,"licence already expired, এখন renewal কোন প্রক্রিয়ায় হবে?",DRIVING_LICENCE,DRIVING_LICENCE_RENEWAL,Driving Licence Renewal,DRIVING_LICENCE_EXPIRED_RENEWAL,Expired Driving Licence Renewal,Medium,Informal,FALSE,,PARAPHRASED,DRIVING_LICENCE_EXPIRED_RENEWAL_F02,Medium,FALSE,Controlled paraphrase 2 of reviewed independent seed; family preserved; automated validation complete.
DLX_0373,ডুপ্লিকেট ড্রাইভিং লাইসেন্সের আবেদন কীভাবে করব?,DRIVING_LICENCE,DRIVING_LICENCE_REPLACEMENT,Duplicate or Replacement Driving Licence,DRIVING_LICENCE_DUPLICATE_PROCESS,Duplicate Driving Licence Process,Low,Formal,FALSE,,SYNTHETIC,DRIVING_LICENCE_DUPLICATE_PROCESS_F01,Easy,FALSE,Reviewed independent pilot seed retained for canonical expansion.
DLX_0374,আমার ক্ষেত্রে ডুপ্লিকেট ড্রাইভিং লাইসেন্সের আবেদন কোন প্রক্রিয়ায় করব?,DRIVING_LICENCE,DRIVING_LICENCE_REPLACEMENT,Duplicate or Replacement Driving Licence,DRIVING_LICENCE_DUPLICATE_PROCESS,Duplicate Driving Licence Process,Low,Formal,FALSE,,PARAPHRASED,DRIVING_LICENCE_DUPLICATE_PROCESS_F01,Easy,FALSE,Controlled paraphrase 1 of reviewed independent seed; family preserved; automated validation complete.
DLX_0375,ডুপ্লিকেট ড্রাইভিং লাইসেন্সের আবেদন কোন প্রক্রিয়ায় করব; পরের ধাপটা কী?,DRIVING_LICENCE,DRIVING_LICENCE_REPLACEMENT,Duplicate or Replacement Driving Licence,DRIVING_LICENCE_DUPLICATE_PROCESS,Duplicate Driving Licence Process,Low,Formal,FALSE,,PARAPHRASED,DRIVING_LICENCE_DUPLICATE_PROCESS_F01,Easy,FALSE,Controlled paraphrase 2 of reviewed independent seed; family preserved; automated validation complete.
DLX_0376,replacement licence করতে কী process?,DRIVING_LICENCE,DRIVING_LICENCE_REPLACEMENT,Duplicate or Replacement Driving Licence,DRIVING_LICENCE_DUPLICATE_PROCESS,Duplicate Driving Licence Process,Low,Informal,FALSE,,SYNTHETIC,DRIVING_LICENCE_DUPLICATE_PROCESS_F02,Medium,FALSE,Reviewed independent pilot seed retained for canonical expansion.
DLX_0377,এটা নিয়ে সাহায্য দরকার: replacement licence করতে কী process?,DRIVING_LICENCE,DRIVING_LICENCE_REPLACEMENT,Duplicate or Replacement Driving Licence,DRIVING_LICENCE_DUPLICATE_PROCESS,Duplicate Driving Licence Process,Low,Informal,FALSE,,PARAPHRASED,DRIVING_LICENCE_DUPLICATE_PROCESS_F02,Medium,FALSE,Controlled paraphrase 1 of reviewed independent seed; family preserved; automated validation complete.
DLX_0378,এই বিষয়ে সহায়তা চাই: replacement licence করতে কী process?,DRIVING_LICENCE,DRIVING_LICENCE_REPLACEMENT,Duplicate or Replacement Driving Licence,DRIVING_LICENCE_DUPLICATE_PROCESS,Duplicate Driving Licence Process,Low,Informal,FALSE,,PARAPHRASED,DRIVING_LICENCE_DUPLICATE_PROCESS_F02,Medium,FALSE,Controlled paraphrase 2 of reviewed independent seed; family preserved; automated validation complete.
DLX_0385,ড্রাইভিং লাইসেন্স হারিয়ে গেলে replacement কীভাবে পাব?,DRIVING_LICENCE,DRIVING_LICENCE_REPLACEMENT,Duplicate or Replacement Driving Licence,DRIVING_LICENCE_LOST_REPLACEMENT,Lost Driving Licence Replacement,Medium,Formal,FALSE,,SYNTHETIC,DRIVING_LICENCE_LOST_REPLACEMENT_F01,Easy,FALSE,Reviewed independent pilot seed retained for canonical expansion.
DLX_0386,আমার ক্ষেত্রে ড্রাইভিং লাইসেন্স হারিয়ে গেলে replacement কোন প্রক্রিয়ায় পাব?,DRIVING_LICENCE,DRIVING_LICENCE_REPLACEMENT,Duplicate or Replacement Driving Licence,DRIVING_LICENCE_LOST_REPLACEMENT,Lost Driving Licence Replacement,Medium,Formal,FALSE,,PARAPHRASED,DRIVING_LICENCE_LOST_REPLACEMENT_F01,Easy,FALSE,Controlled paraphrase 1 of reviewed independent seed; family preserved; automated validation complete.
DLX_0387,ড্রাইভিং লাইসেন্স হারিয়ে গেলে replacement কোন প্রক্রিয়ায় পাব; পরের ধাপটা কী?,DRIVING_LICENCE,DRIVING_LICENCE_REPLACEMENT,Duplicate or Replacement Driving Licence,DRIVING_LICENCE_LOST_REPLACEMENT,Lost Driving Licence Replacement,Medium,Formal,FALSE,,PARAPHRASED,DRIVING_LICENCE_LOST_REPLACEMENT_F01,Easy,FALSE,Controlled paraphrase 2 of reviewed independent seed; family preserved; automated validation complete.
DLX_0388,"licence হারিয়ে গেছে, duplicate করতে চাই।",DRIVING_LICENCE,DRIVING_LICENCE_REPLACEMENT,Duplicate or Replacement Driving Licence,DRIVING_LICENCE_LOST_REPLACEMENT,Lost Driving Licence Replacement,Medium,Informal,FALSE,,SYNTHETIC,DRIVING_LICENCE_LOST_REPLACEMENT_F02,Medium,FALSE,Reviewed independent pilot seed retained for canonical expansion.
DLX_0389,"এটা নিয়ে সাহায্য দরকার: licence হারিয়ে গেছে, duplicate করতে প্রয়োজন?",DRIVING_LICENCE,DRIVING_LICENCE_REPLACEMENT,Duplicate or Replacement Driving Licence,DRIVING_LICENCE_LOST_REPLACEMENT,Lost Driving Licence Replacement,Medium,Informal,FALSE,,PARAPHRASED,DRIVING_LICENCE_LOST_REPLACEMENT_F02,Medium,FALSE,Controlled paraphrase 1 of reviewed independent seed; family preserved; automated validation complete.
DLX_0390,"licence হারিয়ে গেছে, duplicate করতে প্রয়োজন?",DRIVING_LICENCE,DRIVING_LICENCE_REPLACEMENT,Duplicate or Replacement Driving Licence,DRIVING_LICENCE_LOST_REPLACEMENT,Lost Driving Licence Replacement,Medium,Informal,FALSE,,PARAPHRASED,DRIVING_LICENCE_LOST_REPLACEMENT_F02,Medium,FALSE,Controlled paraphrase 2 of reviewed independent seed; family preserved; automated validation complete.
DLX_0397,নষ্ট ড্রাইভিং লাইসেন্সের replacement কীভাবে করব?,DRIVING_LICENCE,DRIVING_LICENCE_REPLACEMENT,Duplicate or Replacement Driving Licence,DRIVING_LICENCE_DAMAGED_REPLACEMENT,Damaged Driving Licence Replacement,Medium,Formal,FALSE,,SYNTHETIC,DRIVING_LICENCE_DAMAGED_REPLACEMENT_F01,Easy,FALSE,Reviewed independent pilot seed retained for canonical expansion.
DLX_0398,আমার ক্ষেত্রে নষ্ট ড্রাইভিং লাইসেন্সের replacement কোন প্রক্রিয়ায় করব?,DRIVING_LICENCE,DRIVING_LICENCE_REPLACEMENT,Duplicate or Replacement Driving Licence,DRIVING_LICENCE_DAMAGED_REPLACEMENT,Damaged Driving Licence Replacement,Medium,Formal,FALSE,,PARAPHRASED,DRIVING_LICENCE_DAMAGED_REPLACEMENT_F01,Easy,FALSE,Controlled paraphrase 1 of reviewed independent seed; family preserved; automated validation complete.
DLX_0399,নষ্ট ড্রাইভিং লাইসেন্সের replacement কোন প্রক্রিয়ায় করব; পরের ধাপটা কী?,DRIVING_LICENCE,DRIVING_LICENCE_REPLACEMENT,Duplicate or Replacement Driving Licence,DRIVING_LICENCE_DAMAGED_REPLACEMENT,Damaged Driving Licence Replacement,Medium,Formal,FALSE,,PARAPHRASED,DRIVING_LICENCE_DAMAGED_REPLACEMENT_F01,Easy,FALSE,Controlled paraphrase 2 of reviewed independent seed; family preserved; automated validation complete.
DLX_0400,"licence card ভেঙে গেছে, duplicate লাগবে।",DRIVING_LICENCE,DRIVING_LICENCE_REPLACEMENT,Duplicate or Replacement Driving Licence,DRIVING_LICENCE_DAMAGED_REPLACEMENT,Damaged Driving Licence Replacement,Medium,Informal,FALSE,,SYNTHETIC,DRIVING_LICENCE_DAMAGED_REPLACEMENT_F02,Medium,FALSE,Reviewed independent pilot seed retained for canonical expansion.
DLX_0401,"এটা নিয়ে সাহায্য দরকার: licence card ভেঙে গেছে, duplicate দরকার হবে?",DRIVING_LICENCE,DRIVING_LICENCE_REPLACEMENT,Duplicate or Replacement Driving Licence,DRIVING_LICENCE_DAMAGED_REPLACEMENT,Damaged Driving Licence Replacement,Medium,Informal,FALSE,,PARAPHRASED,DRIVING_LICENCE_DAMAGED_REPLACEMENT_F02,Medium,FALSE,Controlled paraphrase 1 of reviewed independent seed; family preserved; automated validation complete.
DLX_0402,"licence card ভেঙে গেছে, duplicate দরকার হবে?",DRIVING_LICENCE,DRIVING_LICENCE_REPLACEMENT,Duplicate or Replacement Driving Licence,DRIVING_LICENCE_DAMAGED_REPLACEMENT,Damaged Driving Licence Replacement,Medium,Informal,FALSE,,PARAPHRASED,DRIVING_LICENCE_DAMAGED_REPLACEMENT_F02,Medium,FALSE,Controlled paraphrase 2 of reviewed independent seed; family preserved; automated validation complete.
DLX_0409,ড্রাইভিং লাইসেন্সে ভুল ব্যক্তিগত তথ্য কীভাবে সংশোধন করব?,DRIVING_LICENCE,DRIVING_LICENCE_CHANGES,Driving Licence Information and Class Changes,DRIVING_LICENCE_INFORMATION_CORRECTION,Driving Licence Information Correction,Medium,Formal,FALSE,,SYNTHETIC,DRIVING_LICENCE_INFORMATION_CORRECTION_F01,Easy,FALSE,Reviewed independent pilot seed retained for canonical expansion.
DLX_0410,আমার ক্ষেত্রে ড্রাইভিং লাইসেন্সে ভুল ব্যক্তিগত তথ্য কীভাবে সংশোধন করতে হবে?,DRIVING_LICENCE,DRIVING_LICENCE_CHANGES,Driving Licence Information and Class Changes,DRIVING_LICENCE_INFORMATION_CORRECTION,Driving Licence Information Correction,Medium,Formal,FALSE,,PARAPHRASED,DRIVING_LICENCE_INFORMATION_CORRECTION_F01,Easy,FALSE,Controlled paraphrase 1 of reviewed independent seed; family preserved; automated validation complete.
DLX_0411,ড্রাইভিং লাইসেন্সে ভুল ব্যক্তিগত তথ্য কীভাবে সংশোধন করতে হবে; পরের ধাপটা কী?,DRIVING_LICENCE,DRIVING_LICENCE_CHANGES,Driving Licence Information and Class Changes,DRIVING_LICENCE_INFORMATION_CORRECTION,Driving Licence Information Correction,Medium,Formal,FALSE,,PARAPHRASED,DRIVING_LICENCE_INFORMATION_CORRECTION_F01,Easy,FALSE,Controlled paraphrase 2 of reviewed independent seed; family preserved; automated validation complete.
DLX_0412,"licence-এ নামের spelling ভুল, update করতে চাই।",DRIVING_LICENCE,DRIVING_LICENCE_CHANGES,Driving Licence Information and Class Changes,DRIVING_LICENCE_INFORMATION_CORRECTION,Driving Licence Information Correction,Medium,Informal,FALSE,,SYNTHETIC,DRIVING_LICENCE_INFORMATION_CORRECTION_F02,Medium,FALSE,Reviewed independent pilot seed retained for canonical expansion.
DLX_0413,"এটা নিয়ে সাহায্য দরকার: licence-এ নামের spelling ভুল, update করতে প্রয়োজন?",DRIVING_LICENCE,DRIVING_LICENCE_CHANGES,Driving Licence Information and Class Changes,DRIVING_LICENCE_INFORMATION_CORRECTION,Driving Licence Information Correction,Medium,Informal,FALSE,,PARAPHRASED,DRIVING_LICENCE_INFORMATION_CORRECTION_F02,Medium,FALSE,Controlled paraphrase 1 of reviewed independent seed; family preserved; automated validation complete.
DLX_0414,"licence-এ নামের spelling ভুল, update করতে প্রয়োজন?",DRIVING_LICENCE,DRIVING_LICENCE_CHANGES,Driving Licence Information and Class Changes,DRIVING_LICENCE_INFORMATION_CORRECTION,Driving Licence Information Correction,Medium,Informal,FALSE,,PARAPHRASED,DRIVING_LICENCE_INFORMATION_CORRECTION_F02,Medium,FALSE,Controlled paraphrase 2 of reviewed independent seed; family preserved; automated validation complete.
DLX_0421,ড্রাইভিং লাইসেন্সের ঠিকানা কীভাবে পরিবর্তন করব?,DRIVING_LICENCE,DRIVING_LICENCE_CHANGES,Driving Licence Information and Class Changes,DRIVING_LICENCE_ADDRESS_CHANGE,Driving Licence Address Change,Low,Formal,FALSE,,SYNTHETIC,DRIVING_LICENCE_ADDRESS_CHANGE_F01,Easy,FALSE,Reviewed independent pilot seed retained for canonical expansion.
DLX_0422,আমার ক্ষেত্রে ড্রাইভিং লাইসেন্সের ঠিকানা কোন প্রক্রিয়ায় পরিবর্তন করব?,DRIVING_LICENCE,DRIVING_LICENCE_CHANGES,Driving Licence Information and Class Changes,DRIVING_LICENCE_ADDRESS_CHANGE,Driving Licence Address Change,Low,Formal,FALSE,,PARAPHRASED,DRIVING_LICENCE_ADDRESS_CHANGE_F01,Easy,FALSE,Controlled paraphrase 1 of reviewed independent seed; family preserved; automated validation complete.
DLX_0423,ড্রাইভিং লাইসেন্সের ঠিকানা কোন প্রক্রিয়ায় পরিবর্তন করব; পরের ধাপটা কী?,DRIVING_LICENCE,DRIVING_LICENCE_CHANGES,Driving Licence Information and Class Changes,DRIVING_LICENCE_ADDRESS_CHANGE,Driving Licence Address Change,Low,Formal,FALSE,,PARAPHRASED,DRIVING_LICENCE_ADDRESS_CHANGE_F01,Easy,FALSE,Controlled paraphrase 2 of reviewed independent seed; family preserved; automated validation complete.
DLX_0424,"বাসা বদলেছি, licence address update করতে চাই।",DRIVING_LICENCE,DRIVING_LICENCE_CHANGES,Driving Licence Information and Class Changes,DRIVING_LICENCE_ADDRESS_CHANGE,Driving Licence Address Change,Low,Informal,FALSE,,SYNTHETIC,DRIVING_LICENCE_ADDRESS_CHANGE_F02,Medium,FALSE,Reviewed independent pilot seed retained for canonical expansion.
DLX_0425,"এটা নিয়ে সাহায্য দরকার: বাসা বদলেছি, licence address update করতে প্রয়োজন?",DRIVING_LICENCE,DRIVING_LICENCE_CHANGES,Driving Licence Information and Class Changes,DRIVING_LICENCE_ADDRESS_CHANGE,Driving Licence Address Change,Low,Informal,FALSE,,PARAPHRASED,DRIVING_LICENCE_ADDRESS_CHANGE_F02,Medium,FALSE,Controlled paraphrase 1 of reviewed independent seed; family preserved; automated validation complete.
DLX_0426,"বাসা বদলেছি, licence address update করতে প্রয়োজন?",DRIVING_LICENCE,DRIVING_LICENCE_CHANGES,Driving Licence Information and Class Changes,DRIVING_LICENCE_ADDRESS_CHANGE,Driving Licence Address Change,Low,Informal,FALSE,,PARAPHRASED,DRIVING_LICENCE_ADDRESS_CHANGE_F02,Medium,FALSE,Controlled paraphrase 2 of reviewed independent seed; family preserved; automated validation complete.
DLX_0433,বিদ্যমান লাইসেন্সে নতুন মোটরযান শ্রেণি কীভাবে যোগ করব?,DRIVING_LICENCE,DRIVING_LICENCE_CHANGES,Driving Licence Information and Class Changes,DRIVING_LICENCE_VEHICLE_CLASS_CHANGE,Vehicle Class Addition or Change,Low,Formal,FALSE,,SYNTHETIC,DRIVING_LICENCE_VEHICLE_CLASS_CHANGE_F01,Easy,FALSE,Reviewed independent pilot seed retained for canonical expansion.
DLX_0434,আমার ক্ষেত্রে বিদ্যমান লাইসেন্সে নতুন মোটরযান শ্রেণি কোন প্রক্রিয়ায় যোগ করব?,DRIVING_LICENCE,DRIVING_LICENCE_CHANGES,Driving Licence Information and Class Changes,DRIVING_LICENCE_VEHICLE_CLASS_CHANGE,Vehicle Class Addition or Change,Low,Formal,FALSE,,PARAPHRASED,DRIVING_LICENCE_VEHICLE_CLASS_CHANGE_F01,Easy,FALSE,Controlled paraphrase 1 of reviewed independent seed; family preserved; automated validation complete.
DLX_0435,বিদ্যমান লাইসেন্সে নতুন মোটরযান শ্রেণি কোন প্রক্রিয়ায় যোগ করব; পরের ধাপটা কী?,DRIVING_LICENCE,DRIVING_LICENCE_CHANGES,Driving Licence Information and Class Changes,DRIVING_LICENCE_VEHICLE_CLASS_CHANGE,Vehicle Class Addition or Change,Low,Formal,FALSE,,PARAPHRASED,DRIVING_LICENCE_VEHICLE_CLASS_CHANGE_F01,Easy,FALSE,Controlled paraphrase 2 of reviewed independent seed; family preserved; automated validation complete.
DLX_0436,licence-এ motorcycle class add করতে চাই।,DRIVING_LICENCE,DRIVING_LICENCE_CHANGES,Driving Licence Information and Class Changes,DRIVING_LICENCE_VEHICLE_CLASS_CHANGE,Vehicle Class Addition or Change,Low,Informal,FALSE,,SYNTHETIC,DRIVING_LICENCE_VEHICLE_CLASS_CHANGE_F02,Medium,FALSE,Reviewed independent pilot seed retained for canonical expansion.
DLX_0437,এটা নিয়ে সাহায্য দরকার: licence-এ motorcycle class add করতে প্রয়োজন?,DRIVING_LICENCE,DRIVING_LICENCE_CHANGES,Driving Licence Information and Class Changes,DRIVING_LICENCE_VEHICLE_CLASS_CHANGE,Vehicle Class Addition or Change,Low,Informal,FALSE,,PARAPHRASED,DRIVING_LICENCE_VEHICLE_CLASS_CHANGE_F02,Medium,FALSE,Controlled paraphrase 1 of reviewed independent seed; family preserved; automated validation complete.
DLX_0438,licence-এ motorcycle class add করতে প্রয়োজন?,DRIVING_LICENCE,DRIVING_LICENCE_CHANGES,Driving Licence Information and Class Changes,DRIVING_LICENCE_VEHICLE_CLASS_CHANGE,Vehicle Class Addition or Change,Low,Informal,FALSE,,PARAPHRASED,DRIVING_LICENCE_VEHICLE_CLASS_CHANGE_F02,Medium,FALSE,Controlled paraphrase 2 of reviewed independent seed; family preserved; automated validation complete.
DLX_0445,বিদ্যমান ড্রাইভিং লাইসেন্সের ধরন কীভাবে পরিবর্তন করব?,DRIVING_LICENCE,DRIVING_LICENCE_CHANGES,Driving Licence Information and Class Changes,DRIVING_LICENCE_TYPE_CHANGE,Professional/Non-Professional Licence Type Change,Low,Formal,FALSE,,SYNTHETIC,DRIVING_LICENCE_TYPE_CHANGE_F01,Easy,FALSE,Reviewed independent pilot seed retained for canonical expansion.
DLX_0446,আমার ক্ষেত্রে বিদ্যমান ড্রাইভিং লাইসেন্সের ধরন কোন প্রক্রিয়ায় পরিবর্তন করব?,DRIVING_LICENCE,DRIVING_LICENCE_CHANGES,Driving Licence Information and Class Changes,DRIVING_LICENCE_TYPE_CHANGE,Professional/Non-Professional Licence Type Change,Low,Formal,FALSE,,PARAPHRASED,DRIVING_LICENCE_TYPE_CHANGE_F01,Easy,FALSE,Controlled paraphrase 1 of reviewed independent seed; family preserved; automated validation complete.
DLX_0447,বিদ্যমান ড্রাইভিং লাইসেন্সের ধরন কোন প্রক্রিয়ায় পরিবর্তন করব; পরের ধাপটা কী?,DRIVING_LICENCE,DRIVING_LICENCE_CHANGES,Driving Licence Information and Class Changes,DRIVING_LICENCE_TYPE_CHANGE,Professional/Non-Professional Licence Type Change,Low,Formal,FALSE,,PARAPHRASED,DRIVING_LICENCE_TYPE_CHANGE_F01,Easy,FALSE,Controlled paraphrase 2 of reviewed independent seed; family preserved; automated validation complete.
DLX_0448,non-professional থেকে professional type change করতে চাই।,DRIVING_LICENCE,DRIVING_LICENCE_CHANGES,Driving Licence Information and Class Changes,DRIVING_LICENCE_TYPE_CHANGE,Professional/Non-Professional Licence Type Change,Low,Informal,FALSE,,SYNTHETIC,DRIVING_LICENCE_TYPE_CHANGE_F02,Medium,FALSE,Reviewed independent pilot seed retained for canonical expansion.
DLX_0449,এটা নিয়ে সাহায্য দরকার: non-professional থেকে professional type change করতে প্রয়োজন?,DRIVING_LICENCE,DRIVING_LICENCE_CHANGES,Driving Licence Information and Class Changes,DRIVING_LICENCE_TYPE_CHANGE,Professional/Non-Professional Licence Type Change,Low,Informal,FALSE,,PARAPHRASED,DRIVING_LICENCE_TYPE_CHANGE_F02,Medium,FALSE,Controlled paraphrase 1 of reviewed independent seed; family preserved; automated validation complete.
DLX_0450,non-professional থেকে professional type change করতে প্রয়োজন?,DRIVING_LICENCE,DRIVING_LICENCE_CHANGES,Driving Licence Information and Class Changes,DRIVING_LICENCE_TYPE_CHANGE,Professional/Non-Professional Licence Type Change,Low,Informal,FALSE,,PARAPHRASED,DRIVING_LICENCE_TYPE_CHANGE_F02,Medium,FALSE,Controlled paraphrase 2 of reviewed independent seed; family preserved; automated validation complete.
DLX_0457,ড্রাইভিং লাইসেন্স সংক্রান্ত কী কী সেবা পাওয়া যায়?,DRIVING_LICENCE,DRIVING_LICENCE_GENERAL,General Driving Licence Information,DRIVING_LICENCE_GENERAL_GUIDANCE,General Driving Licence Service Guidance,Low,Formal,FALSE,,SYNTHETIC,DRIVING_LICENCE_GENERAL_GUIDANCE_F01,Easy,FALSE,Reviewed independent pilot seed retained for canonical expansion.
DLX_0458,আমার ক্ষেত্রে ড্রাইভিং লাইসেন্স সংক্রান্ত কোন কোন সেবা পাওয়া যায়?,DRIVING_LICENCE,DRIVING_LICENCE_GENERAL,General Driving Licence Information,DRIVING_LICENCE_GENERAL_GUIDANCE,General Driving Licence Service Guidance,Low,Formal,FALSE,,PARAPHRASED,DRIVING_LICENCE_GENERAL_GUIDANCE_F01,Easy,FALSE,Controlled paraphrase 1 of reviewed independent seed; family preserved; automated validation complete.
DLX_0459,ড্রাইভিং লাইসেন্স সংক্রান্ত কোন কোন সেবা পাওয়া যায়; পরের ধাপটা কী?,DRIVING_LICENCE,DRIVING_LICENCE_GENERAL,General Driving Licence Information,DRIVING_LICENCE_GENERAL_GUIDANCE,General Driving Licence Service Guidance,Low,Formal,FALSE,,PARAPHRASED,DRIVING_LICENCE_GENERAL_GUIDANCE_F01,Easy,FALSE,Controlled paraphrase 2 of reviewed independent seed; family preserved; automated validation complete.
DLX_0460,licence নিয়ে কোন কাজের জন্য কোন BRTA option ব্যবহার করব?,DRIVING_LICENCE,DRIVING_LICENCE_GENERAL,General Driving Licence Information,DRIVING_LICENCE_GENERAL_GUIDANCE,General Driving Licence Service Guidance,Low,Informal,FALSE,,SYNTHETIC,DRIVING_LICENCE_GENERAL_GUIDANCE_F02,Medium,FALSE,Reviewed independent pilot seed retained for canonical expansion.
DLX_0461,এটা নিয়ে সাহায্য দরকার: licence নিয়ে কোন কাজের জন্য কোন BRTA option ব্যবহার করতে হবে?,DRIVING_LICENCE,DRIVING_LICENCE_GENERAL,General Driving Licence Information,DRIVING_LICENCE_GENERAL_GUIDANCE,General Driving Licence Service Guidance,Low,Informal,FALSE,,PARAPHRASED,DRIVING_LICENCE_GENERAL_GUIDANCE_F02,Medium,FALSE,Controlled paraphrase 1 of reviewed independent seed; family preserved; automated validation complete.
DLX_0462,licence নিয়ে কোন কাজের জন্য কোন BRTA option ব্যবহার করতে হবে?,DRIVING_LICENCE,DRIVING_LICENCE_GENERAL,General Driving Licence Information,DRIVING_LICENCE_GENERAL_GUIDANCE,General Driving Licence Service Guidance,Low,Informal,FALSE,,PARAPHRASED,DRIVING_LICENCE_GENERAL_GUIDANCE_F02,Medium,FALSE,Controlled paraphrase 2 of reviewed independent seed; family preserved; automated validation complete.
DLX_0469,বিআরটিএ সার্ভিস পোর্টাল না খুললে কী করব?,DRIVING_LICENCE,DRIVING_LICENCE_GENERAL,General Driving Licence Information,DRIVING_LICENCE_PORTAL_UNAVAILABLE,BRTA Service Portal Unavailable,Medium,Formal,FALSE,,SYNTHETIC,DRIVING_LICENCE_PORTAL_UNAVAILABLE_F01,Easy,FALSE,Reviewed independent pilot seed retained for canonical expansion.
DLX_0470,আমার ক্ষেত্রে বিআরটিএ সার্ভিস পোর্টাল না খুললে কী করতে হবে?,DRIVING_LICENCE,DRIVING_LICENCE_GENERAL,General Driving Licence Information,DRIVING_LICENCE_PORTAL_UNAVAILABLE,BRTA Service Portal Unavailable,Medium,Formal,FALSE,,PARAPHRASED,DRIVING_LICENCE_PORTAL_UNAVAILABLE_F01,Easy,FALSE,Controlled paraphrase 1 of reviewed independent seed; family preserved; automated validation complete.
DLX_0471,বিআরটিএ সার্ভিস পোর্টাল না খুললে কী করতে হবে; পরের ধাপটা কী?,DRIVING_LICENCE,DRIVING_LICENCE_GENERAL,General Driving Licence Information,DRIVING_LICENCE_PORTAL_UNAVAILABLE,BRTA Service Portal Unavailable,Medium,Formal,FALSE,,PARAPHRASED,DRIVING_LICENCE_PORTAL_UNAVAILABLE_F01,Easy,FALSE,Controlled paraphrase 2 of reviewed independent seed; family preserved; automated validation complete.
DLX_0472,BSP website load হচ্ছে না।,DRIVING_LICENCE,DRIVING_LICENCE_GENERAL,General Driving Licence Information,DRIVING_LICENCE_PORTAL_UNAVAILABLE,BRTA Service Portal Unavailable,Medium,Informal,FALSE,,SYNTHETIC,DRIVING_LICENCE_PORTAL_UNAVAILABLE_F02,Medium,FALSE,Reviewed independent pilot seed retained for canonical expansion.
DLX_0473,এটা নিয়ে সাহায্য দরকার: BSP website load হচ্ছে না?,DRIVING_LICENCE,DRIVING_LICENCE_GENERAL,General Driving Licence Information,DRIVING_LICENCE_PORTAL_UNAVAILABLE,BRTA Service Portal Unavailable,Medium,Informal,FALSE,,PARAPHRASED,DRIVING_LICENCE_PORTAL_UNAVAILABLE_F02,Medium,FALSE,Controlled paraphrase 1 of reviewed independent seed; family preserved; automated validation complete.
DLX_0474,BSP website load হচ্ছে না?,DRIVING_LICENCE,DRIVING_LICENCE_GENERAL,General Driving Licence Information,DRIVING_LICENCE_PORTAL_UNAVAILABLE,BRTA Service Portal Unavailable,Medium,Informal,FALSE,,PARAPHRASED,DRIVING_LICENCE_PORTAL_UNAVAILABLE_F02,Medium,FALSE,Controlled paraphrase 2 of reviewed independent seed; family preserved; automated validation complete.
