id,text,service,parent_topic_id,parent_topic,query_topic_id,query_topic,priority,language_style,privacy_present,privacy_types,source_type,parent_query_id,difficulty,is_ood,annotation_notes
BRQ_0001,নতুন জন্ম নিবন্ধন কীভাবে করব?,BIRTH_REGISTRATION,BR_REGISTRATION,Birth Registration Application,BR_REGISTRATION_PROCESS,New Birth Registration Process,Low,Formal,False,,SYNTHETIC,BRP_0001,Easy,False,Pilot v0.1 synthetic seed; human review required before training.
BRQ_0002,আমার বাচ্চার জন্ম নিবন্ধন করতে হলে শুরুটা কোথা থেকে করব?,BIRTH_REGISTRATION,BR_REGISTRATION,Birth Registration Application,BR_REGISTRATION_PROCESS,New Birth Registration Process,Low,Informal,False,,SYNTHETIC,BRP_0002,Easy,False,Pilot v0.1 synthetic seed; human review required before training.
BRQ_0003,birth registration করার পুরো processটা বলবেন?,BIRTH_REGISTRATION,BR_REGISTRATION,Birth Registration Application,BR_REGISTRATION_PROCESS,New Birth Registration Process,Low,Mixed,False,,SYNTHETIC,BRP_0003,Easy,False,Pilot v0.1 synthetic seed; human review required before training.
BRQ_0004,"অনলাইনের কথা না, সাধারণভাবে নতুন জন্ম নিবন্ধনের ধাপগুলো কী?",BIRTH_REGISTRATION,BR_REGISTRATION,Birth Registration Application,BR_REGISTRATION_PROCESS,New Birth Registration Process,Low,Mixed,False,,SYNTHETIC,BRP_0004,Medium,False,Pilot v0.1 synthetic seed; human review required before training.
BRQ_0005,অনলাইনে জন্ম নিবন্ধনের আবেদন কীভাবে করব?,BIRTH_REGISTRATION,BR_REGISTRATION,Birth Registration Application,BR_REGISTRATION_ONLINE_APPLICATION,Online Birth Registration Application,Low,Formal,False,,SYNTHETIC,BRP_0005,Easy,False,Pilot v0.1 synthetic seed; human review required before training.
BRQ_0006,ঘরে বসে birth registration apply করা যায়?,BIRTH_REGISTRATION,BR_REGISTRATION,Birth Registration Application,BR_REGISTRATION_ONLINE_APPLICATION,Online Birth Registration Application,Low,Mixed,False,,SYNTHETIC,BRP_0006,Easy,False,Pilot v0.1 synthetic seed; human review required before training.
BRQ_0007,BDRIS portal e new birth registration application kothay korbo?,BIRTH_REGISTRATION,BR_REGISTRATION,Birth Registration Application,BR_REGISTRATION_ONLINE_APPLICATION,Online Birth Registration Application,Low,Mixed,False,,SYNTHETIC,BRP_0007,Easy,False,Pilot v0.1 synthetic seed; human review required before training.
BRQ_0008,"আমি শুধু online application করার নিয়ম জানতে চাই, office selection না।",BIRTH_REGISTRATION,BR_REGISTRATION,Birth Registration Application,BR_REGISTRATION_ONLINE_APPLICATION,Online Birth Registration Application,Low,Mixed,False,,SYNTHETIC,BRP_0008,Medium,False,Pilot v0.1 synthetic seed; human review required before training.
BRQ_0009,জন্ম নিবন্ধনের জন্য কোন অফিস নির্বাচন করব?,BIRTH_REGISTRATION,BR_REGISTRATION,Birth Registration Application,BR_REGISTRATION_LOCATION_SELECTION,Registration Office and Location Selection,Low,Formal,False,,SYNTHETIC,BRP_0009,Easy,False,Pilot v0.1 synthetic seed; human review required before training.
BRQ_0010,জন্মস্থান নাকি স্থায়ী ঠিকানার অফিস থেকে apply করব?,BIRTH_REGISTRATION,BR_REGISTRATION,Birth Registration Application,BR_REGISTRATION_LOCATION_SELECTION,Registration Office and Location Selection,Low,Informal,False,,SYNTHETIC,BRP_0010,Medium,False,Pilot v0.1 synthetic seed; human review required before training.
BRQ_0011,birth registration er jonno kon union/office select korbo?,BIRTH_REGISTRATION,BR_REGISTRATION,Birth Registration Application,BR_REGISTRATION_LOCATION_SELECTION,Registration Office and Location Selection,Low,Mixed,False,,SYNTHETIC,BRP_0011,Easy,False,Pilot v0.1 synthetic seed; human review required before training.
BRQ_0012,"ফর্মে ঠিকানা কী লিখব সেটা না, কোন registration office বেছে নেব সেটাই জানতে চাই।",BIRTH_REGISTRATION,BR_REGISTRATION,Birth Registration Application,BR_REGISTRATION_LOCATION_SELECTION,Registration Office and Location Selection,Low,Mixed,False,,SYNTHETIC,BRP_0012,Medium,False,Pilot v0.1 synthetic seed; human review required before training.
BRQ_0013,বিদেশ থেকে বাংলাদেশ দূতাবাসের মাধ্যমে জন্ম নিবন্ধন করা যাবে?,BIRTH_REGISTRATION,BR_REGISTRATION,Birth Registration Application,BR_REGISTRATION_OVERSEAS_EMBASSY,Overseas / Embassy Birth Registration,Low,Formal,False,,SYNTHETIC,BRP_0013,Easy,False,Pilot v0.1 synthetic seed; human review required before training.
BRQ_0014,"আমি বাইরে থাকি, embassy দিয়ে birth registration করব কীভাবে?",BIRTH_REGISTRATION,BR_REGISTRATION,Birth Registration Application,BR_REGISTRATION_OVERSEAS_EMBASSY,Overseas / Embassy Birth Registration,Low,Mixed,False,,SYNTHETIC,BRP_0014,Easy,False,Pilot v0.1 synthetic seed; human review required before training.
BRQ_0015,Bangladesh mission theke birth registration apply korar niyom ki?,BIRTH_REGISTRATION,BR_REGISTRATION,Birth Registration Application,BR_REGISTRATION_OVERSEAS_EMBASSY,Overseas / Embassy Birth Registration,Low,Mixed,False,,SYNTHETIC,BRP_0015,Easy,False,Pilot v0.1 synthetic seed; human review required before training.
BRQ_0016,"দেশের স্থানীয় অফিস না, আমি বিদেশে থেকে embassy route ব্যবহার করতে চাই।",BIRTH_REGISTRATION,BR_REGISTRATION,Birth Registration Application,BR_REGISTRATION_OVERSEAS_EMBASSY,Overseas / Embassy Birth Registration,Low,Mixed,False,,SYNTHETIC,BRP_0016,Medium,False,Pilot v0.1 synthetic seed; human review required before training.
BRQ_0017,যার জন্ম নিবন্ধন হবে তার কী কী তথ্য দিতে হবে?,BIRTH_REGISTRATION,BR_REGISTRATION,Birth Registration Application,BR_REGISTRATION_PERSON_INFORMATION,Registered Person Information,Low,Formal,False,,SYNTHETIC,BRP_0017,Easy,False,Pilot v0.1 synthetic seed; human review required before training.
BRQ_0018,শিশুর নাম বাংলা আর ইংরেজি দুটোই দিতে হবে?,BIRTH_REGISTRATION,BR_REGISTRATION,Birth Registration Application,BR_REGISTRATION_PERSON_INFORMATION,Registered Person Information,Low,Informal,False,,SYNTHETIC,BRP_0018,Easy,False,Pilot v0.1 synthetic seed; human review required before training.
BRQ_0019,registered person er ki ki personal info form e lage?,BIRTH_REGISTRATION,BR_REGISTRATION,Birth Registration Application,BR_REGISTRATION_PERSON_INFORMATION,Registered Person Information,Low,Mixed,False,,SYNTHETIC,BRP_0019,Easy,False,Pilot v0.1 synthetic seed; human review required before training.
BRQ_0020,"বাবা-মায়ের তথ্য না, শিশুর নিজের কোন তথ্যগুলো লাগবে?",BIRTH_REGISTRATION,BR_REGISTRATION,Birth Registration Application,BR_REGISTRATION_PERSON_INFORMATION,Registered Person Information,Low,Mixed,False,,SYNTHETIC,BRP_0020,Medium,False,Pilot v0.1 synthetic seed; human review required before training.
BRQ_0021,নতুন জন্ম নিবন্ধনে বাবা-মায়ের কী তথ্য দিতে হয়?,BIRTH_REGISTRATION,BR_REGISTRATION,Birth Registration Application,BR_REGISTRATION_PARENT_INFORMATION,Father and Mother Information,Low,Formal,False,,SYNTHETIC,BRP_0021,Easy,False,Pilot v0.1 synthetic seed; human review required before training.
BRQ_0022,মায়ের birth registration number কি লাগবে?,BIRTH_REGISTRATION,BR_REGISTRATION,Birth Registration Application,BR_REGISTRATION_PARENT_INFORMATION,Father and Mother Information,Low,Informal,False,,SYNTHETIC,BRP_0022,Easy,False,Pilot v0.1 synthetic seed; human review required before training.
BRQ_0023,father mother info form e ki ki dite hoy?,BIRTH_REGISTRATION,BR_REGISTRATION,Birth Registration Application,BR_REGISTRATION_PARENT_INFORMATION,Father and Mother Information,Low,Mixed,False,,SYNTHETIC,BRP_0023,Easy,False,Pilot v0.1 synthetic seed; human review required before training.
BRQ_0024,"guardian কে apply করবে সেটা না, parent information কী লাগবে সেটা জানতে চাই।",BIRTH_REGISTRATION,BR_REGISTRATION,Birth Registration Application,BR_REGISTRATION_PARENT_INFORMATION,Father and Mother Information,Low,Mixed,False,,SYNTHETIC,BRP_0024,Medium,False,Pilot v0.1 synthetic seed; human review required before training.
BRQ_0025,নতুন জন্ম নিবন্ধনের ফর্মে ঠিকানার তথ্য কীভাবে দেব?,BIRTH_REGISTRATION,BR_REGISTRATION,Birth Registration Application,BR_REGISTRATION_ADDRESS_INFORMATION,"Birth, Permanent and Present Address Information",Low,Formal,False,,SYNTHETIC,BRP_0025,Easy,False,Pilot v0.1 synthetic seed; human review required before training.
BRQ_0026,বর্তমান আর স্থায়ী ঠিকানা একই হলে কীভাবে লিখব?,BIRTH_REGISTRATION,BR_REGISTRATION,Birth Registration Application,BR_REGISTRATION_ADDRESS_INFORMATION,"Birth, Permanent and Present Address Information",Low,Informal,False,,SYNTHETIC,BRP_0026,Medium,False,Pilot v0.1 synthetic seed; human review required before training.
BRQ_0027,"birth place, permanent, present address field gula kivabe fill korbo?",BIRTH_REGISTRATION,BR_REGISTRATION,Birth Registration Application,BR_REGISTRATION_ADDRESS_INFORMATION,"Birth, Permanent and Present Address Information",Low,Mixed,False,,SYNTHETIC,BRP_0027,Easy,False,Pilot v0.1 synthetic seed; human review required before training.
BRQ_0028,"কোন অফিস বাছব সেটা না, form-এর address field কীভাবে পূরণ করব?",BIRTH_REGISTRATION,BR_REGISTRATION,Birth Registration Application,BR_REGISTRATION_ADDRESS_INFORMATION,"Birth, Permanent and Present Address Information",Low,Mixed,False,,SYNTHETIC,BRP_0028,Medium,False,Pilot v0.1 synthetic seed; human review required before training.
BRQ_0029,শিশুর হয়ে কে জন্ম নিবন্ধনের আবেদন করতে পারে?,BIRTH_REGISTRATION,BR_REGISTRATION,Birth Registration Application,BR_REGISTRATION_APPLICANT_RELATION,"Applicant, Parent and Guardian Relationship",Low,Formal,False,,SYNTHETIC,BRP_0029,Easy,False,Pilot v0.1 synthetic seed; human review required before training.
BRQ_0030,বাবা-মা ছাড়া guardian কি apply করতে পারবে?,BIRTH_REGISTRATION,BR_REGISTRATION,Birth Registration Application,BR_REGISTRATION_APPLICANT_RELATION,"Applicant, Parent and Guardian Relationship",Low,Informal,False,,SYNTHETIC,BRP_0030,Easy,False,Pilot v0.1 synthetic seed; human review required before training.
BRQ_0031,applicant relation e ki select korbo?,BIRTH_REGISTRATION,BR_REGISTRATION,Birth Registration Application,BR_REGISTRATION_APPLICANT_RELATION,"Applicant, Parent and Guardian Relationship",Low,Mixed,False,,SYNTHETIC,BRP_0031,Easy,False,Pilot v0.1 synthetic seed; human review required before training.
BRQ_0032,"parent info কী লাগবে সেটা না, আবেদনকারী হিসেবে কে submit করতে পারবে?",BIRTH_REGISTRATION,BR_REGISTRATION,Birth Registration Application,BR_REGISTRATION_APPLICANT_RELATION,"Applicant, Parent and Guardian Relationship",Low,Mixed,False,,SYNTHETIC,BRP_0032,Medium,False,Pilot v0.1 synthetic seed; human review required before training.
BRQ_0033,জন্ম নিবন্ধনের জন্য কী কী কাগজপত্র লাগবে?,BIRTH_REGISTRATION,BR_REGISTRATION,Birth Registration Application,BR_REGISTRATION_REQUIRED_DOCUMENTS,Birth Registration Supporting Documents,Low,Formal,False,,SYNTHETIC,BRP_0033,Easy,False,Pilot v0.1 synthetic seed; human review required before training.
BRQ_0034,application-এর সাথে কোন documents upload করতে হয়?,BIRTH_REGISTRATION,BR_REGISTRATION,Birth Registration Application,BR_REGISTRATION_REQUIRED_DOCUMENTS,Birth Registration Supporting Documents,Low,Mixed,False,,SYNTHETIC,BRP_0034,Easy,False,Pilot v0.1 synthetic seed; human review required before training.
BRQ_0035,birth registration er required documents ki ki?,BIRTH_REGISTRATION,BR_REGISTRATION,Birth Registration Application,BR_REGISTRATION_REQUIRED_DOCUMENTS,Birth Registration Supporting Documents,Low,Mixed,False,,SYNTHETIC,BRP_0035,Easy,False,Pilot v0.1 synthetic seed; human review required before training.
BRQ_0036,আমার document হারায়নি; শুধু সাধারণভাবে কী কী documents লাগে জানতে চাই।,BIRTH_REGISTRATION,BR_REGISTRATION,Birth Registration Application,BR_REGISTRATION_REQUIRED_DOCUMENTS,Birth Registration Supporting Documents,Low,Mixed,False,,SYNTHETIC,BRP_0036,Medium,False,Pilot v0.1 synthetic seed; human review required before training.
BRQ_0037,"প্রয়োজনীয় একটি কাগজ আমার কাছে নেই, এখন কী করব?",BIRTH_REGISTRATION,BR_REGISTRATION,Birth Registration Application,BR_REGISTRATION_MISSING_DOCUMENTS,Missing or Unavailable Registration Documents,Medium,Formal,False,,SYNTHETIC,BRP_0037,Medium,False,Pilot v0.1 synthetic seed; human review required before training.
BRQ_0038,"একটা required document missing, তবুও কি apply করা যাবে?",BIRTH_REGISTRATION,BR_REGISTRATION,Birth Registration Application,BR_REGISTRATION_MISSING_DOCUMENTS,Missing or Unavailable Registration Documents,Medium,Mixed,False,,SYNTHETIC,BRP_0038,Medium,False,Pilot v0.1 synthetic seed; human review required before training.
BRQ_0039,"document ta nai, alternative kichu deya jabe?",BIRTH_REGISTRATION,BR_REGISTRATION,Birth Registration Application,BR_REGISTRATION_MISSING_DOCUMENTS,Missing or Unavailable Registration Documents,Medium,Mixed,False,,SYNTHETIC,BRP_0039,Medium,False,Pilot v0.1 synthetic seed; human review required before training.
BRQ_0040,কী কী documents লাগে সেটা জানি; কিন্তু তার একটি জোগাড় করতে পারছি না।,BIRTH_REGISTRATION,BR_REGISTRATION,Birth Registration Application,BR_REGISTRATION_MISSING_DOCUMENTS,Missing or Unavailable Registration Documents,Medium,Informal,False,,SYNTHETIC,BRP_0040,Hard,False,Pilot v0.1 synthetic seed; human review required before training.
BRQ_0041,জন্ম নিবন্ধনের OTP পাচ্ছি না।,BIRTH_REGISTRATION,BR_REGISTRATION,Birth Registration Application,BR_REGISTRATION_OTP_NOT_RECEIVED,Registration OTP Not Received,Medium,Formal,False,,SYNTHETIC,BRP_0041,Easy,False,Pilot v0.1 synthetic seed; human review required before training.
BRQ_0042,"OTP SMS আসছে না, কী করব?",BIRTH_REGISTRATION,BR_REGISTRATION,Birth Registration Application,BR_REGISTRATION_OTP_NOT_RECEIVED,Registration OTP Not Received,Medium,Informal,False,,SYNTHETIC,BRP_0042,Easy,False,Pilot v0.1 synthetic seed; human review required before training.
BRQ_0043,birth registration otp ashe nai,BIRTH_REGISTRATION,BR_REGISTRATION,Birth Registration Application,BR_REGISTRATION_OTP_NOT_RECEIVED,Registration OTP Not Received,Medium,Mixed,False,,SYNTHETIC,BRP_0043,Easy,False,Pilot v0.1 synthetic seed; human review required before training.
BRQ_0044,code ভুল দেখাচ্ছে না; আসল সমস্যা হলো verification code একদমই পাইনি।,BIRTH_REGISTRATION,BR_REGISTRATION,Birth Registration Application,BR_REGISTRATION_OTP_NOT_RECEIVED,Registration OTP Not Received,Medium,Mixed,False,,SYNTHETIC,BRP_0044,Medium,False,Pilot v0.1 synthetic seed; human review required before training.
BRQ_0045,OTP পেয়েছি কিন্তু verification হচ্ছে না।,BIRTH_REGISTRATION,BR_REGISTRATION,Birth Registration Application,BR_REGISTRATION_OTP_VERIFICATION,Registration OTP Verification Problem,Medium,Formal,False,,SYNTHETIC,BRP_0045,Medium,False,Pilot v0.1 synthetic seed; human review required before training.
BRQ_0046,"code দিচ্ছি, accept করছে না কেন?",BIRTH_REGISTRATION,BR_REGISTRATION,Birth Registration Application,BR_REGISTRATION_OTP_VERIFICATION,Registration OTP Verification Problem,Medium,Informal,False,,SYNTHETIC,BRP_0046,Medium,False,Pilot v0.1 synthetic seed; human review required before training.
BRQ_0047,otp paisi but verify hocche na,BIRTH_REGISTRATION,BR_REGISTRATION,Birth Registration Application,BR_REGISTRATION_OTP_VERIFICATION,Registration OTP Verification Problem,Medium,Mixed,False,,SYNTHETIC,BRP_0047,Medium,False,Pilot v0.1 synthetic seed; human review required before training.
BRQ_0048,OTP না-পাওয়ার সমস্যা না; code এসেছে কিন্তু system reject করছে।,BIRTH_REGISTRATION,BR_REGISTRATION,Birth Registration Application,BR_REGISTRATION_OTP_VERIFICATION,Registration OTP Verification Problem,Medium,Mixed,False,,SYNTHETIC,BRP_0048,Hard,False,Pilot v0.1 synthetic seed; human review required before training.
BRQ_0049,জন্ম নিবন্ধনের আবেদন submit করার পর কি edit করা যায়?,BIRTH_REGISTRATION,BR_REGISTRATION,Birth Registration Application,BR_REGISTRATION_SUBMISSION_RULES,Application Submission and Edit Rules,Low,Formal,False,,SYNTHETIC,BRP_0049,Easy,False,Pilot v0.1 synthetic seed; human review required before training.
BRQ_0050,submit দিলে information final হয়ে যাবে?,BIRTH_REGISTRATION,BR_REGISTRATION,Birth Registration Application,BR_REGISTRATION_SUBMISSION_RULES,Application Submission and Edit Rules,Low,Informal,False,,SYNTHETIC,BRP_0050,Medium,False,Pilot v0.1 synthetic seed; human review required before training.
BRQ_0051,application submit korar por change kora jabe?,BIRTH_REGISTRATION,BR_REGISTRATION,Birth Registration Application,BR_REGISTRATION_SUBMISSION_RULES,Application Submission and Edit Rules,Low,Mixed,False,,SYNTHETIC,BRP_0051,Easy,False,Pilot v0.1 synthetic seed; human review required before training.
BRQ_0052,status জানতে চাই না; submit করার পর form-এর তথ্য বদলানো যাবে কি না জানতে চাই।,BIRTH_REGISTRATION,BR_REGISTRATION,Birth Registration Application,BR_REGISTRATION_SUBMISSION_RULES,Application Submission and Edit Rules,Low,Mixed,False,,SYNTHETIC,BRP_0052,Hard,False,Pilot v0.1 synthetic seed; human review required before training.
BRQ_0053,জন্ম নিবন্ধনের তথ্য সংশোধন কীভাবে করব?,BIRTH_REGISTRATION,BR_CORRECTION,Birth Registration Information Correction,BR_CORRECTION_PROCESS,Birth Registration Correction Process,Medium,Formal,False,,SYNTHETIC,BRP_0053,Easy,False,Pilot v0.1 synthetic seed; human review required before training.
BRQ_0054,"birth certificate-এ ভুল আছে, correction processটা কী?",BIRTH_REGISTRATION,BR_CORRECTION,Birth Registration Information Correction,BR_CORRECTION_PROCESS,Birth Registration Correction Process,Medium,Mixed,False,,SYNTHETIC,BRP_0054,Easy,False,Pilot v0.1 synthetic seed; human review required before training.
BRQ_0055,birth registration correction kivabe korte hoy?,BIRTH_REGISTRATION,BR_CORRECTION,Birth Registration Information Correction,BR_CORRECTION_PROCESS,Birth Registration Correction Process,Medium,Mixed,False,,SYNTHETIC,BRP_0055,Easy,False,Pilot v0.1 synthetic seed; human review required before training.
BRQ_0056,"কোন নির্দিষ্ট field না, সাধারণভাবে correction করার নিয়ম জানতে চাই।",BIRTH_REGISTRATION,BR_CORRECTION,Birth Registration Information Correction,BR_CORRECTION_PROCESS,Birth Registration Correction Process,Medium,Mixed,False,,SYNTHETIC,BRP_0056,Medium,False,Pilot v0.1 synthetic seed; human review required before training.
BRQ_0057,আমার জন্ম নিবন্ধনে নিজের নাম ভুল আছে।,BIRTH_REGISTRATION,BR_CORRECTION,Birth Registration Information Correction,BR_CORRECTION_NAME,Registered Person Name Correction,Medium,Formal,False,,SYNTHETIC,BRP_0057,Easy,False,Pilot v0.1 synthetic seed; human review required before training.
BRQ_0058,"নামের spelling ভুল, কীভাবে ঠিক করব?",BIRTH_REGISTRATION,BR_CORRECTION,Birth Registration Information Correction,BR_CORRECTION_NAME,Registered Person Name Correction,Medium,Informal,False,,SYNTHETIC,BRP_0058,Easy,False,Pilot v0.1 synthetic seed; human review required before training.
BRQ_0059,amar birth certificate e own name vul,BIRTH_REGISTRATION,BR_CORRECTION,Birth Registration Information Correction,BR_CORRECTION_NAME,Registered Person Name Correction,Medium,Mixed,False,,SYNTHETIC,BRP_0059,Easy,False,Pilot v0.1 synthetic seed; human review required before training.
BRQ_0060,"বাবার নাম না, আমার নিজের English name ঠিক করতে চাই।",BIRTH_REGISTRATION,BR_CORRECTION,Birth Registration Information Correction,BR_CORRECTION_NAME,Registered Person Name Correction,Medium,Mixed,False,,SYNTHETIC,BRP_0060,Medium,False,Pilot v0.1 synthetic seed; human review required before training.
BRQ_0061,জন্ম নিবন্ধনে আমার জন্মতারিখ ভুল।,BIRTH_REGISTRATION,BR_CORRECTION,Birth Registration Information Correction,BR_CORRECTION_DOB,Date of Birth Correction,Medium,Formal,False,,SYNTHETIC,BRP_0061,Easy,False,Pilot v0.1 synthetic seed; human review required before training.
BRQ_0062,"birth year ভুল দেওয়া হয়েছে, ঠিক করব কীভাবে?",BIRTH_REGISTRATION,BR_CORRECTION,Birth Registration Information Correction,BR_CORRECTION_DOB,Date of Birth Correction,Medium,Mixed,False,,SYNTHETIC,BRP_0062,Easy,False,Pilot v0.1 synthetic seed; human review required before training.
BRQ_0063,DOB correction korte chai,BIRTH_REGISTRATION,BR_CORRECTION,Birth Registration Information Correction,BR_CORRECTION_DOB,Date of Birth Correction,Medium,Mixed,False,,SYNTHETIC,BRP_0063,Easy,False,Pilot v0.1 synthetic seed; human review required before training.
BRQ_0064,"record পাওয়া যাচ্ছে, কিন্তু সেখানে date of birth ভুল দেখাচ্ছে।",BIRTH_REGISTRATION,BR_CORRECTION,Birth Registration Information Correction,BR_CORRECTION_DOB,Date of Birth Correction,Medium,Mixed,False,,SYNTHETIC,BRP_0064,Medium,False,Pilot v0.1 synthetic seed; human review required before training.
BRQ_0065,"জন্ম নিবন্ধনে gender ভুল আছে, কীভাবে সংশোধন করব?",BIRTH_REGISTRATION,BR_CORRECTION,Birth Registration Information Correction,BR_CORRECTION_GENDER,Gender Information Correction,Medium,Formal,False,,SYNTHETIC,BRP_0065,Easy,False,Pilot v0.1 synthetic seed; human review required before training.
BRQ_0066,wrong gender record হয়েছে।,BIRTH_REGISTRATION,BR_CORRECTION,Birth Registration Information Correction,BR_CORRECTION_GENDER,Gender Information Correction,Medium,Mixed,False,,SYNTHETIC,BRP_0066,Easy,False,Pilot v0.1 synthetic seed; human review required before training.
BRQ_0067,gender field ta correct korte chai,BIRTH_REGISTRATION,BR_CORRECTION,Birth Registration Information Correction,BR_CORRECTION_GENDER,Gender Information Correction,Medium,Mixed,False,,SYNTHETIC,BRP_0067,Easy,False,Pilot v0.1 synthetic seed; human review required before training.
BRQ_0068,"নতুন registration form না, existing record-এর gender বদলাতে হবে।",BIRTH_REGISTRATION,BR_CORRECTION,Birth Registration Information Correction,BR_CORRECTION_GENDER,Gender Information Correction,Medium,Mixed,False,,SYNTHETIC,BRP_0068,Medium,False,Pilot v0.1 synthetic seed; human review required before training.
BRQ_0069,জন্ম নিবন্ধনে বাবার নাম ভুল।,BIRTH_REGISTRATION,BR_CORRECTION,Birth Registration Information Correction,BR_CORRECTION_PARENT_INFORMATION,Father or Mother Information Correction,Medium,Formal,False,,SYNTHETIC,BRP_0069,Easy,False,Pilot v0.1 synthetic seed; human review required before training.
BRQ_0070,মায়ের নামের spelling ঠিক করতে চাই।,BIRTH_REGISTRATION,BR_CORRECTION,Birth Registration Information Correction,BR_CORRECTION_PARENT_INFORMATION,Father or Mother Information Correction,Medium,Informal,False,,SYNTHETIC,BRP_0070,Easy,False,Pilot v0.1 synthetic seed; human review required before training.
BRQ_0071,father name birth certificate e vul,BIRTH_REGISTRATION,BR_CORRECTION,Birth Registration Information Correction,BR_CORRECTION_PARENT_INFORMATION,Father or Mother Information Correction,Medium,Mixed,False,,SYNTHETIC,BRP_0071,Easy,False,Pilot v0.1 synthetic seed; human review required before training.
BRQ_0072,"নিজের নাম না, parent information correction করতে হবে।",BIRTH_REGISTRATION,BR_CORRECTION,Birth Registration Information Correction,BR_CORRECTION_PARENT_INFORMATION,Father or Mother Information Correction,Medium,Mixed,False,,SYNTHETIC,BRP_0072,Medium,False,Pilot v0.1 synthetic seed; human review required before training.
BRQ_0073,বাবার BRN আছে কিন্তু আমার জন্ম নিবন্ধনের সাথে link করা নেই।,BIRTH_REGISTRATION,BR_CORRECTION,Birth Registration Information Correction,BR_CORRECTION_PARENT_BRN_MAPPING,Parent Birth Registration Number Mapping,Medium,Formal,False,,SYNTHETIC,BRP_0073,Hard,False,Pilot v0.1 synthetic seed; human review required before training.
BRQ_0074,মায়ের birth registration number আমার record-এ map হয়নি।,BIRTH_REGISTRATION,BR_CORRECTION,Birth Registration Information Correction,BR_CORRECTION_PARENT_BRN_MAPPING,Parent Birth Registration Number Mapping,Medium,Mixed,False,,SYNTHETIC,BRP_0074,Hard,False,Pilot v0.1 synthetic seed; human review required before training.
BRQ_0075,parent brn linking problem hocche,BIRTH_REGISTRATION,BR_CORRECTION,Birth Registration Information Correction,BR_CORRECTION_PARENT_BRN_MAPPING,Parent Birth Registration Number Mapping,Medium,Mixed,False,,SYNTHETIC,BRP_0075,Hard,False,Pilot v0.1 synthetic seed; human review required before training.
BRQ_0076,parent name ভুল না; BRN linkage না থাকায় updated তথ্য দেখাচ্ছে না।,BIRTH_REGISTRATION,BR_CORRECTION,Birth Registration Information Correction,BR_CORRECTION_PARENT_BRN_MAPPING,Parent Birth Registration Number Mapping,Medium,Mixed,False,,SYNTHETIC,BRP_0076,Hard,False,Pilot v0.1 synthetic seed; human review required before training.
BRQ_0077,জন্ম নিবন্ধনে আমার স্থায়ী ঠিকানা ভুল।,BIRTH_REGISTRATION,BR_CORRECTION,Birth Registration Information Correction,BR_CORRECTION_ADDRESS,Birth Registration Address Correction,Medium,Formal,False,,SYNTHETIC,BRP_0077,Easy,False,Pilot v0.1 synthetic seed; human review required before training.
BRQ_0078,present address ঠিক করতে চাই।,BIRTH_REGISTRATION,BR_CORRECTION,Birth Registration Information Correction,BR_CORRECTION_ADDRESS,Birth Registration Address Correction,Medium,Informal,False,,SYNTHETIC,BRP_0078,Easy,False,Pilot v0.1 synthetic seed; human review required before training.
BRQ_0079,birth certificate er address correction kivabe korbo?,BIRTH_REGISTRATION,BR_CORRECTION,Birth Registration Information Correction,BR_CORRECTION_ADDRESS,Birth Registration Address Correction,Medium,Mixed,False,,SYNTHETIC,BRP_0079,Easy,False,Pilot v0.1 synthetic seed; human review required before training.
BRQ_0080,"নতুন form-এ address fill না, existing record-এর address ভুল।",BIRTH_REGISTRATION,BR_CORRECTION,Birth Registration Information Correction,BR_CORRECTION_ADDRESS,Birth Registration Address Correction,Medium,Mixed,False,,SYNTHETIC,BRP_0080,Medium,False,Pilot v0.1 synthetic seed; human review required before training.
BRQ_0081,আমার জন্ম নিবন্ধন আবেদনের বর্তমান অবস্থা কীভাবে দেখব?,BIRTH_REGISTRATION,BR_APPLICATION_MANAGEMENT,Application Status and Management,BR_APPLICATION_STATUS,Birth Registration Application Status,Low,Formal,False,,SYNTHETIC,BRP_0081,Easy,False,Pilot v0.1 synthetic seed; human review required before training.
BRQ_0082,application approve হয়েছে কিনা check করব কীভাবে?,BIRTH_REGISTRATION,BR_APPLICATION_MANAGEMENT,Application Status and Management,BR_APPLICATION_STATUS,Birth Registration Application Status,Low,Mixed,False,,SYNTHETIC,BRP_0082,Easy,False,Pilot v0.1 synthetic seed; human review required before training.
BRQ_0083,birth registration status kivabe dekhbo?,BIRTH_REGISTRATION,BR_APPLICATION_MANAGEMENT,Application Status and Management,BR_APPLICATION_STATUS,Birth Registration Application Status,Low,Mixed,False,,SYNTHETIC,BRP_0083,Easy,False,Pilot v0.1 synthetic seed; human review required before training.
BRQ_0084,"অনেকদিন দেরির অভিযোগ না, শুধু এখন application কোন stage-এ আছে জানতে চাই।",BIRTH_REGISTRATION,BR_APPLICATION_MANAGEMENT,Application Status and Management,BR_APPLICATION_STATUS,Birth Registration Application Status,Low,Mixed,False,,SYNTHETIC,BRP_0084,Medium,False,Pilot v0.1 synthetic seed; human review required before training.
BRQ_0085,আমার জন্ম নিবন্ধনের আবেদন অনেকদিন ধরে pending।,BIRTH_REGISTRATION,BR_APPLICATION_MANAGEMENT,Application Status and Management,BR_APPLICATION_DELAY,Birth Registration Application Delay,Medium,Formal,False,,SYNTHETIC,BRP_0085,Medium,False,Pilot v0.1 synthetic seed; human review required before training.
BRQ_0086,"এতদিন হয়ে গেল, application update হচ্ছে না কেন?",BIRTH_REGISTRATION,BR_APPLICATION_MANAGEMENT,Application Status and Management,BR_APPLICATION_DELAY,Birth Registration Application Delay,Medium,Informal,False,,SYNTHETIC,BRP_0086,Medium,False,Pilot v0.1 synthetic seed; human review required before training.
BRQ_0087,birth registration application onek din dhore pending,BIRTH_REGISTRATION,BR_APPLICATION_MANAGEMENT,Application Status and Management,BR_APPLICATION_DELAY,Birth Registration Application Delay,Medium,Mixed,False,,SYNTHETIC,BRP_0087,Medium,False,Pilot v0.1 synthetic seed; human review required before training.
BRQ_0088,normal processing time জানতে চাই না; আমার নিজের application অস্বাভাবিকভাবে দেরি করছে।,BIRTH_REGISTRATION,BR_APPLICATION_MANAGEMENT,Application Status and Management,BR_APPLICATION_DELAY,Birth Registration Application Delay,Medium,Mixed,False,,SYNTHETIC,BRP_0088,Hard,False,Pilot v0.1 synthetic seed; human review required before training.
BRQ_0089,সাধারণত জন্ম নিবন্ধনের আবেদন সম্পন্ন হতে কতদিন লাগে?,BIRTH_REGISTRATION,BR_APPLICATION_MANAGEMENT,Application Status and Management,BR_APPLICATION_PROCESSING_TIME,Birth Registration Application Processing Time,Low,Formal,False,,SYNTHETIC,BRP_0089,Easy,False,Pilot v0.1 synthetic seed; human review required before training.
BRQ_0090,birth registration processing time সাধারণত কত?,BIRTH_REGISTRATION,BR_APPLICATION_MANAGEMENT,Application Status and Management,BR_APPLICATION_PROCESSING_TIME,Birth Registration Application Processing Time,Low,Mixed,False,,SYNTHETIC,BRP_0090,Easy,False,Pilot v0.1 synthetic seed; human review required before training.
BRQ_0091,normally koydin lage birth registration hote?,BIRTH_REGISTRATION,BR_APPLICATION_MANAGEMENT,Application Status and Management,BR_APPLICATION_PROCESSING_TIME,Birth Registration Application Processing Time,Low,Mixed,False,,SYNTHETIC,BRP_0091,Easy,False,Pilot v0.1 synthetic seed; human review required before training.
BRQ_0092,আমার নির্দিষ্ট application pending না; সাধারণ সময়সীমা জানতে চাই।,BIRTH_REGISTRATION,BR_APPLICATION_MANAGEMENT,Application Status and Management,BR_APPLICATION_PROCESSING_TIME,Birth Registration Application Processing Time,Low,Mixed,False,,SYNTHETIC,BRP_0092,Medium,False,Pilot v0.1 synthetic seed; human review required before training.
BRQ_0093,জমা দেওয়া জন্ম নিবন্ধন আবেদনপত্র কীভাবে print করব?,BIRTH_REGISTRATION,BR_APPLICATION_MANAGEMENT,Application Status and Management,BR_APPLICATION_PRINT,Submitted Birth Registration Application Print,Low,Formal,False,,SYNTHETIC,BRP_0093,Easy,False,Pilot v0.1 synthetic seed; human review required before training.
BRQ_0094,submitted application form-এর আরেকটা copy চাই।,BIRTH_REGISTRATION,BR_APPLICATION_MANAGEMENT,Application Status and Management,BR_APPLICATION_PRINT,Submitted Birth Registration Application Print,Low,Mixed,False,,SYNTHETIC,BRP_0094,Easy,False,Pilot v0.1 synthetic seed; human review required before training.
BRQ_0095,birth application form print korbo kivabe?,BIRTH_REGISTRATION,BR_APPLICATION_MANAGEMENT,Application Status and Management,BR_APPLICATION_PRINT,Submitted Birth Registration Application Print,Low,Mixed,False,,SYNTHETIC,BRP_0095,Easy,False,Pilot v0.1 synthetic seed; human review required before training.
BRQ_0096,"certificate না, submit করা application formটাই print করতে চাই।",BIRTH_REGISTRATION,BR_APPLICATION_MANAGEMENT,Application Status and Management,BR_APPLICATION_PRINT,Submitted Birth Registration Application Print,Low,Mixed,False,,SYNTHETIC,BRP_0096,Medium,False,Pilot v0.1 synthetic seed; human review required before training.
BRQ_0097,জন্ম নিবন্ধন সনদের আরেকটি কপি কীভাবে পাব?,BIRTH_REGISTRATION,BR_CERTIFICATE_ACCESS,Birth Certificate Access and Reprint,BR_CERTIFICATE_REPRINT,Birth Registration Certificate Reprint,Low,Formal,False,,SYNTHETIC,BRP_0097,Easy,False,Pilot v0.1 synthetic seed; human review required before training.
BRQ_0098,certificate আবার print করতে চাই।,BIRTH_REGISTRATION,BR_CERTIFICATE_ACCESS,Birth Certificate Access and Reprint,BR_CERTIFICATE_REPRINT,Birth Registration Certificate Reprint,Low,Informal,False,,SYNTHETIC,BRP_0098,Easy,False,Pilot v0.1 synthetic seed; human review required before training.
BRQ_0099,birth certificate reprint kivabe korbo?,BIRTH_REGISTRATION,BR_CERTIFICATE_ACCESS,Birth Certificate Access and Reprint,BR_CERTIFICATE_REPRINT,Birth Registration Certificate Reprint,Low,Mixed,False,,SYNTHETIC,BRP_0099,Easy,False,Pilot v0.1 synthetic seed; human review required before training.
BRQ_0100,application form না; already issued certificate-এর আরেকটা copy চাই।,BIRTH_REGISTRATION,BR_CERTIFICATE_ACCESS,Birth Certificate Access and Reprint,BR_CERTIFICATE_REPRINT,Birth Registration Certificate Reprint,Low,Mixed,False,,SYNTHETIC,BRP_0100,Medium,False,Pilot v0.1 synthetic seed; human review required before training.
BRQ_0101,জন্ম নিবন্ধন অনলাইনে কীভাবে verify করব?,BIRTH_REGISTRATION,BR_VERIFICATION,Birth Registration Verification,BR_VERIFICATION_RECORD,Verify Birth Registration Record,Low,Formal,False,,SYNTHETIC,BRP_0101,Easy,False,Pilot v0.1 synthetic seed; human review required before training.
BRQ_0102,BRN আর জন্মতারিখ দিয়ে record check করা যায়?,BIRTH_REGISTRATION,BR_VERIFICATION,Birth Registration Verification,BR_VERIFICATION_RECORD,Verify Birth Registration Record,Low,Mixed,False,,SYNTHETIC,BRP_0102,Easy,False,Pilot v0.1 synthetic seed; human review required before training.
BRQ_0103,birth registration verify korar niyom ki?,BIRTH_REGISTRATION,BR_VERIFICATION,Birth Registration Verification,BR_VERIFICATION_RECORD,Verify Birth Registration Record,Low,Mixed,False,,SYNTHETIC,BRP_0103,Easy,False,Pilot v0.1 synthetic seed; human review required before training.
BRQ_0104,"application status না, existing birth record valid কি না verify করতে চাই।",BIRTH_REGISTRATION,BR_VERIFICATION,Birth Registration Verification,BR_VERIFICATION_RECORD,Verify Birth Registration Record,Low,Mixed,False,,SYNTHETIC,BRP_0104,Medium,False,Pilot v0.1 synthetic seed; human review required before training.
BRQ_0105,BRN আর জন্মতারিখ দেওয়ার পরও record পাওয়া যাচ্ছে না।,BIRTH_REGISTRATION,BR_VERIFICATION,Birth Registration Verification,BR_VERIFICATION_FAILURE,Birth Registration Verification Failure,Medium,Formal,False,,SYNTHETIC,BRP_0105,Medium,False,Pilot v0.1 synthetic seed; human review required before training.
BRQ_0106,verify করতে গেলে no result দেখায়।,BIRTH_REGISTRATION,BR_VERIFICATION,Birth Registration Verification,BR_VERIFICATION_FAILURE,Birth Registration Verification Failure,Medium,Mixed,False,,SYNTHETIC,BRP_0106,Medium,False,Pilot v0.1 synthetic seed; human review required before training.
BRQ_0107,birth record verify hocche na,BIRTH_REGISTRATION,BR_VERIFICATION,Birth Registration Verification,BR_VERIFICATION_FAILURE,Birth Registration Verification Failure,Medium,Mixed,False,,SYNTHETIC,BRP_0107,Medium,False,Pilot v0.1 synthetic seed; human review required before training.
BRQ_0108,record পাওয়া গেলে correction করতাম; সমস্যা হলো verification-এই কোনো result আসছে না।,BIRTH_REGISTRATION,BR_VERIFICATION,Birth Registration Verification,BR_VERIFICATION_FAILURE,Birth Registration Verification Failure,Medium,Mixed,False,,SYNTHETIC,BRP_0108,Hard,False,Pilot v0.1 synthetic seed; human review required before training.
BRQ_0109,জন্ম নিবন্ধন সনদ বাতিলের আবেদন কীভাবে করব?,BIRTH_REGISTRATION,BR_CANCELLATION,Birth Registration Certificate Cancellation,BR_CANCELLATION_PROCESS,Birth Registration Certificate Cancellation Process,Medium,Formal,False,,SYNTHETIC,BRP_0109,Easy,False,Pilot v0.1 synthetic seed; human review required before training.
BRQ_0110,birth certificate cancel করা যায়?,BIRTH_REGISTRATION,BR_CANCELLATION,Birth Registration Certificate Cancellation,BR_CANCELLATION_PROCESS,Birth Registration Certificate Cancellation Process,Medium,Mixed,False,,SYNTHETIC,BRP_0110,Easy,False,Pilot v0.1 synthetic seed; human review required before training.
BRQ_0111,cancellation application kothay korbo?,BIRTH_REGISTRATION,BR_CANCELLATION,Birth Registration Certificate Cancellation,BR_CANCELLATION_PROCESS,Birth Registration Certificate Cancellation Process,Medium,Mixed,False,,SYNTHETIC,BRP_0111,Easy,False,Pilot v0.1 synthetic seed; human review required before training.
BRQ_0112,"তথ্য correction না, আমি cancellation process জানতে চাই।",BIRTH_REGISTRATION,BR_CANCELLATION,Birth Registration Certificate Cancellation,BR_CANCELLATION_PROCESS,Birth Registration Certificate Cancellation Process,Medium,Mixed,False,,SYNTHETIC,BRP_0112,Medium,False,Pilot v0.1 synthetic seed; human review required before training.
BRQ_0113,জন্ম নিবন্ধনের সরকারি ফি কত?,BIRTH_REGISTRATION,BR_FEES_AND_PAYMENT,Birth Registration Fees and Payment,BR_FEES_INFORMATION,Birth Registration Fee Information,Low,Formal,False,,SYNTHETIC,BRP_0113,Easy,False,Pilot v0.1 synthetic seed; human review required before training.
BRQ_0114,correction করতে কোনো fee লাগে?,BIRTH_REGISTRATION,BR_FEES_AND_PAYMENT,Birth Registration Fees and Payment,BR_FEES_INFORMATION,Birth Registration Fee Information,Low,Mixed,False,,SYNTHETIC,BRP_0114,Easy,False,Pilot v0.1 synthetic seed; human review required before training.
BRQ_0115,birth certificate reprint fee koto?,BIRTH_REGISTRATION,BR_FEES_AND_PAYMENT,Birth Registration Fees and Payment,BR_FEES_INFORMATION,Birth Registration Fee Information,Low,Mixed,False,,SYNTHETIC,BRP_0115,Easy,False,Pilot v0.1 synthetic seed; human review required before training.
BRQ_0116,কীভাবে correction করব সেটা না; correction-এর fee কত সেটাই জানতে চাই।,BIRTH_REGISTRATION,BR_FEES_AND_PAYMENT,Birth Registration Fees and Payment,BR_FEES_INFORMATION,Birth Registration Fee Information,Low,Mixed,False,,SYNTHETIC,BRP_0116,Medium,False,Pilot v0.1 synthetic seed; human review required before training.
BRQ_0117,জন্ম নিবন্ধন কী?,BIRTH_REGISTRATION,BR_GENERAL_INFORMATION,General Birth Registration Information,BR_GENERAL_INFORMATION,General Birth Registration Information,Low,Formal,False,,SYNTHETIC,BRP_0117,Easy,False,Pilot v0.1 synthetic seed; human review required before training.
BRQ_0118,জন্ম নিবন্ধন কেন প্রয়োজন?,BIRTH_REGISTRATION,BR_GENERAL_INFORMATION,General Birth Registration Information,BR_GENERAL_INFORMATION,General Birth Registration Information,Low,Formal,False,,SYNTHETIC,BRP_0118,Easy,False,Pilot v0.1 synthetic seed; human review required before training.
BRQ_0119,birth registration niye general information chai,BIRTH_REGISTRATION,BR_GENERAL_INFORMATION,General Birth Registration Information,BR_GENERAL_INFORMATION,General Birth Registration Information,Low,Mixed,False,,SYNTHETIC,BRP_0119,Easy,False,Pilot v0.1 synthetic seed; human review required before training.
BRQ_0120,কীভাবে apply করব সেটা না; birth registration-এর উদ্দেশ্য কী জানতে চাই।,BIRTH_REGISTRATION,BR_GENERAL_INFORMATION,General Birth Registration Information,BR_GENERAL_INFORMATION,General Birth Registration Information,Low,Mixed,False,,SYNTHETIC,BRP_0120,Medium,False,Pilot v0.1 synthetic seed; human review required before training.
BRQ_0121,নতুন জন্ম নিবন্ধনের জন্য কী কী ধাপ অনুসরণ করতে হবে?,BIRTH_REGISTRATION,BR_REGISTRATION,Birth Registration Application,BR_REGISTRATION_PROCESS,New Birth Registration Process,Low,Formal,False,,PARAPHRASED,BRP_0001,Easy,False,Controlled v0.2 paraphrase of BRQ_0001; human review required before training.
BRQ_0122,new birth registration korar steps gula ki?,BIRTH_REGISTRATION,BR_REGISTRATION,Birth Registration Application,BR_REGISTRATION_PROCESS,New Birth Registration Process,Low,Mixed,False,,PARAPHRASED,BRP_0001,Easy,False,Controlled v0.2 paraphrase of BRQ_0001; human review required before training.
BRQ_0123,বাচ্চার জন্ম নিবন্ধন করতে প্রথমে কী করতে হবে?,BIRTH_REGISTRATION,BR_REGISTRATION,Birth Registration Application,BR_REGISTRATION_PROCESS,New Birth Registration Process,Low,Informal,False,,PARAPHRASED,BRP_0002,Easy,False,Controlled v0.2 paraphrase of BRQ_0002; human review required before training.
BRQ_0124,baby er birth registration start korbo kotha theke?,BIRTH_REGISTRATION,BR_REGISTRATION,Birth Registration Application,BR_REGISTRATION_PROCESS,New Birth Registration Process,Low,Mixed,False,,PARAPHRASED,BRP_0002,Easy,False,Controlled v0.2 paraphrase of BRQ_0002; human review required before training.
BRQ_0125,জন্ম নিবন্ধনের পুরো প্রক্রিয়াটা জানতে চাই।,BIRTH_REGISTRATION,BR_REGISTRATION,Birth Registration Application,BR_REGISTRATION_PROCESS,New Birth Registration Process,Low,Formal,False,,PARAPHRASED,BRP_0003,Easy,False,Controlled v0.2 paraphrase of BRQ_0003; human review required before training.
BRQ_0126,birth registration process ta ektu bolben?,BIRTH_REGISTRATION,BR_REGISTRATION,Birth Registration Application,BR_REGISTRATION_PROCESS,New Birth Registration Process,Low,Mixed,False,,PARAPHRASED,BRP_0003,Easy,False,Controlled v0.2 paraphrase of BRQ_0003; human review required before training.
BRQ_0127,সাধারণভাবে নতুন জন্ম নিবন্ধনের নিয়মগুলো কী?,BIRTH_REGISTRATION,BR_REGISTRATION,Birth Registration Application,BR_REGISTRATION_PROCESS,New Birth Registration Process,Low,Formal,False,,PARAPHRASED,BRP_0004,Medium,False,Controlled v0.2 paraphrase of BRQ_0004; human review required before training.
BRQ_0128,online chara normal birth registration process ki?,BIRTH_REGISTRATION,BR_REGISTRATION,Birth Registration Application,BR_REGISTRATION_PROCESS,New Birth Registration Process,Low,Mixed,False,,PARAPHRASED,BRP_0004,Medium,False,Controlled v0.2 paraphrase of BRQ_0004; human review required before training.
BRQ_0129,জন্ম নিবন্ধনের অনলাইন আবেদন করার নিয়ম কী?,BIRTH_REGISTRATION,BR_REGISTRATION,Birth Registration Application,BR_REGISTRATION_ONLINE_APPLICATION,Online Birth Registration Application,Low,Formal,False,,PARAPHRASED,BRP_0005,Easy,False,Controlled v0.2 paraphrase of BRQ_0005; human review required before training.
BRQ_0130,online e birth registration apply korbo kivabe?,BIRTH_REGISTRATION,BR_REGISTRATION,Birth Registration Application,BR_REGISTRATION_ONLINE_APPLICATION,Online Birth Registration Application,Low,Mixed,False,,PARAPHRASED,BRP_0005,Easy,False,Controlled v0.2 paraphrase of BRQ_0005; human review required before training.
BRQ_0131,বাড়ি থেকে অনলাইনে জন্ম নিবন্ধনের আবেদন করা সম্ভব?,BIRTH_REGISTRATION,BR_REGISTRATION,Birth Registration Application,BR_REGISTRATION_ONLINE_APPLICATION,Online Birth Registration Application,Low,Formal,False,,PARAPHRASED,BRP_0006,Easy,False,Controlled v0.2 paraphrase of BRQ_0006; human review required before training.
BRQ_0132,ghore boshe birth registration apply kora jay?,BIRTH_REGISTRATION,BR_REGISTRATION,Birth Registration Application,BR_REGISTRATION_ONLINE_APPLICATION,Online Birth Registration Application,Low,Mixed,False,,PARAPHRASED,BRP_0006,Easy,False,Controlled v0.2 paraphrase of BRQ_0006; human review required before training.
BRQ_0133,BDRIS পোর্টালে নতুন জন্ম নিবন্ধনের আবেদন কোথা থেকে শুরু করব?,BIRTH_REGISTRATION,BR_REGISTRATION,Birth Registration Application,BR_REGISTRATION_ONLINE_APPLICATION,Online Birth Registration Application,Low,Formal,False,,PARAPHRASED,BRP_0007,Easy,False,Controlled v0.2 paraphrase of BRQ_0007; human review required before training.
BRQ_0134,BDRIS portal e application start korar option ta kothay?,BIRTH_REGISTRATION,BR_REGISTRATION,Birth Registration Application,BR_REGISTRATION_ONLINE_APPLICATION,Online Birth Registration Application,Low,Mixed,False,,PARAPHRASED,BRP_0007,Easy,False,Controlled v0.2 paraphrase of BRQ_0007; human review required before training.
BRQ_0135,শুধু অনলাইন আবেদন করার ধাপগুলো জানতে চাই।,BIRTH_REGISTRATION,BR_REGISTRATION,Birth Registration Application,BR_REGISTRATION_ONLINE_APPLICATION,Online Birth Registration Application,Low,Formal,False,,PARAPHRASED,BRP_0008,Medium,False,Controlled v0.2 paraphrase of BRQ_0008; human review required before training.
BRQ_0136,"birth registration office niye na, online apply process ta ki?",BIRTH_REGISTRATION,BR_REGISTRATION,Birth Registration Application,BR_REGISTRATION_ONLINE_APPLICATION,Online Birth Registration Application,Low,Mixed,False,,PARAPHRASED,BRP_0008,Medium,False,Controlled v0.2 paraphrase of BRQ_0008; human review required before training.
BRQ_0137,জন্ম নিবন্ধনের আবেদন কোন কার্যালয়ে করতে হবে?,BIRTH_REGISTRATION,BR_REGISTRATION,Birth Registration Application,BR_REGISTRATION_LOCATION_SELECTION,Registration Office and Location Selection,Low,Formal,False,,PARAPHRASED,BRP_0009,Easy,False,Controlled v0.2 paraphrase of BRQ_0009; human review required before training.
BRQ_0138,birth registration er jonno kon office choose korbo?,BIRTH_REGISTRATION,BR_REGISTRATION,Birth Registration Application,BR_REGISTRATION_LOCATION_SELECTION,Registration Office and Location Selection,Low,Mixed,False,,PARAPHRASED,BRP_0009,Easy,False,Controlled v0.2 paraphrase of BRQ_0009; human review required before training.
BRQ_0139,জন্মস্থান না স্থায়ী ঠিকানা—কোন এলাকার অফিসে আবেদন করব?,BIRTH_REGISTRATION,BR_REGISTRATION,Birth Registration Application,BR_REGISTRATION_LOCATION_SELECTION,Registration Office and Location Selection,Low,Formal,False,,PARAPHRASED,BRP_0010,Medium,False,Controlled v0.2 paraphrase of BRQ_0010; human review required before training.
BRQ_0140,birth place naki permanent address er office e apply korbo?,BIRTH_REGISTRATION,BR_REGISTRATION,Birth Registration Application,BR_REGISTRATION_LOCATION_SELECTION,Registration Office and Location Selection,Low,Mixed,False,,PARAPHRASED,BRP_0010,Medium,False,Controlled v0.2 paraphrase of BRQ_0010; human review required before training.
BRQ_0141,জন্ম নিবন্ধনের জন্য কোন ইউনিয়ন বা স্থানীয় অফিস বেছে নেব?,BIRTH_REGISTRATION,BR_REGISTRATION,Birth Registration Application,BR_REGISTRATION_LOCATION_SELECTION,Registration Office and Location Selection,Low,Informal,False,,PARAPHRASED,BRP_0011,Easy,False,Controlled v0.2 paraphrase of BRQ_0011; human review required before training.
BRQ_0142,kon union office diye birth registration korbo?,BIRTH_REGISTRATION,BR_REGISTRATION,Birth Registration Application,BR_REGISTRATION_LOCATION_SELECTION,Registration Office and Location Selection,Low,Mixed,False,,PARAPHRASED,BRP_0011,Easy,False,Controlled v0.2 paraphrase of BRQ_0011; human review required before training.
BRQ_0143,আবেদনের জন্য সঠিক registration office কোনটি হবে?,BIRTH_REGISTRATION,BR_REGISTRATION,Birth Registration Application,BR_REGISTRATION_LOCATION_SELECTION,Registration Office and Location Selection,Low,Formal,False,,PARAPHRASED,BRP_0012,Medium,False,Controlled v0.2 paraphrase of BRQ_0012; human review required before training.
BRQ_0144,"birth registration er address field na, office selection ta kivabe korbo?",BIRTH_REGISTRATION,BR_REGISTRATION,Birth Registration Application,BR_REGISTRATION_LOCATION_SELECTION,Registration Office and Location Selection,Low,Mixed,False,,PARAPHRASED,BRP_0012,Medium,False,Controlled v0.2 paraphrase of BRQ_0012; human review required before training.
BRQ_0145,বিদেশে থাকলে বাংলাদেশ দূতাবাস থেকে জন্ম নিবন্ধন করা যায় কি?,BIRTH_REGISTRATION,BR_REGISTRATION,Birth Registration Application,BR_REGISTRATION_OVERSEAS_EMBASSY,Overseas / Embassy Birth Registration,Low,Formal,False,,PARAPHRASED,BRP_0013,Easy,False,Controlled v0.2 paraphrase of BRQ_0013; human review required before training.
BRQ_0146,abroad theke embassy diye birth registration kora jabe?,BIRTH_REGISTRATION,BR_REGISTRATION,Birth Registration Application,BR_REGISTRATION_OVERSEAS_EMBASSY,Overseas / Embassy Birth Registration,Low,Mixed,False,,PARAPHRASED,BRP_0013,Easy,False,Controlled v0.2 paraphrase of BRQ_0013; human review required before training.
BRQ_0147,বিদেশে বসবাস করি; দূতাবাসের মাধ্যমে জন্ম নিবন্ধনের নিয়ম কী?,BIRTH_REGISTRATION,BR_REGISTRATION,Birth Registration Application,BR_REGISTRATION_OVERSEAS_EMBASSY,Overseas / Embassy Birth Registration,Low,Formal,False,,PARAPHRASED,BRP_0014,Easy,False,Controlled v0.2 paraphrase of BRQ_0014; human review required before training.
BRQ_0148,"bideshe thaki, embassy route e birth registration kivabe korbo?",BIRTH_REGISTRATION,BR_REGISTRATION,Birth Registration Application,BR_REGISTRATION_OVERSEAS_EMBASSY,Overseas / Embassy Birth Registration,Low,Mixed,False,,PARAPHRASED,BRP_0014,Easy,False,Controlled v0.2 paraphrase of BRQ_0014; human review required before training.
BRQ_0149,বাংলাদেশ মিশন থেকে জন্ম নিবন্ধনের আবেদন কীভাবে করতে হয়?,BIRTH_REGISTRATION,BR_REGISTRATION,Birth Registration Application,BR_REGISTRATION_OVERSEAS_EMBASSY,Overseas / Embassy Birth Registration,Low,Formal,False,,PARAPHRASED,BRP_0015,Easy,False,Controlled v0.2 paraphrase of BRQ_0015; human review required before training.
BRQ_0150,Bangladesh mission diye birth registration apply korbo kivabe?,BIRTH_REGISTRATION,BR_REGISTRATION,Birth Registration Application,BR_REGISTRATION_OVERSEAS_EMBASSY,Overseas / Embassy Birth Registration,Low,Mixed,False,,PARAPHRASED,BRP_0015,Easy,False,Controlled v0.2 paraphrase of BRQ_0015; human review required before training.
BRQ_0151,বিদেশ থেকে embassy-based জন্ম নিবন্ধনের প্রক্রিয়া জানতে চাই।,BIRTH_REGISTRATION,BR_REGISTRATION,Birth Registration Application,BR_REGISTRATION_OVERSEAS_EMBASSY,Overseas / Embassy Birth Registration,Low,Formal,False,,PARAPHRASED,BRP_0016,Medium,False,Controlled v0.2 paraphrase of BRQ_0016; human review required before training.
BRQ_0152,"local office na, birth registration embassy diye apply korte chai",BIRTH_REGISTRATION,BR_REGISTRATION,Birth Registration Application,BR_REGISTRATION_OVERSEAS_EMBASSY,Overseas / Embassy Birth Registration,Low,Mixed,False,,PARAPHRASED,BRP_0016,Medium,False,Controlled v0.2 paraphrase of BRQ_0016; human review required before training.
BRQ_0153,যার জন্ম নিবন্ধন করা হবে তার কোন কোন তথ্য প্রয়োজন?,BIRTH_REGISTRATION,BR_REGISTRATION,Birth Registration Application,BR_REGISTRATION_PERSON_INFORMATION,Registered Person Information,Low,Formal,False,,PARAPHRASED,BRP_0017,Easy,False,Controlled v0.2 paraphrase of BRQ_0017; human review required before training.
BRQ_0154,registered person er details ki ki dite hobe?,BIRTH_REGISTRATION,BR_REGISTRATION,Birth Registration Application,BR_REGISTRATION_PERSON_INFORMATION,Registered Person Information,Low,Mixed,False,,PARAPHRASED,BRP_0017,Easy,False,Controlled v0.2 paraphrase of BRQ_0017; human review required before training.
BRQ_0155,শিশুর নাম কি বাংলা ও ইংরেজি দুই ভাষায় দিতে হয়?,BIRTH_REGISTRATION,BR_REGISTRATION,Birth Registration Application,BR_REGISTRATION_PERSON_INFORMATION,Registered Person Information,Low,Formal,False,,PARAPHRASED,BRP_0018,Easy,False,Controlled v0.2 paraphrase of BRQ_0018; human review required before training.
BRQ_0156,baby name Bangla English duita dite hobe?,BIRTH_REGISTRATION,BR_REGISTRATION,Birth Registration Application,BR_REGISTRATION_PERSON_INFORMATION,Registered Person Information,Low,Mixed,False,,PARAPHRASED,BRP_0018,Easy,False,Controlled v0.2 paraphrase of BRQ_0018; human review required before training.
BRQ_0157,জন্ম নিবন্ধনের ব্যক্তির নিজের কী তথ্য ফর্মে দিতে হয়?,BIRTH_REGISTRATION,BR_REGISTRATION,Birth Registration Application,BR_REGISTRATION_PERSON_INFORMATION,Registered Person Information,Low,Formal,False,,PARAPHRASED,BRP_0019,Easy,False,Controlled v0.2 paraphrase of BRQ_0019; human review required before training.
BRQ_0158,person er nijer info ki ki lage form e?,BIRTH_REGISTRATION,BR_REGISTRATION,Birth Registration Application,BR_REGISTRATION_PERSON_INFORMATION,Registered Person Information,Low,Mixed,False,,PARAPHRASED,BRP_0019,Easy,False,Controlled v0.2 paraphrase of BRQ_0019; human review required before training.
BRQ_0159,শিশুর নিজের তথ্যগুলোর তালিকা কী?,BIRTH_REGISTRATION,BR_REGISTRATION,Birth Registration Application,BR_REGISTRATION_PERSON_INFORMATION,Registered Person Information,Low,Informal,False,,PARAPHRASED,BRP_0020,Medium,False,Controlled v0.2 paraphrase of BRQ_0020; human review required before training.
BRQ_0160,parent info chara child er ki ki details lage?,BIRTH_REGISTRATION,BR_REGISTRATION,Birth Registration Application,BR_REGISTRATION_PERSON_INFORMATION,Registered Person Information,Low,Mixed,False,,PARAPHRASED,BRP_0020,Medium,False,Controlled v0.2 paraphrase of BRQ_0020; human review required before training.
BRQ_0161,নতুন জন্ম নিবন্ধনের আবেদনে পিতা-মাতার কী কী তথ্য প্রয়োজন?,BIRTH_REGISTRATION,BR_REGISTRATION,Birth Registration Application,BR_REGISTRATION_PARENT_INFORMATION,Father and Mother Information,Low,Formal,False,,PARAPHRASED,BRP_0021,Easy,False,Controlled v0.2 paraphrase of BRQ_0021; human review required before training.
BRQ_0162,new birth registration e parents er info ki ki lage?,BIRTH_REGISTRATION,BR_REGISTRATION,Birth Registration Application,BR_REGISTRATION_PARENT_INFORMATION,Father and Mother Information,Low,Mixed,False,,PARAPHRASED,BRP_0021,Easy,False,Controlled v0.2 paraphrase of BRQ_0021; human review required before training.
BRQ_0163,আবেদনে মায়ের জন্ম নিবন্ধন নম্বর দিতে হবে কি?,BIRTH_REGISTRATION,BR_REGISTRATION,Birth Registration Application,BR_REGISTRATION_PARENT_INFORMATION,Father and Mother Information,Low,Formal,False,,PARAPHRASED,BRP_0022,Easy,False,Controlled v0.2 paraphrase of BRQ_0022; human review required before training.
BRQ_0164,mother er BRN ki form e dite hoy?,BIRTH_REGISTRATION,BR_REGISTRATION,Birth Registration Application,BR_REGISTRATION_PARENT_INFORMATION,Father and Mother Information,Low,Mixed,False,,PARAPHRASED,BRP_0022,Easy,False,Controlled v0.2 paraphrase of BRQ_0022; human review required before training.
BRQ_0165,ফর্মে বাবা-মায়ের কোন কোন তথ্য দিতে হবে?,BIRTH_REGISTRATION,BR_REGISTRATION,Birth Registration Application,BR_REGISTRATION_PARENT_INFORMATION,Father and Mother Information,Low,Formal,False,,PARAPHRASED,BRP_0023,Easy,False,Controlled v0.2 paraphrase of BRQ_0023; human review required before training.
BRQ_0166,father mother details ki ki fill up korte hoy?,BIRTH_REGISTRATION,BR_REGISTRATION,Birth Registration Application,BR_REGISTRATION_PARENT_INFORMATION,Father and Mother Information,Low,Mixed,False,,PARAPHRASED,BRP_0023,Easy,False,Controlled v0.2 paraphrase of BRQ_0023; human review required before training.
BRQ_0167,"আবেদনকারীর সম্পর্ক নয়, পিতা-মাতার প্রয়োজনীয় তথ্য জানতে চাই।",BIRTH_REGISTRATION,BR_REGISTRATION,Birth Registration Application,BR_REGISTRATION_PARENT_INFORMATION,Father and Mother Information,Low,Formal,False,,PARAPHRASED,BRP_0024,Medium,False,Controlled v0.2 paraphrase of BRQ_0024; human review required before training.
BRQ_0168,"guardian na, parents er required info ta jante chai",BIRTH_REGISTRATION,BR_REGISTRATION,Birth Registration Application,BR_REGISTRATION_PARENT_INFORMATION,Father and Mother Information,Low,Mixed,False,,PARAPHRASED,BRP_0024,Medium,False,Controlled v0.2 paraphrase of BRQ_0024; human review required before training.
BRQ_0169,নতুন জন্ম নিবন্ধনের আবেদনে ঠিকানার অংশ কীভাবে পূরণ করব?,BIRTH_REGISTRATION,BR_REGISTRATION,Birth Registration Application,BR_REGISTRATION_ADDRESS_INFORMATION,"Birth, Permanent and Present Address Information",Low,Formal,False,,PARAPHRASED,BRP_0025,Easy,False,Controlled v0.2 paraphrase of BRQ_0025; human review required before training.
BRQ_0170,new birth form er address section kivabe fill korbo?,BIRTH_REGISTRATION,BR_REGISTRATION,Birth Registration Application,BR_REGISTRATION_ADDRESS_INFORMATION,"Birth, Permanent and Present Address Information",Low,Mixed,False,,PARAPHRASED,BRP_0025,Easy,False,Controlled v0.2 paraphrase of BRQ_0025; human review required before training.
BRQ_0171,বর্তমান ও স্থায়ী ঠিকানা এক হলে ফর্মে কীভাবে দেব?,BIRTH_REGISTRATION,BR_REGISTRATION,Birth Registration Application,BR_REGISTRATION_ADDRESS_INFORMATION,"Birth, Permanent and Present Address Information",Low,Formal,False,,PARAPHRASED,BRP_0026,Medium,False,Controlled v0.2 paraphrase of BRQ_0026; human review required before training.
BRQ_0172,present ar permanent address same hole ki likhbo?,BIRTH_REGISTRATION,BR_REGISTRATION,Birth Registration Application,BR_REGISTRATION_ADDRESS_INFORMATION,"Birth, Permanent and Present Address Information",Low,Mixed,False,,PARAPHRASED,BRP_0026,Medium,False,Controlled v0.2 paraphrase of BRQ_0026; human review required before training.
BRQ_0173,"জন্মস্থান, স্থায়ী ও বর্তমান ঠিকানার ঘরগুলো কীভাবে পূরণ করতে হয়?",BIRTH_REGISTRATION,BR_REGISTRATION,Birth Registration Application,BR_REGISTRATION_ADDRESS_INFORMATION,"Birth, Permanent and Present Address Information",Low,Formal,False,,PARAPHRASED,BRP_0027,Easy,False,Controlled v0.2 paraphrase of BRQ_0027; human review required before training.
BRQ_0174,birth place/permanent/present address gula kivabe dibo?,BIRTH_REGISTRATION,BR_REGISTRATION,Birth Registration Application,BR_REGISTRATION_ADDRESS_INFORMATION,"Birth, Permanent and Present Address Information",Low,Mixed,False,,PARAPHRASED,BRP_0027,Easy,False,Controlled v0.2 paraphrase of BRQ_0027; human review required before training.
BRQ_0175,ফর্মে address information লেখার নিয়ম জানতে চাই।,BIRTH_REGISTRATION,BR_REGISTRATION,Birth Registration Application,BR_REGISTRATION_ADDRESS_INFORMATION,"Birth, Permanent and Present Address Information",Low,Formal,False,,PARAPHRASED,BRP_0028,Medium,False,Controlled v0.2 paraphrase of BRQ_0028; human review required before training.
BRQ_0176,"office select na, address field fill korar niyom ki?",BIRTH_REGISTRATION,BR_REGISTRATION,Birth Registration Application,BR_REGISTRATION_ADDRESS_INFORMATION,"Birth, Permanent and Present Address Information",Low,Mixed,False,,PARAPHRASED,BRP_0028,Medium,False,Controlled v0.2 paraphrase of BRQ_0028; human review required before training.
BRQ_0177,শিশুর পক্ষে জন্ম নিবন্ধনের আবেদন কে জমা দিতে পারেন?,BIRTH_REGISTRATION,BR_REGISTRATION,Birth Registration Application,BR_REGISTRATION_APPLICANT_RELATION,"Applicant, Parent and Guardian Relationship",Low,Formal,False,,PARAPHRASED,BRP_0029,Easy,False,Controlled v0.2 paraphrase of BRQ_0029; human review required before training.
BRQ_0178,child er behalf e ke birth registration apply korte pare?,BIRTH_REGISTRATION,BR_REGISTRATION,Birth Registration Application,BR_REGISTRATION_APPLICANT_RELATION,"Applicant, Parent and Guardian Relationship",Low,Mixed,False,,PARAPHRASED,BRP_0029,Easy,False,Controlled v0.2 paraphrase of BRQ_0029; human review required before training.
BRQ_0179,পিতা-মাতা ছাড়া অভিভাবক কি আবেদন করতে পারবেন?,BIRTH_REGISTRATION,BR_REGISTRATION,Birth Registration Application,BR_REGISTRATION_APPLICANT_RELATION,"Applicant, Parent and Guardian Relationship",Low,Formal,False,,PARAPHRASED,BRP_0030,Easy,False,Controlled v0.2 paraphrase of BRQ_0030; human review required before training.
BRQ_0180,parents chara guardian apply korte parbe?,BIRTH_REGISTRATION,BR_REGISTRATION,Birth Registration Application,BR_REGISTRATION_APPLICANT_RELATION,"Applicant, Parent and Guardian Relationship",Low,Mixed,False,,PARAPHRASED,BRP_0030,Easy,False,Controlled v0.2 paraphrase of BRQ_0030; human review required before training.
BRQ_0181,Applicant relation ঘরে কোন সম্পর্ক নির্বাচন করতে হবে?,BIRTH_REGISTRATION,BR_REGISTRATION,Birth Registration Application,BR_REGISTRATION_APPLICANT_RELATION,"Applicant, Parent and Guardian Relationship",Low,Formal,False,,PARAPHRASED,BRP_0031,Easy,False,Controlled v0.2 paraphrase of BRQ_0031; human review required before training.
BRQ_0182,birth registration applicant relation option e konta select korbo?,BIRTH_REGISTRATION,BR_REGISTRATION,Birth Registration Application,BR_REGISTRATION_APPLICANT_RELATION,"Applicant, Parent and Guardian Relationship",Low,Mixed,False,,PARAPHRASED,BRP_0031,Easy,False,Controlled v0.2 paraphrase of BRQ_0031; human review required before training.
BRQ_0183,জন্ম নিবন্ধনের আবেদনকারী হিসেবে কারা গ্রহণযোগ্য?,BIRTH_REGISTRATION,BR_REGISTRATION,Birth Registration Application,BR_REGISTRATION_APPLICANT_RELATION,"Applicant, Parent and Guardian Relationship",Low,Formal,False,,PARAPHRASED,BRP_0032,Medium,False,Controlled v0.2 paraphrase of BRQ_0032; human review required before training.
BRQ_0184,"parent details na, ke applicant hote parbe?",BIRTH_REGISTRATION,BR_REGISTRATION,Birth Registration Application,BR_REGISTRATION_APPLICANT_RELATION,"Applicant, Parent and Guardian Relationship",Low,Mixed,False,,PARAPHRASED,BRP_0032,Medium,False,Controlled v0.2 paraphrase of BRQ_0032; human review required before training.
BRQ_0185,জন্ম নিবন্ধনের আবেদনে কোন কোন কাগজপত্র প্রয়োজন?,BIRTH_REGISTRATION,BR_REGISTRATION,Birth Registration Application,BR_REGISTRATION_REQUIRED_DOCUMENTS,Birth Registration Supporting Documents,Low,Formal,False,,PARAPHRASED,BRP_0033,Easy,False,Controlled v0.2 paraphrase of BRQ_0033; human review required before training.
BRQ_0186,birth registration korte ki ki documents lage?,BIRTH_REGISTRATION,BR_REGISTRATION,Birth Registration Application,BR_REGISTRATION_REQUIRED_DOCUMENTS,Birth Registration Supporting Documents,Low,Mixed,False,,PARAPHRASED,BRP_0033,Easy,False,Controlled v0.2 paraphrase of BRQ_0033; human review required before training.
BRQ_0187,আবেদনের সঙ্গে কী কী supporting document দিতে হয়?,BIRTH_REGISTRATION,BR_REGISTRATION,Birth Registration Application,BR_REGISTRATION_REQUIRED_DOCUMENTS,Birth Registration Supporting Documents,Low,Formal,False,,PARAPHRASED,BRP_0034,Easy,False,Controlled v0.2 paraphrase of BRQ_0034; human review required before training.
BRQ_0188,application er sathe kon documents upload korbo?,BIRTH_REGISTRATION,BR_REGISTRATION,Birth Registration Application,BR_REGISTRATION_REQUIRED_DOCUMENTS,Birth Registration Supporting Documents,Low,Mixed,False,,PARAPHRASED,BRP_0034,Easy,False,Controlled v0.2 paraphrase of BRQ_0034; human review required before training.
BRQ_0189,Birth registration-এর প্রয়োজনীয় documents-এর তালিকা কী?,BIRTH_REGISTRATION,BR_REGISTRATION,Birth Registration Application,BR_REGISTRATION_REQUIRED_DOCUMENTS,Birth Registration Supporting Documents,Low,Mixed,False,,PARAPHRASED,BRP_0035,Easy,False,Controlled v0.2 paraphrase of BRQ_0035; human review required before training.
BRQ_0190,birth registration er required kagojpotro gula ki ki?,BIRTH_REGISTRATION,BR_REGISTRATION,Birth Registration Application,BR_REGISTRATION_REQUIRED_DOCUMENTS,Birth Registration Supporting Documents,Low,Mixed,False,,PARAPHRASED,BRP_0035,Easy,False,Controlled v0.2 paraphrase of BRQ_0035; human review required before training.
BRQ_0191,সাধারণভাবে জন্ম নিবন্ধনে কী কী দলিল লাগে জানতে চাই।,BIRTH_REGISTRATION,BR_REGISTRATION,Birth Registration Application,BR_REGISTRATION_REQUIRED_DOCUMENTS,Birth Registration Supporting Documents,Low,Formal,False,,PARAPHRASED,BRP_0036,Medium,False,Controlled v0.2 paraphrase of BRQ_0036; human review required before training.
BRQ_0192,"documents missing na, just required documents list chai",BIRTH_REGISTRATION,BR_REGISTRATION,Birth Registration Application,BR_REGISTRATION_REQUIRED_DOCUMENTS,Birth Registration Supporting Documents,Low,Mixed,False,,PARAPHRASED,BRP_0036,Medium,False,Controlled v0.2 paraphrase of BRQ_0036; human review required before training.
BRQ_0193,প্রয়োজনীয় কাগজের একটি না থাকলে কীভাবে আবেদন করব?,BIRTH_REGISTRATION,BR_REGISTRATION,Birth Registration Application,BR_REGISTRATION_MISSING_DOCUMENTS,Missing or Unavailable Registration Documents,Medium,Formal,False,,PARAPHRASED,BRP_0037,Medium,False,Controlled v0.2 paraphrase of BRQ_0037; human review required before training.
BRQ_0194,"required ekta kagoj nai, ekhon ki korbo?",BIRTH_REGISTRATION,BR_REGISTRATION,Birth Registration Application,BR_REGISTRATION_MISSING_DOCUMENTS,Missing or Unavailable Registration Documents,Medium,Mixed,False,,PARAPHRASED,BRP_0037,Medium,False,Controlled v0.2 paraphrase of BRQ_0037; human review required before training.
BRQ_0195,একটি প্রয়োজনীয় document না থাকলেও আবেদন করা সম্ভব কি?,BIRTH_REGISTRATION,BR_REGISTRATION,Birth Registration Application,BR_REGISTRATION_MISSING_DOCUMENTS,Missing or Unavailable Registration Documents,Medium,Formal,False,,PARAPHRASED,BRP_0038,Medium,False,Controlled v0.2 paraphrase of BRQ_0038; human review required before training.
BRQ_0196,"one required doc missing, apply kora jabe?",BIRTH_REGISTRATION,BR_REGISTRATION,Birth Registration Application,BR_REGISTRATION_MISSING_DOCUMENTS,Missing or Unavailable Registration Documents,Medium,Mixed,False,,PARAPHRASED,BRP_0038,Medium,False,Controlled v0.2 paraphrase of BRQ_0038; human review required before training.
BRQ_0197,যে কাগজটি নেই তার বদলে অন্য কোনো দলিল দেওয়া যাবে?,BIRTH_REGISTRATION,BR_REGISTRATION,Birth Registration Application,BR_REGISTRATION_MISSING_DOCUMENTS,Missing or Unavailable Registration Documents,Medium,Formal,False,,PARAPHRASED,BRP_0039,Medium,False,Controlled v0.2 paraphrase of BRQ_0039; human review required before training.
BRQ_0198,"document nai, alternative document use kora jabe?",BIRTH_REGISTRATION,BR_REGISTRATION,Birth Registration Application,BR_REGISTRATION_MISSING_DOCUMENTS,Missing or Unavailable Registration Documents,Medium,Mixed,False,,PARAPHRASED,BRP_0039,Medium,False,Controlled v0.2 paraphrase of BRQ_0039; human review required before training.
BRQ_0199,প্রয়োজনীয় দলিলগুলোর একটি সংগ্রহ করতে পারছি না—করণীয় কী?,BIRTH_REGISTRATION,BR_REGISTRATION,Birth Registration Application,BR_REGISTRATION_MISSING_DOCUMENTS,Missing or Unavailable Registration Documents,Medium,Formal,False,,PARAPHRASED,BRP_0040,Hard,False,Controlled v0.2 paraphrase of BRQ_0040; human review required before training.
BRQ_0200,required doc er ekta manage korte partesi na,BIRTH_REGISTRATION,BR_REGISTRATION,Birth Registration Application,BR_REGISTRATION_MISSING_DOCUMENTS,Missing or Unavailable Registration Documents,Medium,Mixed,False,,PARAPHRASED,BRP_0040,Hard,False,Controlled v0.2 paraphrase of BRQ_0040; human review required before training.
BRQ_0201,জন্ম নিবন্ধনের verification OTP আসছে না।,BIRTH_REGISTRATION,BR_REGISTRATION,Birth Registration Application,BR_REGISTRATION_OTP_NOT_RECEIVED,Registration OTP Not Received,Medium,Formal,False,,PARAPHRASED,BRP_0041,Easy,False,Controlled v0.2 paraphrase of BRQ_0041; human review required before training.
BRQ_0202,birth registration er OTP pachhi na,BIRTH_REGISTRATION,BR_REGISTRATION,Birth Registration Application,BR_REGISTRATION_OTP_NOT_RECEIVED,Registration OTP Not Received,Medium,Mixed,False,,PARAPHRASED,BRP_0041,Easy,False,Controlled v0.2 paraphrase of BRQ_0041; human review required before training.
BRQ_0203,OTP-এর SMS না এলে কী করতে হবে?,BIRTH_REGISTRATION,BR_REGISTRATION,Birth Registration Application,BR_REGISTRATION_OTP_NOT_RECEIVED,Registration OTP Not Received,Medium,Formal,False,,PARAPHRASED,BRP_0042,Easy,False,Controlled v0.2 paraphrase of BRQ_0042; human review required before training.
BRQ_0204,"birth registration er otp sms ashche na, ki kori?",BIRTH_REGISTRATION,BR_REGISTRATION,Birth Registration Application,BR_REGISTRATION_OTP_NOT_RECEIVED,Registration OTP Not Received,Medium,Mixed,False,,PARAPHRASED,BRP_0042,Easy,False,Controlled v0.2 paraphrase of BRQ_0042; human review required before training.
BRQ_0205,জন্ম নিবন্ধনের OTP এখনো পাইনি।,BIRTH_REGISTRATION,BR_REGISTRATION,Birth Registration Application,BR_REGISTRATION_OTP_NOT_RECEIVED,Registration OTP Not Received,Medium,Informal,False,,PARAPHRASED,BRP_0043,Easy,False,Controlled v0.2 paraphrase of BRQ_0043; human review required before training.
BRQ_0206,birth registration otp pai nai,BIRTH_REGISTRATION,BR_REGISTRATION,Birth Registration Application,BR_REGISTRATION_OTP_NOT_RECEIVED,Registration OTP Not Received,Medium,Mixed,False,,PARAPHRASED,BRP_0043,Easy,False,Controlled v0.2 paraphrase of BRQ_0043; human review required before training.
BRQ_0207,Verification code একেবারেই আসছে না।,BIRTH_REGISTRATION,BR_REGISTRATION,Birth Registration Application,BR_REGISTRATION_OTP_NOT_RECEIVED,Registration OTP Not Received,Medium,Mixed,False,,PARAPHRASED,BRP_0044,Medium,False,Controlled v0.2 paraphrase of BRQ_0044; human review required before training.
BRQ_0208,"birth registration verification code receive kori nai, etai problem",BIRTH_REGISTRATION,BR_REGISTRATION,Birth Registration Application,BR_REGISTRATION_OTP_NOT_RECEIVED,Registration OTP Not Received,Medium,Mixed,False,,PARAPHRASED,BRP_0044,Medium,False,Controlled v0.2 paraphrase of BRQ_0044; human review required before training.
BRQ_0209,"OTP এসেছে, কিন্তু সেটি দিয়ে verification সম্পন্ন হচ্ছে না।",BIRTH_REGISTRATION,BR_REGISTRATION,Birth Registration Application,BR_REGISTRATION_OTP_VERIFICATION,Registration OTP Verification Problem,Medium,Formal,False,,PARAPHRASED,BRP_0045,Medium,False,Controlled v0.2 paraphrase of BRQ_0045; human review required before training.
BRQ_0210,otp paisi kintu verify korte partesi na,BIRTH_REGISTRATION,BR_REGISTRATION,Birth Registration Application,BR_REGISTRATION_OTP_VERIFICATION,Registration OTP Verification Problem,Medium,Mixed,False,,PARAPHRASED,BRP_0045,Medium,False,Controlled v0.2 paraphrase of BRQ_0045; human review required before training.
BRQ_0211,OTP code দিলে system গ্রহণ করছে না।,BIRTH_REGISTRATION,BR_REGISTRATION,Birth Registration Application,BR_REGISTRATION_OTP_VERIFICATION,Registration OTP Verification Problem,Medium,Mixed,False,,PARAPHRASED,BRP_0046,Medium,False,Controlled v0.2 paraphrase of BRQ_0046; human review required before training.
BRQ_0212,birth registration otp code diyeo accept kortese na keno?,BIRTH_REGISTRATION,BR_REGISTRATION,Birth Registration Application,BR_REGISTRATION_OTP_VERIFICATION,Registration OTP Verification Problem,Medium,Mixed,False,,PARAPHRASED,BRP_0046,Medium,False,Controlled v0.2 paraphrase of BRQ_0046; human review required before training.
BRQ_0213,OTP পাওয়া গেছে কিন্তু verification fail করছে।,BIRTH_REGISTRATION,BR_REGISTRATION,Birth Registration Application,BR_REGISTRATION_OTP_VERIFICATION,Registration OTP Verification Problem,Medium,Mixed,False,,PARAPHRASED,BRP_0047,Medium,False,Controlled v0.2 paraphrase of BRQ_0047; human review required before training.
BRQ_0214,birth registration er otp ase but verification fail hocche,BIRTH_REGISTRATION,BR_REGISTRATION,Birth Registration Application,BR_REGISTRATION_OTP_VERIFICATION,Registration OTP Verification Problem,Medium,Mixed,False,,PARAPHRASED,BRP_0047,Medium,False,Controlled v0.2 paraphrase of BRQ_0047; human review required before training.
BRQ_0215,"Code পেয়েছি, কিন্তু verification-এর সময় reject হচ্ছে।",BIRTH_REGISTRATION,BR_REGISTRATION,Birth Registration Application,BR_REGISTRATION_OTP_VERIFICATION,Registration OTP Verification Problem,Medium,Mixed,False,,PARAPHRASED,BRP_0048,Hard,False,Controlled v0.2 paraphrase of BRQ_0048; human review required before training.
BRQ_0216,"otp received, system code ta nichhe na",BIRTH_REGISTRATION,BR_REGISTRATION,Birth Registration Application,BR_REGISTRATION_OTP_VERIFICATION,Registration OTP Verification Problem,Medium,Mixed,False,,PARAPHRASED,BRP_0048,Hard,False,Controlled v0.2 paraphrase of BRQ_0048; human review required before training.
BRQ_0217,আবেদন submit করার পরে তথ্য সম্পাদনা করা যায় কি?,BIRTH_REGISTRATION,BR_REGISTRATION,Birth Registration Application,BR_REGISTRATION_SUBMISSION_RULES,Application Submission and Edit Rules,Low,Formal,False,,PARAPHRASED,BRP_0049,Easy,False,Controlled v0.2 paraphrase of BRQ_0049; human review required before training.
BRQ_0218,submit er por application edit kora jabe?,BIRTH_REGISTRATION,BR_REGISTRATION,Birth Registration Application,BR_REGISTRATION_SUBMISSION_RULES,Application Submission and Edit Rules,Low,Mixed,False,,PARAPHRASED,BRP_0049,Easy,False,Controlled v0.2 paraphrase of BRQ_0049; human review required before training.
BRQ_0219,Submit করার সঙ্গে সঙ্গে কি তথ্য final হয়ে যায়?,BIRTH_REGISTRATION,BR_REGISTRATION,Birth Registration Application,BR_REGISTRATION_SUBMISSION_RULES,Application Submission and Edit Rules,Low,Mixed,False,,PARAPHRASED,BRP_0050,Medium,False,Controlled v0.2 paraphrase of BRQ_0050; human review required before training.
BRQ_0220,birth registration form submit dile data final hoye jabe?,BIRTH_REGISTRATION,BR_REGISTRATION,Birth Registration Application,BR_REGISTRATION_SUBMISSION_RULES,Application Submission and Edit Rules,Low,Mixed,False,,PARAPHRASED,BRP_0050,Medium,False,Controlled v0.2 paraphrase of BRQ_0050; human review required before training.
BRQ_0221,জমা দেওয়ার পর আবেদনের তথ্য পরিবর্তন করা সম্ভব?,BIRTH_REGISTRATION,BR_REGISTRATION,Birth Registration Application,BR_REGISTRATION_SUBMISSION_RULES,Application Submission and Edit Rules,Low,Formal,False,,PARAPHRASED,BRP_0051,Easy,False,Controlled v0.2 paraphrase of BRQ_0051; human review required before training.
BRQ_0222,application submit er pore change kora jay?,BIRTH_REGISTRATION,BR_REGISTRATION,Birth Registration Application,BR_REGISTRATION_SUBMISSION_RULES,Application Submission and Edit Rules,Low,Mixed,False,,PARAPHRASED,BRP_0051,Easy,False,Controlled v0.2 paraphrase of BRQ_0051; human review required before training.
BRQ_0223,Submit করার পর form-এর data আর বদলানো যাবে কি?,BIRTH_REGISTRATION,BR_REGISTRATION,Birth Registration Application,BR_REGISTRATION_SUBMISSION_RULES,Application Submission and Edit Rules,Low,Mixed,False,,PARAPHRASED,BRP_0052,Hard,False,Controlled v0.2 paraphrase of BRQ_0052; human review required before training.
BRQ_0224,"status na, submit er por edit option thakbe?",BIRTH_REGISTRATION,BR_REGISTRATION,Birth Registration Application,BR_REGISTRATION_SUBMISSION_RULES,Application Submission and Edit Rules,Low,Mixed,False,,PARAPHRASED,BRP_0052,Hard,False,Controlled v0.2 paraphrase of BRQ_0052; human review required before training.
BRQ_0225,জন্ম নিবন্ধনের ভুল তথ্য সংশোধনের সাধারণ প্রক্রিয়া কী?,BIRTH_REGISTRATION,BR_CORRECTION,Birth Registration Information Correction,BR_CORRECTION_PROCESS,Birth Registration Correction Process,Medium,Formal,False,,PARAPHRASED,BRP_0053,Easy,False,Controlled v0.2 paraphrase of BRQ_0053; human review required before training.
BRQ_0226,birth registration info correction korbo kivabe?,BIRTH_REGISTRATION,BR_CORRECTION,Birth Registration Information Correction,BR_CORRECTION_PROCESS,Birth Registration Correction Process,Medium,Mixed,False,,PARAPHRASED,BRP_0053,Easy,False,Controlled v0.2 paraphrase of BRQ_0053; human review required before training.
BRQ_0227,Birth certificate-এর তথ্য ভুল হলে correction কীভাবে করতে হয়?,BIRTH_REGISTRATION,BR_CORRECTION,Birth Registration Information Correction,BR_CORRECTION_PROCESS,Birth Registration Correction Process,Medium,Mixed,False,,PARAPHRASED,BRP_0054,Easy,False,Controlled v0.2 paraphrase of BRQ_0054; human review required before training.
BRQ_0228,"certificate e vul ase, correction process ki?",BIRTH_REGISTRATION,BR_CORRECTION,Birth Registration Information Correction,BR_CORRECTION_PROCESS,Birth Registration Correction Process,Medium,Mixed,False,,PARAPHRASED,BRP_0054,Easy,False,Controlled v0.2 paraphrase of BRQ_0054; human review required before training.
BRQ_0229,জন্ম নিবন্ধন সংশোধন করার নিয়ম জানতে চাই।,BIRTH_REGISTRATION,BR_CORRECTION,Birth Registration Information Correction,BR_CORRECTION_PROCESS,Birth Registration Correction Process,Medium,Formal,False,,PARAPHRASED,BRP_0055,Easy,False,Controlled v0.2 paraphrase of BRQ_0055; human review required before training.
BRQ_0230,birth registration correction er niyom ki?,BIRTH_REGISTRATION,BR_CORRECTION,Birth Registration Information Correction,BR_CORRECTION_PROCESS,Birth Registration Correction Process,Medium,Mixed,False,,PARAPHRASED,BRP_0055,Easy,False,Controlled v0.2 paraphrase of BRQ_0055; human review required before training.
BRQ_0231,"কোনো নির্দিষ্ট তথ্য নয়, সাধারণ correction procedure জানতে চাই।",BIRTH_REGISTRATION,BR_CORRECTION,Birth Registration Information Correction,BR_CORRECTION_PROCESS,Birth Registration Correction Process,Medium,Formal,False,,PARAPHRASED,BRP_0056,Medium,False,Controlled v0.2 paraphrase of BRQ_0056; human review required before training.
BRQ_0232,"specific field na, general correction kivabe hoy?",BIRTH_REGISTRATION,BR_CORRECTION,Birth Registration Information Correction,BR_CORRECTION_PROCESS,Birth Registration Correction Process,Medium,Mixed,False,,PARAPHRASED,BRP_0056,Medium,False,Controlled v0.2 paraphrase of BRQ_0056; human review required before training.
BRQ_0233,জন্ম নিবন্ধনে আমার নিজের নাম ভুল হয়েছে; কীভাবে ঠিক করব?,BIRTH_REGISTRATION,BR_CORRECTION,Birth Registration Information Correction,BR_CORRECTION_NAME,Registered Person Name Correction,Medium,Formal,False,,PARAPHRASED,BRP_0057,Easy,False,Controlled v0.2 paraphrase of BRQ_0057; human review required before training.
BRQ_0234,amar nijer name birth registration e wrong,BIRTH_REGISTRATION,BR_CORRECTION,Birth Registration Information Correction,BR_CORRECTION_NAME,Registered Person Name Correction,Medium,Mixed,False,,PARAPHRASED,BRP_0057,Easy,False,Controlled v0.2 paraphrase of BRQ_0057; human review required before training.
BRQ_0235,"নিজের নামের বানান ভুল হয়েছে, সংশোধন করতে চাই।",BIRTH_REGISTRATION,BR_CORRECTION,Birth Registration Information Correction,BR_CORRECTION_NAME,Registered Person Name Correction,Medium,Formal,False,,PARAPHRASED,BRP_0058,Easy,False,Controlled v0.2 paraphrase of BRQ_0058; human review required before training.
BRQ_0236,"birth registration e name spelling vul, correct korbo kivabe?",BIRTH_REGISTRATION,BR_CORRECTION,Birth Registration Information Correction,BR_CORRECTION_NAME,Registered Person Name Correction,Medium,Mixed,False,,PARAPHRASED,BRP_0058,Easy,False,Controlled v0.2 paraphrase of BRQ_0058; human review required before training.
BRQ_0237,Birth certificate-এ আমার নিজের নাম ঠিক করতে হবে।,BIRTH_REGISTRATION,BR_CORRECTION,Birth Registration Information Correction,BR_CORRECTION_NAME,Registered Person Name Correction,Medium,Mixed,False,,PARAPHRASED,BRP_0059,Easy,False,Controlled v0.2 paraphrase of BRQ_0059; human review required before training.
BRQ_0238,amar own name certificate e vul ase,BIRTH_REGISTRATION,BR_CORRECTION,Birth Registration Information Correction,BR_CORRECTION_NAME,Registered Person Name Correction,Medium,Mixed,False,,PARAPHRASED,BRP_0059,Easy,False,Controlled v0.2 paraphrase of BRQ_0059; human review required before training.
BRQ_0239,আমার নিজের English name-এর ভুল সংশোধন করতে চাই।,BIRTH_REGISTRATION,BR_CORRECTION,Birth Registration Information Correction,BR_CORRECTION_NAME,Registered Person Name Correction,Medium,Mixed,False,,PARAPHRASED,BRP_0060,Medium,False,Controlled v0.2 paraphrase of BRQ_0060; human review required before training.
BRQ_0240,"father name na, my English name correction chai",BIRTH_REGISTRATION,BR_CORRECTION,Birth Registration Information Correction,BR_CORRECTION_NAME,Registered Person Name Correction,Medium,Mixed,False,,PARAPHRASED,BRP_0060,Medium,False,Controlled v0.2 paraphrase of BRQ_0060; human review required before training.
BRQ_0241,জন্ম নিবন্ধনে জন্মতারিখ ভুল হলে কীভাবে সংশোধন করব?,BIRTH_REGISTRATION,BR_CORRECTION,Birth Registration Information Correction,BR_CORRECTION_DOB,Date of Birth Correction,Medium,Formal,False,,PARAPHRASED,BRP_0061,Easy,False,Controlled v0.2 paraphrase of BRQ_0061; human review required before training.
BRQ_0242,"birth registration e DOB vul, ki kore thik korbo?",BIRTH_REGISTRATION,BR_CORRECTION,Birth Registration Information Correction,BR_CORRECTION_DOB,Date of Birth Correction,Medium,Mixed,False,,PARAPHRASED,BRP_0061,Easy,False,Controlled v0.2 paraphrase of BRQ_0061; human review required before training.
BRQ_0243,জন্মসাল ভুল রেকর্ড হয়েছে; correction করতে চাই।,BIRTH_REGISTRATION,BR_CORRECTION,Birth Registration Information Correction,BR_CORRECTION_DOB,Date of Birth Correction,Medium,Formal,False,,PARAPHRASED,BRP_0062,Easy,False,Controlled v0.2 paraphrase of BRQ_0062; human review required before training.
BRQ_0244,"birth year wrong deya, change korte chai",BIRTH_REGISTRATION,BR_CORRECTION,Birth Registration Information Correction,BR_CORRECTION_DOB,Date of Birth Correction,Medium,Mixed,False,,PARAPHRASED,BRP_0062,Easy,False,Controlled v0.2 paraphrase of BRQ_0062; human review required before training.
BRQ_0245,আমার date of birth সংশোধন করতে হবে।,BIRTH_REGISTRATION,BR_CORRECTION,Birth Registration Information Correction,BR_CORRECTION_DOB,Date of Birth Correction,Medium,Mixed,False,,PARAPHRASED,BRP_0063,Easy,False,Controlled v0.2 paraphrase of BRQ_0063; human review required before training.
BRQ_0246,birth registration er DOB ta correct korte hobe,BIRTH_REGISTRATION,BR_CORRECTION,Birth Registration Information Correction,BR_CORRECTION_DOB,Date of Birth Correction,Medium,Mixed,False,,PARAPHRASED,BRP_0063,Easy,False,Controlled v0.2 paraphrase of BRQ_0063; human review required before training.
BRQ_0247,"অনলাইনে record দেখা যাচ্ছে, কিন্তু জন্মতারিখটি ভুল।",BIRTH_REGISTRATION,BR_CORRECTION,Birth Registration Information Correction,BR_CORRECTION_DOB,Date of Birth Correction,Medium,Formal,False,,PARAPHRASED,BRP_0064,Medium,False,Controlled v0.2 paraphrase of BRQ_0064; human review required before training.
BRQ_0248,record ase but date of birth wrong dekhay,BIRTH_REGISTRATION,BR_CORRECTION,Birth Registration Information Correction,BR_CORRECTION_DOB,Date of Birth Correction,Medium,Mixed,False,,PARAPHRASED,BRP_0064,Medium,False,Controlled v0.2 paraphrase of BRQ_0064; human review required before training.
BRQ_0249,জন্ম নিবন্ধনের gender তথ্য ভুল; সংশোধনের নিয়ম কী?,BIRTH_REGISTRATION,BR_CORRECTION,Birth Registration Information Correction,BR_CORRECTION_GENDER,Gender Information Correction,Medium,Formal,False,,PARAPHRASED,BRP_0065,Easy,False,Controlled v0.2 paraphrase of BRQ_0065; human review required before training.
BRQ_0250,birth registration gender correction kivabe korbo?,BIRTH_REGISTRATION,BR_CORRECTION,Birth Registration Information Correction,BR_CORRECTION_GENDER,Gender Information Correction,Medium,Mixed,False,,PARAPHRASED,BRP_0065,Easy,False,Controlled v0.2 paraphrase of BRQ_0065; human review required before training.
BRQ_0251,রেকর্ডে ভুল gender দেওয়া হয়েছে।,BIRTH_REGISTRATION,BR_CORRECTION,Birth Registration Information Correction,BR_CORRECTION_GENDER,Gender Information Correction,Medium,Informal,False,,PARAPHRASED,BRP_0066,Easy,False,Controlled v0.2 paraphrase of BRQ_0066; human review required before training.
BRQ_0252,record e gender wrong ase,BIRTH_REGISTRATION,BR_CORRECTION,Birth Registration Information Correction,BR_CORRECTION_GENDER,Gender Information Correction,Medium,Mixed,False,,PARAPHRASED,BRP_0066,Easy,False,Controlled v0.2 paraphrase of BRQ_0066; human review required before training.
BRQ_0253,Gender field সংশোধন করতে চাই।,BIRTH_REGISTRATION,BR_CORRECTION,Birth Registration Information Correction,BR_CORRECTION_GENDER,Gender Information Correction,Medium,Mixed,False,,PARAPHRASED,BRP_0067,Easy,False,Controlled v0.2 paraphrase of BRQ_0067; human review required before training.
BRQ_0254,birth registration er gender info ta change korte chai,BIRTH_REGISTRATION,BR_CORRECTION,Birth Registration Information Correction,BR_CORRECTION_GENDER,Gender Information Correction,Medium,Mixed,False,,PARAPHRASED,BRP_0067,Easy,False,Controlled v0.2 paraphrase of BRQ_0067; human review required before training.
BRQ_0255,Existing birth record-এর gender ঠিক করতে হবে।,BIRTH_REGISTRATION,BR_CORRECTION,Birth Registration Information Correction,BR_CORRECTION_GENDER,Gender Information Correction,Medium,Mixed,False,,PARAPHRASED,BRP_0068,Medium,False,Controlled v0.2 paraphrase of BRQ_0068; human review required before training.
BRQ_0256,"new form na, old record er gender correct korbo",BIRTH_REGISTRATION,BR_CORRECTION,Birth Registration Information Correction,BR_CORRECTION_GENDER,Gender Information Correction,Medium,Mixed,False,,PARAPHRASED,BRP_0068,Medium,False,Controlled v0.2 paraphrase of BRQ_0068; human review required before training.
BRQ_0257,জন্ম নিবন্ধনে পিতার নাম ভুল; সংশোধন করতে চাই।,BIRTH_REGISTRATION,BR_CORRECTION,Birth Registration Information Correction,BR_CORRECTION_PARENT_INFORMATION,Father or Mother Information Correction,Medium,Formal,False,,PARAPHRASED,BRP_0069,Easy,False,Controlled v0.2 paraphrase of BRQ_0069; human review required before training.
BRQ_0258,father name birth registration e wrong,BIRTH_REGISTRATION,BR_CORRECTION,Birth Registration Information Correction,BR_CORRECTION_PARENT_INFORMATION,Father or Mother Information Correction,Medium,Mixed,False,,PARAPHRASED,BRP_0069,Easy,False,Controlled v0.2 paraphrase of BRQ_0069; human review required before training.
BRQ_0259,মায়ের নামের বানান সংশোধন করতে চাই।,BIRTH_REGISTRATION,BR_CORRECTION,Birth Registration Information Correction,BR_CORRECTION_PARENT_INFORMATION,Father or Mother Information Correction,Medium,Formal,False,,PARAPHRASED,BRP_0070,Easy,False,Controlled v0.2 paraphrase of BRQ_0070; human review required before training.
BRQ_0260,birth registration e mother name spelling thik korbo kivabe?,BIRTH_REGISTRATION,BR_CORRECTION,Birth Registration Information Correction,BR_CORRECTION_PARENT_INFORMATION,Father or Mother Information Correction,Medium,Mixed,False,,PARAPHRASED,BRP_0070,Easy,False,Controlled v0.2 paraphrase of BRQ_0070; human review required before training.
BRQ_0261,Birth certificate-এ বাবার নাম ভুল আছে।,BIRTH_REGISTRATION,BR_CORRECTION,Birth Registration Information Correction,BR_CORRECTION_PARENT_INFORMATION,Father or Mother Information Correction,Medium,Mixed,False,,PARAPHRASED,BRP_0071,Easy,False,Controlled v0.2 paraphrase of BRQ_0071; human review required before training.
BRQ_0262,certificate e father name vul,BIRTH_REGISTRATION,BR_CORRECTION,Birth Registration Information Correction,BR_CORRECTION_PARENT_INFORMATION,Father or Mother Information Correction,Medium,Mixed,False,,PARAPHRASED,BRP_0071,Easy,False,Controlled v0.2 paraphrase of BRQ_0071; human review required before training.
BRQ_0263,"আমার নয়, পিতা-মাতার তথ্য সংশোধন করতে হবে।",BIRTH_REGISTRATION,BR_CORRECTION,Birth Registration Information Correction,BR_CORRECTION_PARENT_INFORMATION,Father or Mother Information Correction,Medium,Formal,False,,PARAPHRASED,BRP_0072,Medium,False,Controlled v0.2 paraphrase of BRQ_0072; human review required before training.
BRQ_0264,"own name na, parent info correction chai",BIRTH_REGISTRATION,BR_CORRECTION,Birth Registration Information Correction,BR_CORRECTION_PARENT_INFORMATION,Father or Mother Information Correction,Medium,Mixed,False,,PARAPHRASED,BRP_0072,Medium,False,Controlled v0.2 paraphrase of BRQ_0072; human review required before training.
BRQ_0265,বাবার BRN থাকলেও সেটি আমার birth record-এর সঙ্গে যুক্ত হয়নি।,BIRTH_REGISTRATION,BR_CORRECTION,Birth Registration Information Correction,BR_CORRECTION_PARENT_BRN_MAPPING,Parent Birth Registration Number Mapping,Medium,Mixed,False,,PARAPHRASED,BRP_0073,Hard,False,Controlled v0.2 paraphrase of BRQ_0073; human review required before training.
BRQ_0266,father BRN ase but amar record e link nai,BIRTH_REGISTRATION,BR_CORRECTION,Birth Registration Information Correction,BR_CORRECTION_PARENT_BRN_MAPPING,Parent Birth Registration Number Mapping,Medium,Mixed,False,,PARAPHRASED,BRP_0073,Hard,False,Controlled v0.2 paraphrase of BRQ_0073; human review required before training.
BRQ_0267,মায়ের জন্ম নিবন্ধন নম্বর আমার রেকর্ডে link হয়নি।,BIRTH_REGISTRATION,BR_CORRECTION,Birth Registration Information Correction,BR_CORRECTION_PARENT_BRN_MAPPING,Parent Birth Registration Number Mapping,Medium,Formal,False,,PARAPHRASED,BRP_0074,Hard,False,Controlled v0.2 paraphrase of BRQ_0074; human review required before training.
BRQ_0268,mother BRN amar birth record e mapped na,BIRTH_REGISTRATION,BR_CORRECTION,Birth Registration Information Correction,BR_CORRECTION_PARENT_BRN_MAPPING,Parent Birth Registration Number Mapping,Medium,Mixed,False,,PARAPHRASED,BRP_0074,Hard,False,Controlled v0.2 paraphrase of BRQ_0074; human review required before training.
BRQ_0269,Parent BRN link করতে সমস্যা হচ্ছে।,BIRTH_REGISTRATION,BR_CORRECTION,Birth Registration Information Correction,BR_CORRECTION_PARENT_BRN_MAPPING,Parent Birth Registration Number Mapping,Medium,Mixed,False,,PARAPHRASED,BRP_0075,Hard,False,Controlled v0.2 paraphrase of BRQ_0075; human review required before training.
BRQ_0270,parent brn map hocche na,BIRTH_REGISTRATION,BR_CORRECTION,Birth Registration Information Correction,BR_CORRECTION_PARENT_BRN_MAPPING,Parent Birth Registration Number Mapping,Medium,Mixed,False,,PARAPHRASED,BRP_0075,Hard,False,Controlled v0.2 paraphrase of BRQ_0075; human review required before training.
BRQ_0271,Parent BRN linkage না থাকায় সংশ্লিষ্ট তথ্য update হচ্ছে না।,BIRTH_REGISTRATION,BR_CORRECTION,Birth Registration Information Correction,BR_CORRECTION_PARENT_BRN_MAPPING,Parent Birth Registration Number Mapping,Medium,Mixed,False,,PARAPHRASED,BRP_0076,Hard,False,Controlled v0.2 paraphrase of BRQ_0076; human review required before training.
BRQ_0272,"parent name thik, kintu BRN link missing",BIRTH_REGISTRATION,BR_CORRECTION,Birth Registration Information Correction,BR_CORRECTION_PARENT_BRN_MAPPING,Parent Birth Registration Number Mapping,Medium,Mixed,False,,PARAPHRASED,BRP_0076,Hard,False,Controlled v0.2 paraphrase of BRQ_0076; human review required before training.
BRQ_0273,জন্ম নিবন্ধনের স্থায়ী ঠিকানা ভুল; সংশোধন করতে চাই।,BIRTH_REGISTRATION,BR_CORRECTION,Birth Registration Information Correction,BR_CORRECTION_ADDRESS,Birth Registration Address Correction,Medium,Formal,False,,PARAPHRASED,BRP_0077,Easy,False,Controlled v0.2 paraphrase of BRQ_0077; human review required before training.
BRQ_0274,permanent address birth record e wrong,BIRTH_REGISTRATION,BR_CORRECTION,Birth Registration Information Correction,BR_CORRECTION_ADDRESS,Birth Registration Address Correction,Medium,Mixed,False,,PARAPHRASED,BRP_0077,Easy,False,Controlled v0.2 paraphrase of BRQ_0077; human review required before training.
BRQ_0275,জন্ম নিবন্ধনের বর্তমান ঠিকানা পরিবর্তন করতে চাই।,BIRTH_REGISTRATION,BR_CORRECTION,Birth Registration Information Correction,BR_CORRECTION_ADDRESS,Birth Registration Address Correction,Medium,Formal,False,,PARAPHRASED,BRP_0078,Easy,False,Controlled v0.2 paraphrase of BRQ_0078; human review required before training.
BRQ_0276,birth registration er present address ta correct korte chai,BIRTH_REGISTRATION,BR_CORRECTION,Birth Registration Information Correction,BR_CORRECTION_ADDRESS,Birth Registration Address Correction,Medium,Mixed,False,,PARAPHRASED,BRP_0078,Easy,False,Controlled v0.2 paraphrase of BRQ_0078; human review required before training.
BRQ_0277,Birth certificate-এর address কীভাবে সংশোধন করব?,BIRTH_REGISTRATION,BR_CORRECTION,Birth Registration Information Correction,BR_CORRECTION_ADDRESS,Birth Registration Address Correction,Medium,Mixed,False,,PARAPHRASED,BRP_0079,Easy,False,Controlled v0.2 paraphrase of BRQ_0079; human review required before training.
BRQ_0278,birth certificate address change korbo kivabe?,BIRTH_REGISTRATION,BR_CORRECTION,Birth Registration Information Correction,BR_CORRECTION_ADDRESS,Birth Registration Address Correction,Medium,Mixed,False,,PARAPHRASED,BRP_0079,Easy,False,Controlled v0.2 paraphrase of BRQ_0079; human review required before training.
BRQ_0279,Existing birth record-এর ভুল ঠিকানা ঠিক করতে হবে।,BIRTH_REGISTRATION,BR_CORRECTION,Birth Registration Information Correction,BR_CORRECTION_ADDRESS,Birth Registration Address Correction,Medium,Mixed,False,,PARAPHRASED,BRP_0080,Medium,False,Controlled v0.2 paraphrase of BRQ_0080; human review required before training.
BRQ_0280,"new form na, old record er address wrong",BIRTH_REGISTRATION,BR_CORRECTION,Birth Registration Information Correction,BR_CORRECTION_ADDRESS,Birth Registration Address Correction,Medium,Mixed,False,,PARAPHRASED,BRP_0080,Medium,False,Controlled v0.2 paraphrase of BRQ_0080; human review required before training.
BRQ_0281,জন্ম নিবন্ধনের আবেদনের status কোথায় দেখা যাবে?,BIRTH_REGISTRATION,BR_APPLICATION_MANAGEMENT,Application Status and Management,BR_APPLICATION_STATUS,Birth Registration Application Status,Low,Formal,False,,PARAPHRASED,BRP_0081,Easy,False,Controlled v0.2 paraphrase of BRQ_0081; human review required before training.
BRQ_0282,amar birth application er current status kivabe dekhbo?,BIRTH_REGISTRATION,BR_APPLICATION_MANAGEMENT,Application Status and Management,BR_APPLICATION_STATUS,Birth Registration Application Status,Low,Mixed,False,,PARAPHRASED,BRP_0081,Easy,False,Controlled v0.2 paraphrase of BRQ_0081; human review required before training.
BRQ_0283,আবেদনটি approved হয়েছে কি না কীভাবে জানব?,BIRTH_REGISTRATION,BR_APPLICATION_MANAGEMENT,Application Status and Management,BR_APPLICATION_STATUS,Birth Registration Application Status,Low,Formal,False,,PARAPHRASED,BRP_0082,Easy,False,Controlled v0.2 paraphrase of BRQ_0082; human review required before training.
BRQ_0284,birth registration application approve hoise kina check korbo kivabe?,BIRTH_REGISTRATION,BR_APPLICATION_MANAGEMENT,Application Status and Management,BR_APPLICATION_STATUS,Birth Registration Application Status,Low,Mixed,False,,PARAPHRASED,BRP_0082,Easy,False,Controlled v0.2 paraphrase of BRQ_0082; human review required before training.
BRQ_0285,Birth registration application-এর অবস্থা জানতে চাই।,BIRTH_REGISTRATION,BR_APPLICATION_MANAGEMENT,Application Status and Management,BR_APPLICATION_STATUS,Birth Registration Application Status,Low,Mixed,False,,PARAPHRASED,BRP_0083,Easy,False,Controlled v0.2 paraphrase of BRQ_0083; human review required before training.
BRQ_0286,birth registration status check korte chai,BIRTH_REGISTRATION,BR_APPLICATION_MANAGEMENT,Application Status and Management,BR_APPLICATION_STATUS,Birth Registration Application Status,Low,Mixed,False,,PARAPHRASED,BRP_0083,Easy,False,Controlled v0.2 paraphrase of BRQ_0083; human review required before training.
BRQ_0287,আমার application এখন কোন পর্যায়ে আছে?,BIRTH_REGISTRATION,BR_APPLICATION_MANAGEMENT,Application Status and Management,BR_APPLICATION_STATUS,Birth Registration Application Status,Low,Informal,False,,PARAPHRASED,BRP_0084,Medium,False,Controlled v0.2 paraphrase of BRQ_0084; human review required before training.
BRQ_0288,"delay complain na, current stage ta jante chai",BIRTH_REGISTRATION,BR_APPLICATION_MANAGEMENT,Application Status and Management,BR_APPLICATION_STATUS,Birth Registration Application Status,Low,Mixed,False,,PARAPHRASED,BRP_0084,Medium,False,Controlled v0.2 paraphrase of BRQ_0084; human review required before training.
BRQ_0289,আমার জন্ম নিবন্ধনের আবেদন দীর্ঘদিন ধরে pending আছে।,BIRTH_REGISTRATION,BR_APPLICATION_MANAGEMENT,Application Status and Management,BR_APPLICATION_DELAY,Birth Registration Application Delay,Medium,Formal,False,,PARAPHRASED,BRP_0085,Medium,False,Controlled v0.2 paraphrase of BRQ_0085; human review required before training.
BRQ_0290,"birth application onek din pending, ki korbo?",BIRTH_REGISTRATION,BR_APPLICATION_MANAGEMENT,Application Status and Management,BR_APPLICATION_DELAY,Birth Registration Application Delay,Medium,Mixed,False,,PARAPHRASED,BRP_0085,Medium,False,Controlled v0.2 paraphrase of BRQ_0085; human review required before training.
BRQ_0291,"অনেক সময় পেরিয়েছে, কিন্তু আবেদনে কোনো অগ্রগতি নেই।",BIRTH_REGISTRATION,BR_APPLICATION_MANAGEMENT,Application Status and Management,BR_APPLICATION_DELAY,Birth Registration Application Delay,Medium,Formal,False,,PARAPHRASED,BRP_0086,Medium,False,Controlled v0.2 paraphrase of BRQ_0086; human review required before training.
BRQ_0292,onek din holo birth registration application update nai,BIRTH_REGISTRATION,BR_APPLICATION_MANAGEMENT,Application Status and Management,BR_APPLICATION_DELAY,Birth Registration Application Delay,Medium,Mixed,False,,PARAPHRASED,BRP_0086,Medium,False,Controlled v0.2 paraphrase of BRQ_0086; human review required before training.
BRQ_0293,জন্ম নিবন্ধনের application অনেকদিন ধরে আটকে আছে।,BIRTH_REGISTRATION,BR_APPLICATION_MANAGEMENT,Application Status and Management,BR_APPLICATION_DELAY,Birth Registration Application Delay,Medium,Informal,False,,PARAPHRASED,BRP_0087,Medium,False,Controlled v0.2 paraphrase of BRQ_0087; human review required before training.
BRQ_0294,birth registration application long time pending,BIRTH_REGISTRATION,BR_APPLICATION_MANAGEMENT,Application Status and Management,BR_APPLICATION_DELAY,Birth Registration Application Delay,Medium,Mixed,False,,PARAPHRASED,BRP_0087,Medium,False,Controlled v0.2 paraphrase of BRQ_0087; human review required before training.
BRQ_0295,আমার নির্দিষ্ট আবেদনটি স্বাভাবিকের চেয়ে বেশি দেরি করছে।,BIRTH_REGISTRATION,BR_APPLICATION_MANAGEMENT,Application Status and Management,BR_APPLICATION_DELAY,Birth Registration Application Delay,Medium,Formal,False,,PARAPHRASED,BRP_0088,Hard,False,Controlled v0.2 paraphrase of BRQ_0088; human review required before training.
BRQ_0296,"general time na, amar application ta unusual delay hocche",BIRTH_REGISTRATION,BR_APPLICATION_MANAGEMENT,Application Status and Management,BR_APPLICATION_DELAY,Birth Registration Application Delay,Medium,Mixed,False,,PARAPHRASED,BRP_0088,Hard,False,Controlled v0.2 paraphrase of BRQ_0088; human review required before training.
BRQ_0297,জন্ম নিবন্ধনের আবেদন সাধারণত সম্পন্ন হতে কত সময় লাগে?,BIRTH_REGISTRATION,BR_APPLICATION_MANAGEMENT,Application Status and Management,BR_APPLICATION_PROCESSING_TIME,Birth Registration Application Processing Time,Low,Formal,False,,PARAPHRASED,BRP_0089,Easy,False,Controlled v0.2 paraphrase of BRQ_0089; human review required before training.
BRQ_0298,usually birth registration complete hote koydin lage?,BIRTH_REGISTRATION,BR_APPLICATION_MANAGEMENT,Application Status and Management,BR_APPLICATION_PROCESSING_TIME,Birth Registration Application Processing Time,Low,Mixed,False,,PARAPHRASED,BRP_0089,Easy,False,Controlled v0.2 paraphrase of BRQ_0089; human review required before training.
BRQ_0299,Birth registration-এর স্বাভাবিক processing duration কত?,BIRTH_REGISTRATION,BR_APPLICATION_MANAGEMENT,Application Status and Management,BR_APPLICATION_PROCESSING_TIME,Birth Registration Application Processing Time,Low,Mixed,False,,PARAPHRASED,BRP_0090,Easy,False,Controlled v0.2 paraphrase of BRQ_0090; human review required before training.
BRQ_0300,normal processing time koto birth registration er?,BIRTH_REGISTRATION,BR_APPLICATION_MANAGEMENT,Application Status and Management,BR_APPLICATION_PROCESSING_TIME,Birth Registration Application Processing Time,Low,Mixed,False,,PARAPHRASED,BRP_0090,Easy,False,Controlled v0.2 paraphrase of BRQ_0090; human review required before training.
BRQ_0301,সাধারণভাবে জন্ম নিবন্ধন হতে কতদিন সময় লাগে?,BIRTH_REGISTRATION,BR_APPLICATION_MANAGEMENT,Application Status and Management,BR_APPLICATION_PROCESSING_TIME,Birth Registration Application Processing Time,Low,Formal,False,,PARAPHRASED,BRP_0091,Easy,False,Controlled v0.2 paraphrase of BRQ_0091; human review required before training.
BRQ_0302,normally birth registration korte kotodin lage?,BIRTH_REGISTRATION,BR_APPLICATION_MANAGEMENT,Application Status and Management,BR_APPLICATION_PROCESSING_TIME,Birth Registration Application Processing Time,Low,Mixed,False,,PARAPHRASED,BRP_0091,Easy,False,Controlled v0.2 paraphrase of BRQ_0091; human review required before training.
BRQ_0303,"নির্দিষ্ট আবেদন নয়, সাধারণ processing time জানতে চাই।",BIRTH_REGISTRATION,BR_APPLICATION_MANAGEMENT,Application Status and Management,BR_APPLICATION_PROCESSING_TIME,Birth Registration Application Processing Time,Low,Formal,False,,PARAPHRASED,BRP_0092,Medium,False,Controlled v0.2 paraphrase of BRQ_0092; human review required before training.
BRQ_0304,"amar application na, birth registration er normal time limit ta ki?",BIRTH_REGISTRATION,BR_APPLICATION_MANAGEMENT,Application Status and Management,BR_APPLICATION_PROCESSING_TIME,Birth Registration Application Processing Time,Low,Mixed,False,,PARAPHRASED,BRP_0092,Medium,False,Controlled v0.2 paraphrase of BRQ_0092; human review required before training.
BRQ_0305,Submit করা জন্ম নিবন্ধন application form কীভাবে print করব?,BIRTH_REGISTRATION,BR_APPLICATION_MANAGEMENT,Application Status and Management,BR_APPLICATION_PRINT,Submitted Birth Registration Application Print,Low,Mixed,False,,PARAPHRASED,BRP_0093,Easy,False,Controlled v0.2 paraphrase of BRQ_0093; human review required before training.
BRQ_0306,submitted birth application print korar niyom ki?,BIRTH_REGISTRATION,BR_APPLICATION_MANAGEMENT,Application Status and Management,BR_APPLICATION_PRINT,Submitted Birth Registration Application Print,Low,Mixed,False,,PARAPHRASED,BRP_0093,Easy,False,Controlled v0.2 paraphrase of BRQ_0093; human review required before training.
BRQ_0307,জমা দেওয়া আবেদনপত্রের আরেকটি কপি দরকার।,BIRTH_REGISTRATION,BR_APPLICATION_MANAGEMENT,Application Status and Management,BR_APPLICATION_PRINT,Submitted Birth Registration Application Print,Low,Formal,False,,PARAPHRASED,BRP_0094,Easy,False,Controlled v0.2 paraphrase of BRQ_0094; human review required before training.
BRQ_0308,submitted birth registration application form er copy chai,BIRTH_REGISTRATION,BR_APPLICATION_MANAGEMENT,Application Status and Management,BR_APPLICATION_PRINT,Submitted Birth Registration Application Print,Low,Mixed,False,,PARAPHRASED,BRP_0094,Easy,False,Controlled v0.2 paraphrase of BRQ_0094; human review required before training.
BRQ_0309,জন্ম নিবন্ধনের জমা দেওয়া form print করতে চাই।,BIRTH_REGISTRATION,BR_APPLICATION_MANAGEMENT,Application Status and Management,BR_APPLICATION_PRINT,Submitted Birth Registration Application Print,Low,Informal,False,,PARAPHRASED,BRP_0095,Easy,False,Controlled v0.2 paraphrase of BRQ_0095; human review required before training.
BRQ_0310,birth application form ta print korbo kivabe?,BIRTH_REGISTRATION,BR_APPLICATION_MANAGEMENT,Application Status and Management,BR_APPLICATION_PRINT,Submitted Birth Registration Application Print,Low,Mixed,False,,PARAPHRASED,BRP_0095,Easy,False,Controlled v0.2 paraphrase of BRQ_0095; human review required before training.
BRQ_0311,"Issued certificate নয়, submitted application-এর print চাই।",BIRTH_REGISTRATION,BR_APPLICATION_MANAGEMENT,Application Status and Management,BR_APPLICATION_PRINT,Submitted Birth Registration Application Print,Low,Mixed,False,,PARAPHRASED,BRP_0096,Medium,False,Controlled v0.2 paraphrase of BRQ_0096; human review required before training.
BRQ_0312,"certificate na, application form er copy lagbe",BIRTH_REGISTRATION,BR_APPLICATION_MANAGEMENT,Application Status and Management,BR_APPLICATION_PRINT,Submitted Birth Registration Application Print,Low,Mixed,False,,PARAPHRASED,BRP_0096,Medium,False,Controlled v0.2 paraphrase of BRQ_0096; human review required before training.
BRQ_0313,আগে ইস্যু হওয়া জন্ম নিবন্ধন সনদের আরেকটি কপি চাই।,BIRTH_REGISTRATION,BR_CERTIFICATE_ACCESS,Birth Certificate Access and Reprint,BR_CERTIFICATE_REPRINT,Birth Registration Certificate Reprint,Low,Formal,False,,PARAPHRASED,BRP_0097,Easy,False,Controlled v0.2 paraphrase of BRQ_0097; human review required before training.
BRQ_0314,issued birth certificate er another copy kivabe pabo?,BIRTH_REGISTRATION,BR_CERTIFICATE_ACCESS,Birth Certificate Access and Reprint,BR_CERTIFICATE_REPRINT,Birth Registration Certificate Reprint,Low,Mixed,False,,PARAPHRASED,BRP_0097,Easy,False,Controlled v0.2 paraphrase of BRQ_0097; human review required before training.
BRQ_0315,জন্ম সনদটি আবার print করতে হবে।,BIRTH_REGISTRATION,BR_CERTIFICATE_ACCESS,Birth Certificate Access and Reprint,BR_CERTIFICATE_REPRINT,Birth Registration Certificate Reprint,Low,Informal,False,,PARAPHRASED,BRP_0098,Easy,False,Controlled v0.2 paraphrase of BRQ_0098; human review required before training.
BRQ_0316,birth certificate abar print korte chai,BIRTH_REGISTRATION,BR_CERTIFICATE_ACCESS,Birth Certificate Access and Reprint,BR_CERTIFICATE_REPRINT,Birth Registration Certificate Reprint,Low,Mixed,False,,PARAPHRASED,BRP_0098,Easy,False,Controlled v0.2 paraphrase of BRQ_0098; human review required before training.
BRQ_0317,জন্ম নিবন্ধন certificate reprint করার নিয়ম কী?,BIRTH_REGISTRATION,BR_CERTIFICATE_ACCESS,Birth Certificate Access and Reprint,BR_CERTIFICATE_REPRINT,Birth Registration Certificate Reprint,Low,Mixed,False,,PARAPHRASED,BRP_0099,Easy,False,Controlled v0.2 paraphrase of BRQ_0099; human review required before training.
BRQ_0318,birth certificate reprint korbo kivabe?,BIRTH_REGISTRATION,BR_CERTIFICATE_ACCESS,Birth Certificate Access and Reprint,BR_CERTIFICATE_REPRINT,Birth Registration Certificate Reprint,Low,Mixed,False,,PARAPHRASED,BRP_0099,Easy,False,Controlled v0.2 paraphrase of BRQ_0099; human review required before training.
BRQ_0319,"Application form নয়, ইস্যু হওয়া certificate-এর duplicate copy চাই।",BIRTH_REGISTRATION,BR_CERTIFICATE_ACCESS,Birth Certificate Access and Reprint,BR_CERTIFICATE_REPRINT,Birth Registration Certificate Reprint,Low,Mixed,False,,PARAPHRASED,BRP_0100,Medium,False,Controlled v0.2 paraphrase of BRQ_0100; human review required before training.
BRQ_0320,"already issued certificate er copy chai, application form na",BIRTH_REGISTRATION,BR_CERTIFICATE_ACCESS,Birth Certificate Access and Reprint,BR_CERTIFICATE_REPRINT,Birth Registration Certificate Reprint,Low,Mixed,False,,PARAPHRASED,BRP_0100,Medium,False,Controlled v0.2 paraphrase of BRQ_0100; human review required before training.
BRQ_0321,অনলাইনে জন্ম নিবন্ধনের record যাচাই করার নিয়ম কী?,BIRTH_REGISTRATION,BR_VERIFICATION,Birth Registration Verification,BR_VERIFICATION_RECORD,Verify Birth Registration Record,Low,Formal,False,,PARAPHRASED,BRP_0101,Easy,False,Controlled v0.2 paraphrase of BRQ_0101; human review required before training.
BRQ_0322,online e birth registration verify korbo kivabe?,BIRTH_REGISTRATION,BR_VERIFICATION,Birth Registration Verification,BR_VERIFICATION_RECORD,Verify Birth Registration Record,Low,Mixed,False,,PARAPHRASED,BRP_0101,Easy,False,Controlled v0.2 paraphrase of BRQ_0101; human review required before training.
BRQ_0323,BRN ও জন্মতারিখ ব্যবহার করে জন্ম নিবন্ধন যাচাই করা যায় কি?,BIRTH_REGISTRATION,BR_VERIFICATION,Birth Registration Verification,BR_VERIFICATION_RECORD,Verify Birth Registration Record,Low,Formal,False,,PARAPHRASED,BRP_0102,Easy,False,Controlled v0.2 paraphrase of BRQ_0102; human review required before training.
BRQ_0324,BRN plus DOB diye record verify kora jay?,BIRTH_REGISTRATION,BR_VERIFICATION,Birth Registration Verification,BR_VERIFICATION_RECORD,Verify Birth Registration Record,Low,Mixed,False,,PARAPHRASED,BRP_0102,Easy,False,Controlled v0.2 paraphrase of BRQ_0102; human review required before training.
BRQ_0325,Birth registration verification কীভাবে করতে হয়?,BIRTH_REGISTRATION,BR_VERIFICATION,Birth Registration Verification,BR_VERIFICATION_RECORD,Verify Birth Registration Record,Low,Mixed,False,,PARAPHRASED,BRP_0103,Easy,False,Controlled v0.2 paraphrase of BRQ_0103; human review required before training.
BRQ_0326,birth record verify korar process ki?,BIRTH_REGISTRATION,BR_VERIFICATION,Birth Registration Verification,BR_VERIFICATION_RECORD,Verify Birth Registration Record,Low,Mixed,False,,PARAPHRASED,BRP_0103,Easy,False,Controlled v0.2 paraphrase of BRQ_0103; human review required before training.
BRQ_0327,Existing birth recordটি বৈধ কি না যাচাই করতে চাই।,BIRTH_REGISTRATION,BR_VERIFICATION,Birth Registration Verification,BR_VERIFICATION_RECORD,Verify Birth Registration Record,Low,Formal,False,,PARAPHRASED,BRP_0104,Medium,False,Controlled v0.2 paraphrase of BRQ_0104; human review required before training.
BRQ_0328,"application status na, existing record verify korte chai",BIRTH_REGISTRATION,BR_VERIFICATION,Birth Registration Verification,BR_VERIFICATION_RECORD,Verify Birth Registration Record,Low,Mixed,False,,PARAPHRASED,BRP_0104,Medium,False,Controlled v0.2 paraphrase of BRQ_0104; human review required before training.
BRQ_0329,BRN ও জন্মতারিখ দিয়েও verification result পাওয়া যাচ্ছে না।,BIRTH_REGISTRATION,BR_VERIFICATION,Birth Registration Verification,BR_VERIFICATION_FAILURE,Birth Registration Verification Failure,Medium,Formal,False,,PARAPHRASED,BRP_0105,Medium,False,Controlled v0.2 paraphrase of BRQ_0105; human review required before training.
BRQ_0330,BRN DOB diyeo record khuje pachhi na,BIRTH_REGISTRATION,BR_VERIFICATION,Birth Registration Verification,BR_VERIFICATION_FAILURE,Birth Registration Verification Failure,Medium,Mixed,False,,PARAPHRASED,BRP_0105,Medium,False,Controlled v0.2 paraphrase of BRQ_0105; human review required before training.
BRQ_0331,Verification করলে কোনো result দেখাচ্ছে না।,BIRTH_REGISTRATION,BR_VERIFICATION,Birth Registration Verification,BR_VERIFICATION_FAILURE,Birth Registration Verification Failure,Medium,Mixed,False,,PARAPHRASED,BRP_0106,Medium,False,Controlled v0.2 paraphrase of BRQ_0106; human review required before training.
BRQ_0332,birth registration verify korle no result ase,BIRTH_REGISTRATION,BR_VERIFICATION,Birth Registration Verification,BR_VERIFICATION_FAILURE,Birth Registration Verification Failure,Medium,Mixed,False,,PARAPHRASED,BRP_0106,Medium,False,Controlled v0.2 paraphrase of BRQ_0106; human review required before training.
BRQ_0333,জন্ম নিবন্ধনের record verify করতে পারছি না।,BIRTH_REGISTRATION,BR_VERIFICATION,Birth Registration Verification,BR_VERIFICATION_FAILURE,Birth Registration Verification Failure,Medium,Informal,False,,PARAPHRASED,BRP_0107,Medium,False,Controlled v0.2 paraphrase of BRQ_0107; human review required before training.
BRQ_0334,birth record verification hocche na,BIRTH_REGISTRATION,BR_VERIFICATION,Birth Registration Verification,BR_VERIFICATION_FAILURE,Birth Registration Verification Failure,Medium,Mixed,False,,PARAPHRASED,BRP_0107,Medium,False,Controlled v0.2 paraphrase of BRQ_0107; human review required before training.
BRQ_0335,Verification search-এ record আসছে না।,BIRTH_REGISTRATION,BR_VERIFICATION,Birth Registration Verification,BR_VERIFICATION_FAILURE,Birth Registration Verification Failure,Medium,Mixed,False,,PARAPHRASED,BRP_0108,Hard,False,Controlled v0.2 paraphrase of BRQ_0108; human review required before training.
BRQ_0336,"correction er agei problem, verify te result nai",BIRTH_REGISTRATION,BR_VERIFICATION,Birth Registration Verification,BR_VERIFICATION_FAILURE,Birth Registration Verification Failure,Medium,Mixed,False,,PARAPHRASED,BRP_0108,Hard,False,Controlled v0.2 paraphrase of BRQ_0108; human review required before training.
BRQ_0337,জন্ম নিবন্ধন সনদ cancellation-এর আবেদন কীভাবে করতে হয়?,BIRTH_REGISTRATION,BR_CANCELLATION,Birth Registration Certificate Cancellation,BR_CANCELLATION_PROCESS,Birth Registration Certificate Cancellation Process,Medium,Mixed,False,,PARAPHRASED,BRP_0109,Easy,False,Controlled v0.2 paraphrase of BRQ_0109; human review required before training.
BRQ_0338,birth certificate cancel korar process ki?,BIRTH_REGISTRATION,BR_CANCELLATION,Birth Registration Certificate Cancellation,BR_CANCELLATION_PROCESS,Birth Registration Certificate Cancellation Process,Medium,Mixed,False,,PARAPHRASED,BRP_0109,Easy,False,Controlled v0.2 paraphrase of BRQ_0109; human review required before training.
BRQ_0339,জন্ম নিবন্ধন certificate বাতিল করা সম্ভব কি?,BIRTH_REGISTRATION,BR_CANCELLATION,Birth Registration Certificate Cancellation,BR_CANCELLATION_PROCESS,Birth Registration Certificate Cancellation Process,Medium,Mixed,False,,PARAPHRASED,BRP_0110,Easy,False,Controlled v0.2 paraphrase of BRQ_0110; human review required before training.
BRQ_0340,birth certificate cancellation kora jay?,BIRTH_REGISTRATION,BR_CANCELLATION,Birth Registration Certificate Cancellation,BR_CANCELLATION_PROCESS,Birth Registration Certificate Cancellation Process,Medium,Mixed,False,,PARAPHRASED,BRP_0110,Easy,False,Controlled v0.2 paraphrase of BRQ_0110; human review required before training.
BRQ_0341,Cancellation application কোথায় করতে হবে?,BIRTH_REGISTRATION,BR_CANCELLATION,Birth Registration Certificate Cancellation,BR_CANCELLATION_PROCESS,Birth Registration Certificate Cancellation Process,Medium,Mixed,False,,PARAPHRASED,BRP_0111,Easy,False,Controlled v0.2 paraphrase of BRQ_0111; human review required before training.
BRQ_0342,birth certificate cancel application kothay submit korbo?,BIRTH_REGISTRATION,BR_CANCELLATION,Birth Registration Certificate Cancellation,BR_CANCELLATION_PROCESS,Birth Registration Certificate Cancellation Process,Medium,Mixed,False,,PARAPHRASED,BRP_0111,Easy,False,Controlled v0.2 paraphrase of BRQ_0111; human review required before training.
BRQ_0343,আমি birth registration cancellation-এর পদ্ধতি জানতে চাই।,BIRTH_REGISTRATION,BR_CANCELLATION,Birth Registration Certificate Cancellation,BR_CANCELLATION_PROCESS,Birth Registration Certificate Cancellation Process,Medium,Mixed,False,,PARAPHRASED,BRP_0112,Medium,False,Controlled v0.2 paraphrase of BRQ_0112; human review required before training.
BRQ_0344,"correction na, cancellation process ta chai",BIRTH_REGISTRATION,BR_CANCELLATION,Birth Registration Certificate Cancellation,BR_CANCELLATION_PROCESS,Birth Registration Certificate Cancellation Process,Medium,Mixed,False,,PARAPHRASED,BRP_0112,Medium,False,Controlled v0.2 paraphrase of BRQ_0112; human review required before training.
BRQ_0345,জন্ম নিবন্ধনের নির্ধারিত ফি সম্পর্কে জানতে চাই।,BIRTH_REGISTRATION,BR_FEES_AND_PAYMENT,Birth Registration Fees and Payment,BR_FEES_INFORMATION,Birth Registration Fee Information,Low,Formal,False,,PARAPHRASED,BRP_0113,Easy,False,Controlled v0.2 paraphrase of BRQ_0113; human review required before training.
BRQ_0346,birth registration government fee koto?,BIRTH_REGISTRATION,BR_FEES_AND_PAYMENT,Birth Registration Fees and Payment,BR_FEES_INFORMATION,Birth Registration Fee Information,Low,Mixed,False,,PARAPHRASED,BRP_0113,Easy,False,Controlled v0.2 paraphrase of BRQ_0113; human review required before training.
BRQ_0347,জন্ম নিবন্ধনের তথ্য সংশোধনে কোনো ফি আছে কি?,BIRTH_REGISTRATION,BR_FEES_AND_PAYMENT,Birth Registration Fees and Payment,BR_FEES_INFORMATION,Birth Registration Fee Information,Low,Formal,False,,PARAPHRASED,BRP_0114,Easy,False,Controlled v0.2 paraphrase of BRQ_0114; human review required before training.
BRQ_0348,birth correction er fee lage naki?,BIRTH_REGISTRATION,BR_FEES_AND_PAYMENT,Birth Registration Fees and Payment,BR_FEES_INFORMATION,Birth Registration Fee Information,Low,Mixed,False,,PARAPHRASED,BRP_0114,Easy,False,Controlled v0.2 paraphrase of BRQ_0114; human review required before training.
BRQ_0349,জন্ম নিবন্ধন সনদ reprint করতে কত ফি লাগে?,BIRTH_REGISTRATION,BR_FEES_AND_PAYMENT,Birth Registration Fees and Payment,BR_FEES_INFORMATION,Birth Registration Fee Information,Low,Mixed,False,,PARAPHRASED,BRP_0115,Easy,False,Controlled v0.2 paraphrase of BRQ_0115; human review required before training.
BRQ_0350,birth certificate reprint korte fee koto lage?,BIRTH_REGISTRATION,BR_FEES_AND_PAYMENT,Birth Registration Fees and Payment,BR_FEES_INFORMATION,Birth Registration Fee Information,Low,Mixed,False,,PARAPHRASED,BRP_0115,Easy,False,Controlled v0.2 paraphrase of BRQ_0115; human review required before training.
BRQ_0351,Correction service-এর ফি কত জানতে চাই।,BIRTH_REGISTRATION,BR_FEES_AND_PAYMENT,Birth Registration Fees and Payment,BR_FEES_INFORMATION,Birth Registration Fee Information,Low,Mixed,False,,PARAPHRASED,BRP_0116,Medium,False,Controlled v0.2 paraphrase of BRQ_0116; human review required before training.
BRQ_0352,"birth registration correction process na, correction fee amount jante chai",BIRTH_REGISTRATION,BR_FEES_AND_PAYMENT,Birth Registration Fees and Payment,BR_FEES_INFORMATION,Birth Registration Fee Information,Low,Mixed,False,,PARAPHRASED,BRP_0116,Medium,False,Controlled v0.2 paraphrase of BRQ_0116; human review required before training.
BRQ_0353,জন্ম নিবন্ধন বলতে কী বোঝায়?,BIRTH_REGISTRATION,BR_GENERAL_INFORMATION,General Birth Registration Information,BR_GENERAL_INFORMATION,General Birth Registration Information,Low,Formal,False,,PARAPHRASED,BRP_0117,Easy,False,Controlled v0.2 paraphrase of BRQ_0117; human review required before training.
BRQ_0354,birth registration mane ki?,BIRTH_REGISTRATION,BR_GENERAL_INFORMATION,General Birth Registration Information,BR_GENERAL_INFORMATION,General Birth Registration Information,Low,Mixed,False,,PARAPHRASED,BRP_0117,Easy,False,Controlled v0.2 paraphrase of BRQ_0117; human review required before training.
BRQ_0355,জন্ম নিবন্ধন কেন গুরুত্বপূর্ণ?,BIRTH_REGISTRATION,BR_GENERAL_INFORMATION,General Birth Registration Information,BR_GENERAL_INFORMATION,General Birth Registration Information,Low,Formal,False,,PARAPHRASED,BRP_0118,Easy,False,Controlled v0.2 paraphrase of BRQ_0118; human review required before training.
BRQ_0356,birth registration keno dorkar?,BIRTH_REGISTRATION,BR_GENERAL_INFORMATION,General Birth Registration Information,BR_GENERAL_INFORMATION,General Birth Registration Information,Low,Mixed,False,,PARAPHRASED,BRP_0118,Easy,False,Controlled v0.2 paraphrase of BRQ_0118; human review required before training.
BRQ_0357,জন্ম নিবন্ধন সম্পর্কে সাধারণ ধারণা চাই।,BIRTH_REGISTRATION,BR_GENERAL_INFORMATION,General Birth Registration Information,BR_GENERAL_INFORMATION,General Birth Registration Information,Low,Formal,False,,PARAPHRASED,BRP_0119,Easy,False,Controlled v0.2 paraphrase of BRQ_0119; human review required before training.
BRQ_0358,birth registration niye basic info chai,BIRTH_REGISTRATION,BR_GENERAL_INFORMATION,General Birth Registration Information,BR_GENERAL_INFORMATION,General Birth Registration Information,Low,Mixed,False,,PARAPHRASED,BRP_0119,Easy,False,Controlled v0.2 paraphrase of BRQ_0119; human review required before training.
BRQ_0359,জন্ম নিবন্ধনের মূল উদ্দেশ্য কী?,BIRTH_REGISTRATION,BR_GENERAL_INFORMATION,General Birth Registration Information,BR_GENERAL_INFORMATION,General Birth Registration Information,Low,Formal,False,,PARAPHRASED,BRP_0120,Medium,False,Controlled v0.2 paraphrase of BRQ_0120; human review required before training.
BRQ_0360,"apply process na, birth registration purpose ta ki?",BIRTH_REGISTRATION,BR_GENERAL_INFORMATION,General Birth Registration Information,BR_GENERAL_INFORMATION,General Birth Registration Information,Low,Mixed,False,,PARAPHRASED,BRP_0120,Medium,False,Controlled v0.2 paraphrase of BRQ_0120; human review required before training.
