id,text,service,parent_topic_id,parent_topic,query_topic_id,query_topic,priority,language_style,privacy_present,privacy_types,source_type,parent_query_id,difficulty,is_ood,annotation_notes
DLX_0001,শিক্ষানবিশ ড্রাইভিং লাইসেন্সের জন্য কারা আবেদন করতে পারেন?,DRIVING_LICENCE,DRIVING_LICENCE_LEARNER,Learner Driving Licence,DRIVING_LICENCE_LEARNER_ELIGIBILITY,Learner Licence Eligibility,Low,Formal,FALSE,,SYNTHETIC,DRIVING_LICENCE_LEARNER_ELIGIBILITY_F01,Easy,FALSE,Reviewed independent pilot seed retained for canonical expansion.
DLX_0002,আমার ক্ষেত্রে শিক্ষানবিশ ড্রাইভিং লাইসেন্সের জন্য কারা আবেদন করতে পারেন?,DRIVING_LICENCE,DRIVING_LICENCE_LEARNER,Learner Driving Licence,DRIVING_LICENCE_LEARNER_ELIGIBILITY,Learner Licence Eligibility,Low,Formal,FALSE,,PARAPHRASED,DRIVING_LICENCE_LEARNER_ELIGIBILITY_F01,Easy,FALSE,Controlled paraphrase 1 of reviewed independent seed; family preserved; automated validation complete.
DLX_0003,শিক্ষানবিশ ড্রাইভিং লাইসেন্সের জন্য কারা আবেদন করতে পারেন; পরের ধাপটা কী?,DRIVING_LICENCE,DRIVING_LICENCE_LEARNER,Learner Driving Licence,DRIVING_LICENCE_LEARNER_ELIGIBILITY,Learner Licence Eligibility,Low,Formal,FALSE,,PARAPHRASED,DRIVING_LICENCE_LEARNER_ELIGIBILITY_F01,Easy,FALSE,Controlled paraphrase 2 of reviewed independent seed; family preserved; automated validation complete.
DLX_0004,learner licence করার eligibility কী?,DRIVING_LICENCE,DRIVING_LICENCE_LEARNER,Learner Driving Licence,DRIVING_LICENCE_LEARNER_ELIGIBILITY,Learner Licence Eligibility,Low,Informal,FALSE,,SYNTHETIC,DRIVING_LICENCE_LEARNER_ELIGIBILITY_F02,Medium,FALSE,Reviewed independent pilot seed retained for canonical expansion.
DLX_0005,এটা নিয়ে সাহায্য দরকার: learner licence করার eligibility কী?,DRIVING_LICENCE,DRIVING_LICENCE_LEARNER,Learner Driving Licence,DRIVING_LICENCE_LEARNER_ELIGIBILITY,Learner Licence Eligibility,Low,Informal,FALSE,,PARAPHRASED,DRIVING_LICENCE_LEARNER_ELIGIBILITY_F02,Medium,FALSE,Controlled paraphrase 1 of reviewed independent seed; family preserved; automated validation complete.
DLX_0006,এই বিষয়ে সহায়তা চাই: learner licence করার eligibility কী?,DRIVING_LICENCE,DRIVING_LICENCE_LEARNER,Learner Driving Licence,DRIVING_LICENCE_LEARNER_ELIGIBILITY,Learner Licence Eligibility,Low,Informal,FALSE,,PARAPHRASED,DRIVING_LICENCE_LEARNER_ELIGIBILITY_F02,Medium,FALSE,Controlled paraphrase 2 of reviewed independent seed; family preserved; automated validation complete.
DLX_0007,ami learner driving licence er jonno eligible kina?,DRIVING_LICENCE,DRIVING_LICENCE_LEARNER,Learner Driving Licence,DRIVING_LICENCE_LEARNER_ELIGIBILITY,Learner Licence Eligibility,Low,Mixed,FALSE,,SYNTHETIC,DRIVING_LICENCE_LEARNER_ELIGIBILITY_F03,Medium,FALSE,Reviewed independent pilot seed retained for canonical expansion.
DLX_0008,I am trying to understand this: ami learner driving licence er jonno eligible kina?,DRIVING_LICENCE,DRIVING_LICENCE_LEARNER,Learner Driving Licence,DRIVING_LICENCE_LEARNER_ELIGIBILITY,Learner Licence Eligibility,Low,Mixed,FALSE,,PARAPHRASED,DRIVING_LICENCE_LEARNER_ELIGIBILITY_F03,Medium,FALSE,Controlled paraphrase 1 of reviewed independent seed; family preserved; automated validation complete.
DLX_0009,I need guidance on this: ami learner driving licence er jonno eligible kina?,DRIVING_LICENCE,DRIVING_LICENCE_LEARNER,Learner Driving Licence,DRIVING_LICENCE_LEARNER_ELIGIBILITY,Learner Licence Eligibility,Low,Mixed,FALSE,,PARAPHRASED,DRIVING_LICENCE_LEARNER_ELIGIBILITY_F03,Medium,FALSE,Controlled paraphrase 2 of reviewed independent seed; family preserved; automated validation complete.
DLX_0010,গাড়ি চালানো শেখা শুরু করব—learner permit-এর জন্য qualify করি কি না জানতে চাই।,DRIVING_LICENCE,DRIVING_LICENCE_LEARNER,Learner Driving Licence,DRIVING_LICENCE_LEARNER_ELIGIBILITY,Learner Licence Eligibility,Low,Mixed,FALSE,,SYNTHETIC,DRIVING_LICENCE_LEARNER_ELIGIBILITY_F04,Hard,FALSE,Reviewed independent pilot seed retained for canonical expansion.
DLX_0011,গাড়ি চালানো শেখা শুরু করব—learner permit-এর জন্য qualify করি কি না জানতে প্রয়োজন—নিয়মটা জানাবেন?,DRIVING_LICENCE,DRIVING_LICENCE_LEARNER,Learner Driving Licence,DRIVING_LICENCE_LEARNER_ELIGIBILITY,Learner Licence Eligibility,Low,Mixed,FALSE,,PARAPHRASED,DRIVING_LICENCE_LEARNER_ELIGIBILITY_F04,Hard,FALSE,Controlled paraphrase 1 of reviewed independent seed; family preserved; automated validation complete.
DLX_0012,"গাড়ি চালানো শেখা শুরু করতে হবে—learner permit-এর জন্য qualify করি কি না জানতে চাই, একটু বুঝিয়ে বলবেন?",DRIVING_LICENCE,DRIVING_LICENCE_LEARNER,Learner Driving Licence,DRIVING_LICENCE_LEARNER_ELIGIBILITY,Learner Licence Eligibility,Low,Mixed,FALSE,,PARAPHRASED,DRIVING_LICENCE_LEARNER_ELIGIBILITY_F04,Hard,FALSE,Controlled paraphrase 2 of reviewed independent seed; family preserved; automated validation complete.
DLX_0013,শিক্ষানবিশ ড্রাইভিং লাইসেন্স করার প্রক্রিয়াটি কী?,DRIVING_LICENCE,DRIVING_LICENCE_LEARNER,Learner Driving Licence,DRIVING_LICENCE_LEARNER_PROCESS,Learner Licence Application Process,Low,Formal,FALSE,,SYNTHETIC,DRIVING_LICENCE_LEARNER_PROCESS_F01,Easy,FALSE,Reviewed independent pilot seed retained for canonical expansion.
DLX_0014,আমার ক্ষেত্রে শিক্ষানবিশ ড্রাইভিং লাইসেন্স করার প্রক্রিয়াটি কী?,DRIVING_LICENCE,DRIVING_LICENCE_LEARNER,Learner Driving Licence,DRIVING_LICENCE_LEARNER_PROCESS,Learner Licence Application Process,Low,Formal,FALSE,,PARAPHRASED,DRIVING_LICENCE_LEARNER_PROCESS_F01,Easy,FALSE,Controlled paraphrase 1 of reviewed independent seed; family preserved; automated validation complete.
DLX_0015,শিক্ষানবিশ ড্রাইভিং লাইসেন্স করার প্রক্রিয়াটি কী; পরের ধাপটা কী?,DRIVING_LICENCE,DRIVING_LICENCE_LEARNER,Learner Driving Licence,DRIVING_LICENCE_LEARNER_PROCESS,Learner Licence Application Process,Low,Formal,FALSE,,PARAPHRASED,DRIVING_LICENCE_LEARNER_PROCESS_F01,Easy,FALSE,Controlled paraphrase 2 of reviewed independent seed; family preserved; automated validation complete.
DLX_0016,"learner licence করতে চাই, কীভাবে শুরু করব?",DRIVING_LICENCE,DRIVING_LICENCE_LEARNER,Learner Driving Licence,DRIVING_LICENCE_LEARNER_PROCESS,Learner Licence Application Process,Low,Informal,FALSE,,SYNTHETIC,DRIVING_LICENCE_LEARNER_PROCESS_F02,Medium,FALSE,Reviewed independent pilot seed retained for canonical expansion.
DLX_0017,"এটা নিয়ে সাহায্য দরকার: learner licence করতে চাই, কোন প্রক্রিয়ায় শুরু করব?",DRIVING_LICENCE,DRIVING_LICENCE_LEARNER,Learner Driving Licence,DRIVING_LICENCE_LEARNER_PROCESS,Learner Licence Application Process,Low,Informal,FALSE,,PARAPHRASED,DRIVING_LICENCE_LEARNER_PROCESS_F02,Medium,FALSE,Controlled paraphrase 1 of reviewed independent seed; family preserved; automated validation complete.
DLX_0018,"learner licence করতে চাই, কোন প্রক্রিয়ায় শুরু করব?",DRIVING_LICENCE,DRIVING_LICENCE_LEARNER,Learner Driving Licence,DRIVING_LICENCE_LEARNER_PROCESS,Learner Licence Application Process,Low,Informal,FALSE,,PARAPHRASED,DRIVING_LICENCE_LEARNER_PROCESS_F02,Medium,FALSE,Controlled paraphrase 2 of reviewed independent seed; family preserved; automated validation complete.
DLX_0019,learner driving licence application process ta ki?,DRIVING_LICENCE,DRIVING_LICENCE_LEARNER,Learner Driving Licence,DRIVING_LICENCE_LEARNER_PROCESS,Learner Licence Application Process,Low,Mixed,FALSE,,SYNTHETIC,DRIVING_LICENCE_LEARNER_PROCESS_F03,Medium,FALSE,Reviewed independent pilot seed retained for canonical expansion.
DLX_0020,I am trying to understand this: learner driving licence application process ta ki?,DRIVING_LICENCE,DRIVING_LICENCE_LEARNER,Learner Driving Licence,DRIVING_LICENCE_LEARNER_PROCESS,Learner Licence Application Process,Low,Mixed,FALSE,,PARAPHRASED,DRIVING_LICENCE_LEARNER_PROCESS_F03,Medium,FALSE,Controlled paraphrase 1 of reviewed independent seed; family preserved; automated validation complete.
DLX_0021,I need guidance on this: learner driving licence application process ta ki?,DRIVING_LICENCE,DRIVING_LICENCE_LEARNER,Learner Driving Licence,DRIVING_LICENCE_LEARNER_PROCESS,Learner Licence Application Process,Low,Mixed,FALSE,,PARAPHRASED,DRIVING_LICENCE_LEARNER_PROCESS_F03,Medium,FALSE,Controlled paraphrase 2 of reviewed independent seed; family preserved; automated validation complete.
DLX_0022,প্রথমে learner permit নেওয়ার ধাপগুলো সহজভাবে জানতে চাই।,DRIVING_LICENCE,DRIVING_LICENCE_LEARNER,Learner Driving Licence,DRIVING_LICENCE_LEARNER_PROCESS,Learner Licence Application Process,Low,Mixed,FALSE,,SYNTHETIC,DRIVING_LICENCE_LEARNER_PROCESS_F04,Hard,FALSE,Reviewed independent pilot seed retained for canonical expansion.
DLX_0023,প্রথমে learner permit নেওয়ার ধাপগুলো সহজভাবে জানতে প্রয়োজন—নিয়মটা জানাবেন?,DRIVING_LICENCE,DRIVING_LICENCE_LEARNER,Learner Driving Licence,DRIVING_LICENCE_LEARNER_PROCESS,Learner Licence Application Process,Low,Mixed,FALSE,,PARAPHRASED,DRIVING_LICENCE_LEARNER_PROCESS_F04,Hard,FALSE,Controlled paraphrase 1 of reviewed independent seed; family preserved; automated validation complete.
DLX_0024,"প্রথমে learner permit নেওয়ার ধাপগুলো সহজভাবে জানতে প্রয়োজন, একটু বুঝিয়ে বলবেন?",DRIVING_LICENCE,DRIVING_LICENCE_LEARNER,Learner Driving Licence,DRIVING_LICENCE_LEARNER_PROCESS,Learner Licence Application Process,Low,Mixed,FALSE,,PARAPHRASED,DRIVING_LICENCE_LEARNER_PROCESS_F04,Hard,FALSE,Controlled paraphrase 2 of reviewed independent seed; family preserved; automated validation complete.
DLX_0025,লার্নার ড্রাইভিং লাইসেন্সের জন্য কী কী কাগজপত্র লাগে?,DRIVING_LICENCE,DRIVING_LICENCE_LEARNER,Learner Driving Licence,DRIVING_LICENCE_LEARNER_DOCUMENTS,Learner Licence Required Documents,Low,Formal,FALSE,,SYNTHETIC,DRIVING_LICENCE_LEARNER_DOCUMENTS_F01,Easy,FALSE,Reviewed independent pilot seed retained for canonical expansion.
DLX_0026,আমার ক্ষেত্রে লার্নার ড্রাইভিং লাইসেন্সের জন্য কোন কোন কাগজপত্র লাগে?,DRIVING_LICENCE,DRIVING_LICENCE_LEARNER,Learner Driving Licence,DRIVING_LICENCE_LEARNER_DOCUMENTS,Learner Licence Required Documents,Low,Formal,FALSE,,PARAPHRASED,DRIVING_LICENCE_LEARNER_DOCUMENTS_F01,Easy,FALSE,Controlled paraphrase 1 of reviewed independent seed; family preserved; automated validation complete.
DLX_0027,লার্নার ড্রাইভিং লাইসেন্সের জন্য কোন কোন কাগজপত্র লাগে; পরের ধাপটা কী?,DRIVING_LICENCE,DRIVING_LICENCE_LEARNER,Learner Driving Licence,DRIVING_LICENCE_LEARNER_DOCUMENTS,Learner Licence Required Documents,Low,Formal,FALSE,,PARAPHRASED,DRIVING_LICENCE_LEARNER_DOCUMENTS_F01,Easy,FALSE,Controlled paraphrase 2 of reviewed independent seed; family preserved; automated validation complete.
DLX_0028,learner application-এ কোন documents লাগবে?,DRIVING_LICENCE,DRIVING_LICENCE_LEARNER,Learner Driving Licence,DRIVING_LICENCE_LEARNER_DOCUMENTS,Learner Licence Required Documents,Low,Informal,FALSE,,SYNTHETIC,DRIVING_LICENCE_LEARNER_DOCUMENTS_F02,Medium,FALSE,Reviewed independent pilot seed retained for canonical expansion.
DLX_0029,এটা নিয়ে সাহায্য দরকার: learner application-এ কোন documents দরকার হবে?,DRIVING_LICENCE,DRIVING_LICENCE_LEARNER,Learner Driving Licence,DRIVING_LICENCE_LEARNER_DOCUMENTS,Learner Licence Required Documents,Low,Informal,FALSE,,PARAPHRASED,DRIVING_LICENCE_LEARNER_DOCUMENTS_F02,Medium,FALSE,Controlled paraphrase 1 of reviewed independent seed; family preserved; automated validation complete.
DLX_0030,learner application-এ কোন documents দরকার হবে?,DRIVING_LICENCE,DRIVING_LICENCE_LEARNER,Learner Driving Licence,DRIVING_LICENCE_LEARNER_DOCUMENTS,Learner Licence Required Documents,Low,Informal,FALSE,,PARAPHRASED,DRIVING_LICENCE_LEARNER_DOCUMENTS_F02,Medium,FALSE,Controlled paraphrase 2 of reviewed independent seed; family preserved; automated validation complete.
DLX_0031,learner licence er required papers ki ki?,DRIVING_LICENCE,DRIVING_LICENCE_LEARNER,Learner Driving Licence,DRIVING_LICENCE_LEARNER_DOCUMENTS,Learner Licence Required Documents,Low,Mixed,FALSE,,SYNTHETIC,DRIVING_LICENCE_LEARNER_DOCUMENTS_F03,Medium,FALSE,Reviewed independent pilot seed retained for canonical expansion.
DLX_0032,I am trying to understand this: learner licence er required papers kon kon jinis?,DRIVING_LICENCE,DRIVING_LICENCE_LEARNER,Learner Driving Licence,DRIVING_LICENCE_LEARNER_DOCUMENTS,Learner Licence Required Documents,Low,Mixed,FALSE,,PARAPHRASED,DRIVING_LICENCE_LEARNER_DOCUMENTS_F03,Medium,FALSE,Controlled paraphrase 1 of reviewed independent seed; family preserved; automated validation complete.
DLX_0033,I need guidance on this: learner licence er required papers kon kon jinis?,DRIVING_LICENCE,DRIVING_LICENCE_LEARNER,Learner Driving Licence,DRIVING_LICENCE_LEARNER_DOCUMENTS,Learner Licence Required Documents,Low,Mixed,FALSE,,PARAPHRASED,DRIVING_LICENCE_LEARNER_DOCUMENTS_F03,Medium,FALSE,Controlled paraphrase 2 of reviewed independent seed; family preserved; automated validation complete.
DLX_0034,learner form জমা দেওয়ার আগে কোন পরিচয় আর supporting records ready রাখব?,DRIVING_LICENCE,DRIVING_LICENCE_LEARNER,Learner Driving Licence,DRIVING_LICENCE_LEARNER_DOCUMENTS,Learner Licence Required Documents,Low,Mixed,FALSE,,SYNTHETIC,DRIVING_LICENCE_LEARNER_DOCUMENTS_F04,Hard,FALSE,Reviewed independent pilot seed retained for canonical expansion.
DLX_0035,learner form জমা দেওয়ার আগে কোন পরিচয় আর supporting records ready রাখব—নিয়মটা জানাবেন?,DRIVING_LICENCE,DRIVING_LICENCE_LEARNER,Learner Driving Licence,DRIVING_LICENCE_LEARNER_DOCUMENTS,Learner Licence Required Documents,Low,Mixed,FALSE,,PARAPHRASED,DRIVING_LICENCE_LEARNER_DOCUMENTS_F04,Hard,FALSE,Controlled paraphrase 1 of reviewed independent seed; family preserved; automated validation complete.
DLX_0036,"learner form জমা দেওয়ার আগে কোন পরিচয় আর supporting records ready রাখব, একটু বুঝিয়ে বলবেন?",DRIVING_LICENCE,DRIVING_LICENCE_LEARNER,Learner Driving Licence,DRIVING_LICENCE_LEARNER_DOCUMENTS,Learner Licence Required Documents,Low,Mixed,FALSE,,PARAPHRASED,DRIVING_LICENCE_LEARNER_DOCUMENTS_F04,Hard,FALSE,Controlled paraphrase 2 of reviewed independent seed; family preserved; automated validation complete.
DLX_0037,ড্রাইভিং লাইসেন্স আবেদনে মেডিকেল সার্টিফিকেট কীভাবে জমা দেব?,DRIVING_LICENCE,DRIVING_LICENCE_LEARNER,Learner Driving Licence,DRIVING_LICENCE_LEARNER_MEDICAL,Learner Licence Medical Certificate,Low,Formal,FALSE,,SYNTHETIC,DRIVING_LICENCE_LEARNER_MEDICAL_F01,Easy,FALSE,Reviewed independent pilot seed retained for canonical expansion.
DLX_0038,আমার ক্ষেত্রে ড্রাইভিং লাইসেন্স আবেদনে মেডিকেল সার্টিফিকেট কোন প্রক্রিয়ায় জমা দেব?,DRIVING_LICENCE,DRIVING_LICENCE_LEARNER,Learner Driving Licence,DRIVING_LICENCE_LEARNER_MEDICAL,Learner Licence Medical Certificate,Low,Formal,FALSE,,PARAPHRASED,DRIVING_LICENCE_LEARNER_MEDICAL_F01,Easy,FALSE,Controlled paraphrase 1 of reviewed independent seed; family preserved; automated validation complete.
DLX_0039,ড্রাইভিং লাইসেন্স আবেদনে মেডিকেল সার্টিফিকেট কোন প্রক্রিয়ায় জমা দেব; পরের ধাপটা কী?,DRIVING_LICENCE,DRIVING_LICENCE_LEARNER,Learner Driving Licence,DRIVING_LICENCE_LEARNER_MEDICAL,Learner Licence Medical Certificate,Low,Formal,FALSE,,PARAPHRASED,DRIVING_LICENCE_LEARNER_MEDICAL_F01,Easy,FALSE,Controlled paraphrase 2 of reviewed independent seed; family preserved; automated validation complete.
DLX_0040,learner licence করতে medical form লাগবে?,DRIVING_LICENCE,DRIVING_LICENCE_LEARNER,Learner Driving Licence,DRIVING_LICENCE_LEARNER_MEDICAL,Learner Licence Medical Certificate,Low,Informal,FALSE,,SYNTHETIC,DRIVING_LICENCE_LEARNER_MEDICAL_F02,Medium,FALSE,Reviewed independent pilot seed retained for canonical expansion.
DLX_0041,এটা নিয়ে সাহায্য দরকার: learner licence করতে medical form দরকার হবে?,DRIVING_LICENCE,DRIVING_LICENCE_LEARNER,Learner Driving Licence,DRIVING_LICENCE_LEARNER_MEDICAL,Learner Licence Medical Certificate,Low,Informal,FALSE,,PARAPHRASED,DRIVING_LICENCE_LEARNER_MEDICAL_F02,Medium,FALSE,Controlled paraphrase 1 of reviewed independent seed; family preserved; automated validation complete.
DLX_0042,learner licence করতে medical form দরকার হবে?,DRIVING_LICENCE,DRIVING_LICENCE_LEARNER,Learner Driving Licence,DRIVING_LICENCE_LEARNER_MEDICAL,Learner Licence Medical Certificate,Low,Informal,FALSE,,PARAPHRASED,DRIVING_LICENCE_LEARNER_MEDICAL_F02,Medium,FALSE,Controlled paraphrase 2 of reviewed independent seed; family preserved; automated validation complete.
DLX_0043,driving licence medical certificate er process ki?,DRIVING_LICENCE,DRIVING_LICENCE_LEARNER,Learner Driving Licence,DRIVING_LICENCE_LEARNER_MEDICAL,Learner Licence Medical Certificate,Low,Mixed,FALSE,,SYNTHETIC,DRIVING_LICENCE_LEARNER_MEDICAL_F03,Medium,FALSE,Reviewed independent pilot seed retained for canonical expansion.
DLX_0044,I am trying to understand this: driving licence medical certificate er process ki?,DRIVING_LICENCE,DRIVING_LICENCE_LEARNER,Learner Driving Licence,DRIVING_LICENCE_LEARNER_MEDICAL,Learner Licence Medical Certificate,Low,Mixed,FALSE,,PARAPHRASED,DRIVING_LICENCE_LEARNER_MEDICAL_F03,Medium,FALSE,Controlled paraphrase 1 of reviewed independent seed; family preserved; automated validation complete.
DLX_0045,I need guidance on this: driving licence medical certificate er process ki?,DRIVING_LICENCE,DRIVING_LICENCE_LEARNER,Learner Driving Licence,DRIVING_LICENCE_LEARNER_MEDICAL,Learner Licence Medical Certificate,Low,Mixed,FALSE,,PARAPHRASED,DRIVING_LICENCE_LEARNER_MEDICAL_F03,Medium,FALSE,Controlled paraphrase 2 of reviewed independent seed; family preserved; automated validation complete.
DLX_0046,application-এর health certificate কোন stage-এ attach করতে হয় জানতে চাই।,DRIVING_LICENCE,DRIVING_LICENCE_LEARNER,Learner Driving Licence,DRIVING_LICENCE_LEARNER_MEDICAL,Learner Licence Medical Certificate,Low,Mixed,FALSE,,SYNTHETIC,DRIVING_LICENCE_LEARNER_MEDICAL_F04,Hard,FALSE,Reviewed independent pilot seed retained for canonical expansion.
DLX_0047,application-এর health certificate কোন stage-এ attach করতে হয় জানতে প্রয়োজন—নিয়মটা জানাবেন?,DRIVING_LICENCE,DRIVING_LICENCE_LEARNER,Learner Driving Licence,DRIVING_LICENCE_LEARNER_MEDICAL,Learner Licence Medical Certificate,Low,Mixed,FALSE,,PARAPHRASED,DRIVING_LICENCE_LEARNER_MEDICAL_F04,Hard,FALSE,Controlled paraphrase 1 of reviewed independent seed; family preserved; automated validation complete.
DLX_0048,"application-এর health certificate কোন stage-এ attach করতে হয় জানতে প্রয়োজন, একটু বুঝিয়ে বলবেন?",DRIVING_LICENCE,DRIVING_LICENCE_LEARNER,Learner Driving Licence,DRIVING_LICENCE_LEARNER_MEDICAL,Learner Licence Medical Certificate,Low,Mixed,FALSE,,PARAPHRASED,DRIVING_LICENCE_LEARNER_MEDICAL_F04,Hard,FALSE,Controlled paraphrase 2 of reviewed independent seed; family preserved; automated validation complete.
DLX_0049,ইস্যু হওয়া লার্নার লাইসেন্স কীভাবে ডাউনলোড করব?,DRIVING_LICENCE,DRIVING_LICENCE_LEARNER,Learner Driving Licence,DRIVING_LICENCE_LEARNER_COPY,Learner Licence Copy or Download,Low,Formal,FALSE,,SYNTHETIC,DRIVING_LICENCE_LEARNER_COPY_F01,Easy,FALSE,Reviewed independent pilot seed retained for canonical expansion.
DLX_0050,আমার ক্ষেত্রে ইস্যু হওয়া লার্নার লাইসেন্স কীভাবে ডাউনলোড করতে হবে?,DRIVING_LICENCE,DRIVING_LICENCE_LEARNER,Learner Driving Licence,DRIVING_LICENCE_LEARNER_COPY,Learner Licence Copy or Download,Low,Formal,FALSE,,PARAPHRASED,DRIVING_LICENCE_LEARNER_COPY_F01,Easy,FALSE,Controlled paraphrase 1 of reviewed independent seed; family preserved; automated validation complete.
DLX_0051,ইস্যু হওয়া লার্নার লাইসেন্স কীভাবে ডাউনলোড করতে হবে; পরের ধাপটা কী?,DRIVING_LICENCE,DRIVING_LICENCE_LEARNER,Learner Driving Licence,DRIVING_LICENCE_LEARNER_COPY,Learner Licence Copy or Download,Low,Formal,FALSE,,PARAPHRASED,DRIVING_LICENCE_LEARNER_COPY_F01,Easy,FALSE,Controlled paraphrase 2 of reviewed independent seed; family preserved; automated validation complete.
DLX_0052,learner permit-এর print copy কোথায় পাব?,DRIVING_LICENCE,DRIVING_LICENCE_LEARNER,Learner Driving Licence,DRIVING_LICENCE_LEARNER_COPY,Learner Licence Copy or Download,Low,Informal,FALSE,,SYNTHETIC,DRIVING_LICENCE_LEARNER_COPY_F02,Medium,FALSE,Reviewed independent pilot seed retained for canonical expansion.
DLX_0053,এটা নিয়ে সাহায্য দরকার: learner permit-এর print copy কোথায় পাব?,DRIVING_LICENCE,DRIVING_LICENCE_LEARNER,Learner Driving Licence,DRIVING_LICENCE_LEARNER_COPY,Learner Licence Copy or Download,Low,Informal,FALSE,,PARAPHRASED,DRIVING_LICENCE_LEARNER_COPY_F02,Medium,FALSE,Controlled paraphrase 1 of reviewed independent seed; family preserved; automated validation complete.
DLX_0054,এই বিষয়ে সহায়তা চাই: learner permit-এর print copy কোথায় পাব?,DRIVING_LICENCE,DRIVING_LICENCE_LEARNER,Learner Driving Licence,DRIVING_LICENCE_LEARNER_COPY,Learner Licence Copy or Download,Low,Informal,FALSE,,PARAPHRASED,DRIVING_LICENCE_LEARNER_COPY_F02,Medium,FALSE,Controlled paraphrase 2 of reviewed independent seed; family preserved; automated validation complete.
DLX_0055,learner licence download korar option kothay?,DRIVING_LICENCE,DRIVING_LICENCE_LEARNER,Learner Driving Licence,DRIVING_LICENCE_LEARNER_COPY,Learner Licence Copy or Download,Low,Mixed,FALSE,,SYNTHETIC,DRIVING_LICENCE_LEARNER_COPY_F03,Medium,FALSE,Reviewed independent pilot seed retained for canonical expansion.
DLX_0056,I am trying to understand this: learner licence download korar option kon jaygay?,DRIVING_LICENCE,DRIVING_LICENCE_LEARNER,Learner Driving Licence,DRIVING_LICENCE_LEARNER_COPY,Learner Licence Copy or Download,Low,Mixed,FALSE,,PARAPHRASED,DRIVING_LICENCE_LEARNER_COPY_F03,Medium,FALSE,Controlled paraphrase 1 of reviewed independent seed; family preserved; automated validation complete.
DLX_0057,I need guidance on this: learner licence download korar option kon jaygay?,DRIVING_LICENCE,DRIVING_LICENCE_LEARNER,Learner Driving Licence,DRIVING_LICENCE_LEARNER_COPY,Learner Licence Copy or Download,Low,Mixed,FALSE,,PARAPHRASED,DRIVING_LICENCE_LEARNER_COPY_F03,Medium,FALSE,Controlled paraphrase 2 of reviewed independent seed; family preserved; automated validation complete.
DLX_0058,"application approve হয়েছে, এখন learner documentটা ফোনে নিতে চাই।",DRIVING_LICENCE,DRIVING_LICENCE_LEARNER,Learner Driving Licence,DRIVING_LICENCE_LEARNER_COPY,Learner Licence Copy or Download,Low,Mixed,FALSE,,SYNTHETIC,DRIVING_LICENCE_LEARNER_COPY_F04,Hard,FALSE,Reviewed independent pilot seed retained for canonical expansion.
DLX_0059,"application approve হয়েছে, এখন learner documentটা ফোনে নিতে প্রয়োজন—নিয়মটা জানাবেন?",DRIVING_LICENCE,DRIVING_LICENCE_LEARNER,Learner Driving Licence,DRIVING_LICENCE_LEARNER_COPY,Learner Licence Copy or Download,Low,Mixed,FALSE,,PARAPHRASED,DRIVING_LICENCE_LEARNER_COPY_F04,Hard,FALSE,Controlled paraphrase 1 of reviewed independent seed; family preserved; automated validation complete.
DLX_0060,"application approve হয়েছে, এখন learner documentটা ফোনে নিতে প্রয়োজন, একটু বুঝিয়ে বলবেন?",DRIVING_LICENCE,DRIVING_LICENCE_LEARNER,Learner Driving Licence,DRIVING_LICENCE_LEARNER_COPY,Learner Licence Copy or Download,Low,Mixed,FALSE,,PARAPHRASED,DRIVING_LICENCE_LEARNER_COPY_F04,Hard,FALSE,Controlled paraphrase 2 of reviewed independent seed; family preserved; automated validation complete.
DLX_0061,নতুন পূর্ণাঙ্গ ড্রাইভিং লাইসেন্স পাওয়ার প্রক্রিয়াটি কী?,DRIVING_LICENCE,DRIVING_LICENCE_APPLICATION,New Driving Licence Application,DRIVING_LICENCE_NEW_PROCESS,New Driving Licence Application Process,Low,Formal,FALSE,,SYNTHETIC,DRIVING_LICENCE_NEW_PROCESS_F01,Easy,FALSE,Reviewed independent pilot seed retained for canonical expansion.
DLX_0062,আমার ক্ষেত্রে নতুন পূর্ণাঙ্গ ড্রাইভিং লাইসেন্স পাওয়ার প্রক্রিয়াটি কী?,DRIVING_LICENCE,DRIVING_LICENCE_APPLICATION,New Driving Licence Application,DRIVING_LICENCE_NEW_PROCESS,New Driving Licence Application Process,Low,Formal,FALSE,,PARAPHRASED,DRIVING_LICENCE_NEW_PROCESS_F01,Easy,FALSE,Controlled paraphrase 1 of reviewed independent seed; family preserved; automated validation complete.
DLX_0063,নতুন পূর্ণাঙ্গ ড্রাইভিং লাইসেন্স পাওয়ার প্রক্রিয়াটি কী; পরের ধাপটা কী?,DRIVING_LICENCE,DRIVING_LICENCE_APPLICATION,New Driving Licence Application,DRIVING_LICENCE_NEW_PROCESS,New Driving Licence Application Process,Low,Formal,FALSE,,PARAPHRASED,DRIVING_LICENCE_NEW_PROCESS_F01,Easy,FALSE,Controlled paraphrase 2 of reviewed independent seed; family preserved; automated validation complete.
DLX_0064,"learner আছে, এখন main driving licence করতে কী হবে?",DRIVING_LICENCE,DRIVING_LICENCE_APPLICATION,New Driving Licence Application,DRIVING_LICENCE_NEW_PROCESS,New Driving Licence Application Process,Low,Informal,FALSE,,SYNTHETIC,DRIVING_LICENCE_NEW_PROCESS_F02,Medium,FALSE,Reviewed independent pilot seed retained for canonical expansion.
DLX_0065,"এটা নিয়ে সাহায্য দরকার: learner আছে, এখন main driving licence করতে কী হবে?",DRIVING_LICENCE,DRIVING_LICENCE_APPLICATION,New Driving Licence Application,DRIVING_LICENCE_NEW_PROCESS,New Driving Licence Application Process,Low,Informal,FALSE,,PARAPHRASED,DRIVING_LICENCE_NEW_PROCESS_F02,Medium,FALSE,Controlled paraphrase 1 of reviewed independent seed; family preserved; automated validation complete.
DLX_0066,"এই বিষয়ে সহায়তা চাই: learner আছে, এখন main driving licence করতে কী হবে?",DRIVING_LICENCE,DRIVING_LICENCE_APPLICATION,New Driving Licence Application,DRIVING_LICENCE_NEW_PROCESS,New Driving Licence Application Process,Low,Informal,FALSE,,PARAPHRASED,DRIVING_LICENCE_NEW_PROCESS_F02,Medium,FALSE,Controlled paraphrase 2 of reviewed independent seed; family preserved; automated validation complete.
DLX_0067,new smart card driving licence process ta ki?,DRIVING_LICENCE,DRIVING_LICENCE_APPLICATION,New Driving Licence Application,DRIVING_LICENCE_NEW_PROCESS,New Driving Licence Application Process,Low,Mixed,FALSE,,SYNTHETIC,DRIVING_LICENCE_NEW_PROCESS_F03,Medium,FALSE,Reviewed independent pilot seed retained for canonical expansion.
DLX_0068,I am trying to understand this: new smart card driving licence process ta ki?,DRIVING_LICENCE,DRIVING_LICENCE_APPLICATION,New Driving Licence Application,DRIVING_LICENCE_NEW_PROCESS,New Driving Licence Application Process,Low,Mixed,FALSE,,PARAPHRASED,DRIVING_LICENCE_NEW_PROCESS_F03,Medium,FALSE,Controlled paraphrase 1 of reviewed independent seed; family preserved; automated validation complete.
DLX_0069,I need guidance on this: new smart card driving licence process ta ki?,DRIVING_LICENCE,DRIVING_LICENCE_APPLICATION,New Driving Licence Application,DRIVING_LICENCE_NEW_PROCESS,New Driving Licence Application Process,Low,Mixed,FALSE,,PARAPHRASED,DRIVING_LICENCE_NEW_PROCESS_F03,Medium,FALSE,Controlled paraphrase 2 of reviewed independent seed; family preserved; automated validation complete.
DLX_0070,driving test-এর ধাপ পেরিয়ে licence issue করার application কীভাবে করব?,DRIVING_LICENCE,DRIVING_LICENCE_APPLICATION,New Driving Licence Application,DRIVING_LICENCE_NEW_PROCESS,New Driving Licence Application Process,Low,Mixed,FALSE,,SYNTHETIC,DRIVING_LICENCE_NEW_PROCESS_F04,Hard,FALSE,Reviewed independent pilot seed retained for canonical expansion.
DLX_0071,driving test-এর ধাপ পেরিয়ে licence issue করার application কোন প্রক্রিয়ায় করব—নিয়মটা জানাবেন?,DRIVING_LICENCE,DRIVING_LICENCE_APPLICATION,New Driving Licence Application,DRIVING_LICENCE_NEW_PROCESS,New Driving Licence Application Process,Low,Mixed,FALSE,,PARAPHRASED,DRIVING_LICENCE_NEW_PROCESS_F04,Hard,FALSE,Controlled paraphrase 1 of reviewed independent seed; family preserved; automated validation complete.
DLX_0072,"driving test-এর ধাপ পেরিয়ে licence issue করার application কোন প্রক্রিয়ায় করব, একটু বুঝিয়ে বলবেন?",DRIVING_LICENCE,DRIVING_LICENCE_APPLICATION,New Driving Licence Application,DRIVING_LICENCE_NEW_PROCESS,New Driving Licence Application Process,Low,Mixed,FALSE,,PARAPHRASED,DRIVING_LICENCE_NEW_PROCESS_F04,Hard,FALSE,Controlled paraphrase 2 of reviewed independent seed; family preserved; automated validation complete.
DLX_0073,বিআরটিএ সার্ভিস পোর্টালে ড্রাইভিং লাইসেন্সের আবেদন কীভাবে করব?,DRIVING_LICENCE,DRIVING_LICENCE_APPLICATION,New Driving Licence Application,DRIVING_LICENCE_ONLINE_APPLICATION,Online Driving Licence Application,Low,Formal,FALSE,,SYNTHETIC,DRIVING_LICENCE_ONLINE_APPLICATION_F01,Easy,FALSE,Reviewed independent pilot seed retained for canonical expansion.
DLX_0074,আমার ক্ষেত্রে বিআরটিএ সার্ভিস পোর্টালে ড্রাইভিং লাইসেন্সের আবেদন কোন প্রক্রিয়ায় করব?,DRIVING_LICENCE,DRIVING_LICENCE_APPLICATION,New Driving Licence Application,DRIVING_LICENCE_ONLINE_APPLICATION,Online Driving Licence Application,Low,Formal,FALSE,,PARAPHRASED,DRIVING_LICENCE_ONLINE_APPLICATION_F01,Easy,FALSE,Controlled paraphrase 1 of reviewed independent seed; family preserved; automated validation complete.
DLX_0075,বিআরটিএ সার্ভিস পোর্টালে ড্রাইভিং লাইসেন্সের আবেদন কোন প্রক্রিয়ায় করব; পরের ধাপটা কী?,DRIVING_LICENCE,DRIVING_LICENCE_APPLICATION,New Driving Licence Application,DRIVING_LICENCE_ONLINE_APPLICATION,Online Driving Licence Application,Low,Formal,FALSE,,PARAPHRASED,DRIVING_LICENCE_ONLINE_APPLICATION_F01,Easy,FALSE,Controlled paraphrase 2 of reviewed independent seed; family preserved; automated validation complete.
DLX_0076,driving licence online apply করতে কোথায় যাব?,DRIVING_LICENCE,DRIVING_LICENCE_APPLICATION,New Driving Licence Application,DRIVING_LICENCE_ONLINE_APPLICATION,Online Driving Licence Application,Low,Informal,FALSE,,SYNTHETIC,DRIVING_LICENCE_ONLINE_APPLICATION_F02,Medium,FALSE,Reviewed independent pilot seed retained for canonical expansion.
DLX_0077,এটা নিয়ে সাহায্য দরকার: driving licence online apply করতে কোথায় যাব?,DRIVING_LICENCE,DRIVING_LICENCE_APPLICATION,New Driving Licence Application,DRIVING_LICENCE_ONLINE_APPLICATION,Online Driving Licence Application,Low,Informal,FALSE,,PARAPHRASED,DRIVING_LICENCE_ONLINE_APPLICATION_F02,Medium,FALSE,Controlled paraphrase 1 of reviewed independent seed; family preserved; automated validation complete.
DLX_0078,এই বিষয়ে সহায়তা চাই: driving licence online apply করতে কোথায় যাব?,DRIVING_LICENCE,DRIVING_LICENCE_APPLICATION,New Driving Licence Application,DRIVING_LICENCE_ONLINE_APPLICATION,Online Driving Licence Application,Low,Informal,FALSE,,PARAPHRASED,DRIVING_LICENCE_ONLINE_APPLICATION_F02,Medium,FALSE,Controlled paraphrase 2 of reviewed independent seed; family preserved; automated validation complete.
DLX_0079,BSP diye licence application submit korbo kivabe?,DRIVING_LICENCE,DRIVING_LICENCE_APPLICATION,New Driving Licence Application,DRIVING_LICENCE_ONLINE_APPLICATION,Online Driving Licence Application,Low,Mixed,FALSE,,SYNTHETIC,DRIVING_LICENCE_ONLINE_APPLICATION_F03,Medium,FALSE,Reviewed independent pilot seed retained for canonical expansion.
DLX_0080,I am trying to understand this: BSP diye licence application submit korbo kon process e?,DRIVING_LICENCE,DRIVING_LICENCE_APPLICATION,New Driving Licence Application,DRIVING_LICENCE_ONLINE_APPLICATION,Online Driving Licence Application,Low,Mixed,FALSE,,PARAPHRASED,DRIVING_LICENCE_ONLINE_APPLICATION_F03,Medium,FALSE,Controlled paraphrase 1 of reviewed independent seed; family preserved; automated validation complete.
DLX_0081,I need guidance on this: BSP diye licence application submit korbo kon process e?,DRIVING_LICENCE,DRIVING_LICENCE_APPLICATION,New Driving Licence Application,DRIVING_LICENCE_ONLINE_APPLICATION,Online Driving Licence Application,Low,Mixed,FALSE,,PARAPHRASED,DRIVING_LICENCE_ONLINE_APPLICATION_F03,Medium,FALSE,Controlled paraphrase 2 of reviewed independent seed; family preserved; automated validation complete.
DLX_0082,"portal account আছে, এখন new licence formটা online-এ শুরু করতে চাই।",DRIVING_LICENCE,DRIVING_LICENCE_APPLICATION,New Driving Licence Application,DRIVING_LICENCE_ONLINE_APPLICATION,Online Driving Licence Application,Low,Mixed,FALSE,,SYNTHETIC,DRIVING_LICENCE_ONLINE_APPLICATION_F04,Hard,FALSE,Reviewed independent pilot seed retained for canonical expansion.
DLX_0083,"portal account আছে, এখন new licence formটা online-এ শুরু করতে প্রয়োজন—নিয়মটা জানাবেন?",DRIVING_LICENCE,DRIVING_LICENCE_APPLICATION,New Driving Licence Application,DRIVING_LICENCE_ONLINE_APPLICATION,Online Driving Licence Application,Low,Mixed,FALSE,,PARAPHRASED,DRIVING_LICENCE_ONLINE_APPLICATION_F04,Hard,FALSE,Controlled paraphrase 1 of reviewed independent seed; family preserved; automated validation complete.
DLX_0084,"portal account আছে, এখন new licence formটা online-এ শুরু করতে প্রয়োজন, একটু বুঝিয়ে বলবেন?",DRIVING_LICENCE,DRIVING_LICENCE_APPLICATION,New Driving Licence Application,DRIVING_LICENCE_ONLINE_APPLICATION,Online Driving Licence Application,Low,Mixed,FALSE,,PARAPHRASED,DRIVING_LICENCE_ONLINE_APPLICATION_F04,Hard,FALSE,Controlled paraphrase 2 of reviewed independent seed; family preserved; automated validation complete.
DLX_0085,পেশাদার ও অপেশাদার ড্রাইভিং লাইসেন্সের মধ্যে কোন ধরন নির্বাচন করব?,DRIVING_LICENCE,DRIVING_LICENCE_APPLICATION,New Driving Licence Application,DRIVING_LICENCE_TYPE_SELECTION,Professional or Non-Professional Licence Type,Low,Formal,FALSE,,SYNTHETIC,DRIVING_LICENCE_TYPE_SELECTION_F01,Easy,FALSE,Reviewed independent pilot seed retained for canonical expansion.
DLX_0086,আমার ক্ষেত্রে পেশাদার ও অপেশাদার ড্রাইভিং লাইসেন্সের মধ্যে কোন ধরন নির্বাচন করতে হবে?,DRIVING_LICENCE,DRIVING_LICENCE_APPLICATION,New Driving Licence Application,DRIVING_LICENCE_TYPE_SELECTION,Professional or Non-Professional Licence Type,Low,Formal,FALSE,,PARAPHRASED,DRIVING_LICENCE_TYPE_SELECTION_F01,Easy,FALSE,Controlled paraphrase 1 of reviewed independent seed; family preserved; automated validation complete.
DLX_0087,পেশাদার ও অপেশাদার ড্রাইভিং লাইসেন্সের মধ্যে কোন ধরন নির্বাচন করতে হবে; পরের ধাপটা কী?,DRIVING_LICENCE,DRIVING_LICENCE_APPLICATION,New Driving Licence Application,DRIVING_LICENCE_TYPE_SELECTION,Professional or Non-Professional Licence Type,Low,Formal,FALSE,,PARAPHRASED,DRIVING_LICENCE_TYPE_SELECTION_F01,Easy,FALSE,Controlled paraphrase 2 of reviewed independent seed; family preserved; automated validation complete.
DLX_0088,professional licence আর non-professional-এর application type কীভাবে choose করব?,DRIVING_LICENCE,DRIVING_LICENCE_APPLICATION,New Driving Licence Application,DRIVING_LICENCE_TYPE_SELECTION,Professional or Non-Professional Licence Type,Low,Informal,FALSE,,SYNTHETIC,DRIVING_LICENCE_TYPE_SELECTION_F02,Medium,FALSE,Reviewed independent pilot seed retained for canonical expansion.
DLX_0089,এটা নিয়ে সাহায্য দরকার: professional licence আর non-professional-এর application type কোন প্রক্রিয়ায় choose করব?,DRIVING_LICENCE,DRIVING_LICENCE_APPLICATION,New Driving Licence Application,DRIVING_LICENCE_TYPE_SELECTION,Professional or Non-Professional Licence Type,Low,Informal,FALSE,,PARAPHRASED,DRIVING_LICENCE_TYPE_SELECTION_F02,Medium,FALSE,Controlled paraphrase 1 of reviewed independent seed; family preserved; automated validation complete.
DLX_0090,professional licence আর non-professional-এর application type কীভাবে choose করতে হবে?,DRIVING_LICENCE,DRIVING_LICENCE_APPLICATION,New Driving Licence Application,DRIVING_LICENCE_TYPE_SELECTION,Professional or Non-Professional Licence Type,Low,Informal,FALSE,,PARAPHRASED,DRIVING_LICENCE_TYPE_SELECTION_F02,Medium,FALSE,Controlled paraphrase 2 of reviewed independent seed; family preserved; automated validation complete.
DLX_0091,driving licence type selection ta bujhbo kivabe?,DRIVING_LICENCE,DRIVING_LICENCE_APPLICATION,New Driving Licence Application,DRIVING_LICENCE_TYPE_SELECTION,Professional or Non-Professional Licence Type,Low,Mixed,FALSE,,SYNTHETIC,DRIVING_LICENCE_TYPE_SELECTION_F03,Medium,FALSE,Reviewed independent pilot seed retained for canonical expansion.
DLX_0092,I am trying to understand this: driving licence type selection ta bujhbo kon process e?,DRIVING_LICENCE,DRIVING_LICENCE_APPLICATION,New Driving Licence Application,DRIVING_LICENCE_TYPE_SELECTION,Professional or Non-Professional Licence Type,Low,Mixed,FALSE,,PARAPHRASED,DRIVING_LICENCE_TYPE_SELECTION_F03,Medium,FALSE,Controlled paraphrase 1 of reviewed independent seed; family preserved; automated validation complete.
DLX_0093,I need guidance on this: driving licence type selection ta bujhbo kon process e?,DRIVING_LICENCE,DRIVING_LICENCE_APPLICATION,New Driving Licence Application,DRIVING_LICENCE_TYPE_SELECTION,Professional or Non-Professional Licence Type,Low,Mixed,FALSE,,PARAPHRASED,DRIVING_LICENCE_TYPE_SELECTION_F03,Medium,FALSE,Controlled paraphrase 2 of reviewed independent seed; family preserved; automated validation complete.
DLX_0094,নিজের গাড়ি আর পেশাগত driving-এর জন্য licence category আলাদা কি না guidance চাই।,DRIVING_LICENCE,DRIVING_LICENCE_APPLICATION,New Driving Licence Application,DRIVING_LICENCE_TYPE_SELECTION,Professional or Non-Professional Licence Type,Low,Mixed,FALSE,,SYNTHETIC,DRIVING_LICENCE_TYPE_SELECTION_F04,Hard,FALSE,Reviewed independent pilot seed retained for canonical expansion.
DLX_0095,নিজের গাড়ি আর পেশাগত driving-এর জন্য licence category আলাদা কি না guidance প্রয়োজন—নিয়মটা জানাবেন?,DRIVING_LICENCE,DRIVING_LICENCE_APPLICATION,New Driving Licence Application,DRIVING_LICENCE_TYPE_SELECTION,Professional or Non-Professional Licence Type,Low,Mixed,FALSE,,PARAPHRASED,DRIVING_LICENCE_TYPE_SELECTION_F04,Hard,FALSE,Controlled paraphrase 1 of reviewed independent seed; family preserved; automated validation complete.
DLX_0096,"নিজের গাড়ি আর পেশাগত driving-এর জন্য licence category আলাদা কি না guidance প্রয়োজন, একটু বুঝিয়ে বলবেন?",DRIVING_LICENCE,DRIVING_LICENCE_APPLICATION,New Driving Licence Application,DRIVING_LICENCE_TYPE_SELECTION,Professional or Non-Professional Licence Type,Low,Mixed,FALSE,,PARAPHRASED,DRIVING_LICENCE_TYPE_SELECTION_F04,Hard,FALSE,Controlled paraphrase 2 of reviewed independent seed; family preserved; automated validation complete.
DLX_0097,ড্রাইভিং লাইসেন্স আবেদনে মোটরযানের শ্রেণি কীভাবে নির্বাচন করব?,DRIVING_LICENCE,DRIVING_LICENCE_APPLICATION,New Driving Licence Application,DRIVING_LICENCE_VEHICLE_CLASS,Driving Licence Vehicle Class Selection,Low,Formal,FALSE,,SYNTHETIC,DRIVING_LICENCE_VEHICLE_CLASS_F01,Easy,FALSE,Reviewed independent pilot seed retained for canonical expansion.
DLX_0098,আমার ক্ষেত্রে ড্রাইভিং লাইসেন্স আবেদনে মোটরযানের শ্রেণি কীভাবে নির্বাচন করতে হবে?,DRIVING_LICENCE,DRIVING_LICENCE_APPLICATION,New Driving Licence Application,DRIVING_LICENCE_VEHICLE_CLASS,Driving Licence Vehicle Class Selection,Low,Formal,FALSE,,PARAPHRASED,DRIVING_LICENCE_VEHICLE_CLASS_F01,Easy,FALSE,Controlled paraphrase 1 of reviewed independent seed; family preserved; automated validation complete.
DLX_0099,ড্রাইভিং লাইসেন্স আবেদনে মোটরযানের শ্রেণি কোন প্রক্রিয়ায় নির্বাচন করব; পরের ধাপটা কী?,DRIVING_LICENCE,DRIVING_LICENCE_APPLICATION,New Driving Licence Application,DRIVING_LICENCE_VEHICLE_CLASS,Driving Licence Vehicle Class Selection,Low,Formal,FALSE,,PARAPHRASED,DRIVING_LICENCE_VEHICLE_CLASS_F01,Easy,FALSE,Controlled paraphrase 2 of reviewed independent seed; family preserved; automated validation complete.
DLX_0100,motorcycle আর car-এর জন্য কোন class select হবে?,DRIVING_LICENCE,DRIVING_LICENCE_APPLICATION,New Driving Licence Application,DRIVING_LICENCE_VEHICLE_CLASS,Driving Licence Vehicle Class Selection,Low,Informal,FALSE,,SYNTHETIC,DRIVING_LICENCE_VEHICLE_CLASS_F02,Medium,FALSE,Reviewed independent pilot seed retained for canonical expansion.
DLX_0101,এটা নিয়ে সাহায্য দরকার: motorcycle আর car-এর জন্য কোন class select হবে?,DRIVING_LICENCE,DRIVING_LICENCE_APPLICATION,New Driving Licence Application,DRIVING_LICENCE_VEHICLE_CLASS,Driving Licence Vehicle Class Selection,Low,Informal,FALSE,,PARAPHRASED,DRIVING_LICENCE_VEHICLE_CLASS_F02,Medium,FALSE,Controlled paraphrase 1 of reviewed independent seed; family preserved; automated validation complete.
DLX_0102,এই বিষয়ে সহায়তা চাই: motorcycle আর car-এর জন্য কোন class select হবে?,DRIVING_LICENCE,DRIVING_LICENCE_APPLICATION,New Driving Licence Application,DRIVING_LICENCE_VEHICLE_CLASS,Driving Licence Vehicle Class Selection,Low,Informal,FALSE,,PARAPHRASED,DRIVING_LICENCE_VEHICLE_CLASS_F02,Medium,FALSE,Controlled paraphrase 2 of reviewed independent seed; family preserved; automated validation complete.
DLX_0103,licence vehicle class choose korar niyom ki?,DRIVING_LICENCE,DRIVING_LICENCE_APPLICATION,New Driving Licence Application,DRIVING_LICENCE_VEHICLE_CLASS,Driving Licence Vehicle Class Selection,Low,Mixed,FALSE,,SYNTHETIC,DRIVING_LICENCE_VEHICLE_CLASS_F03,Medium,FALSE,Reviewed independent pilot seed retained for canonical expansion.
DLX_0104,I am trying to understand this: licence vehicle class choose korar niyom ki?,DRIVING_LICENCE,DRIVING_LICENCE_APPLICATION,New Driving Licence Application,DRIVING_LICENCE_VEHICLE_CLASS,Driving Licence Vehicle Class Selection,Low,Mixed,FALSE,,PARAPHRASED,DRIVING_LICENCE_VEHICLE_CLASS_F03,Medium,FALSE,Controlled paraphrase 1 of reviewed independent seed; family preserved; automated validation complete.
DLX_0105,I need guidance on this: licence vehicle class choose korar niyom ki?,DRIVING_LICENCE,DRIVING_LICENCE_APPLICATION,New Driving Licence Application,DRIVING_LICENCE_VEHICLE_CLASS,Driving Licence Vehicle Class Selection,Low,Mixed,FALSE,,PARAPHRASED,DRIVING_LICENCE_VEHICLE_CLASS_F03,Medium,FALSE,Controlled paraphrase 2 of reviewed independent seed; family preserved; automated validation complete.
DLX_0106,একেবারে নতুন application-এ কোন vehicle category চাই সেটা form-এ কোথায় দেব?,DRIVING_LICENCE,DRIVING_LICENCE_APPLICATION,New Driving Licence Application,DRIVING_LICENCE_VEHICLE_CLASS,Driving Licence Vehicle Class Selection,Low,Mixed,FALSE,,SYNTHETIC,DRIVING_LICENCE_VEHICLE_CLASS_F04,Hard,FALSE,Reviewed independent pilot seed retained for canonical expansion.
DLX_0107,একেবারে নতুন application-এ কোন vehicle category প্রয়োজন সেটা form-এ কোথায় দেব—নিয়মটা জানাবেন?,DRIVING_LICENCE,DRIVING_LICENCE_APPLICATION,New Driving Licence Application,DRIVING_LICENCE_VEHICLE_CLASS,Driving Licence Vehicle Class Selection,Low,Mixed,FALSE,,PARAPHRASED,DRIVING_LICENCE_VEHICLE_CLASS_F04,Hard,FALSE,Controlled paraphrase 1 of reviewed independent seed; family preserved; automated validation complete.
DLX_0108,"একেবারে নতুন application-এ কোন vehicle category প্রয়োজন সেটা form-এ কোথায় দেব, একটু বুঝিয়ে বলবেন?",DRIVING_LICENCE,DRIVING_LICENCE_APPLICATION,New Driving Licence Application,DRIVING_LICENCE_VEHICLE_CLASS,Driving Licence Vehicle Class Selection,Low,Mixed,FALSE,,PARAPHRASED,DRIVING_LICENCE_VEHICLE_CLASS_F04,Hard,FALSE,Controlled paraphrase 2 of reviewed independent seed; family preserved; automated validation complete.
DLX_0109,ড্রাইভিং লাইসেন্সের যোগ্যতা পরীক্ষায় কী কী ধাপ থাকে?,DRIVING_LICENCE,DRIVING_LICENCE_TEST,Driving Competency Test,DRIVING_LICENCE_TEST_PROCESS,Driving Test Process,Low,Formal,FALSE,,SYNTHETIC,DRIVING_LICENCE_TEST_PROCESS_F01,Easy,FALSE,Reviewed independent pilot seed retained for canonical expansion.
DLX_0110,আমার ক্ষেত্রে ড্রাইভিং লাইসেন্সের যোগ্যতা পরীক্ষায় কোন কোন ধাপ থাকে?,DRIVING_LICENCE,DRIVING_LICENCE_TEST,Driving Competency Test,DRIVING_LICENCE_TEST_PROCESS,Driving Test Process,Low,Formal,FALSE,,PARAPHRASED,DRIVING_LICENCE_TEST_PROCESS_F01,Easy,FALSE,Controlled paraphrase 1 of reviewed independent seed; family preserved; automated validation complete.
DLX_0111,ড্রাইভিং লাইসেন্সের যোগ্যতা পরীক্ষায় কোন কোন ধাপ থাকে; পরের ধাপটা কী?,DRIVING_LICENCE,DRIVING_LICENCE_TEST,Driving Competency Test,DRIVING_LICENCE_TEST_PROCESS,Driving Test Process,Low,Formal,FALSE,,PARAPHRASED,DRIVING_LICENCE_TEST_PROCESS_F01,Easy,FALSE,Controlled paraphrase 2 of reviewed independent seed; family preserved; automated validation complete.
DLX_0112,driving test দিতে গেলে processটা কী?,DRIVING_LICENCE,DRIVING_LICENCE_TEST,Driving Competency Test,DRIVING_LICENCE_TEST_PROCESS,Driving Test Process,Low,Informal,FALSE,,SYNTHETIC,DRIVING_LICENCE_TEST_PROCESS_F02,Medium,FALSE,Reviewed independent pilot seed retained for canonical expansion.
DLX_0113,এটা নিয়ে সাহায্য দরকার: driving test দিতে গেলে processটা কী?,DRIVING_LICENCE,DRIVING_LICENCE_TEST,Driving Competency Test,DRIVING_LICENCE_TEST_PROCESS,Driving Test Process,Low,Informal,FALSE,,PARAPHRASED,DRIVING_LICENCE_TEST_PROCESS_F02,Medium,FALSE,Controlled paraphrase 1 of reviewed independent seed; family preserved; automated validation complete.
DLX_0114,এই বিষয়ে সহায়তা চাই: driving test দিতে গেলে processটা কী?,DRIVING_LICENCE,DRIVING_LICENCE_TEST,Driving Competency Test,DRIVING_LICENCE_TEST_PROCESS,Driving Test Process,Low,Informal,FALSE,,PARAPHRASED,DRIVING_LICENCE_TEST_PROCESS_F02,Medium,FALSE,Controlled paraphrase 2 of reviewed independent seed; family preserved; automated validation complete.
DLX_0115,DCTC test process ta kivabe hoy?,DRIVING_LICENCE,DRIVING_LICENCE_TEST,Driving Competency Test,DRIVING_LICENCE_TEST_PROCESS,Driving Test Process,Low,Mixed,FALSE,,SYNTHETIC,DRIVING_LICENCE_TEST_PROCESS_F03,Medium,FALSE,Reviewed independent pilot seed retained for canonical expansion.
DLX_0116,I am trying to understand this: DCTC test process ta kon process e hoy?,DRIVING_LICENCE,DRIVING_LICENCE_TEST,Driving Competency Test,DRIVING_LICENCE_TEST_PROCESS,Driving Test Process,Low,Mixed,FALSE,,PARAPHRASED,DRIVING_LICENCE_TEST_PROCESS_F03,Medium,FALSE,Controlled paraphrase 1 of reviewed independent seed; family preserved; automated validation complete.
DLX_0117,I need guidance on this: DCTC test process ta kon process e hoy?,DRIVING_LICENCE,DRIVING_LICENCE_TEST,Driving Competency Test,DRIVING_LICENCE_TEST_PROCESS,Driving Test Process,Low,Mixed,FALSE,,PARAPHRASED,DRIVING_LICENCE_TEST_PROCESS_F03,Medium,FALSE,Controlled paraphrase 2 of reviewed independent seed; family preserved; automated validation complete.
DLX_0118,written আর practical অংশসহ পুরো পরীক্ষার flow জানতে চাই।,DRIVING_LICENCE,DRIVING_LICENCE_TEST,Driving Competency Test,DRIVING_LICENCE_TEST_PROCESS,Driving Test Process,Low,Mixed,FALSE,,SYNTHETIC,DRIVING_LICENCE_TEST_PROCESS_F04,Hard,FALSE,Reviewed independent pilot seed retained for canonical expansion.
DLX_0119,written আর practical অংশসহ পুরো পরীক্ষার flow জানতে প্রয়োজন—নিয়মটা জানাবেন?,DRIVING_LICENCE,DRIVING_LICENCE_TEST,Driving Competency Test,DRIVING_LICENCE_TEST_PROCESS,Driving Test Process,Low,Mixed,FALSE,,PARAPHRASED,DRIVING_LICENCE_TEST_PROCESS_F04,Hard,FALSE,Controlled paraphrase 1 of reviewed independent seed; family preserved; automated validation complete.
DLX_0120,"written আর practical অংশসহ পুরো পরীক্ষার flow জানতে প্রয়োজন, একটু বুঝিয়ে বলবেন?",DRIVING_LICENCE,DRIVING_LICENCE_TEST,Driving Competency Test,DRIVING_LICENCE_TEST_PROCESS,Driving Test Process,Low,Mixed,FALSE,,PARAPHRASED,DRIVING_LICENCE_TEST_PROCESS_F04,Hard,FALSE,Controlled paraphrase 2 of reviewed independent seed; family preserved; automated validation complete.
DLX_0121,ড্রাইভিং পরীক্ষার তারিখ কীভাবে নির্ধারণ বা দেখব?,DRIVING_LICENCE,DRIVING_LICENCE_TEST,Driving Competency Test,DRIVING_LICENCE_TEST_SCHEDULE,Driving Test Schedule or Appointment,Low,Formal,FALSE,,SYNTHETIC,DRIVING_LICENCE_TEST_SCHEDULE_F01,Easy,FALSE,Reviewed independent pilot seed retained for canonical expansion.
DLX_0122,আমার ক্ষেত্রে ড্রাইভিং পরীক্ষার তারিখ কোন প্রক্রিয়ায় নির্ধারণ বা দেখব?,DRIVING_LICENCE,DRIVING_LICENCE_TEST,Driving Competency Test,DRIVING_LICENCE_TEST_SCHEDULE,Driving Test Schedule or Appointment,Low,Formal,FALSE,,PARAPHRASED,DRIVING_LICENCE_TEST_SCHEDULE_F01,Easy,FALSE,Controlled paraphrase 1 of reviewed independent seed; family preserved; automated validation complete.
DLX_0123,ড্রাইভিং পরীক্ষার তারিখ কোন প্রক্রিয়ায় নির্ধারণ বা দেখব; পরের ধাপটা কী?,DRIVING_LICENCE,DRIVING_LICENCE_TEST,Driving Competency Test,DRIVING_LICENCE_TEST_SCHEDULE,Driving Test Schedule or Appointment,Low,Formal,FALSE,,PARAPHRASED,DRIVING_LICENCE_TEST_SCHEDULE_F01,Easy,FALSE,Controlled paraphrase 2 of reviewed independent seed; family preserved; automated validation complete.
DLX_0124,"আমার driving test কবে, কোথায় check করব?",DRIVING_LICENCE,DRIVING_LICENCE_TEST,Driving Competency Test,DRIVING_LICENCE_TEST_SCHEDULE,Driving Test Schedule or Appointment,Low,Informal,FALSE,,SYNTHETIC,DRIVING_LICENCE_TEST_SCHEDULE_F02,Medium,FALSE,Reviewed independent pilot seed retained for canonical expansion.
DLX_0125,"এটা নিয়ে সাহায্য দরকার: আমার driving test কবে, কোথায় check করতে হবে?",DRIVING_LICENCE,DRIVING_LICENCE_TEST,Driving Competency Test,DRIVING_LICENCE_TEST_SCHEDULE,Driving Test Schedule or Appointment,Low,Informal,FALSE,,PARAPHRASED,DRIVING_LICENCE_TEST_SCHEDULE_F02,Medium,FALSE,Controlled paraphrase 1 of reviewed independent seed; family preserved; automated validation complete.
DLX_0126,"আমার driving test কবে, কোথায় check করতে হবে?",DRIVING_LICENCE,DRIVING_LICENCE_TEST,Driving Competency Test,DRIVING_LICENCE_TEST_SCHEDULE,Driving Test Schedule or Appointment,Low,Informal,FALSE,,PARAPHRASED,DRIVING_LICENCE_TEST_SCHEDULE_F02,Medium,FALSE,Controlled paraphrase 2 of reviewed independent seed; family preserved; automated validation complete.
DLX_0127,driving test schedule online e kivabe dekhbo?,DRIVING_LICENCE,DRIVING_LICENCE_TEST,Driving Competency Test,DRIVING_LICENCE_TEST_SCHEDULE,Driving Test Schedule or Appointment,Low,Mixed,FALSE,,SYNTHETIC,DRIVING_LICENCE_TEST_SCHEDULE_F03,Medium,FALSE,Reviewed independent pilot seed retained for canonical expansion.
DLX_0128,I am trying to understand this: driving test schedule online e kon process e dekhbo?,DRIVING_LICENCE,DRIVING_LICENCE_TEST,Driving Competency Test,DRIVING_LICENCE_TEST_SCHEDULE,Driving Test Schedule or Appointment,Low,Mixed,FALSE,,PARAPHRASED,DRIVING_LICENCE_TEST_SCHEDULE_F03,Medium,FALSE,Controlled paraphrase 1 of reviewed independent seed; family preserved; automated validation complete.
DLX_0129,I need guidance on this: driving test schedule online e kon process e dekhbo?,DRIVING_LICENCE,DRIVING_LICENCE_TEST,Driving Competency Test,DRIVING_LICENCE_TEST_SCHEDULE,Driving Test Schedule or Appointment,Low,Mixed,FALSE,,PARAPHRASED,DRIVING_LICENCE_TEST_SCHEDULE_F03,Medium,FALSE,Controlled paraphrase 2 of reviewed independent seed; family preserved; automated validation complete.
DLX_0130,learner licence হয়ে গেছে—competency test-এর appointment কোন step-এ পাব?,DRIVING_LICENCE,DRIVING_LICENCE_TEST,Driving Competency Test,DRIVING_LICENCE_TEST_SCHEDULE,Driving Test Schedule or Appointment,Low,Mixed,FALSE,,SYNTHETIC,DRIVING_LICENCE_TEST_SCHEDULE_F04,Hard,FALSE,Reviewed independent pilot seed retained for canonical expansion.
DLX_0131,learner licence হয়ে গেছে—competency test-এর appointment কোন step-এ পাব—নিয়মটা জানাবেন?,DRIVING_LICENCE,DRIVING_LICENCE_TEST,Driving Competency Test,DRIVING_LICENCE_TEST_SCHEDULE,Driving Test Schedule or Appointment,Low,Mixed,FALSE,,PARAPHRASED,DRIVING_LICENCE_TEST_SCHEDULE_F04,Hard,FALSE,Controlled paraphrase 1 of reviewed independent seed; family preserved; automated validation complete.
DLX_0132,"learner licence হয়ে গেছে—competency test-এর appointment কোন step-এ পাব, একটু বুঝিয়ে বলবেন?",DRIVING_LICENCE,DRIVING_LICENCE_TEST,Driving Competency Test,DRIVING_LICENCE_TEST_SCHEDULE,Driving Test Schedule or Appointment,Low,Mixed,FALSE,,PARAPHRASED,DRIVING_LICENCE_TEST_SCHEDULE_F04,Hard,FALSE,Controlled paraphrase 2 of reviewed independent seed; family preserved; automated validation complete.
DLX_0133,ড্রাইভিং পরীক্ষার দিনে কী কী সঙ্গে নিতে হবে?,DRIVING_LICENCE,DRIVING_LICENCE_TEST,Driving Competency Test,DRIVING_LICENCE_TEST_REQUIREMENTS,Driving Test Requirements and Preparation,Low,Formal,FALSE,,SYNTHETIC,DRIVING_LICENCE_TEST_REQUIREMENTS_F01,Easy,FALSE,Reviewed independent pilot seed retained for canonical expansion.
DLX_0134,আমার ক্ষেত্রে ড্রাইভিং পরীক্ষার দিনে কোন কোন সঙ্গে নিতে হবে?,DRIVING_LICENCE,DRIVING_LICENCE_TEST,Driving Competency Test,DRIVING_LICENCE_TEST_REQUIREMENTS,Driving Test Requirements and Preparation,Low,Formal,FALSE,,PARAPHRASED,DRIVING_LICENCE_TEST_REQUIREMENTS_F01,Easy,FALSE,Controlled paraphrase 1 of reviewed independent seed; family preserved; automated validation complete.
DLX_0135,ড্রাইভিং পরীক্ষার দিনে কোন কোন সঙ্গে নিতে হবে; পরের ধাপটা কী?,DRIVING_LICENCE,DRIVING_LICENCE_TEST,Driving Competency Test,DRIVING_LICENCE_TEST_REQUIREMENTS,Driving Test Requirements and Preparation,Low,Formal,FALSE,,PARAPHRASED,DRIVING_LICENCE_TEST_REQUIREMENTS_F01,Easy,FALSE,Controlled paraphrase 2 of reviewed independent seed; family preserved; automated validation complete.
DLX_0136,test attend করার আগে কী preparation দরকার?,DRIVING_LICENCE,DRIVING_LICENCE_TEST,Driving Competency Test,DRIVING_LICENCE_TEST_REQUIREMENTS,Driving Test Requirements and Preparation,Low,Informal,FALSE,,SYNTHETIC,DRIVING_LICENCE_TEST_REQUIREMENTS_F02,Medium,FALSE,Reviewed independent pilot seed retained for canonical expansion.
DLX_0137,এটা নিয়ে সাহায্য দরকার: test attend করার আগে কী preparation দরকার?,DRIVING_LICENCE,DRIVING_LICENCE_TEST,Driving Competency Test,DRIVING_LICENCE_TEST_REQUIREMENTS,Driving Test Requirements and Preparation,Low,Informal,FALSE,,PARAPHRASED,DRIVING_LICENCE_TEST_REQUIREMENTS_F02,Medium,FALSE,Controlled paraphrase 1 of reviewed independent seed; family preserved; automated validation complete.
DLX_0138,এই বিষয়ে সহায়তা চাই: test attend করার আগে কী preparation দরকার?,DRIVING_LICENCE,DRIVING_LICENCE_TEST,Driving Competency Test,DRIVING_LICENCE_TEST_REQUIREMENTS,Driving Test Requirements and Preparation,Low,Informal,FALSE,,PARAPHRASED,DRIVING_LICENCE_TEST_REQUIREMENTS_F02,Medium,FALSE,Controlled paraphrase 2 of reviewed independent seed; family preserved; automated validation complete.
DLX_0139,driving test day er requirements ki ki?,DRIVING_LICENCE,DRIVING_LICENCE_TEST,Driving Competency Test,DRIVING_LICENCE_TEST_REQUIREMENTS,Driving Test Requirements and Preparation,Low,Mixed,FALSE,,SYNTHETIC,DRIVING_LICENCE_TEST_REQUIREMENTS_F03,Medium,FALSE,Reviewed independent pilot seed retained for canonical expansion.
DLX_0140,I am trying to understand this: driving test day er requirements kon kon jinis?,DRIVING_LICENCE,DRIVING_LICENCE_TEST,Driving Competency Test,DRIVING_LICENCE_TEST_REQUIREMENTS,Driving Test Requirements and Preparation,Low,Mixed,FALSE,,PARAPHRASED,DRIVING_LICENCE_TEST_REQUIREMENTS_F03,Medium,FALSE,Controlled paraphrase 1 of reviewed independent seed; family preserved; automated validation complete.
DLX_0141,I need guidance on this: driving test day er requirements kon kon jinis?,DRIVING_LICENCE,DRIVING_LICENCE_TEST,Driving Competency Test,DRIVING_LICENCE_TEST_REQUIREMENTS,Driving Test Requirements and Preparation,Low,Mixed,FALSE,,PARAPHRASED,DRIVING_LICENCE_TEST_REQUIREMENTS_F03,Medium,FALSE,Controlled paraphrase 2 of reviewed independent seed; family preserved; automated validation complete.
DLX_0142,exam venue-তে যাওয়ার আগে documents আর vehicle নিয়ে কী প্রস্তুতি রাখব?,DRIVING_LICENCE,DRIVING_LICENCE_TEST,Driving Competency Test,DRIVING_LICENCE_TEST_REQUIREMENTS,Driving Test Requirements and Preparation,Low,Mixed,FALSE,,SYNTHETIC,DRIVING_LICENCE_TEST_REQUIREMENTS_F04,Hard,FALSE,Reviewed independent pilot seed retained for canonical expansion.
DLX_0143,exam venue-তে যাওয়ার আগে documents আর vehicle নিয়ে কী প্রস্তুতি রাখব—নিয়মটা জানাবেন?,DRIVING_LICENCE,DRIVING_LICENCE_TEST,Driving Competency Test,DRIVING_LICENCE_TEST_REQUIREMENTS,Driving Test Requirements and Preparation,Low,Mixed,FALSE,,PARAPHRASED,DRIVING_LICENCE_TEST_REQUIREMENTS_F04,Hard,FALSE,Controlled paraphrase 1 of reviewed independent seed; family preserved; automated validation complete.
DLX_0144,"exam venue-তে যাওয়ার আগে documents আর vehicle নিয়ে কী প্রস্তুতি রাখব, একটু বুঝিয়ে বলবেন?",DRIVING_LICENCE,DRIVING_LICENCE_TEST,Driving Competency Test,DRIVING_LICENCE_TEST_REQUIREMENTS,Driving Test Requirements and Preparation,Low,Mixed,FALSE,,PARAPHRASED,DRIVING_LICENCE_TEST_REQUIREMENTS_F04,Hard,FALSE,Controlled paraphrase 2 of reviewed independent seed; family preserved; automated validation complete.
DLX_0145,ড্রাইভিং কম্পিটেন্সি পরীক্ষার ফলাফল কীভাবে দেখব?,DRIVING_LICENCE,DRIVING_LICENCE_TEST,Driving Competency Test,DRIVING_LICENCE_TEST_RESULT,Driving Test Result,Low,Formal,FALSE,,SYNTHETIC,DRIVING_LICENCE_TEST_RESULT_F01,Easy,FALSE,Reviewed independent pilot seed retained for canonical expansion.
DLX_0146,আমার ক্ষেত্রে ড্রাইভিং কম্পিটেন্সি পরীক্ষার ফলাফল কোন প্রক্রিয়ায় দেখব?,DRIVING_LICENCE,DRIVING_LICENCE_TEST,Driving Competency Test,DRIVING_LICENCE_TEST_RESULT,Driving Test Result,Low,Formal,FALSE,,PARAPHRASED,DRIVING_LICENCE_TEST_RESULT_F01,Easy,FALSE,Controlled paraphrase 1 of reviewed independent seed; family preserved; automated validation complete.
DLX_0147,ড্রাইভিং কম্পিটেন্সি পরীক্ষার ফলাফল কোন প্রক্রিয়ায় দেখব; পরের ধাপটা কী?,DRIVING_LICENCE,DRIVING_LICENCE_TEST,Driving Competency Test,DRIVING_LICENCE_TEST_RESULT,Driving Test Result,Low,Formal,FALSE,,PARAPHRASED,DRIVING_LICENCE_TEST_RESULT_F01,Easy,FALSE,Controlled paraphrase 2 of reviewed independent seed; family preserved; automated validation complete.
DLX_0148,driving test pass করেছি কিনা কোথায় check করব?,DRIVING_LICENCE,DRIVING_LICENCE_TEST,Driving Competency Test,DRIVING_LICENCE_TEST_RESULT,Driving Test Result,Low,Informal,FALSE,,SYNTHETIC,DRIVING_LICENCE_TEST_RESULT_F02,Medium,FALSE,Reviewed independent pilot seed retained for canonical expansion.
DLX_0149,এটা নিয়ে সাহায্য দরকার: driving test pass করেছি কিনা কোথায় check করতে হবে?,DRIVING_LICENCE,DRIVING_LICENCE_TEST,Driving Competency Test,DRIVING_LICENCE_TEST_RESULT,Driving Test Result,Low,Informal,FALSE,,PARAPHRASED,DRIVING_LICENCE_TEST_RESULT_F02,Medium,FALSE,Controlled paraphrase 1 of reviewed independent seed; family preserved; automated validation complete.
DLX_0150,driving test pass করেছি কিনা কোথায় check করতে হবে?,DRIVING_LICENCE,DRIVING_LICENCE_TEST,Driving Competency Test,DRIVING_LICENCE_TEST_RESULT,Driving Test Result,Low,Informal,FALSE,,PARAPHRASED,DRIVING_LICENCE_TEST_RESULT_F02,Medium,FALSE,Controlled paraphrase 2 of reviewed independent seed; family preserved; automated validation complete.
DLX_0151,DCTC result online e kivabe dekhbo?,DRIVING_LICENCE,DRIVING_LICENCE_TEST,Driving Competency Test,DRIVING_LICENCE_TEST_RESULT,Driving Test Result,Low,Mixed,FALSE,,SYNTHETIC,DRIVING_LICENCE_TEST_RESULT_F03,Medium,FALSE,Reviewed independent pilot seed retained for canonical expansion.
DLX_0152,I am trying to understand this: DCTC result online e kon process e dekhbo?,DRIVING_LICENCE,DRIVING_LICENCE_TEST,Driving Competency Test,DRIVING_LICENCE_TEST_RESULT,Driving Test Result,Low,Mixed,FALSE,,PARAPHRASED,DRIVING_LICENCE_TEST_RESULT_F03,Medium,FALSE,Controlled paraphrase 1 of reviewed independent seed; family preserved; automated validation complete.
DLX_0153,I need guidance on this: DCTC result online e kon process e dekhbo?,DRIVING_LICENCE,DRIVING_LICENCE_TEST,Driving Competency Test,DRIVING_LICENCE_TEST_RESULT,Driving Test Result,Low,Mixed,FALSE,,PARAPHRASED,DRIVING_LICENCE_TEST_RESULT_F03,Medium,FALSE,Controlled paraphrase 2 of reviewed independent seed; family preserved; automated validation complete.
DLX_0154,"exam শেষ হয়েছে, এখন division-wise result list থেকে নিজের outcome জানতে চাই।",DRIVING_LICENCE,DRIVING_LICENCE_TEST,Driving Competency Test,DRIVING_LICENCE_TEST_RESULT,Driving Test Result,Low,Mixed,FALSE,,SYNTHETIC,DRIVING_LICENCE_TEST_RESULT_F04,Hard,FALSE,Reviewed independent pilot seed retained for canonical expansion.
DLX_0155,"exam শেষ হয়েছে, এখন division-wise result list থেকে নিজের outcome জানতে প্রয়োজন—নিয়মটা জানাবেন?",DRIVING_LICENCE,DRIVING_LICENCE_TEST,Driving Competency Test,DRIVING_LICENCE_TEST_RESULT,Driving Test Result,Low,Mixed,FALSE,,PARAPHRASED,DRIVING_LICENCE_TEST_RESULT_F04,Hard,FALSE,Controlled paraphrase 1 of reviewed independent seed; family preserved; automated validation complete.
DLX_0156,"exam শেষ হয়েছে, এখন division-wise result list থেকে নিজের outcome জানতে প্রয়োজন, একটু বুঝিয়ে বলবেন?",DRIVING_LICENCE,DRIVING_LICENCE_TEST,Driving Competency Test,DRIVING_LICENCE_TEST_RESULT,Driving Test Result,Low,Mixed,FALSE,,PARAPHRASED,DRIVING_LICENCE_TEST_RESULT_F04,Hard,FALSE,Controlled paraphrase 2 of reviewed independent seed; family preserved; automated validation complete.
DLX_0157,ড্রাইভিং পরীক্ষায় উত্তীর্ণ না হলে পুনরায় পরীক্ষার প্রক্রিয়া কী?,DRIVING_LICENCE,DRIVING_LICENCE_TEST,Driving Competency Test,DRIVING_LICENCE_TEST_RETAKE,Driving Test Retake Guidance,Medium,Formal,FALSE,,SYNTHETIC,DRIVING_LICENCE_TEST_RETAKE_F01,Easy,FALSE,Reviewed independent pilot seed retained for canonical expansion.
DLX_0158,আমার ক্ষেত্রে ড্রাইভিং পরীক্ষায় উত্তীর্ণ না হলে পুনরায় পরীক্ষার প্রক্রিয়া কী?,DRIVING_LICENCE,DRIVING_LICENCE_TEST,Driving Competency Test,DRIVING_LICENCE_TEST_RETAKE,Driving Test Retake Guidance,Medium,Formal,FALSE,,PARAPHRASED,DRIVING_LICENCE_TEST_RETAKE_F01,Easy,FALSE,Controlled paraphrase 1 of reviewed independent seed; family preserved; automated validation complete.
DLX_0159,ড্রাইভিং পরীক্ষায় উত্তীর্ণ না হলে পুনরায় পরীক্ষার প্রক্রিয়া কী; পরের ধাপটা কী?,DRIVING_LICENCE,DRIVING_LICENCE_TEST,Driving Competency Test,DRIVING_LICENCE_TEST_RETAKE,Driving Test Retake Guidance,Medium,Formal,FALSE,,PARAPHRASED,DRIVING_LICENCE_TEST_RETAKE_F01,Easy,FALSE,Controlled paraphrase 2 of reviewed independent seed; family preserved; automated validation complete.
DLX_0160,"test miss করেছি, next attempt কীভাবে পাব?",DRIVING_LICENCE,DRIVING_LICENCE_TEST,Driving Competency Test,DRIVING_LICENCE_TEST_RETAKE,Driving Test Retake Guidance,Medium,Informal,FALSE,,SYNTHETIC,DRIVING_LICENCE_TEST_RETAKE_F02,Medium,FALSE,Reviewed independent pilot seed retained for canonical expansion.
DLX_0161,"এটা নিয়ে সাহায্য দরকার: test miss করেছি, next attempt কোন প্রক্রিয়ায় পাব?",DRIVING_LICENCE,DRIVING_LICENCE_TEST,Driving Competency Test,DRIVING_LICENCE_TEST_RETAKE,Driving Test Retake Guidance,Medium,Informal,FALSE,,PARAPHRASED,DRIVING_LICENCE_TEST_RETAKE_F02,Medium,FALSE,Controlled paraphrase 1 of reviewed independent seed; family preserved; automated validation complete.
DLX_0162,"test miss করেছি, next attempt কোন প্রক্রিয়ায় পাব?",DRIVING_LICENCE,DRIVING_LICENCE_TEST,Driving Competency Test,DRIVING_LICENCE_TEST_RETAKE,Driving Test Retake Guidance,Medium,Informal,FALSE,,PARAPHRASED,DRIVING_LICENCE_TEST_RETAKE_F02,Medium,FALSE,Controlled paraphrase 2 of reviewed independent seed; family preserved; automated validation complete.
DLX_0163,driving test retake er jonno ki korte hobe?,DRIVING_LICENCE,DRIVING_LICENCE_TEST,Driving Competency Test,DRIVING_LICENCE_TEST_RETAKE,Driving Test Retake Guidance,Medium,Mixed,FALSE,,SYNTHETIC,DRIVING_LICENCE_TEST_RETAKE_F03,Medium,FALSE,Reviewed independent pilot seed retained for canonical expansion.
DLX_0164,I am trying to understand this: driving test retake er jonno ki korte hobe?,DRIVING_LICENCE,DRIVING_LICENCE_TEST,Driving Competency Test,DRIVING_LICENCE_TEST_RETAKE,Driving Test Retake Guidance,Medium,Mixed,FALSE,,PARAPHRASED,DRIVING_LICENCE_TEST_RETAKE_F03,Medium,FALSE,Controlled paraphrase 1 of reviewed independent seed; family preserved; automated validation complete.
DLX_0165,I need guidance on this: driving test retake er jonno ki korte hobe?,DRIVING_LICENCE,DRIVING_LICENCE_TEST,Driving Competency Test,DRIVING_LICENCE_TEST_RETAKE,Driving Test Retake Guidance,Medium,Mixed,FALSE,,PARAPHRASED,DRIVING_LICENCE_TEST_RETAKE_F03,Medium,FALSE,Controlled paraphrase 2 of reviewed independent seed; family preserved; automated validation complete.
DLX_0166,result unsuccessful এসেছে—আবার competency test দেওয়ার official step জানতে চাই।,DRIVING_LICENCE,DRIVING_LICENCE_TEST,Driving Competency Test,DRIVING_LICENCE_TEST_RETAKE,Driving Test Retake Guidance,Medium,Mixed,FALSE,,SYNTHETIC,DRIVING_LICENCE_TEST_RETAKE_F04,Hard,FALSE,Reviewed independent pilot seed retained for canonical expansion.
DLX_0167,result unsuccessful এসেছে—আবার competency test দেওয়ার official step জানতে প্রয়োজন—নিয়মটা জানাবেন?,DRIVING_LICENCE,DRIVING_LICENCE_TEST,Driving Competency Test,DRIVING_LICENCE_TEST_RETAKE,Driving Test Retake Guidance,Medium,Mixed,FALSE,,PARAPHRASED,DRIVING_LICENCE_TEST_RETAKE_F04,Hard,FALSE,Controlled paraphrase 1 of reviewed independent seed; family preserved; automated validation complete.
DLX_0168,"result unsuccessful এসেছে—আবার competency test দেওয়ার official step জানতে প্রয়োজন, একটু বুঝিয়ে বলবেন?",DRIVING_LICENCE,DRIVING_LICENCE_TEST,Driving Competency Test,DRIVING_LICENCE_TEST_RETAKE,Driving Test Retake Guidance,Medium,Mixed,FALSE,,PARAPHRASED,DRIVING_LICENCE_TEST_RETAKE_F04,Hard,FALSE,Controlled paraphrase 2 of reviewed independent seed; family preserved; automated validation complete.
DLX_0169,বিআরটিএ সার্ভিস পোর্টালে নতুন অ্যাকাউন্ট কীভাবে খুলব?,DRIVING_LICENCE,DRIVING_LICENCE_ONLINE_ACCOUNT,BRTA Service Portal Account,DRIVING_LICENCE_ACCOUNT_REGISTRATION,BRTA Portal Account Registration,Low,Formal,FALSE,,SYNTHETIC,DRIVING_LICENCE_ACCOUNT_REGISTRATION_F01,Easy,FALSE,Reviewed independent pilot seed retained for canonical expansion.
DLX_0170,আমার ক্ষেত্রে বিআরটিএ সার্ভিস পোর্টালে নতুন অ্যাকাউন্ট কোন প্রক্রিয়ায় খুলব?,DRIVING_LICENCE,DRIVING_LICENCE_ONLINE_ACCOUNT,BRTA Service Portal Account,DRIVING_LICENCE_ACCOUNT_REGISTRATION,BRTA Portal Account Registration,Low,Formal,FALSE,,PARAPHRASED,DRIVING_LICENCE_ACCOUNT_REGISTRATION_F01,Easy,FALSE,Controlled paraphrase 1 of reviewed independent seed; family preserved; automated validation complete.
DLX_0171,বিআরটিএ সার্ভিস পোর্টালে নতুন অ্যাকাউন্ট কোন প্রক্রিয়ায় খুলব; পরের ধাপটা কী?,DRIVING_LICENCE,DRIVING_LICENCE_ONLINE_ACCOUNT,BRTA Service Portal Account,DRIVING_LICENCE_ACCOUNT_REGISTRATION,BRTA Portal Account Registration,Low,Formal,FALSE,,PARAPHRASED,DRIVING_LICENCE_ACCOUNT_REGISTRATION_F01,Easy,FALSE,Controlled paraphrase 2 of reviewed independent seed; family preserved; automated validation complete.
DLX_0172,BSP-তে driver হিসেবে register করতে চাই।,DRIVING_LICENCE,DRIVING_LICENCE_ONLINE_ACCOUNT,BRTA Service Portal Account,DRIVING_LICENCE_ACCOUNT_REGISTRATION,BRTA Portal Account Registration,Low,Informal,FALSE,,SYNTHETIC,DRIVING_LICENCE_ACCOUNT_REGISTRATION_F02,Medium,FALSE,Reviewed independent pilot seed retained for canonical expansion.
DLX_0173,এটা নিয়ে সাহায্য দরকার: BSP-তে driver হিসেবে register করতে প্রয়োজন?,DRIVING_LICENCE,DRIVING_LICENCE_ONLINE_ACCOUNT,BRTA Service Portal Account,DRIVING_LICENCE_ACCOUNT_REGISTRATION,BRTA Portal Account Registration,Low,Informal,FALSE,,PARAPHRASED,DRIVING_LICENCE_ACCOUNT_REGISTRATION_F02,Medium,FALSE,Controlled paraphrase 1 of reviewed independent seed; family preserved; automated validation complete.
DLX_0174,BSP-তে driver হিসেবে register করতে প্রয়োজন?,DRIVING_LICENCE,DRIVING_LICENCE_ONLINE_ACCOUNT,BRTA Service Portal Account,DRIVING_LICENCE_ACCOUNT_REGISTRATION,BRTA Portal Account Registration,Low,Informal,FALSE,,PARAPHRASED,DRIVING_LICENCE_ACCOUNT_REGISTRATION_F02,Medium,FALSE,Controlled paraphrase 2 of reviewed independent seed; family preserved; automated validation complete.
DLX_0175,BRTA portal account create korbo kivabe?,DRIVING_LICENCE,DRIVING_LICENCE_ONLINE_ACCOUNT,BRTA Service Portal Account,DRIVING_LICENCE_ACCOUNT_REGISTRATION,BRTA Portal Account Registration,Low,Mixed,FALSE,,SYNTHETIC,DRIVING_LICENCE_ACCOUNT_REGISTRATION_F03,Medium,FALSE,Reviewed independent pilot seed retained for canonical expansion.
DLX_0176,I am trying to understand this: BRTA portal account create korbo kon process e?,DRIVING_LICENCE,DRIVING_LICENCE_ONLINE_ACCOUNT,BRTA Service Portal Account,DRIVING_LICENCE_ACCOUNT_REGISTRATION,BRTA Portal Account Registration,Low,Mixed,FALSE,,PARAPHRASED,DRIVING_LICENCE_ACCOUNT_REGISTRATION_F03,Medium,FALSE,Controlled paraphrase 1 of reviewed independent seed; family preserved; automated validation complete.
DLX_0177,I need guidance on this: BRTA portal account create korbo kon process e?,DRIVING_LICENCE,DRIVING_LICENCE_ONLINE_ACCOUNT,BRTA Service Portal Account,DRIVING_LICENCE_ACCOUNT_REGISTRATION,BRTA Portal Account Registration,Low,Mixed,FALSE,,PARAPHRASED,DRIVING_LICENCE_ACCOUNT_REGISTRATION_F03,Medium,FALSE,Controlled paraphrase 2 of reviewed independent seed; family preserved; automated validation complete.
DLX_0178,licence apply করার আগে service recipient profile বানানোর ধাপ কী?,DRIVING_LICENCE,DRIVING_LICENCE_ONLINE_ACCOUNT,BRTA Service Portal Account,DRIVING_LICENCE_ACCOUNT_REGISTRATION,BRTA Portal Account Registration,Low,Mixed,FALSE,,SYNTHETIC,DRIVING_LICENCE_ACCOUNT_REGISTRATION_F04,Hard,FALSE,Reviewed independent pilot seed retained for canonical expansion.
DLX_0179,licence apply করার আগে service recipient profile বানানোর ধাপ কী—নিয়মটা জানাবেন?,DRIVING_LICENCE,DRIVING_LICENCE_ONLINE_ACCOUNT,BRTA Service Portal Account,DRIVING_LICENCE_ACCOUNT_REGISTRATION,BRTA Portal Account Registration,Low,Mixed,FALSE,,PARAPHRASED,DRIVING_LICENCE_ACCOUNT_REGISTRATION_F04,Hard,FALSE,Controlled paraphrase 1 of reviewed independent seed; family preserved; automated validation complete.
DLX_0180,"licence apply করার আগে service recipient profile বানানোর ধাপ কী, একটু বুঝিয়ে বলবেন?",DRIVING_LICENCE,DRIVING_LICENCE_ONLINE_ACCOUNT,BRTA Service Portal Account,DRIVING_LICENCE_ACCOUNT_REGISTRATION,BRTA Portal Account Registration,Low,Mixed,FALSE,,PARAPHRASED,DRIVING_LICENCE_ACCOUNT_REGISTRATION_F04,Hard,FALSE,Controlled paraphrase 2 of reviewed independent seed; family preserved; automated validation complete.
DLX_0181,বিদ্যমান বিআরটিএ সার্ভিস পোর্টাল অ্যাকাউন্টে কীভাবে লগইন করব?,DRIVING_LICENCE,DRIVING_LICENCE_ONLINE_ACCOUNT,BRTA Service Portal Account,DRIVING_LICENCE_ACCOUNT_LOGIN,BRTA Portal Account Login,Low,Formal,FALSE,,SYNTHETIC,DRIVING_LICENCE_ACCOUNT_LOGIN_F01,Easy,FALSE,Reviewed independent pilot seed retained for canonical expansion.
DLX_0182,আমার ক্ষেত্রে বিদ্যমান বিআরটিএ সার্ভিস পোর্টাল অ্যাকাউন্টে কীভাবে লগইন করতে হবে?,DRIVING_LICENCE,DRIVING_LICENCE_ONLINE_ACCOUNT,BRTA Service Portal Account,DRIVING_LICENCE_ACCOUNT_LOGIN,BRTA Portal Account Login,Low,Formal,FALSE,,PARAPHRASED,DRIVING_LICENCE_ACCOUNT_LOGIN_F01,Easy,FALSE,Controlled paraphrase 1 of reviewed independent seed; family preserved; automated validation complete.
DLX_0183,বিদ্যমান বিআরটিএ সার্ভিস পোর্টাল অ্যাকাউন্টে কীভাবে লগইন করতে হবে; পরের ধাপটা কী?,DRIVING_LICENCE,DRIVING_LICENCE_ONLINE_ACCOUNT,BRTA Service Portal Account,DRIVING_LICENCE_ACCOUNT_LOGIN,BRTA Portal Account Login,Low,Formal,FALSE,,PARAPHRASED,DRIVING_LICENCE_ACCOUNT_LOGIN_F01,Easy,FALSE,Controlled paraphrase 2 of reviewed independent seed; family preserved; automated validation complete.
DLX_0184,BSP login কোথা থেকে করব?,DRIVING_LICENCE,DRIVING_LICENCE_ONLINE_ACCOUNT,BRTA Service Portal Account,DRIVING_LICENCE_ACCOUNT_LOGIN,BRTA Portal Account Login,Low,Informal,FALSE,,SYNTHETIC,DRIVING_LICENCE_ACCOUNT_LOGIN_F02,Medium,FALSE,Reviewed independent pilot seed retained for canonical expansion.
DLX_0185,এটা নিয়ে সাহায্য দরকার: BSP login কোথা থেকে করতে হবে?,DRIVING_LICENCE,DRIVING_LICENCE_ONLINE_ACCOUNT,BRTA Service Portal Account,DRIVING_LICENCE_ACCOUNT_LOGIN,BRTA Portal Account Login,Low,Informal,FALSE,,PARAPHRASED,DRIVING_LICENCE_ACCOUNT_LOGIN_F02,Medium,FALSE,Controlled paraphrase 1 of reviewed independent seed; family preserved; automated validation complete.
DLX_0186,BSP login কোথা থেকে করতে হবে?,DRIVING_LICENCE,DRIVING_LICENCE_ONLINE_ACCOUNT,BRTA Service Portal Account,DRIVING_LICENCE_ACCOUNT_LOGIN,BRTA Portal Account Login,Low,Informal,FALSE,,PARAPHRASED,DRIVING_LICENCE_ACCOUNT_LOGIN_F02,Medium,FALSE,Controlled paraphrase 2 of reviewed independent seed; family preserved; automated validation complete.
DLX_0187,BRTA account e sign in korbo kivabe?,DRIVING_LICENCE,DRIVING_LICENCE_ONLINE_ACCOUNT,BRTA Service Portal Account,DRIVING_LICENCE_ACCOUNT_LOGIN,BRTA Portal Account Login,Low,Mixed,FALSE,,SYNTHETIC,DRIVING_LICENCE_ACCOUNT_LOGIN_F03,Medium,FALSE,Reviewed independent pilot seed retained for canonical expansion.
DLX_0188,I am trying to understand this: BRTA account e sign in korbo kon process e?,DRIVING_LICENCE,DRIVING_LICENCE_ONLINE_ACCOUNT,BRTA Service Portal Account,DRIVING_LICENCE_ACCOUNT_LOGIN,BRTA Portal Account Login,Low,Mixed,FALSE,,PARAPHRASED,DRIVING_LICENCE_ACCOUNT_LOGIN_F03,Medium,FALSE,Controlled paraphrase 1 of reviewed independent seed; family preserved; automated validation complete.
DLX_0189,I need guidance on this: BRTA account e sign in korbo kon process e?,DRIVING_LICENCE,DRIVING_LICENCE_ONLINE_ACCOUNT,BRTA Service Portal Account,DRIVING_LICENCE_ACCOUNT_LOGIN,BRTA Portal Account Login,Low,Mixed,FALSE,,PARAPHRASED,DRIVING_LICENCE_ACCOUNT_LOGIN_F03,Medium,FALSE,Controlled paraphrase 2 of reviewed independent seed; family preserved; automated validation complete.
DLX_0190,"driver profile আগে বানানো আছে, এখন আবার portal-এ ঢোকার নিয়ম কী?",DRIVING_LICENCE,DRIVING_LICENCE_ONLINE_ACCOUNT,BRTA Service Portal Account,DRIVING_LICENCE_ACCOUNT_LOGIN,BRTA Portal Account Login,Low,Mixed,FALSE,,SYNTHETIC,DRIVING_LICENCE_ACCOUNT_LOGIN_F04,Hard,FALSE,Reviewed independent pilot seed retained for canonical expansion.
DLX_0191,"driver profile আগে বানানো আছে, এখন আবার portal-এ ঢোকার নিয়ম কী—নিয়মটা জানাবেন?",DRIVING_LICENCE,DRIVING_LICENCE_ONLINE_ACCOUNT,BRTA Service Portal Account,DRIVING_LICENCE_ACCOUNT_LOGIN,BRTA Portal Account Login,Low,Mixed,FALSE,,PARAPHRASED,DRIVING_LICENCE_ACCOUNT_LOGIN_F04,Hard,FALSE,Controlled paraphrase 1 of reviewed independent seed; family preserved; automated validation complete.
DLX_0192,"driver profile আগে বানানো আছে, এখন আবার portal-এ ঢোকার নিয়ম কী, একটু বুঝিয়ে বলবেন?",DRIVING_LICENCE,DRIVING_LICENCE_ONLINE_ACCOUNT,BRTA Service Portal Account,DRIVING_LICENCE_ACCOUNT_LOGIN,BRTA Portal Account Login,Low,Mixed,FALSE,,PARAPHRASED,DRIVING_LICENCE_ACCOUNT_LOGIN_F04,Hard,FALSE,Controlled paraphrase 2 of reviewed independent seed; family preserved; automated validation complete.
DLX_0193,বিআরটিএ পোর্টালের পাসওয়ার্ড ভুলে গেলে কীভাবে রিসেট করব?,DRIVING_LICENCE,DRIVING_LICENCE_ONLINE_ACCOUNT,BRTA Service Portal Account,DRIVING_LICENCE_PASSWORD_RESET,BRTA Portal Password Reset,Medium,Formal,FALSE,,SYNTHETIC,DRIVING_LICENCE_PASSWORD_RESET_F01,Easy,FALSE,Reviewed independent pilot seed retained for canonical expansion.
DLX_0194,আমার ক্ষেত্রে বিআরটিএ পোর্টালের পাসওয়ার্ড ভুলে গেলে কোন প্রক্রিয়ায় রিসেট করব?,DRIVING_LICENCE,DRIVING_LICENCE_ONLINE_ACCOUNT,BRTA Service Portal Account,DRIVING_LICENCE_PASSWORD_RESET,BRTA Portal Password Reset,Medium,Formal,FALSE,,PARAPHRASED,DRIVING_LICENCE_PASSWORD_RESET_F01,Easy,FALSE,Controlled paraphrase 1 of reviewed independent seed; family preserved; automated validation complete.
DLX_0195,বিআরটিএ পোর্টালের পাসওয়ার্ড ভুলে গেলে কোন প্রক্রিয়ায় রিসেট করব; পরের ধাপটা কী?,DRIVING_LICENCE,DRIVING_LICENCE_ONLINE_ACCOUNT,BRTA Service Portal Account,DRIVING_LICENCE_PASSWORD_RESET,BRTA Portal Password Reset,Medium,Formal,FALSE,,PARAPHRASED,DRIVING_LICENCE_PASSWORD_RESET_F01,Easy,FALSE,Controlled paraphrase 2 of reviewed independent seed; family preserved; automated validation complete.
DLX_0196,"BSP password মনে নেই, recover করতে চাই।",DRIVING_LICENCE,DRIVING_LICENCE_ONLINE_ACCOUNT,BRTA Service Portal Account,DRIVING_LICENCE_PASSWORD_RESET,BRTA Portal Password Reset,Medium,Informal,FALSE,,SYNTHETIC,DRIVING_LICENCE_PASSWORD_RESET_F02,Medium,FALSE,Reviewed independent pilot seed retained for canonical expansion.
DLX_0197,"এটা নিয়ে সাহায্য দরকার: BSP password মনে নেই, recover করতে প্রয়োজন?",DRIVING_LICENCE,DRIVING_LICENCE_ONLINE_ACCOUNT,BRTA Service Portal Account,DRIVING_LICENCE_PASSWORD_RESET,BRTA Portal Password Reset,Medium,Informal,FALSE,,PARAPHRASED,DRIVING_LICENCE_PASSWORD_RESET_F02,Medium,FALSE,Controlled paraphrase 1 of reviewed independent seed; family preserved; automated validation complete.
DLX_0198,"BSP password মনে নেই, recover করতে প্রয়োজন?",DRIVING_LICENCE,DRIVING_LICENCE_ONLINE_ACCOUNT,BRTA Service Portal Account,DRIVING_LICENCE_PASSWORD_RESET,BRTA Portal Password Reset,Medium,Informal,FALSE,,PARAPHRASED,DRIVING_LICENCE_PASSWORD_RESET_F02,Medium,FALSE,Controlled paraphrase 2 of reviewed independent seed; family preserved; automated validation complete.
DLX_0199,BRTA portal password reset korbo kivabe?,DRIVING_LICENCE,DRIVING_LICENCE_ONLINE_ACCOUNT,BRTA Service Portal Account,DRIVING_LICENCE_PASSWORD_RESET,BRTA Portal Password Reset,Medium,Mixed,FALSE,,SYNTHETIC,DRIVING_LICENCE_PASSWORD_RESET_F03,Medium,FALSE,Reviewed independent pilot seed retained for canonical expansion.
DLX_0200,I am trying to understand this: BRTA portal password reset korte hobe kivabe?,DRIVING_LICENCE,DRIVING_LICENCE_ONLINE_ACCOUNT,BRTA Service Portal Account,DRIVING_LICENCE_PASSWORD_RESET,BRTA Portal Password Reset,Medium,Mixed,FALSE,,PARAPHRASED,DRIVING_LICENCE_PASSWORD_RESET_F03,Medium,FALSE,Controlled paraphrase 1 of reviewed independent seed; family preserved; automated validation complete.
DLX_0201,I need guidance on this: BRTA portal password reset korte hobe kivabe?,DRIVING_LICENCE,DRIVING_LICENCE_ONLINE_ACCOUNT,BRTA Service Portal Account,DRIVING_LICENCE_PASSWORD_RESET,BRTA Portal Password Reset,Medium,Mixed,FALSE,,PARAPHRASED,DRIVING_LICENCE_PASSWORD_RESET_F03,Medium,FALSE,Controlled paraphrase 2 of reviewed independent seed; family preserved; automated validation complete.
DLX_0202,account user information আছে কিন্তু password হারিয়েছি—নতুনটা সেট করতে চাই।,DRIVING_LICENCE,DRIVING_LICENCE_ONLINE_ACCOUNT,BRTA Service Portal Account,DRIVING_LICENCE_PASSWORD_RESET,BRTA Portal Password Reset,Medium,Mixed,FALSE,,SYNTHETIC,DRIVING_LICENCE_PASSWORD_RESET_F04,Hard,FALSE,Reviewed independent pilot seed retained for canonical expansion.
DLX_0203,account user information আছে কিন্তু password হারিয়েছি—নতুনটা সেট করতে প্রয়োজন—নিয়মটা জানাবেন?,DRIVING_LICENCE,DRIVING_LICENCE_ONLINE_ACCOUNT,BRTA Service Portal Account,DRIVING_LICENCE_PASSWORD_RESET,BRTA Portal Password Reset,Medium,Mixed,FALSE,,PARAPHRASED,DRIVING_LICENCE_PASSWORD_RESET_F04,Hard,FALSE,Controlled paraphrase 1 of reviewed independent seed; family preserved; automated validation complete.
DLX_0204,"account user information আছে কিন্তু password হারিয়েছি—নতুনটা সেট করতে প্রয়োজন, একটু বুঝিয়ে বলবেন?",DRIVING_LICENCE,DRIVING_LICENCE_ONLINE_ACCOUNT,BRTA Service Portal Account,DRIVING_LICENCE_PASSWORD_RESET,BRTA Portal Password Reset,Medium,Mixed,FALSE,,PARAPHRASED,DRIVING_LICENCE_PASSWORD_RESET_F04,Hard,FALSE,Controlled paraphrase 2 of reviewed independent seed; family preserved; automated validation complete.
DLX_0205,বিআরটিএ পোর্টালের ওটিপি না এলে কী করব?,DRIVING_LICENCE,DRIVING_LICENCE_ONLINE_ACCOUNT,BRTA Service Portal Account,DRIVING_LICENCE_ACCOUNT_OTP,BRTA Portal OTP Problem,Medium,Formal,FALSE,,SYNTHETIC,DRIVING_LICENCE_ACCOUNT_OTP_F01,Easy,FALSE,Reviewed independent pilot seed retained for canonical expansion.
DLX_0206,আমার ক্ষেত্রে বিআরটিএ পোর্টালের ওটিপি না এলে কী করতে হবে?,DRIVING_LICENCE,DRIVING_LICENCE_ONLINE_ACCOUNT,BRTA Service Portal Account,DRIVING_LICENCE_ACCOUNT_OTP,BRTA Portal OTP Problem,Medium,Formal,FALSE,,PARAPHRASED,DRIVING_LICENCE_ACCOUNT_OTP_F01,Easy,FALSE,Controlled paraphrase 1 of reviewed independent seed; family preserved; automated validation complete.
DLX_0207,বিআরটিএ পোর্টালের ওটিপি না এলে কী করতে হবে; পরের ধাপটা কী?,DRIVING_LICENCE,DRIVING_LICENCE_ONLINE_ACCOUNT,BRTA Service Portal Account,DRIVING_LICENCE_ACCOUNT_OTP,BRTA Portal OTP Problem,Medium,Formal,FALSE,,PARAPHRASED,DRIVING_LICENCE_ACCOUNT_OTP_F01,Easy,FALSE,Controlled paraphrase 2 of reviewed independent seed; family preserved; automated validation complete.
DLX_0208,OTP code পেয়েছি কিন্তু BSP accept করছে না।,DRIVING_LICENCE,DRIVING_LICENCE_ONLINE_ACCOUNT,BRTA Service Portal Account,DRIVING_LICENCE_ACCOUNT_OTP,BRTA Portal OTP Problem,Medium,Informal,FALSE,,SYNTHETIC,DRIVING_LICENCE_ACCOUNT_OTP_F02,Medium,FALSE,Reviewed independent pilot seed retained for canonical expansion.
DLX_0209,এটা নিয়ে সাহায্য দরকার: OTP code পেয়েছি কিন্তু BSP accept করছে না?,DRIVING_LICENCE,DRIVING_LICENCE_ONLINE_ACCOUNT,BRTA Service Portal Account,DRIVING_LICENCE_ACCOUNT_OTP,BRTA Portal OTP Problem,Medium,Informal,FALSE,,PARAPHRASED,DRIVING_LICENCE_ACCOUNT_OTP_F02,Medium,FALSE,Controlled paraphrase 1 of reviewed independent seed; family preserved; automated validation complete.
DLX_0210,OTP code পেয়েছি কিন্তু BSP accept করছে না?,DRIVING_LICENCE,DRIVING_LICENCE_ONLINE_ACCOUNT,BRTA Service Portal Account,DRIVING_LICENCE_ACCOUNT_OTP,BRTA Portal OTP Problem,Medium,Informal,FALSE,,PARAPHRASED,DRIVING_LICENCE_ACCOUNT_OTP_F02,Medium,FALSE,Controlled paraphrase 2 of reviewed independent seed; family preserved; automated validation complete.
DLX_0211,BRTA verification code ashtese na.,DRIVING_LICENCE,DRIVING_LICENCE_ONLINE_ACCOUNT,BRTA Service Portal Account,DRIVING_LICENCE_ACCOUNT_OTP,BRTA Portal OTP Problem,Medium,Mixed,FALSE,,SYNTHETIC,DRIVING_LICENCE_ACCOUNT_OTP_F03,Medium,FALSE,Reviewed independent pilot seed retained for canonical expansion.
DLX_0212,I am trying to understand this: BRTA verification code ashtese na?,DRIVING_LICENCE,DRIVING_LICENCE_ONLINE_ACCOUNT,BRTA Service Portal Account,DRIVING_LICENCE_ACCOUNT_OTP,BRTA Portal OTP Problem,Medium,Mixed,FALSE,,PARAPHRASED,DRIVING_LICENCE_ACCOUNT_OTP_F03,Medium,FALSE,Controlled paraphrase 1 of reviewed independent seed; family preserved; automated validation complete.
DLX_0213,I need guidance on this: BRTA verification code ashtese na?,DRIVING_LICENCE,DRIVING_LICENCE_ONLINE_ACCOUNT,BRTA Service Portal Account,DRIVING_LICENCE_ACCOUNT_OTP,BRTA Portal OTP Problem,Medium,Mixed,FALSE,,PARAPHRASED,DRIVING_LICENCE_ACCOUNT_OTP_F03,Medium,FALSE,Controlled paraphrase 2 of reviewed independent seed; family preserved; automated validation complete.
DLX_0214,account verify করার SMS দেরিতে এসে expired দেখাচ্ছে—কীভাবে complete করব?,DRIVING_LICENCE,DRIVING_LICENCE_ONLINE_ACCOUNT,BRTA Service Portal Account,DRIVING_LICENCE_ACCOUNT_OTP,BRTA Portal OTP Problem,Medium,Mixed,FALSE,,SYNTHETIC,DRIVING_LICENCE_ACCOUNT_OTP_F04,Hard,FALSE,Reviewed independent pilot seed retained for canonical expansion.
DLX_0215,account verify করার SMS দেরিতে এসে expired দেখাচ্ছে—কোন প্রক্রিয়ায় complete করব—নিয়মটা জানাবেন?,DRIVING_LICENCE,DRIVING_LICENCE_ONLINE_ACCOUNT,BRTA Service Portal Account,DRIVING_LICENCE_ACCOUNT_OTP,BRTA Portal OTP Problem,Medium,Mixed,FALSE,,PARAPHRASED,DRIVING_LICENCE_ACCOUNT_OTP_F04,Hard,FALSE,Controlled paraphrase 1 of reviewed independent seed; family preserved; automated validation complete.
DLX_0216,"account verify করার SMS দেরিতে এসে expired দেখাচ্ছে—কোন প্রক্রিয়ায় complete করব, একটু বুঝিয়ে বলবেন?",DRIVING_LICENCE,DRIVING_LICENCE_ONLINE_ACCOUNT,BRTA Service Portal Account,DRIVING_LICENCE_ACCOUNT_OTP,BRTA Portal OTP Problem,Medium,Mixed,FALSE,,PARAPHRASED,DRIVING_LICENCE_ACCOUNT_OTP_F04,Hard,FALSE,Controlled paraphrase 2 of reviewed independent seed; family preserved; automated validation complete.
DLX_0217,সঠিক তথ্য দিয়েও বিআরটিএ পোর্টাল অ্যাকাউন্টে ঢুকতে পারছি না।,DRIVING_LICENCE,DRIVING_LICENCE_ONLINE_ACCOUNT,BRTA Service Portal Account,DRIVING_LICENCE_ACCOUNT_ACCESS_PROBLEM,General BRTA Portal Access Problem,Medium,Formal,FALSE,,SYNTHETIC,DRIVING_LICENCE_ACCOUNT_ACCESS_PROBLEM_F01,Easy,FALSE,Reviewed independent pilot seed retained for canonical expansion.
DLX_0218,আমার ক্ষেত্রে সঠিক তথ্য দিয়েও বিআরটিএ পোর্টাল অ্যাকাউন্টে ঢুকতে পারছি না?,DRIVING_LICENCE,DRIVING_LICENCE_ONLINE_ACCOUNT,BRTA Service Portal Account,DRIVING_LICENCE_ACCOUNT_ACCESS_PROBLEM,General BRTA Portal Access Problem,Medium,Formal,FALSE,,PARAPHRASED,DRIVING_LICENCE_ACCOUNT_ACCESS_PROBLEM_F01,Easy,FALSE,Controlled paraphrase 1 of reviewed independent seed; family preserved; automated validation complete.
DLX_0219,সঠিক তথ্য দিয়েও বিআরটিএ পোর্টাল অ্যাকাউন্টে ঢুকতে পারছি না; পরের ধাপটা কী?,DRIVING_LICENCE,DRIVING_LICENCE_ONLINE_ACCOUNT,BRTA Service Portal Account,DRIVING_LICENCE_ACCOUNT_ACCESS_PROBLEM,General BRTA Portal Access Problem,Medium,Formal,FALSE,,PARAPHRASED,DRIVING_LICENCE_ACCOUNT_ACCESS_PROBLEM_F01,Easy,FALSE,Controlled paraphrase 2 of reviewed independent seed; family preserved; automated validation complete.
DLX_0220,"BSP account খুলছে না, error-এর কারণ বুঝছি না।",DRIVING_LICENCE,DRIVING_LICENCE_ONLINE_ACCOUNT,BRTA Service Portal Account,DRIVING_LICENCE_ACCOUNT_ACCESS_PROBLEM,General BRTA Portal Access Problem,Medium,Informal,FALSE,,SYNTHETIC,DRIVING_LICENCE_ACCOUNT_ACCESS_PROBLEM_F02,Medium,FALSE,Reviewed independent pilot seed retained for canonical expansion.
DLX_0221,"এটা নিয়ে সাহায্য দরকার: BSP account খুলছে না, error-এর কারণ বুঝছি না?",DRIVING_LICENCE,DRIVING_LICENCE_ONLINE_ACCOUNT,BRTA Service Portal Account,DRIVING_LICENCE_ACCOUNT_ACCESS_PROBLEM,General BRTA Portal Access Problem,Medium,Informal,FALSE,,PARAPHRASED,DRIVING_LICENCE_ACCOUNT_ACCESS_PROBLEM_F02,Medium,FALSE,Controlled paraphrase 1 of reviewed independent seed; family preserved; automated validation complete.
DLX_0222,"BSP account খুলছে না, error-এর কারণ বুঝছি না?",DRIVING_LICENCE,DRIVING_LICENCE_ONLINE_ACCOUNT,BRTA Service Portal Account,DRIVING_LICENCE_ACCOUNT_ACCESS_PROBLEM,General BRTA Portal Access Problem,Medium,Informal,FALSE,,PARAPHRASED,DRIVING_LICENCE_ACCOUNT_ACCESS_PROBLEM_F02,Medium,FALSE,Controlled paraphrase 2 of reviewed independent seed; family preserved; automated validation complete.
DLX_0223,"BRTA account access hocche na, ki korbo?",DRIVING_LICENCE,DRIVING_LICENCE_ONLINE_ACCOUNT,BRTA Service Portal Account,DRIVING_LICENCE_ACCOUNT_ACCESS_PROBLEM,General BRTA Portal Access Problem,Medium,Mixed,FALSE,,SYNTHETIC,DRIVING_LICENCE_ACCOUNT_ACCESS_PROBLEM_F03,Medium,FALSE,Reviewed independent pilot seed retained for canonical expansion.
DLX_0224,"I am trying to understand this: BRTA account access hocche na, ki korte hobe?",DRIVING_LICENCE,DRIVING_LICENCE_ONLINE_ACCOUNT,BRTA Service Portal Account,DRIVING_LICENCE_ACCOUNT_ACCESS_PROBLEM,General BRTA Portal Access Problem,Medium,Mixed,FALSE,,PARAPHRASED,DRIVING_LICENCE_ACCOUNT_ACCESS_PROBLEM_F03,Medium,FALSE,Controlled paraphrase 1 of reviewed independent seed; family preserved; automated validation complete.
DLX_0225,"I need guidance on this: BRTA account access hocche na, ki korte hobe?",DRIVING_LICENCE,DRIVING_LICENCE_ONLINE_ACCOUNT,BRTA Service Portal Account,DRIVING_LICENCE_ACCOUNT_ACCESS_PROBLEM,General BRTA Portal Access Problem,Medium,Mixed,FALSE,,PARAPHRASED,DRIVING_LICENCE_ACCOUNT_ACCESS_PROBLEM_F03,Medium,FALSE,Controlled paraphrase 2 of reviewed independent seed; family preserved; automated validation complete.
DLX_0226,login দেওয়ার পর page আবার শুরুতে আসে—কোন specific messageও নেই।,DRIVING_LICENCE,DRIVING_LICENCE_ONLINE_ACCOUNT,BRTA Service Portal Account,DRIVING_LICENCE_ACCOUNT_ACCESS_PROBLEM,General BRTA Portal Access Problem,Medium,Mixed,FALSE,,SYNTHETIC,DRIVING_LICENCE_ACCOUNT_ACCESS_PROBLEM_F04,Hard,FALSE,Reviewed independent pilot seed retained for canonical expansion.
DLX_0227,login দেওয়ার পর page আবার শুরুতে আসে—কোন specific messageও নেই—নিয়মটা জানাবেন?,DRIVING_LICENCE,DRIVING_LICENCE_ONLINE_ACCOUNT,BRTA Service Portal Account,DRIVING_LICENCE_ACCOUNT_ACCESS_PROBLEM,General BRTA Portal Access Problem,Medium,Mixed,FALSE,,PARAPHRASED,DRIVING_LICENCE_ACCOUNT_ACCESS_PROBLEM_F04,Hard,FALSE,Controlled paraphrase 1 of reviewed independent seed; family preserved; automated validation complete.
DLX_0228,"login দেওয়ার পর page আবার শুরুতে আসে—কোন specific messageও নেই, একটু বুঝিয়ে বলবেন?",DRIVING_LICENCE,DRIVING_LICENCE_ONLINE_ACCOUNT,BRTA Service Portal Account,DRIVING_LICENCE_ACCOUNT_ACCESS_PROBLEM,General BRTA Portal Access Problem,Medium,Mixed,FALSE,,PARAPHRASED,DRIVING_LICENCE_ACCOUNT_ACCESS_PROBLEM_F04,Hard,FALSE,Controlled paraphrase 2 of reviewed independent seed; family preserved; automated validation complete.
DLX_0229,ড্রাইভিং লাইসেন্স সেবার সরকারি ফি কীভাবে জানব?,DRIVING_LICENCE,DRIVING_LICENCE_PAYMENT,Driving Licence Fees and Payment,DRIVING_LICENCE_FEE_INFORMATION,Driving Licence Fee Information,Low,Formal,FALSE,,SYNTHETIC,DRIVING_LICENCE_FEE_INFORMATION_F01,Easy,FALSE,Reviewed independent pilot seed retained for canonical expansion.
DLX_0230,আমার ক্ষেত্রে ড্রাইভিং লাইসেন্স সেবার সরকারি ফি কোন প্রক্রিয়ায় জানব?,DRIVING_LICENCE,DRIVING_LICENCE_PAYMENT,Driving Licence Fees and Payment,DRIVING_LICENCE_FEE_INFORMATION,Driving Licence Fee Information,Low,Formal,FALSE,,PARAPHRASED,DRIVING_LICENCE_FEE_INFORMATION_F01,Easy,FALSE,Controlled paraphrase 1 of reviewed independent seed; family preserved; automated validation complete.
DLX_0231,ড্রাইভিং লাইসেন্স সেবার সরকারি ফি কোন প্রক্রিয়ায় জানব; পরের ধাপটা কী?,DRIVING_LICENCE,DRIVING_LICENCE_PAYMENT,Driving Licence Fees and Payment,DRIVING_LICENCE_FEE_INFORMATION,Driving Licence Fee Information,Low,Formal,FALSE,,PARAPHRASED,DRIVING_LICENCE_FEE_INFORMATION_F01,Easy,FALSE,Controlled paraphrase 2 of reviewed independent seed; family preserved; automated validation complete.
DLX_0232,"learner বা renewal-এর fee কত, কোথায় check করব?",DRIVING_LICENCE,DRIVING_LICENCE_PAYMENT,Driving Licence Fees and Payment,DRIVING_LICENCE_FEE_INFORMATION,Driving Licence Fee Information,Low,Informal,FALSE,,SYNTHETIC,DRIVING_LICENCE_FEE_INFORMATION_F02,Medium,FALSE,Reviewed independent pilot seed retained for canonical expansion.
DLX_0233,"এটা নিয়ে সাহায্য দরকার: learner বা renewal-এর fee কত, কোথায় check করতে হবে?",DRIVING_LICENCE,DRIVING_LICENCE_PAYMENT,Driving Licence Fees and Payment,DRIVING_LICENCE_FEE_INFORMATION,Driving Licence Fee Information,Low,Informal,FALSE,,PARAPHRASED,DRIVING_LICENCE_FEE_INFORMATION_F02,Medium,FALSE,Controlled paraphrase 1 of reviewed independent seed; family preserved; automated validation complete.
DLX_0234,"learner বা renewal-এর fee কত, কোথায় check করতে হবে?",DRIVING_LICENCE,DRIVING_LICENCE_PAYMENT,Driving Licence Fees and Payment,DRIVING_LICENCE_FEE_INFORMATION,Driving Licence Fee Information,Low,Informal,FALSE,,PARAPHRASED,DRIVING_LICENCE_FEE_INFORMATION_F02,Medium,FALSE,Controlled paraphrase 2 of reviewed independent seed; family preserved; automated validation complete.
DLX_0235,driving licence fee calculator use korbo kivabe?,DRIVING_LICENCE,DRIVING_LICENCE_PAYMENT,Driving Licence Fees and Payment,DRIVING_LICENCE_FEE_INFORMATION,Driving Licence Fee Information,Low,Mixed,FALSE,,SYNTHETIC,DRIVING_LICENCE_FEE_INFORMATION_F03,Medium,FALSE,Reviewed independent pilot seed retained for canonical expansion.
DLX_0236,I am trying to understand this: driving licence fee calculator use korbo kon process e?,DRIVING_LICENCE,DRIVING_LICENCE_PAYMENT,Driving Licence Fees and Payment,DRIVING_LICENCE_FEE_INFORMATION,Driving Licence Fee Information,Low,Mixed,FALSE,,PARAPHRASED,DRIVING_LICENCE_FEE_INFORMATION_F03,Medium,FALSE,Controlled paraphrase 1 of reviewed independent seed; family preserved; automated validation complete.
DLX_0237,I need guidance on this: driving licence fee calculator use korbo kon process e?,DRIVING_LICENCE,DRIVING_LICENCE_PAYMENT,Driving Licence Fees and Payment,DRIVING_LICENCE_FEE_INFORMATION,Driving Licence Fee Information,Low,Mixed,FALSE,,PARAPHRASED,DRIVING_LICENCE_FEE_INFORMATION_F03,Medium,FALSE,Controlled paraphrase 2 of reviewed independent seed; family preserved; automated validation complete.
DLX_0238,যে licence service select করেছি তার current charge portal-এ কোথায় দেখাবে?,DRIVING_LICENCE,DRIVING_LICENCE_PAYMENT,Driving Licence Fees and Payment,DRIVING_LICENCE_FEE_INFORMATION,Driving Licence Fee Information,Low,Mixed,FALSE,,SYNTHETIC,DRIVING_LICENCE_FEE_INFORMATION_F04,Hard,FALSE,Reviewed independent pilot seed retained for canonical expansion.
DLX_0239,যে licence service select করেছি তার current charge portal-এ কোথায় দেখাবে—নিয়মটা জানাবেন?,DRIVING_LICENCE,DRIVING_LICENCE_PAYMENT,Driving Licence Fees and Payment,DRIVING_LICENCE_FEE_INFORMATION,Driving Licence Fee Information,Low,Mixed,FALSE,,PARAPHRASED,DRIVING_LICENCE_FEE_INFORMATION_F04,Hard,FALSE,Controlled paraphrase 1 of reviewed independent seed; family preserved; automated validation complete.
DLX_0240,"যে licence service select করেছি তার current charge portal-এ কোথায় দেখাবে, একটু বুঝিয়ে বলবেন?",DRIVING_LICENCE,DRIVING_LICENCE_PAYMENT,Driving Licence Fees and Payment,DRIVING_LICENCE_FEE_INFORMATION,Driving Licence Fee Information,Low,Mixed,FALSE,,PARAPHRASED,DRIVING_LICENCE_FEE_INFORMATION_F04,Hard,FALSE,Controlled paraphrase 2 of reviewed independent seed; family preserved; automated validation complete.
DLX_0241,ড্রাইভিং লাইসেন্সের ফি কীভাবে পরিশোধ করব?,DRIVING_LICENCE,DRIVING_LICENCE_PAYMENT,Driving Licence Fees and Payment,DRIVING_LICENCE_PAYMENT_METHOD,Driving Licence Payment Method,Low,Formal,FALSE,,SYNTHETIC,DRIVING_LICENCE_PAYMENT_METHOD_F01,Easy,FALSE,Reviewed independent pilot seed retained for canonical expansion.
DLX_0242,আমার ক্ষেত্রে ড্রাইভিং লাইসেন্সের ফি কোন প্রক্রিয়ায় পরিশোধ করব?,DRIVING_LICENCE,DRIVING_LICENCE_PAYMENT,Driving Licence Fees and Payment,DRIVING_LICENCE_PAYMENT_METHOD,Driving Licence Payment Method,Low,Formal,FALSE,,PARAPHRASED,DRIVING_LICENCE_PAYMENT_METHOD_F01,Easy,FALSE,Controlled paraphrase 1 of reviewed independent seed; family preserved; automated validation complete.
DLX_0243,ড্রাইভিং লাইসেন্সের ফি কোন প্রক্রিয়ায় পরিশোধ করব; পরের ধাপটা কী?,DRIVING_LICENCE,DRIVING_LICENCE_PAYMENT,Driving Licence Fees and Payment,DRIVING_LICENCE_PAYMENT_METHOD,Driving Licence Payment Method,Low,Formal,FALSE,,PARAPHRASED,DRIVING_LICENCE_PAYMENT_METHOD_F01,Easy,FALSE,Controlled paraphrase 2 of reviewed independent seed; family preserved; automated validation complete.
DLX_0244,BSP payment-এর available method কী?,DRIVING_LICENCE,DRIVING_LICENCE_PAYMENT,Driving Licence Fees and Payment,DRIVING_LICENCE_PAYMENT_METHOD,Driving Licence Payment Method,Low,Informal,FALSE,,SYNTHETIC,DRIVING_LICENCE_PAYMENT_METHOD_F02,Medium,FALSE,Reviewed independent pilot seed retained for canonical expansion.
DLX_0245,এটা নিয়ে সাহায্য দরকার: BSP payment-এর available method কী?,DRIVING_LICENCE,DRIVING_LICENCE_PAYMENT,Driving Licence Fees and Payment,DRIVING_LICENCE_PAYMENT_METHOD,Driving Licence Payment Method,Low,Informal,FALSE,,PARAPHRASED,DRIVING_LICENCE_PAYMENT_METHOD_F02,Medium,FALSE,Controlled paraphrase 1 of reviewed independent seed; family preserved; automated validation complete.
DLX_0246,এই বিষয়ে সহায়তা চাই: BSP payment-এর available method কী?,DRIVING_LICENCE,DRIVING_LICENCE_PAYMENT,Driving Licence Fees and Payment,DRIVING_LICENCE_PAYMENT_METHOD,Driving Licence Payment Method,Low,Informal,FALSE,,PARAPHRASED,DRIVING_LICENCE_PAYMENT_METHOD_F02,Medium,FALSE,Controlled paraphrase 2 of reviewed independent seed; family preserved; automated validation complete.
DLX_0247,driving licence fee online e pay korbo kivabe?,DRIVING_LICENCE,DRIVING_LICENCE_PAYMENT,Driving Licence Fees and Payment,DRIVING_LICENCE_PAYMENT_METHOD,Driving Licence Payment Method,Low,Mixed,FALSE,,SYNTHETIC,DRIVING_LICENCE_PAYMENT_METHOD_F03,Medium,FALSE,Reviewed independent pilot seed retained for canonical expansion.
DLX_0248,I am trying to understand this: driving licence fee online e pay korte hobe kivabe?,DRIVING_LICENCE,DRIVING_LICENCE_PAYMENT,Driving Licence Fees and Payment,DRIVING_LICENCE_PAYMENT_METHOD,Driving Licence Payment Method,Low,Mixed,FALSE,,PARAPHRASED,DRIVING_LICENCE_PAYMENT_METHOD_F03,Medium,FALSE,Controlled paraphrase 1 of reviewed independent seed; family preserved; automated validation complete.
DLX_0249,I need guidance on this: driving licence fee online e pay korbo kon process e?,DRIVING_LICENCE,DRIVING_LICENCE_PAYMENT,Driving Licence Fees and Payment,DRIVING_LICENCE_PAYMENT_METHOD,Driving Licence Payment Method,Low,Mixed,FALSE,,PARAPHRASED,DRIVING_LICENCE_PAYMENT_METHOD_F03,Medium,FALSE,Controlled paraphrase 2 of reviewed independent seed; family preserved; automated validation complete.
DLX_0250,"application তৈরি হয়েছে, এখন chargeটা কোন channel দিয়ে জমা দেব?",DRIVING_LICENCE,DRIVING_LICENCE_PAYMENT,Driving Licence Fees and Payment,DRIVING_LICENCE_PAYMENT_METHOD,Driving Licence Payment Method,Low,Mixed,FALSE,,SYNTHETIC,DRIVING_LICENCE_PAYMENT_METHOD_F04,Hard,FALSE,Reviewed independent pilot seed retained for canonical expansion.
DLX_0251,"application তৈরি হয়েছে, এখন chargeটা কোন channel দিয়ে জমা দেব—নিয়মটা জানাবেন?",DRIVING_LICENCE,DRIVING_LICENCE_PAYMENT,Driving Licence Fees and Payment,DRIVING_LICENCE_PAYMENT_METHOD,Driving Licence Payment Method,Low,Mixed,FALSE,,PARAPHRASED,DRIVING_LICENCE_PAYMENT_METHOD_F04,Hard,FALSE,Controlled paraphrase 1 of reviewed independent seed; family preserved; automated validation complete.
DLX_0252,"application তৈরি হয়েছে, এখন chargeটা কোন channel দিয়ে জমা দেব, একটু বুঝিয়ে বলবেন?",DRIVING_LICENCE,DRIVING_LICENCE_PAYMENT,Driving Licence Fees and Payment,DRIVING_LICENCE_PAYMENT_METHOD,Driving Licence Payment Method,Low,Mixed,FALSE,,PARAPHRASED,DRIVING_LICENCE_PAYMENT_METHOD_F04,Hard,FALSE,Controlled paraphrase 2 of reviewed independent seed; family preserved; automated validation complete.
DLX_0253,ড্রাইভিং লাইসেন্সের payment সফল হয়েছে কি না কীভাবে যাচাই করব?,DRIVING_LICENCE,DRIVING_LICENCE_PAYMENT,Driving Licence Fees and Payment,DRIVING_LICENCE_PAYMENT_VERIFICATION,Driving Licence Payment Verification,Low,Formal,FALSE,,SYNTHETIC,DRIVING_LICENCE_PAYMENT_VERIFICATION_F01,Easy,FALSE,Reviewed independent pilot seed retained for canonical expansion.
DLX_0254,আমার ক্ষেত্রে ড্রাইভিং লাইসেন্সের payment সফল হয়েছে কি না কোন প্রক্রিয়ায় যাচাই করব?,DRIVING_LICENCE,DRIVING_LICENCE_PAYMENT,Driving Licence Fees and Payment,DRIVING_LICENCE_PAYMENT_VERIFICATION,Driving Licence Payment Verification,Low,Formal,FALSE,,PARAPHRASED,DRIVING_LICENCE_PAYMENT_VERIFICATION_F01,Easy,FALSE,Controlled paraphrase 1 of reviewed independent seed; family preserved; automated validation complete.
DLX_0255,ড্রাইভিং লাইসেন্সের payment সফল হয়েছে কি না কোন প্রক্রিয়ায় যাচাই করব; পরের ধাপটা কী?,DRIVING_LICENCE,DRIVING_LICENCE_PAYMENT,Driving Licence Fees and Payment,DRIVING_LICENCE_PAYMENT_VERIFICATION,Driving Licence Payment Verification,Low,Formal,FALSE,,PARAPHRASED,DRIVING_LICENCE_PAYMENT_VERIFICATION_F01,Easy,FALSE,Controlled paraphrase 2 of reviewed independent seed; family preserved; automated validation complete.
DLX_0256,BSP-তে fee paid দেখাচ্ছে কিনা check করতে চাই।,DRIVING_LICENCE,DRIVING_LICENCE_PAYMENT,Driving Licence Fees and Payment,DRIVING_LICENCE_PAYMENT_VERIFICATION,Driving Licence Payment Verification,Low,Informal,FALSE,,SYNTHETIC,DRIVING_LICENCE_PAYMENT_VERIFICATION_F02,Medium,FALSE,Reviewed independent pilot seed retained for canonical expansion.
DLX_0257,এটা নিয়ে সাহায্য দরকার: BSP-তে fee paid দেখাচ্ছে কিনা check করতে প্রয়োজন?,DRIVING_LICENCE,DRIVING_LICENCE_PAYMENT,Driving Licence Fees and Payment,DRIVING_LICENCE_PAYMENT_VERIFICATION,Driving Licence Payment Verification,Low,Informal,FALSE,,PARAPHRASED,DRIVING_LICENCE_PAYMENT_VERIFICATION_F02,Medium,FALSE,Controlled paraphrase 1 of reviewed independent seed; family preserved; automated validation complete.
DLX_0258,BSP-তে fee paid দেখাচ্ছে কিনা check করতে প্রয়োজন?,DRIVING_LICENCE,DRIVING_LICENCE_PAYMENT,Driving Licence Fees and Payment,DRIVING_LICENCE_PAYMENT_VERIFICATION,Driving Licence Payment Verification,Low,Informal,FALSE,,PARAPHRASED,DRIVING_LICENCE_PAYMENT_VERIFICATION_F02,Medium,FALSE,Controlled paraphrase 2 of reviewed independent seed; family preserved; automated validation complete.
DLX_0259,licence payment verify korar option kothay?,DRIVING_LICENCE,DRIVING_LICENCE_PAYMENT,Driving Licence Fees and Payment,DRIVING_LICENCE_PAYMENT_VERIFICATION,Driving Licence Payment Verification,Low,Mixed,FALSE,,SYNTHETIC,DRIVING_LICENCE_PAYMENT_VERIFICATION_F03,Medium,FALSE,Reviewed independent pilot seed retained for canonical expansion.
DLX_0260,I am trying to understand this: licence payment verify korar option kon jaygay?,DRIVING_LICENCE,DRIVING_LICENCE_PAYMENT,Driving Licence Fees and Payment,DRIVING_LICENCE_PAYMENT_VERIFICATION,Driving Licence Payment Verification,Low,Mixed,FALSE,,PARAPHRASED,DRIVING_LICENCE_PAYMENT_VERIFICATION_F03,Medium,FALSE,Controlled paraphrase 1 of reviewed independent seed; family preserved; automated validation complete.
DLX_0261,I need guidance on this: licence payment verify korar option kon jaygay?,DRIVING_LICENCE,DRIVING_LICENCE_PAYMENT,Driving Licence Fees and Payment,DRIVING_LICENCE_PAYMENT_VERIFICATION,Driving Licence Payment Verification,Low,Mixed,FALSE,,PARAPHRASED,DRIVING_LICENCE_PAYMENT_VERIFICATION_F03,Medium,FALSE,Controlled paraphrase 2 of reviewed independent seed; family preserved; automated validation complete.
DLX_0262,transaction শেষ করেছি—application-এর সঙ্গে টাকা record হয়েছে কি না জানতে চাই।,DRIVING_LICENCE,DRIVING_LICENCE_PAYMENT,Driving Licence Fees and Payment,DRIVING_LICENCE_PAYMENT_VERIFICATION,Driving Licence Payment Verification,Low,Mixed,FALSE,,SYNTHETIC,DRIVING_LICENCE_PAYMENT_VERIFICATION_F04,Hard,FALSE,Reviewed independent pilot seed retained for canonical expansion.
DLX_0263,transaction শেষ করেছি—application-এর সঙ্গে টাকা record হয়েছে কি না জানতে প্রয়োজন—নিয়মটা জানাবেন?,DRIVING_LICENCE,DRIVING_LICENCE_PAYMENT,Driving Licence Fees and Payment,DRIVING_LICENCE_PAYMENT_VERIFICATION,Driving Licence Payment Verification,Low,Mixed,FALSE,,PARAPHRASED,DRIVING_LICENCE_PAYMENT_VERIFICATION_F04,Hard,FALSE,Controlled paraphrase 1 of reviewed independent seed; family preserved; automated validation complete.
DLX_0264,"transaction শেষ করেছি—application-এর সঙ্গে টাকা record হয়েছে কি না জানতে প্রয়োজন, একটু বুঝিয়ে বলবেন?",DRIVING_LICENCE,DRIVING_LICENCE_PAYMENT,Driving Licence Fees and Payment,DRIVING_LICENCE_PAYMENT_VERIFICATION,Driving Licence Payment Verification,Low,Mixed,FALSE,,PARAPHRASED,DRIVING_LICENCE_PAYMENT_VERIFICATION_F04,Hard,FALSE,Controlled paraphrase 2 of reviewed independent seed; family preserved; automated validation complete.
DLX_0265,ড্রাইভিং লাইসেন্সের ফি পরিশোধ ব্যর্থ হলে কী করব?,DRIVING_LICENCE,DRIVING_LICENCE_PAYMENT,Driving Licence Fees and Payment,DRIVING_LICENCE_PAYMENT_FAILURE,Driving Licence Payment Failure,Medium,Formal,FALSE,,SYNTHETIC,DRIVING_LICENCE_PAYMENT_FAILURE_F01,Easy,FALSE,Reviewed independent pilot seed retained for canonical expansion.
DLX_0266,আমার ক্ষেত্রে ড্রাইভিং লাইসেন্সের ফি পরিশোধ ব্যর্থ হলে কী করতে হবে?,DRIVING_LICENCE,DRIVING_LICENCE_PAYMENT,Driving Licence Fees and Payment,DRIVING_LICENCE_PAYMENT_FAILURE,Driving Licence Payment Failure,Medium,Formal,FALSE,,PARAPHRASED,DRIVING_LICENCE_PAYMENT_FAILURE_F01,Easy,FALSE,Controlled paraphrase 1 of reviewed independent seed; family preserved; automated validation complete.
DLX_0267,ড্রাইভিং লাইসেন্সের ফি পরিশোধ ব্যর্থ হলে কী করতে হবে; পরের ধাপটা কী?,DRIVING_LICENCE,DRIVING_LICENCE_PAYMENT,Driving Licence Fees and Payment,DRIVING_LICENCE_PAYMENT_FAILURE,Driving Licence Payment Failure,Medium,Formal,FALSE,,PARAPHRASED,DRIVING_LICENCE_PAYMENT_FAILURE_F01,Easy,FALSE,Controlled paraphrase 2 of reviewed independent seed; family preserved; automated validation complete.
DLX_0268,BSP payment বারবার fail করছে।,DRIVING_LICENCE,DRIVING_LICENCE_PAYMENT,Driving Licence Fees and Payment,DRIVING_LICENCE_PAYMENT_FAILURE,Driving Licence Payment Failure,Medium,Informal,FALSE,,SYNTHETIC,DRIVING_LICENCE_PAYMENT_FAILURE_F02,Medium,FALSE,Reviewed independent pilot seed retained for canonical expansion.
DLX_0269,এটা নিয়ে সাহায্য দরকার: BSP payment বারবার fail করছে?,DRIVING_LICENCE,DRIVING_LICENCE_PAYMENT,Driving Licence Fees and Payment,DRIVING_LICENCE_PAYMENT_FAILURE,Driving Licence Payment Failure,Medium,Informal,FALSE,,PARAPHRASED,DRIVING_LICENCE_PAYMENT_FAILURE_F02,Medium,FALSE,Controlled paraphrase 1 of reviewed independent seed; family preserved; automated validation complete.
DLX_0270,BSP payment বারবার fail করছে?,DRIVING_LICENCE,DRIVING_LICENCE_PAYMENT,Driving Licence Fees and Payment,DRIVING_LICENCE_PAYMENT_FAILURE,Driving Licence Payment Failure,Medium,Informal,FALSE,,PARAPHRASED,DRIVING_LICENCE_PAYMENT_FAILURE_F02,Medium,FALSE,Controlled paraphrase 2 of reviewed independent seed; family preserved; automated validation complete.
DLX_0271,licence fee transaction complete hocche na.,DRIVING_LICENCE,DRIVING_LICENCE_PAYMENT,Driving Licence Fees and Payment,DRIVING_LICENCE_PAYMENT_FAILURE,Driving Licence Payment Failure,Medium,Mixed,FALSE,,SYNTHETIC,DRIVING_LICENCE_PAYMENT_FAILURE_F03,Medium,FALSE,Reviewed independent pilot seed retained for canonical expansion.
DLX_0272,I am trying to understand this: licence fee transaction complete hocche na?,DRIVING_LICENCE,DRIVING_LICENCE_PAYMENT,Driving Licence Fees and Payment,DRIVING_LICENCE_PAYMENT_FAILURE,Driving Licence Payment Failure,Medium,Mixed,FALSE,,PARAPHRASED,DRIVING_LICENCE_PAYMENT_FAILURE_F03,Medium,FALSE,Controlled paraphrase 1 of reviewed independent seed; family preserved; automated validation complete.
DLX_0273,I need guidance on this: licence fee transaction complete hocche na?,DRIVING_LICENCE,DRIVING_LICENCE_PAYMENT,Driving Licence Fees and Payment,DRIVING_LICENCE_PAYMENT_FAILURE,Driving Licence Payment Failure,Medium,Mixed,FALSE,,PARAPHRASED,DRIVING_LICENCE_PAYMENT_FAILURE_F03,Medium,FALSE,Controlled paraphrase 2 of reviewed independent seed; family preserved; automated validation complete.
DLX_0274,pay button দেওয়ার পর error আসে এবং application এগোয় না।,DRIVING_LICENCE,DRIVING_LICENCE_PAYMENT,Driving Licence Fees and Payment,DRIVING_LICENCE_PAYMENT_FAILURE,Driving Licence Payment Failure,Medium,Mixed,FALSE,,SYNTHETIC,DRIVING_LICENCE_PAYMENT_FAILURE_F04,Hard,FALSE,Reviewed independent pilot seed retained for canonical expansion.
DLX_0275,pay button দেওয়ার পর error আসে এবং application এগোয় না—নিয়মটা জানাবেন?,DRIVING_LICENCE,DRIVING_LICENCE_PAYMENT,Driving Licence Fees and Payment,DRIVING_LICENCE_PAYMENT_FAILURE,Driving Licence Payment Failure,Medium,Mixed,FALSE,,PARAPHRASED,DRIVING_LICENCE_PAYMENT_FAILURE_F04,Hard,FALSE,Controlled paraphrase 1 of reviewed independent seed; family preserved; automated validation complete.
DLX_0276,"pay button দেওয়ার পর error আসে এবং application এগোয় না, একটু বুঝিয়ে বলবেন?",DRIVING_LICENCE,DRIVING_LICENCE_PAYMENT,Driving Licence Fees and Payment,DRIVING_LICENCE_PAYMENT_FAILURE,Driving Licence Payment Failure,Medium,Mixed,FALSE,,PARAPHRASED,DRIVING_LICENCE_PAYMENT_FAILURE_F04,Hard,FALSE,Controlled paraphrase 2 of reviewed independent seed; family preserved; automated validation complete.
DLX_0277,ড্রাইভিং লাইসেন্স আবেদনের বর্তমান অবস্থা কীভাবে দেখব?,DRIVING_LICENCE,DRIVING_LICENCE_STATUS_DELIVERY,"Licence Status, Issuance and Delivery",DRIVING_LICENCE_APPLICATION_STATUS,Driving Licence Application Status,Low,Formal,FALSE,,SYNTHETIC,DRIVING_LICENCE_APPLICATION_STATUS_F01,Easy,FALSE,Reviewed independent pilot seed retained for canonical expansion.
DLX_0278,আমার ক্ষেত্রে ড্রাইভিং লাইসেন্স আবেদনের বর্তমান অবস্থা কোন প্রক্রিয়ায় দেখব?,DRIVING_LICENCE,DRIVING_LICENCE_STATUS_DELIVERY,"Licence Status, Issuance and Delivery",DRIVING_LICENCE_APPLICATION_STATUS,Driving Licence Application Status,Low,Formal,FALSE,,PARAPHRASED,DRIVING_LICENCE_APPLICATION_STATUS_F01,Easy,FALSE,Controlled paraphrase 1 of reviewed independent seed; family preserved; automated validation complete.
DLX_0279,ড্রাইভিং লাইসেন্স আবেদনের বর্তমান অবস্থা কোন প্রক্রিয়ায় দেখব; পরের ধাপটা কী?,DRIVING_LICENCE,DRIVING_LICENCE_STATUS_DELIVERY,"Licence Status, Issuance and Delivery",DRIVING_LICENCE_APPLICATION_STATUS,Driving Licence Application Status,Low,Formal,FALSE,,PARAPHRASED,DRIVING_LICENCE_APPLICATION_STATUS_F01,Easy,FALSE,Controlled paraphrase 2 of reviewed independent seed; family preserved; automated validation complete.
DLX_0280,আমার licence application কোন stage-এ আছে?,DRIVING_LICENCE,DRIVING_LICENCE_STATUS_DELIVERY,"Licence Status, Issuance and Delivery",DRIVING_LICENCE_APPLICATION_STATUS,Driving Licence Application Status,Low,Informal,FALSE,,SYNTHETIC,DRIVING_LICENCE_APPLICATION_STATUS_F02,Medium,FALSE,Reviewed independent pilot seed retained for canonical expansion.
DLX_0281,এটা নিয়ে সাহায্য দরকার: আমার licence application কোন stage-এ আছে?,DRIVING_LICENCE,DRIVING_LICENCE_STATUS_DELIVERY,"Licence Status, Issuance and Delivery",DRIVING_LICENCE_APPLICATION_STATUS,Driving Licence Application Status,Low,Informal,FALSE,,PARAPHRASED,DRIVING_LICENCE_APPLICATION_STATUS_F02,Medium,FALSE,Controlled paraphrase 1 of reviewed independent seed; family preserved; automated validation complete.
DLX_0282,এই বিষয়ে সহায়তা চাই: আমার licence application কোন stage-এ আছে?,DRIVING_LICENCE,DRIVING_LICENCE_STATUS_DELIVERY,"Licence Status, Issuance and Delivery",DRIVING_LICENCE_APPLICATION_STATUS,Driving Licence Application Status,Low,Informal,FALSE,,PARAPHRASED,DRIVING_LICENCE_APPLICATION_STATUS_F02,Medium,FALSE,Controlled paraphrase 2 of reviewed independent seed; family preserved; automated validation complete.
DLX_0283,driving licence status check korbo kivabe?,DRIVING_LICENCE,DRIVING_LICENCE_STATUS_DELIVERY,"Licence Status, Issuance and Delivery",DRIVING_LICENCE_APPLICATION_STATUS,Driving Licence Application Status,Low,Mixed,FALSE,,SYNTHETIC,DRIVING_LICENCE_APPLICATION_STATUS_F03,Medium,FALSE,Reviewed independent pilot seed retained for canonical expansion.
DLX_0284,I am trying to understand this: driving licence status check korbo kon process e?,DRIVING_LICENCE,DRIVING_LICENCE_STATUS_DELIVERY,"Licence Status, Issuance and Delivery",DRIVING_LICENCE_APPLICATION_STATUS,Driving Licence Application Status,Low,Mixed,FALSE,,PARAPHRASED,DRIVING_LICENCE_APPLICATION_STATUS_F03,Medium,FALSE,Controlled paraphrase 1 of reviewed independent seed; family preserved; automated validation complete.
DLX_0285,I need guidance on this: driving licence status check korbo kon process e?,DRIVING_LICENCE,DRIVING_LICENCE_STATUS_DELIVERY,"Licence Status, Issuance and Delivery",DRIVING_LICENCE_APPLICATION_STATUS,Driving Licence Application Status,Low,Mixed,FALSE,,PARAPHRASED,DRIVING_LICENCE_APPLICATION_STATUS_F03,Medium,FALSE,Controlled paraphrase 2 of reviewed independent seed; family preserved; automated validation complete.
DLX_0286,payment আর submission শেষ—BRTA processing update কোথায় পাওয়া যাবে?,DRIVING_LICENCE,DRIVING_LICENCE_STATUS_DELIVERY,"Licence Status, Issuance and Delivery",DRIVING_LICENCE_APPLICATION_STATUS,Driving Licence Application Status,Low,Mixed,FALSE,,SYNTHETIC,DRIVING_LICENCE_APPLICATION_STATUS_F04,Hard,FALSE,Reviewed independent pilot seed retained for canonical expansion.
DLX_0287,payment আর submission শেষ—BRTA processing update কোথায় পাওয়া যাবে—নিয়মটা জানাবেন?,DRIVING_LICENCE,DRIVING_LICENCE_STATUS_DELIVERY,"Licence Status, Issuance and Delivery",DRIVING_LICENCE_APPLICATION_STATUS,Driving Licence Application Status,Low,Mixed,FALSE,,PARAPHRASED,DRIVING_LICENCE_APPLICATION_STATUS_F04,Hard,FALSE,Controlled paraphrase 1 of reviewed independent seed; family preserved; automated validation complete.
DLX_0288,"payment আর submission শেষ—BRTA processing update কোথায় পাওয়া যাবে, একটু বুঝিয়ে বলবেন?",DRIVING_LICENCE,DRIVING_LICENCE_STATUS_DELIVERY,"Licence Status, Issuance and Delivery",DRIVING_LICENCE_APPLICATION_STATUS,Driving Licence Application Status,Low,Mixed,FALSE,,PARAPHRASED,DRIVING_LICENCE_APPLICATION_STATUS_F04,Hard,FALSE,Controlled paraphrase 2 of reviewed independent seed; family preserved; automated validation complete.
DLX_0289,ড্রাইভিং লাইসেন্স আবেদন দীর্ঘদিন pending থাকলে কী করব?,DRIVING_LICENCE,DRIVING_LICENCE_STATUS_DELIVERY,"Licence Status, Issuance and Delivery",DRIVING_LICENCE_APPLICATION_DELAY,Driving Licence Application Delay,Medium,Formal,FALSE,,SYNTHETIC,DRIVING_LICENCE_APPLICATION_DELAY_F01,Easy,FALSE,Reviewed independent pilot seed retained for canonical expansion.
DLX_0290,আমার ক্ষেত্রে ড্রাইভিং লাইসেন্স আবেদন দীর্ঘদিন pending থাকলে কী করতে হবে?,DRIVING_LICENCE,DRIVING_LICENCE_STATUS_DELIVERY,"Licence Status, Issuance and Delivery",DRIVING_LICENCE_APPLICATION_DELAY,Driving Licence Application Delay,Medium,Formal,FALSE,,PARAPHRASED,DRIVING_LICENCE_APPLICATION_DELAY_F01,Easy,FALSE,Controlled paraphrase 1 of reviewed independent seed; family preserved; automated validation complete.
DLX_0291,ড্রাইভিং লাইসেন্স আবেদন দীর্ঘদিন pending থাকলে কী করতে হবে; পরের ধাপটা কী?,DRIVING_LICENCE,DRIVING_LICENCE_STATUS_DELIVERY,"Licence Status, Issuance and Delivery",DRIVING_LICENCE_APPLICATION_DELAY,Driving Licence Application Delay,Medium,Formal,FALSE,,PARAPHRASED,DRIVING_LICENCE_APPLICATION_DELAY_F01,Easy,FALSE,Controlled paraphrase 2 of reviewed independent seed; family preserved; automated validation complete.
DLX_0292,"অনেক সময় হয়ে গেছে, licence-এর update আসছে না।",DRIVING_LICENCE,DRIVING_LICENCE_STATUS_DELIVERY,"Licence Status, Issuance and Delivery",DRIVING_LICENCE_APPLICATION_DELAY,Driving Licence Application Delay,Medium,Informal,FALSE,,SYNTHETIC,DRIVING_LICENCE_APPLICATION_DELAY_F02,Medium,FALSE,Reviewed independent pilot seed retained for canonical expansion.
DLX_0293,"এটা নিয়ে সাহায্য দরকার: অনেক সময় হয়ে গেছে, licence-এর update আসছে না?",DRIVING_LICENCE,DRIVING_LICENCE_STATUS_DELIVERY,"Licence Status, Issuance and Delivery",DRIVING_LICENCE_APPLICATION_DELAY,Driving Licence Application Delay,Medium,Informal,FALSE,,PARAPHRASED,DRIVING_LICENCE_APPLICATION_DELAY_F02,Medium,FALSE,Controlled paraphrase 1 of reviewed independent seed; family preserved; automated validation complete.
DLX_0294,"অনেক সময় হয়ে গেছে, licence-এর update আসছে না?",DRIVING_LICENCE,DRIVING_LICENCE_STATUS_DELIVERY,"Licence Status, Issuance and Delivery",DRIVING_LICENCE_APPLICATION_DELAY,Driving Licence Application Delay,Medium,Informal,FALSE,,PARAPHRASED,DRIVING_LICENCE_APPLICATION_DELAY_F02,Medium,FALSE,Controlled paraphrase 2 of reviewed independent seed; family preserved; automated validation complete.
DLX_0295,amar driving licence application atke ache.,DRIVING_LICENCE,DRIVING_LICENCE_STATUS_DELIVERY,"Licence Status, Issuance and Delivery",DRIVING_LICENCE_APPLICATION_DELAY,Driving Licence Application Delay,Medium,Mixed,FALSE,,SYNTHETIC,DRIVING_LICENCE_APPLICATION_DELAY_F03,Medium,FALSE,Reviewed independent pilot seed retained for canonical expansion.
DLX_0296,I am trying to understand this: amar driving licence application atke ache?,DRIVING_LICENCE,DRIVING_LICENCE_STATUS_DELIVERY,"Licence Status, Issuance and Delivery",DRIVING_LICENCE_APPLICATION_DELAY,Driving Licence Application Delay,Medium,Mixed,FALSE,,PARAPHRASED,DRIVING_LICENCE_APPLICATION_DELAY_F03,Medium,FALSE,Controlled paraphrase 1 of reviewed independent seed; family preserved; automated validation complete.
DLX_0297,I need guidance on this: amar driving licence application atke ache?,DRIVING_LICENCE,DRIVING_LICENCE_STATUS_DELIVERY,"Licence Status, Issuance and Delivery",DRIVING_LICENCE_APPLICATION_DELAY,Driving Licence Application Delay,Medium,Mixed,FALSE,,PARAPHRASED,DRIVING_LICENCE_APPLICATION_DELAY_F03,Medium,FALSE,Controlled paraphrase 2 of reviewed independent seed; family preserved; automated validation complete.
DLX_0298,status বহুদিন একই জায়গায় আছে—follow-up কোথায় করব?,DRIVING_LICENCE,DRIVING_LICENCE_STATUS_DELIVERY,"Licence Status, Issuance and Delivery",DRIVING_LICENCE_APPLICATION_DELAY,Driving Licence Application Delay,Medium,Mixed,FALSE,,SYNTHETIC,DRIVING_LICENCE_APPLICATION_DELAY_F04,Hard,FALSE,Reviewed independent pilot seed retained for canonical expansion.
DLX_0299,status বহুদিন একই জায়গায় আছে—follow-up কোথায় করতে হবে—নিয়মটা জানাবেন?,DRIVING_LICENCE,DRIVING_LICENCE_STATUS_DELIVERY,"Licence Status, Issuance and Delivery",DRIVING_LICENCE_APPLICATION_DELAY,Driving Licence Application Delay,Medium,Mixed,FALSE,,PARAPHRASED,DRIVING_LICENCE_APPLICATION_DELAY_F04,Hard,FALSE,Controlled paraphrase 1 of reviewed independent seed; family preserved; automated validation complete.
DLX_0300,"status বহুদিন একই জায়গায় আছে—follow-up কোথায় করতে হবে, একটু বুঝিয়ে বলবেন?",DRIVING_LICENCE,DRIVING_LICENCE_STATUS_DELIVERY,"Licence Status, Issuance and Delivery",DRIVING_LICENCE_APPLICATION_DELAY,Driving Licence Application Delay,Medium,Mixed,FALSE,,PARAPHRASED,DRIVING_LICENCE_APPLICATION_DELAY_F04,Hard,FALSE,Controlled paraphrase 2 of reviewed independent seed; family preserved; automated validation complete.
DLX_0301,ড্রাইভিং লাইসেন্স সংগ্রহের জন্য প্রস্তুত হয়েছে কি না কীভাবে জানব?,DRIVING_LICENCE,DRIVING_LICENCE_STATUS_DELIVERY,"Licence Status, Issuance and Delivery",DRIVING_LICENCE_READY,Driving Licence Ready for Collection,Low,Formal,FALSE,,SYNTHETIC,DRIVING_LICENCE_READY_F01,Easy,FALSE,Reviewed independent pilot seed retained for canonical expansion.
DLX_0302,আমার ক্ষেত্রে ড্রাইভিং লাইসেন্স সংগ্রহের জন্য প্রস্তুত হয়েছে কি না কোন প্রক্রিয়ায় জানব?,DRIVING_LICENCE,DRIVING_LICENCE_STATUS_DELIVERY,"Licence Status, Issuance and Delivery",DRIVING_LICENCE_READY,Driving Licence Ready for Collection,Low,Formal,FALSE,,PARAPHRASED,DRIVING_LICENCE_READY_F01,Easy,FALSE,Controlled paraphrase 1 of reviewed independent seed; family preserved; automated validation complete.
DLX_0303,ড্রাইভিং লাইসেন্স সংগ্রহের জন্য প্রস্তুত হয়েছে কি না কোন প্রক্রিয়ায় জানব; পরের ধাপটা কী?,DRIVING_LICENCE,DRIVING_LICENCE_STATUS_DELIVERY,"Licence Status, Issuance and Delivery",DRIVING_LICENCE_READY,Driving Licence Ready for Collection,Low,Formal,FALSE,,PARAPHRASED,DRIVING_LICENCE_READY_F01,Easy,FALSE,Controlled paraphrase 2 of reviewed independent seed; family preserved; automated validation complete.
DLX_0304,smart card ready হয়েছে কিনা কোথায় check করব?,DRIVING_LICENCE,DRIVING_LICENCE_STATUS_DELIVERY,"Licence Status, Issuance and Delivery",DRIVING_LICENCE_READY,Driving Licence Ready for Collection,Low,Informal,FALSE,,SYNTHETIC,DRIVING_LICENCE_READY_F02,Medium,FALSE,Reviewed independent pilot seed retained for canonical expansion.
DLX_0305,এটা নিয়ে সাহায্য দরকার: smart card ready হয়েছে কিনা কোথায় check করতে হবে?,DRIVING_LICENCE,DRIVING_LICENCE_STATUS_DELIVERY,"Licence Status, Issuance and Delivery",DRIVING_LICENCE_READY,Driving Licence Ready for Collection,Low,Informal,FALSE,,PARAPHRASED,DRIVING_LICENCE_READY_F02,Medium,FALSE,Controlled paraphrase 1 of reviewed independent seed; family preserved; automated validation complete.
DLX_0306,smart card ready হয়েছে কিনা কোথায় check করতে হবে?,DRIVING_LICENCE,DRIVING_LICENCE_STATUS_DELIVERY,"Licence Status, Issuance and Delivery",DRIVING_LICENCE_READY,Driving Licence Ready for Collection,Low,Informal,FALSE,,PARAPHRASED,DRIVING_LICENCE_READY_F02,Medium,FALSE,Controlled paraphrase 2 of reviewed independent seed; family preserved; automated validation complete.
DLX_0307,licence collect korar jonno ready kina janbo kivabe?,DRIVING_LICENCE,DRIVING_LICENCE_STATUS_DELIVERY,"Licence Status, Issuance and Delivery",DRIVING_LICENCE_READY,Driving Licence Ready for Collection,Low,Mixed,FALSE,,SYNTHETIC,DRIVING_LICENCE_READY_F03,Medium,FALSE,Reviewed independent pilot seed retained for canonical expansion.
DLX_0308,I am trying to understand this: licence collect korar jonno ready kina janbo kon process e?,DRIVING_LICENCE,DRIVING_LICENCE_STATUS_DELIVERY,"Licence Status, Issuance and Delivery",DRIVING_LICENCE_READY,Driving Licence Ready for Collection,Low,Mixed,FALSE,,PARAPHRASED,DRIVING_LICENCE_READY_F03,Medium,FALSE,Controlled paraphrase 1 of reviewed independent seed; family preserved; automated validation complete.
DLX_0309,I need guidance on this: licence collect korar jonno ready kina janbo kon process e?,DRIVING_LICENCE,DRIVING_LICENCE_STATUS_DELIVERY,"Licence Status, Issuance and Delivery",DRIVING_LICENCE_READY,Driving Licence Ready for Collection,Low,Mixed,FALSE,,PARAPHRASED,DRIVING_LICENCE_READY_F03,Medium,FALSE,Controlled paraphrase 2 of reviewed independent seed; family preserved; automated validation complete.
DLX_0310,application complete দেখাচ্ছে—physical card produced হয়েছে কি না জানতে চাই।,DRIVING_LICENCE,DRIVING_LICENCE_STATUS_DELIVERY,"Licence Status, Issuance and Delivery",DRIVING_LICENCE_READY,Driving Licence Ready for Collection,Low,Mixed,FALSE,,SYNTHETIC,DRIVING_LICENCE_READY_F04,Hard,FALSE,Reviewed independent pilot seed retained for canonical expansion.
DLX_0311,application complete দেখাচ্ছে—physical card produced হয়েছে কি না জানতে প্রয়োজন—নিয়মটা জানাবেন?,DRIVING_LICENCE,DRIVING_LICENCE_STATUS_DELIVERY,"Licence Status, Issuance and Delivery",DRIVING_LICENCE_READY,Driving Licence Ready for Collection,Low,Mixed,FALSE,,PARAPHRASED,DRIVING_LICENCE_READY_F04,Hard,FALSE,Controlled paraphrase 1 of reviewed independent seed; family preserved; automated validation complete.
DLX_0312,"application complete দেখাচ্ছে—physical card produced হয়েছে কি না জানতে প্রয়োজন, একটু বুঝিয়ে বলবেন?",DRIVING_LICENCE,DRIVING_LICENCE_STATUS_DELIVERY,"Licence Status, Issuance and Delivery",DRIVING_LICENCE_READY,Driving Licence Ready for Collection,Low,Mixed,FALSE,,PARAPHRASED,DRIVING_LICENCE_READY_F04,Hard,FALSE,Controlled paraphrase 2 of reviewed independent seed; family preserved; automated validation complete.
DLX_0313,প্রস্তুত ড্রাইভিং লাইসেন্স কীভাবে সংগ্রহ করব?,DRIVING_LICENCE,DRIVING_LICENCE_STATUS_DELIVERY,"Licence Status, Issuance and Delivery",DRIVING_LICENCE_COLLECTION_DELIVERY,Driving Licence Collection or Delivery,Low,Formal,FALSE,,SYNTHETIC,DRIVING_LICENCE_COLLECTION_DELIVERY_F01,Easy,FALSE,Reviewed independent pilot seed retained for canonical expansion.
DLX_0314,আমার ক্ষেত্রে প্রস্তুত ড্রাইভিং লাইসেন্স কোন প্রক্রিয়ায় সংগ্রহ করব?,DRIVING_LICENCE,DRIVING_LICENCE_STATUS_DELIVERY,"Licence Status, Issuance and Delivery",DRIVING_LICENCE_COLLECTION_DELIVERY,Driving Licence Collection or Delivery,Low,Formal,FALSE,,PARAPHRASED,DRIVING_LICENCE_COLLECTION_DELIVERY_F01,Easy,FALSE,Controlled paraphrase 1 of reviewed independent seed; family preserved; automated validation complete.
DLX_0315,প্রস্তুত ড্রাইভিং লাইসেন্স কীভাবে সংগ্রহ করতে হবে; পরের ধাপটা কী?,DRIVING_LICENCE,DRIVING_LICENCE_STATUS_DELIVERY,"Licence Status, Issuance and Delivery",DRIVING_LICENCE_COLLECTION_DELIVERY,Driving Licence Collection or Delivery,Low,Formal,FALSE,,PARAPHRASED,DRIVING_LICENCE_COLLECTION_DELIVERY_F01,Easy,FALSE,Controlled paraphrase 2 of reviewed independent seed; family preserved; automated validation complete.
DLX_0316,"smart card ready, এখন কোথা থেকে নেব?",DRIVING_LICENCE,DRIVING_LICENCE_STATUS_DELIVERY,"Licence Status, Issuance and Delivery",DRIVING_LICENCE_COLLECTION_DELIVERY,Driving Licence Collection or Delivery,Low,Informal,FALSE,,SYNTHETIC,DRIVING_LICENCE_COLLECTION_DELIVERY_F02,Medium,FALSE,Reviewed independent pilot seed retained for canonical expansion.
DLX_0317,"এটা নিয়ে সাহায্য দরকার: smart card ready, এখন কোথা থেকে নেব?",DRIVING_LICENCE,DRIVING_LICENCE_STATUS_DELIVERY,"Licence Status, Issuance and Delivery",DRIVING_LICENCE_COLLECTION_DELIVERY,Driving Licence Collection or Delivery,Low,Informal,FALSE,,PARAPHRASED,DRIVING_LICENCE_COLLECTION_DELIVERY_F02,Medium,FALSE,Controlled paraphrase 1 of reviewed independent seed; family preserved; automated validation complete.
DLX_0318,"এই বিষয়ে সহায়তা চাই: smart card ready, এখন কোথা থেকে নেব?",DRIVING_LICENCE,DRIVING_LICENCE_STATUS_DELIVERY,"Licence Status, Issuance and Delivery",DRIVING_LICENCE_COLLECTION_DELIVERY,Driving Licence Collection or Delivery,Low,Informal,FALSE,,PARAPHRASED,DRIVING_LICENCE_COLLECTION_DELIVERY_F02,Medium,FALSE,Controlled paraphrase 2 of reviewed independent seed; family preserved; automated validation complete.
DLX_0319,driving licence collection process ta ki?,DRIVING_LICENCE,DRIVING_LICENCE_STATUS_DELIVERY,"Licence Status, Issuance and Delivery",DRIVING_LICENCE_COLLECTION_DELIVERY,Driving Licence Collection or Delivery,Low,Mixed,FALSE,,SYNTHETIC,DRIVING_LICENCE_COLLECTION_DELIVERY_F03,Medium,FALSE,Reviewed independent pilot seed retained for canonical expansion.
DLX_0320,I am trying to understand this: driving licence collection process ta ki?,DRIVING_LICENCE,DRIVING_LICENCE_STATUS_DELIVERY,"Licence Status, Issuance and Delivery",DRIVING_LICENCE_COLLECTION_DELIVERY,Driving Licence Collection or Delivery,Low,Mixed,FALSE,,PARAPHRASED,DRIVING_LICENCE_COLLECTION_DELIVERY_F03,Medium,FALSE,Controlled paraphrase 1 of reviewed independent seed; family preserved; automated validation complete.
DLX_0321,I need guidance on this: driving licence collection process ta ki?,DRIVING_LICENCE,DRIVING_LICENCE_STATUS_DELIVERY,"Licence Status, Issuance and Delivery",DRIVING_LICENCE_COLLECTION_DELIVERY,Driving Licence Collection or Delivery,Low,Mixed,FALSE,,PARAPHRASED,DRIVING_LICENCE_COLLECTION_DELIVERY_F03,Medium,FALSE,Controlled paraphrase 2 of reviewed independent seed; family preserved; automated validation complete.
DLX_0322,card issue হয়েছে—delivery বা pickup-এর next step জানতে চাই।,DRIVING_LICENCE,DRIVING_LICENCE_STATUS_DELIVERY,"Licence Status, Issuance and Delivery",DRIVING_LICENCE_COLLECTION_DELIVERY,Driving Licence Collection or Delivery,Low,Mixed,FALSE,,SYNTHETIC,DRIVING_LICENCE_COLLECTION_DELIVERY_F04,Hard,FALSE,Reviewed independent pilot seed retained for canonical expansion.
DLX_0323,card issue হয়েছে—delivery বা pickup-এর next step জানতে প্রয়োজন—নিয়মটা জানাবেন?,DRIVING_LICENCE,DRIVING_LICENCE_STATUS_DELIVERY,"Licence Status, Issuance and Delivery",DRIVING_LICENCE_COLLECTION_DELIVERY,Driving Licence Collection or Delivery,Low,Mixed,FALSE,,PARAPHRASED,DRIVING_LICENCE_COLLECTION_DELIVERY_F04,Hard,FALSE,Controlled paraphrase 1 of reviewed independent seed; family preserved; automated validation complete.
DLX_0324,"card issue হয়েছে—delivery বা pickup-এর next step জানতে প্রয়োজন, একটু বুঝিয়ে বলবেন?",DRIVING_LICENCE,DRIVING_LICENCE_STATUS_DELIVERY,"Licence Status, Issuance and Delivery",DRIVING_LICENCE_COLLECTION_DELIVERY,Driving Licence Collection or Delivery,Low,Mixed,FALSE,,PARAPHRASED,DRIVING_LICENCE_COLLECTION_DELIVERY_F04,Hard,FALSE,Controlled paraphrase 2 of reviewed independent seed; family preserved; automated validation complete.
DLX_0325,বিদ্যমান ড্রাইভিং লাইসেন্স কীভাবে অনলাইনে যাচাই করব?,DRIVING_LICENCE,DRIVING_LICENCE_STATUS_DELIVERY,"Licence Status, Issuance and Delivery",DRIVING_LICENCE_VERIFICATION,Driving Licence Verification,Low,Formal,FALSE,,SYNTHETIC,DRIVING_LICENCE_VERIFICATION_F01,Easy,FALSE,Reviewed independent pilot seed retained for canonical expansion.
DLX_0326,আমার ক্ষেত্রে বিদ্যমান ড্রাইভিং লাইসেন্স কীভাবে অনলাইনে যাপ্রয়োজন করব?,DRIVING_LICENCE,DRIVING_LICENCE_STATUS_DELIVERY,"Licence Status, Issuance and Delivery",DRIVING_LICENCE_VERIFICATION,Driving Licence Verification,Low,Formal,FALSE,,PARAPHRASED,DRIVING_LICENCE_VERIFICATION_F01,Easy,FALSE,Controlled paraphrase 1 of reviewed independent seed; family preserved; automated validation complete.
DLX_0327,বিদ্যমান ড্রাইভিং লাইসেন্স কোন প্রক্রিয়ায় অনলাইনে যাচাই করব; পরের ধাপটা কী?,DRIVING_LICENCE,DRIVING_LICENCE_STATUS_DELIVERY,"Licence Status, Issuance and Delivery",DRIVING_LICENCE_VERIFICATION,Driving Licence Verification,Low,Formal,FALSE,,PARAPHRASED,DRIVING_LICENCE_VERIFICATION_F01,Easy,FALSE,Controlled paraphrase 2 of reviewed independent seed; family preserved; automated validation complete.
DLX_0328,e-license record verify করার option কোথায়?,DRIVING_LICENCE,DRIVING_LICENCE_STATUS_DELIVERY,"Licence Status, Issuance and Delivery",DRIVING_LICENCE_VERIFICATION,Driving Licence Verification,Low,Informal,FALSE,,SYNTHETIC,DRIVING_LICENCE_VERIFICATION_F02,Medium,FALSE,Reviewed independent pilot seed retained for canonical expansion.
DLX_0329,এটা নিয়ে সাহায্য দরকার: e-license record verify করার option কোথায়?,DRIVING_LICENCE,DRIVING_LICENCE_STATUS_DELIVERY,"Licence Status, Issuance and Delivery",DRIVING_LICENCE_VERIFICATION,Driving Licence Verification,Low,Informal,FALSE,,PARAPHRASED,DRIVING_LICENCE_VERIFICATION_F02,Medium,FALSE,Controlled paraphrase 1 of reviewed independent seed; family preserved; automated validation complete.
DLX_0330,এই বিষয়ে সহায়তা চাই: e-license record verify করার option কোথায়?,DRIVING_LICENCE,DRIVING_LICENCE_STATUS_DELIVERY,"Licence Status, Issuance and Delivery",DRIVING_LICENCE_VERIFICATION,Driving Licence Verification,Low,Informal,FALSE,,PARAPHRASED,DRIVING_LICENCE_VERIFICATION_F02,Medium,FALSE,Controlled paraphrase 2 of reviewed independent seed; family preserved; automated validation complete.
DLX_0331,driving licence verification korbo kivabe?,DRIVING_LICENCE,DRIVING_LICENCE_STATUS_DELIVERY,"Licence Status, Issuance and Delivery",DRIVING_LICENCE_VERIFICATION,Driving Licence Verification,Low,Mixed,FALSE,,SYNTHETIC,DRIVING_LICENCE_VERIFICATION_F03,Medium,FALSE,Reviewed independent pilot seed retained for canonical expansion.
DLX_0332,I am trying to understand this: driving licence verification korbo kon process e?,DRIVING_LICENCE,DRIVING_LICENCE_STATUS_DELIVERY,"Licence Status, Issuance and Delivery",DRIVING_LICENCE_VERIFICATION,Driving Licence Verification,Low,Mixed,FALSE,,PARAPHRASED,DRIVING_LICENCE_VERIFICATION_F03,Medium,FALSE,Controlled paraphrase 1 of reviewed independent seed; family preserved; automated validation complete.
DLX_0333,I need guidance on this: driving licence verification korte hobe kivabe?,DRIVING_LICENCE,DRIVING_LICENCE_STATUS_DELIVERY,"Licence Status, Issuance and Delivery",DRIVING_LICENCE_VERIFICATION,Driving Licence Verification,Low,Mixed,FALSE,,PARAPHRASED,DRIVING_LICENCE_VERIFICATION_F03,Medium,FALSE,Controlled paraphrase 2 of reviewed independent seed; family preserved; automated validation complete.
DLX_0334,লাইসেন্স নম্বর দিয়ে official record আছে কি না check করার service জানতে চাই।,DRIVING_LICENCE,DRIVING_LICENCE_STATUS_DELIVERY,"Licence Status, Issuance and Delivery",DRIVING_LICENCE_VERIFICATION,Driving Licence Verification,Low,Mixed,FALSE,,SYNTHETIC,DRIVING_LICENCE_VERIFICATION_F04,Hard,FALSE,Reviewed independent pilot seed retained for canonical expansion.
DLX_0335,লাইসেন্স নম্বর দিয়ে official record আছে কি না check করার service জানতে প্রয়োজন—নিয়মটা জানাবেন?,DRIVING_LICENCE,DRIVING_LICENCE_STATUS_DELIVERY,"Licence Status, Issuance and Delivery",DRIVING_LICENCE_VERIFICATION,Driving Licence Verification,Low,Mixed,FALSE,,PARAPHRASED,DRIVING_LICENCE_VERIFICATION_F04,Hard,FALSE,Controlled paraphrase 1 of reviewed independent seed; family preserved; automated validation complete.
DLX_0336,"লাইসেন্স নম্বর দিয়ে official record আছে কি না check করার service জানতে প্রয়োজন, একটু বুঝিয়ে বলবেন?",DRIVING_LICENCE,DRIVING_LICENCE_STATUS_DELIVERY,"Licence Status, Issuance and Delivery",DRIVING_LICENCE_VERIFICATION,Driving Licence Verification,Low,Mixed,FALSE,,PARAPHRASED,DRIVING_LICENCE_VERIFICATION_F04,Hard,FALSE,Controlled paraphrase 2 of reviewed independent seed; family preserved; automated validation complete.
DLX_0337,ড্রাইভিং লাইসেন্স নবায়নের প্রক্রিয়াটি কী?,DRIVING_LICENCE,DRIVING_LICENCE_RENEWAL,Driving Licence Renewal,DRIVING_LICENCE_RENEWAL_PROCESS,Driving Licence Renewal Process,Low,Formal,FALSE,,SYNTHETIC,DRIVING_LICENCE_RENEWAL_PROCESS_F01,Easy,FALSE,Reviewed independent pilot seed retained for canonical expansion.
DLX_0338,আমার ক্ষেত্রে ড্রাইভিং লাইসেন্স নবায়নের প্রক্রিয়াটি কী?,DRIVING_LICENCE,DRIVING_LICENCE_RENEWAL,Driving Licence Renewal,DRIVING_LICENCE_RENEWAL_PROCESS,Driving Licence Renewal Process,Low,Formal,FALSE,,PARAPHRASED,DRIVING_LICENCE_RENEWAL_PROCESS_F01,Easy,FALSE,Controlled paraphrase 1 of reviewed independent seed; family preserved; automated validation complete.
DLX_0339,ড্রাইভিং লাইসেন্স নবায়নের প্রক্রিয়াটি কী; পরের ধাপটা কী?,DRIVING_LICENCE,DRIVING_LICENCE_RENEWAL,Driving Licence Renewal,DRIVING_LICENCE_RENEWAL_PROCESS,Driving Licence Renewal Process,Low,Formal,FALSE,,PARAPHRASED,DRIVING_LICENCE_RENEWAL_PROCESS_F01,Easy,FALSE,Controlled paraphrase 2 of reviewed independent seed; family preserved; automated validation complete.
DLX_0340,"licence renew করতে চাই, কীভাবে apply করব?",DRIVING_LICENCE,DRIVING_LICENCE_RENEWAL,Driving Licence Renewal,DRIVING_LICENCE_RENEWAL_PROCESS,Driving Licence Renewal Process,Low,Informal,FALSE,,SYNTHETIC,DRIVING_LICENCE_RENEWAL_PROCESS_F02,Medium,FALSE,Reviewed independent pilot seed retained for canonical expansion.
DLX_0341,"এটা নিয়ে সাহায্য দরকার: licence renew করতে চাই, কোন প্রক্রিয়ায় apply করব?",DRIVING_LICENCE,DRIVING_LICENCE_RENEWAL,Driving Licence Renewal,DRIVING_LICENCE_RENEWAL_PROCESS,Driving Licence Renewal Process,Low,Informal,FALSE,,PARAPHRASED,DRIVING_LICENCE_RENEWAL_PROCESS_F02,Medium,FALSE,Controlled paraphrase 1 of reviewed independent seed; family preserved; automated validation complete.
DLX_0342,"licence renew করতে চাই, কোন প্রক্রিয়ায় apply করব?",DRIVING_LICENCE,DRIVING_LICENCE_RENEWAL,Driving Licence Renewal,DRIVING_LICENCE_RENEWAL_PROCESS,Driving Licence Renewal Process,Low,Informal,FALSE,,PARAPHRASED,DRIVING_LICENCE_RENEWAL_PROCESS_F02,Medium,FALSE,Controlled paraphrase 2 of reviewed independent seed; family preserved; automated validation complete.
DLX_0343,driving licence renewal process ta ki?,DRIVING_LICENCE,DRIVING_LICENCE_RENEWAL,Driving Licence Renewal,DRIVING_LICENCE_RENEWAL_PROCESS,Driving Licence Renewal Process,Low,Mixed,FALSE,,SYNTHETIC,DRIVING_LICENCE_RENEWAL_PROCESS_F03,Medium,FALSE,Reviewed independent pilot seed retained for canonical expansion.
DLX_0344,I am trying to understand this: driving licence renewal process ta ki?,DRIVING_LICENCE,DRIVING_LICENCE_RENEWAL,Driving Licence Renewal,DRIVING_LICENCE_RENEWAL_PROCESS,Driving Licence Renewal Process,Low,Mixed,FALSE,,PARAPHRASED,DRIVING_LICENCE_RENEWAL_PROCESS_F03,Medium,FALSE,Controlled paraphrase 1 of reviewed independent seed; family preserved; automated validation complete.
DLX_0345,I need guidance on this: driving licence renewal process ta ki?,DRIVING_LICENCE,DRIVING_LICENCE_RENEWAL,Driving Licence Renewal,DRIVING_LICENCE_RENEWAL_PROCESS,Driving Licence Renewal Process,Low,Mixed,FALSE,,PARAPHRASED,DRIVING_LICENCE_RENEWAL_PROCESS_F03,Medium,FALSE,Controlled paraphrase 2 of reviewed independent seed; family preserved; automated validation complete.
DLX_0346,বর্তমান licence-এর মেয়াদ বাড়াতে BSP-তে কোন service select করব?,DRIVING_LICENCE,DRIVING_LICENCE_RENEWAL,Driving Licence Renewal,DRIVING_LICENCE_RENEWAL_PROCESS,Driving Licence Renewal Process,Low,Mixed,FALSE,,SYNTHETIC,DRIVING_LICENCE_RENEWAL_PROCESS_F04,Hard,FALSE,Reviewed independent pilot seed retained for canonical expansion.
DLX_0347,বর্তমান licence-এর মেয়াদ বাড়াতে BSP-তে কোন service select করতে হবে—নিয়মটা জানাবেন?,DRIVING_LICENCE,DRIVING_LICENCE_RENEWAL,Driving Licence Renewal,DRIVING_LICENCE_RENEWAL_PROCESS,Driving Licence Renewal Process,Low,Mixed,FALSE,,PARAPHRASED,DRIVING_LICENCE_RENEWAL_PROCESS_F04,Hard,FALSE,Controlled paraphrase 1 of reviewed independent seed; family preserved; automated validation complete.
DLX_0348,"বর্তমান licence-এর মেয়াদ বাড়াতে BSP-তে কোন service select করতে হবে, একটু বুঝিয়ে বলবেন?",DRIVING_LICENCE,DRIVING_LICENCE_RENEWAL,Driving Licence Renewal,DRIVING_LICENCE_RENEWAL_PROCESS,Driving Licence Renewal Process,Low,Mixed,FALSE,,PARAPHRASED,DRIVING_LICENCE_RENEWAL_PROCESS_F04,Hard,FALSE,Controlled paraphrase 2 of reviewed independent seed; family preserved; automated validation complete.
DLX_0349,ড্রাইভিং লাইসেন্স নবায়নে কী কী কাগজপত্র লাগে?,DRIVING_LICENCE,DRIVING_LICENCE_RENEWAL,Driving Licence Renewal,DRIVING_LICENCE_RENEWAL_DOCUMENTS,Driving Licence Renewal Documents,Low,Formal,FALSE,,SYNTHETIC,DRIVING_LICENCE_RENEWAL_DOCUMENTS_F01,Easy,FALSE,Reviewed independent pilot seed retained for canonical expansion.
DLX_0350,আমার ক্ষেত্রে ড্রাইভিং লাইসেন্স নবায়নে কোন কোন কাগজপত্র লাগে?,DRIVING_LICENCE,DRIVING_LICENCE_RENEWAL,Driving Licence Renewal,DRIVING_LICENCE_RENEWAL_DOCUMENTS,Driving Licence Renewal Documents,Low,Formal,FALSE,,PARAPHRASED,DRIVING_LICENCE_RENEWAL_DOCUMENTS_F01,Easy,FALSE,Controlled paraphrase 1 of reviewed independent seed; family preserved; automated validation complete.
DLX_0351,ড্রাইভিং লাইসেন্স নবায়নে কোন কোন কাগজপত্র লাগে; পরের ধাপটা কী?,DRIVING_LICENCE,DRIVING_LICENCE_RENEWAL,Driving Licence Renewal,DRIVING_LICENCE_RENEWAL_DOCUMENTS,Driving Licence Renewal Documents,Low,Formal,FALSE,,PARAPHRASED,DRIVING_LICENCE_RENEWAL_DOCUMENTS_F01,Easy,FALSE,Controlled paraphrase 2 of reviewed independent seed; family preserved; automated validation complete.
DLX_0352,renewal application-এ old licence copy দিতে হবে?,DRIVING_LICENCE,DRIVING_LICENCE_RENEWAL,Driving Licence Renewal,DRIVING_LICENCE_RENEWAL_DOCUMENTS,Driving Licence Renewal Documents,Low,Informal,FALSE,,SYNTHETIC,DRIVING_LICENCE_RENEWAL_DOCUMENTS_F02,Medium,FALSE,Reviewed independent pilot seed retained for canonical expansion.
DLX_0353,এটা নিয়ে সাহায্য দরকার: renewal application-এ old licence copy দিতে হবে?,DRIVING_LICENCE,DRIVING_LICENCE_RENEWAL,Driving Licence Renewal,DRIVING_LICENCE_RENEWAL_DOCUMENTS,Driving Licence Renewal Documents,Low,Informal,FALSE,,PARAPHRASED,DRIVING_LICENCE_RENEWAL_DOCUMENTS_F02,Medium,FALSE,Controlled paraphrase 1 of reviewed independent seed; family preserved; automated validation complete.
DLX_0354,এই বিষয়ে সহায়তা চাই: renewal application-এ old licence copy দিতে হবে?,DRIVING_LICENCE,DRIVING_LICENCE_RENEWAL,Driving Licence Renewal,DRIVING_LICENCE_RENEWAL_DOCUMENTS,Driving Licence Renewal Documents,Low,Informal,FALSE,,PARAPHRASED,DRIVING_LICENCE_RENEWAL_DOCUMENTS_F02,Medium,FALSE,Controlled paraphrase 2 of reviewed independent seed; family preserved; automated validation complete.
DLX_0355,licence renew er required documents ki ki?,DRIVING_LICENCE,DRIVING_LICENCE_RENEWAL,Driving Licence Renewal,DRIVING_LICENCE_RENEWAL_DOCUMENTS,Driving Licence Renewal Documents,Low,Mixed,FALSE,,SYNTHETIC,DRIVING_LICENCE_RENEWAL_DOCUMENTS_F03,Medium,FALSE,Reviewed independent pilot seed retained for canonical expansion.
DLX_0356,I am trying to understand this: licence renew er required documents kon kon jinis?,DRIVING_LICENCE,DRIVING_LICENCE_RENEWAL,Driving Licence Renewal,DRIVING_LICENCE_RENEWAL_DOCUMENTS,Driving Licence Renewal Documents,Low,Mixed,FALSE,,PARAPHRASED,DRIVING_LICENCE_RENEWAL_DOCUMENTS_F03,Medium,FALSE,Controlled paraphrase 1 of reviewed independent seed; family preserved; automated validation complete.
DLX_0357,I need guidance on this: licence renew er required documents kon kon jinis?,DRIVING_LICENCE,DRIVING_LICENCE_RENEWAL,Driving Licence Renewal,DRIVING_LICENCE_RENEWAL_DOCUMENTS,Driving Licence Renewal Documents,Low,Mixed,FALSE,,PARAPHRASED,DRIVING_LICENCE_RENEWAL_DOCUMENTS_F03,Medium,FALSE,Controlled paraphrase 2 of reviewed independent seed; family preserved; automated validation complete.
DLX_0358,মেয়াদ বাড়ানোর form জমা দেওয়ার আগে কোন supporting papers ready রাখব?,DRIVING_LICENCE,DRIVING_LICENCE_RENEWAL,Driving Licence Renewal,DRIVING_LICENCE_RENEWAL_DOCUMENTS,Driving Licence Renewal Documents,Low,Mixed,FALSE,,SYNTHETIC,DRIVING_LICENCE_RENEWAL_DOCUMENTS_F04,Hard,FALSE,Reviewed independent pilot seed retained for canonical expansion.
DLX_0359,মেয়াদ বাড়ানোর form জমা দেওয়ার আগে কোন supporting papers ready রাখব—নিয়মটা জানাবেন?,DRIVING_LICENCE,DRIVING_LICENCE_RENEWAL,Driving Licence Renewal,DRIVING_LICENCE_RENEWAL_DOCUMENTS,Driving Licence Renewal Documents,Low,Mixed,FALSE,,PARAPHRASED,DRIVING_LICENCE_RENEWAL_DOCUMENTS_F04,Hard,FALSE,Controlled paraphrase 1 of reviewed independent seed; family preserved; automated validation complete.
DLX_0360,"মেয়াদ বাড়ানোর form জমা দেওয়ার আগে কোন supporting papers ready রাখব, একটু বুঝিয়ে বলবেন?",DRIVING_LICENCE,DRIVING_LICENCE_RENEWAL,Driving Licence Renewal,DRIVING_LICENCE_RENEWAL_DOCUMENTS,Driving Licence Renewal Documents,Low,Mixed,FALSE,,PARAPHRASED,DRIVING_LICENCE_RENEWAL_DOCUMENTS_F04,Hard,FALSE,Controlled paraphrase 2 of reviewed independent seed; family preserved; automated validation complete.
DLX_0361,মেয়াদ শেষ হওয়া ড্রাইভিং লাইসেন্স কীভাবে নবায়ন করব?,DRIVING_LICENCE,DRIVING_LICENCE_RENEWAL,Driving Licence Renewal,DRIVING_LICENCE_EXPIRED_RENEWAL,Expired Driving Licence Renewal,Medium,Formal,FALSE,,SYNTHETIC,DRIVING_LICENCE_EXPIRED_RENEWAL_F01,Easy,FALSE,Reviewed independent pilot seed retained for canonical expansion.
DLX_0362,আমার ক্ষেত্রে মেয়াদ শেষ হওয়া ড্রাইভিং লাইসেন্স কীভাবে নবায়ন করতে হবে?,DRIVING_LICENCE,DRIVING_LICENCE_RENEWAL,Driving Licence Renewal,DRIVING_LICENCE_EXPIRED_RENEWAL,Expired Driving Licence Renewal,Medium,Formal,FALSE,,PARAPHRASED,DRIVING_LICENCE_EXPIRED_RENEWAL_F01,Easy,FALSE,Controlled paraphrase 1 of reviewed independent seed; family preserved; automated validation complete.
DLX_0363,মেয়াদ শেষ হওয়া ড্রাইভিং লাইসেন্স কীভাবে নবায়ন করতে হবে; পরের ধাপটা কী?,DRIVING_LICENCE,DRIVING_LICENCE_RENEWAL,Driving Licence Renewal,DRIVING_LICENCE_EXPIRED_RENEWAL,Expired Driving Licence Renewal,Medium,Formal,FALSE,,PARAPHRASED,DRIVING_LICENCE_EXPIRED_RENEWAL_F01,Easy,FALSE,Controlled paraphrase 2 of reviewed independent seed; family preserved; automated validation complete.
DLX_0364,"licence already expired, এখন renewal কীভাবে হবে?",DRIVING_LICENCE,DRIVING_LICENCE_RENEWAL,Driving Licence Renewal,DRIVING_LICENCE_EXPIRED_RENEWAL,Expired Driving Licence Renewal,Medium,Informal,FALSE,,SYNTHETIC,DRIVING_LICENCE_EXPIRED_RENEWAL_F02,Medium,FALSE,Reviewed independent pilot seed retained for canonical expansion.
DLX_0365,"এটা নিয়ে সাহায্য দরকার: licence already expired, এখন renewal কোন প্রক্রিয়ায় হবে?",DRIVING_LICENCE,DRIVING_LICENCE_RENEWAL,Driving Licence Renewal,DRIVING_LICENCE_EXPIRED_RENEWAL,Expired Driving Licence Renewal,Medium,Informal,FALSE,,PARAPHRASED,DRIVING_LICENCE_EXPIRED_RENEWAL_F02,Medium,FALSE,Controlled paraphrase 1 of reviewed independent seed; family preserved; automated validation complete.
DLX_0366,"licence already expired, এখন renewal কোন প্রক্রিয়ায় হবে?",DRIVING_LICENCE,DRIVING_LICENCE_RENEWAL,Driving Licence Renewal,DRIVING_LICENCE_EXPIRED_RENEWAL,Expired Driving Licence Renewal,Medium,Informal,FALSE,,PARAPHRASED,DRIVING_LICENCE_EXPIRED_RENEWAL_F02,Medium,FALSE,Controlled paraphrase 2 of reviewed independent seed; family preserved; automated validation complete.
DLX_0367,expired driving licence renew korbo kivabe?,DRIVING_LICENCE,DRIVING_LICENCE_RENEWAL,Driving Licence Renewal,DRIVING_LICENCE_EXPIRED_RENEWAL,Expired Driving Licence Renewal,Medium,Mixed,FALSE,,SYNTHETIC,DRIVING_LICENCE_EXPIRED_RENEWAL_F03,Medium,FALSE,Reviewed independent pilot seed retained for canonical expansion.
DLX_0368,I am trying to understand this: expired driving licence renew korbo kon process e?,DRIVING_LICENCE,DRIVING_LICENCE_RENEWAL,Driving Licence Renewal,DRIVING_LICENCE_EXPIRED_RENEWAL,Expired Driving Licence Renewal,Medium,Mixed,FALSE,,PARAPHRASED,DRIVING_LICENCE_EXPIRED_RENEWAL_F03,Medium,FALSE,Controlled paraphrase 1 of reviewed independent seed; family preserved; automated validation complete.
DLX_0369,I need guidance on this: expired driving licence renew korbo kon process e?,DRIVING_LICENCE,DRIVING_LICENCE_RENEWAL,Driving Licence Renewal,DRIVING_LICENCE_EXPIRED_RENEWAL,Expired Driving Licence Renewal,Medium,Mixed,FALSE,,PARAPHRASED,DRIVING_LICENCE_EXPIRED_RENEWAL_F03,Medium,FALSE,Controlled paraphrase 2 of reviewed independent seed; family preserved; automated validation complete.
DLX_0370,অনেক আগে validity শেষ হয়েছে—existing licence-এর renewal route জানতে চাই।,DRIVING_LICENCE,DRIVING_LICENCE_RENEWAL,Driving Licence Renewal,DRIVING_LICENCE_EXPIRED_RENEWAL,Expired Driving Licence Renewal,Medium,Mixed,FALSE,,SYNTHETIC,DRIVING_LICENCE_EXPIRED_RENEWAL_F04,Hard,FALSE,Reviewed independent pilot seed retained for canonical expansion.
DLX_0371,অনেক আগে validity শেষ হয়েছে—existing licence-এর renewal route জানতে প্রয়োজন—নিয়মটা জানাবেন?,DRIVING_LICENCE,DRIVING_LICENCE_RENEWAL,Driving Licence Renewal,DRIVING_LICENCE_EXPIRED_RENEWAL,Expired Driving Licence Renewal,Medium,Mixed,FALSE,,PARAPHRASED,DRIVING_LICENCE_EXPIRED_RENEWAL_F04,Hard,FALSE,Controlled paraphrase 1 of reviewed independent seed; family preserved; automated validation complete.
DLX_0372,"অনেক আগে validity শেষ হয়েছে—existing licence-এর renewal route জানতে প্রয়োজন, একটু বুঝিয়ে বলবেন?",DRIVING_LICENCE,DRIVING_LICENCE_RENEWAL,Driving Licence Renewal,DRIVING_LICENCE_EXPIRED_RENEWAL,Expired Driving Licence Renewal,Medium,Mixed,FALSE,,PARAPHRASED,DRIVING_LICENCE_EXPIRED_RENEWAL_F04,Hard,FALSE,Controlled paraphrase 2 of reviewed independent seed; family preserved; automated validation complete.
DLX_0373,ডুপ্লিকেট ড্রাইভিং লাইসেন্সের আবেদন কীভাবে করব?,DRIVING_LICENCE,DRIVING_LICENCE_REPLACEMENT,Duplicate or Replacement Driving Licence,DRIVING_LICENCE_DUPLICATE_PROCESS,Duplicate Driving Licence Process,Low,Formal,FALSE,,SYNTHETIC,DRIVING_LICENCE_DUPLICATE_PROCESS_F01,Easy,FALSE,Reviewed independent pilot seed retained for canonical expansion.
DLX_0374,আমার ক্ষেত্রে ডুপ্লিকেট ড্রাইভিং লাইসেন্সের আবেদন কোন প্রক্রিয়ায় করব?,DRIVING_LICENCE,DRIVING_LICENCE_REPLACEMENT,Duplicate or Replacement Driving Licence,DRIVING_LICENCE_DUPLICATE_PROCESS,Duplicate Driving Licence Process,Low,Formal,FALSE,,PARAPHRASED,DRIVING_LICENCE_DUPLICATE_PROCESS_F01,Easy,FALSE,Controlled paraphrase 1 of reviewed independent seed; family preserved; automated validation complete.
DLX_0375,ডুপ্লিকেট ড্রাইভিং লাইসেন্সের আবেদন কোন প্রক্রিয়ায় করব; পরের ধাপটা কী?,DRIVING_LICENCE,DRIVING_LICENCE_REPLACEMENT,Duplicate or Replacement Driving Licence,DRIVING_LICENCE_DUPLICATE_PROCESS,Duplicate Driving Licence Process,Low,Formal,FALSE,,PARAPHRASED,DRIVING_LICENCE_DUPLICATE_PROCESS_F01,Easy,FALSE,Controlled paraphrase 2 of reviewed independent seed; family preserved; automated validation complete.
DLX_0376,replacement licence করতে কী process?,DRIVING_LICENCE,DRIVING_LICENCE_REPLACEMENT,Duplicate or Replacement Driving Licence,DRIVING_LICENCE_DUPLICATE_PROCESS,Duplicate Driving Licence Process,Low,Informal,FALSE,,SYNTHETIC,DRIVING_LICENCE_DUPLICATE_PROCESS_F02,Medium,FALSE,Reviewed independent pilot seed retained for canonical expansion.
DLX_0377,এটা নিয়ে সাহায্য দরকার: replacement licence করতে কী process?,DRIVING_LICENCE,DRIVING_LICENCE_REPLACEMENT,Duplicate or Replacement Driving Licence,DRIVING_LICENCE_DUPLICATE_PROCESS,Duplicate Driving Licence Process,Low,Informal,FALSE,,PARAPHRASED,DRIVING_LICENCE_DUPLICATE_PROCESS_F02,Medium,FALSE,Controlled paraphrase 1 of reviewed independent seed; family preserved; automated validation complete.
DLX_0378,এই বিষয়ে সহায়তা চাই: replacement licence করতে কী process?,DRIVING_LICENCE,DRIVING_LICENCE_REPLACEMENT,Duplicate or Replacement Driving Licence,DRIVING_LICENCE_DUPLICATE_PROCESS,Duplicate Driving Licence Process,Low,Informal,FALSE,,PARAPHRASED,DRIVING_LICENCE_DUPLICATE_PROCESS_F02,Medium,FALSE,Controlled paraphrase 2 of reviewed independent seed; family preserved; automated validation complete.
DLX_0379,duplicate driving licence application ta ki?,DRIVING_LICENCE,DRIVING_LICENCE_REPLACEMENT,Duplicate or Replacement Driving Licence,DRIVING_LICENCE_DUPLICATE_PROCESS,Duplicate Driving Licence Process,Low,Mixed,FALSE,,SYNTHETIC,DRIVING_LICENCE_DUPLICATE_PROCESS_F03,Medium,FALSE,Reviewed independent pilot seed retained for canonical expansion.
DLX_0380,I am trying to understand this: duplicate driving licence application ta ki?,DRIVING_LICENCE,DRIVING_LICENCE_REPLACEMENT,Duplicate or Replacement Driving Licence,DRIVING_LICENCE_DUPLICATE_PROCESS,Duplicate Driving Licence Process,Low,Mixed,FALSE,,PARAPHRASED,DRIVING_LICENCE_DUPLICATE_PROCESS_F03,Medium,FALSE,Controlled paraphrase 1 of reviewed independent seed; family preserved; automated validation complete.
DLX_0381,I need guidance on this: duplicate driving licence application ta ki?,DRIVING_LICENCE,DRIVING_LICENCE_REPLACEMENT,Duplicate or Replacement Driving Licence,DRIVING_LICENCE_DUPLICATE_PROCESS,Duplicate Driving Licence Process,Low,Mixed,FALSE,,PARAPHRASED,DRIVING_LICENCE_DUPLICATE_PROCESS_F03,Medium,FALSE,Controlled paraphrase 2 of reviewed independent seed; family preserved; automated validation complete.
DLX_0382,existing licence-এর আরেকটি official copy নিতে কোন BRTA service ব্যবহার করব?,DRIVING_LICENCE,DRIVING_LICENCE_REPLACEMENT,Duplicate or Replacement Driving Licence,DRIVING_LICENCE_DUPLICATE_PROCESS,Duplicate Driving Licence Process,Low,Mixed,FALSE,,SYNTHETIC,DRIVING_LICENCE_DUPLICATE_PROCESS_F04,Hard,FALSE,Reviewed independent pilot seed retained for canonical expansion.
DLX_0383,existing licence-এর আরেকটি official copy নিতে কোন BRTA service ব্যবহার করতে হবে—নিয়মটা জানাবেন?,DRIVING_LICENCE,DRIVING_LICENCE_REPLACEMENT,Duplicate or Replacement Driving Licence,DRIVING_LICENCE_DUPLICATE_PROCESS,Duplicate Driving Licence Process,Low,Mixed,FALSE,,PARAPHRASED,DRIVING_LICENCE_DUPLICATE_PROCESS_F04,Hard,FALSE,Controlled paraphrase 1 of reviewed independent seed; family preserved; automated validation complete.
DLX_0384,"existing licence-এর আরেকটি official copy নিতে কোন BRTA service ব্যবহার করতে হবে, একটু বুঝিয়ে বলবেন?",DRIVING_LICENCE,DRIVING_LICENCE_REPLACEMENT,Duplicate or Replacement Driving Licence,DRIVING_LICENCE_DUPLICATE_PROCESS,Duplicate Driving Licence Process,Low,Mixed,FALSE,,PARAPHRASED,DRIVING_LICENCE_DUPLICATE_PROCESS_F04,Hard,FALSE,Controlled paraphrase 2 of reviewed independent seed; family preserved; automated validation complete.
DLX_0385,ড্রাইভিং লাইসেন্স হারিয়ে গেলে replacement কীভাবে পাব?,DRIVING_LICENCE,DRIVING_LICENCE_REPLACEMENT,Duplicate or Replacement Driving Licence,DRIVING_LICENCE_LOST_REPLACEMENT,Lost Driving Licence Replacement,Medium,Formal,FALSE,,SYNTHETIC,DRIVING_LICENCE_LOST_REPLACEMENT_F01,Easy,FALSE,Reviewed independent pilot seed retained for canonical expansion.
DLX_0386,আমার ক্ষেত্রে ড্রাইভিং লাইসেন্স হারিয়ে গেলে replacement কোন প্রক্রিয়ায় পাব?,DRIVING_LICENCE,DRIVING_LICENCE_REPLACEMENT,Duplicate or Replacement Driving Licence,DRIVING_LICENCE_LOST_REPLACEMENT,Lost Driving Licence Replacement,Medium,Formal,FALSE,,PARAPHRASED,DRIVING_LICENCE_LOST_REPLACEMENT_F01,Easy,FALSE,Controlled paraphrase 1 of reviewed independent seed; family preserved; automated validation complete.
DLX_0387,ড্রাইভিং লাইসেন্স হারিয়ে গেলে replacement কোন প্রক্রিয়ায় পাব; পরের ধাপটা কী?,DRIVING_LICENCE,DRIVING_LICENCE_REPLACEMENT,Duplicate or Replacement Driving Licence,DRIVING_LICENCE_LOST_REPLACEMENT,Lost Driving Licence Replacement,Medium,Formal,FALSE,,PARAPHRASED,DRIVING_LICENCE_LOST_REPLACEMENT_F01,Easy,FALSE,Controlled paraphrase 2 of reviewed independent seed; family preserved; automated validation complete.
DLX_0388,"licence হারিয়ে গেছে, duplicate করতে চাই।",DRIVING_LICENCE,DRIVING_LICENCE_REPLACEMENT,Duplicate or Replacement Driving Licence,DRIVING_LICENCE_LOST_REPLACEMENT,Lost Driving Licence Replacement,Medium,Informal,FALSE,,SYNTHETIC,DRIVING_LICENCE_LOST_REPLACEMENT_F02,Medium,FALSE,Reviewed independent pilot seed retained for canonical expansion.
DLX_0389,"এটা নিয়ে সাহায্য দরকার: licence হারিয়ে গেছে, duplicate করতে প্রয়োজন?",DRIVING_LICENCE,DRIVING_LICENCE_REPLACEMENT,Duplicate or Replacement Driving Licence,DRIVING_LICENCE_LOST_REPLACEMENT,Lost Driving Licence Replacement,Medium,Informal,FALSE,,PARAPHRASED,DRIVING_LICENCE_LOST_REPLACEMENT_F02,Medium,FALSE,Controlled paraphrase 1 of reviewed independent seed; family preserved; automated validation complete.
DLX_0390,"licence হারিয়ে গেছে, duplicate করতে প্রয়োজন?",DRIVING_LICENCE,DRIVING_LICENCE_REPLACEMENT,Duplicate or Replacement Driving Licence,DRIVING_LICENCE_LOST_REPLACEMENT,Lost Driving Licence Replacement,Medium,Informal,FALSE,,PARAPHRASED,DRIVING_LICENCE_LOST_REPLACEMENT_F02,Medium,FALSE,Controlled paraphrase 2 of reviewed independent seed; family preserved; automated validation complete.
DLX_0391,lost driving licence reissue korbo kivabe?,DRIVING_LICENCE,DRIVING_LICENCE_REPLACEMENT,Duplicate or Replacement Driving Licence,DRIVING_LICENCE_LOST_REPLACEMENT,Lost Driving Licence Replacement,Medium,Mixed,FALSE,,SYNTHETIC,DRIVING_LICENCE_LOST_REPLACEMENT_F03,Medium,FALSE,Reviewed independent pilot seed retained for canonical expansion.
DLX_0392,I am trying to understand this: lost driving licence reissue korbo kon process e?,DRIVING_LICENCE,DRIVING_LICENCE_REPLACEMENT,Duplicate or Replacement Driving Licence,DRIVING_LICENCE_LOST_REPLACEMENT,Lost Driving Licence Replacement,Medium,Mixed,FALSE,,PARAPHRASED,DRIVING_LICENCE_LOST_REPLACEMENT_F03,Medium,FALSE,Controlled paraphrase 1 of reviewed independent seed; family preserved; automated validation complete.
DLX_0393,I need guidance on this: lost driving licence reissue korbo kon process e?,DRIVING_LICENCE,DRIVING_LICENCE_REPLACEMENT,Duplicate or Replacement Driving Licence,DRIVING_LICENCE_LOST_REPLACEMENT,Lost Driving Licence Replacement,Medium,Mixed,FALSE,,PARAPHRASED,DRIVING_LICENCE_LOST_REPLACEMENT_F03,Medium,FALSE,Controlled paraphrase 2 of reviewed independent seed; family preserved; automated validation complete.
DLX_0394,smart cardটা পথে হারিয়েছে—নতুন copy পাওয়ার application কোনটি?,DRIVING_LICENCE,DRIVING_LICENCE_REPLACEMENT,Duplicate or Replacement Driving Licence,DRIVING_LICENCE_LOST_REPLACEMENT,Lost Driving Licence Replacement,Medium,Mixed,FALSE,,SYNTHETIC,DRIVING_LICENCE_LOST_REPLACEMENT_F04,Hard,FALSE,Reviewed independent pilot seed retained for canonical expansion.
DLX_0395,smart cardটা পথে হারিয়েছে—নতুন copy পাওয়ার application কোনটি—নিয়মটা জানাবেন?,DRIVING_LICENCE,DRIVING_LICENCE_REPLACEMENT,Duplicate or Replacement Driving Licence,DRIVING_LICENCE_LOST_REPLACEMENT,Lost Driving Licence Replacement,Medium,Mixed,FALSE,,PARAPHRASED,DRIVING_LICENCE_LOST_REPLACEMENT_F04,Hard,FALSE,Controlled paraphrase 1 of reviewed independent seed; family preserved; automated validation complete.
DLX_0396,"smart cardটা পথে হারিয়েছে—নতুন copy পাওয়ার application কোনটি, একটু বুঝিয়ে বলবেন?",DRIVING_LICENCE,DRIVING_LICENCE_REPLACEMENT,Duplicate or Replacement Driving Licence,DRIVING_LICENCE_LOST_REPLACEMENT,Lost Driving Licence Replacement,Medium,Mixed,FALSE,,PARAPHRASED,DRIVING_LICENCE_LOST_REPLACEMENT_F04,Hard,FALSE,Controlled paraphrase 2 of reviewed independent seed; family preserved; automated validation complete.
DLX_0397,নষ্ট ড্রাইভিং লাইসেন্সের replacement কীভাবে করব?,DRIVING_LICENCE,DRIVING_LICENCE_REPLACEMENT,Duplicate or Replacement Driving Licence,DRIVING_LICENCE_DAMAGED_REPLACEMENT,Damaged Driving Licence Replacement,Medium,Formal,FALSE,,SYNTHETIC,DRIVING_LICENCE_DAMAGED_REPLACEMENT_F01,Easy,FALSE,Reviewed independent pilot seed retained for canonical expansion.
DLX_0398,আমার ক্ষেত্রে নষ্ট ড্রাইভিং লাইসেন্সের replacement কোন প্রক্রিয়ায় করব?,DRIVING_LICENCE,DRIVING_LICENCE_REPLACEMENT,Duplicate or Replacement Driving Licence,DRIVING_LICENCE_DAMAGED_REPLACEMENT,Damaged Driving Licence Replacement,Medium,Formal,FALSE,,PARAPHRASED,DRIVING_LICENCE_DAMAGED_REPLACEMENT_F01,Easy,FALSE,Controlled paraphrase 1 of reviewed independent seed; family preserved; automated validation complete.
DLX_0399,নষ্ট ড্রাইভিং লাইসেন্সের replacement কোন প্রক্রিয়ায় করব; পরের ধাপটা কী?,DRIVING_LICENCE,DRIVING_LICENCE_REPLACEMENT,Duplicate or Replacement Driving Licence,DRIVING_LICENCE_DAMAGED_REPLACEMENT,Damaged Driving Licence Replacement,Medium,Formal,FALSE,,PARAPHRASED,DRIVING_LICENCE_DAMAGED_REPLACEMENT_F01,Easy,FALSE,Controlled paraphrase 2 of reviewed independent seed; family preserved; automated validation complete.
DLX_0400,"licence card ভেঙে গেছে, duplicate লাগবে।",DRIVING_LICENCE,DRIVING_LICENCE_REPLACEMENT,Duplicate or Replacement Driving Licence,DRIVING_LICENCE_DAMAGED_REPLACEMENT,Damaged Driving Licence Replacement,Medium,Informal,FALSE,,SYNTHETIC,DRIVING_LICENCE_DAMAGED_REPLACEMENT_F02,Medium,FALSE,Reviewed independent pilot seed retained for canonical expansion.
DLX_0401,"এটা নিয়ে সাহায্য দরকার: licence card ভেঙে গেছে, duplicate দরকার হবে?",DRIVING_LICENCE,DRIVING_LICENCE_REPLACEMENT,Duplicate or Replacement Driving Licence,DRIVING_LICENCE_DAMAGED_REPLACEMENT,Damaged Driving Licence Replacement,Medium,Informal,FALSE,,PARAPHRASED,DRIVING_LICENCE_DAMAGED_REPLACEMENT_F02,Medium,FALSE,Controlled paraphrase 1 of reviewed independent seed; family preserved; automated validation complete.
DLX_0402,"licence card ভেঙে গেছে, duplicate দরকার হবে?",DRIVING_LICENCE,DRIVING_LICENCE_REPLACEMENT,Duplicate or Replacement Driving Licence,DRIVING_LICENCE_DAMAGED_REPLACEMENT,Damaged Driving Licence Replacement,Medium,Informal,FALSE,,PARAPHRASED,DRIVING_LICENCE_DAMAGED_REPLACEMENT_F02,Medium,FALSE,Controlled paraphrase 2 of reviewed independent seed; family preserved; automated validation complete.
DLX_0403,damaged driving licence replace korbo kivabe?,DRIVING_LICENCE,DRIVING_LICENCE_REPLACEMENT,Duplicate or Replacement Driving Licence,DRIVING_LICENCE_DAMAGED_REPLACEMENT,Damaged Driving Licence Replacement,Medium,Mixed,FALSE,,SYNTHETIC,DRIVING_LICENCE_DAMAGED_REPLACEMENT_F03,Medium,FALSE,Reviewed independent pilot seed retained for canonical expansion.
DLX_0404,I am trying to understand this: damaged driving licence replace korbo kon process e?,DRIVING_LICENCE,DRIVING_LICENCE_REPLACEMENT,Duplicate or Replacement Driving Licence,DRIVING_LICENCE_DAMAGED_REPLACEMENT,Damaged Driving Licence Replacement,Medium,Mixed,FALSE,,PARAPHRASED,DRIVING_LICENCE_DAMAGED_REPLACEMENT_F03,Medium,FALSE,Controlled paraphrase 1 of reviewed independent seed; family preserved; automated validation complete.
DLX_0405,I need guidance on this: damaged driving licence replace korbo kon process e?,DRIVING_LICENCE,DRIVING_LICENCE_REPLACEMENT,Duplicate or Replacement Driving Licence,DRIVING_LICENCE_DAMAGED_REPLACEMENT,Damaged Driving Licence Replacement,Medium,Mixed,FALSE,,PARAPHRASED,DRIVING_LICENCE_DAMAGED_REPLACEMENT_F03,Medium,FALSE,Controlled paraphrase 2 of reviewed independent seed; family preserved; automated validation complete.
DLX_0406,smart card-এর লেখা পড়া যাচ্ছে না—usable copy পাওয়ার process কী?,DRIVING_LICENCE,DRIVING_LICENCE_REPLACEMENT,Duplicate or Replacement Driving Licence,DRIVING_LICENCE_DAMAGED_REPLACEMENT,Damaged Driving Licence Replacement,Medium,Mixed,FALSE,,SYNTHETIC,DRIVING_LICENCE_DAMAGED_REPLACEMENT_F04,Hard,FALSE,Reviewed independent pilot seed retained for canonical expansion.
DLX_0407,smart card-এর লেখা পড়া যাচ্ছে না—usable copy পাওয়ার process কী—নিয়মটা জানাবেন?,DRIVING_LICENCE,DRIVING_LICENCE_REPLACEMENT,Duplicate or Replacement Driving Licence,DRIVING_LICENCE_DAMAGED_REPLACEMENT,Damaged Driving Licence Replacement,Medium,Mixed,FALSE,,PARAPHRASED,DRIVING_LICENCE_DAMAGED_REPLACEMENT_F04,Hard,FALSE,Controlled paraphrase 1 of reviewed independent seed; family preserved; automated validation complete.
DLX_0408,"smart card-এর লেখা পড়া যাচ্ছে না—usable copy পাওয়ার process কী, একটু বুঝিয়ে বলবেন?",DRIVING_LICENCE,DRIVING_LICENCE_REPLACEMENT,Duplicate or Replacement Driving Licence,DRIVING_LICENCE_DAMAGED_REPLACEMENT,Damaged Driving Licence Replacement,Medium,Mixed,FALSE,,PARAPHRASED,DRIVING_LICENCE_DAMAGED_REPLACEMENT_F04,Hard,FALSE,Controlled paraphrase 2 of reviewed independent seed; family preserved; automated validation complete.
DLX_0409,ড্রাইভিং লাইসেন্সে ভুল ব্যক্তিগত তথ্য কীভাবে সংশোধন করব?,DRIVING_LICENCE,DRIVING_LICENCE_CHANGES,Driving Licence Information and Class Changes,DRIVING_LICENCE_INFORMATION_CORRECTION,Driving Licence Information Correction,Medium,Formal,FALSE,,SYNTHETIC,DRIVING_LICENCE_INFORMATION_CORRECTION_F01,Easy,FALSE,Reviewed independent pilot seed retained for canonical expansion.
DLX_0410,আমার ক্ষেত্রে ড্রাইভিং লাইসেন্সে ভুল ব্যক্তিগত তথ্য কীভাবে সংশোধন করতে হবে?,DRIVING_LICENCE,DRIVING_LICENCE_CHANGES,Driving Licence Information and Class Changes,DRIVING_LICENCE_INFORMATION_CORRECTION,Driving Licence Information Correction,Medium,Formal,FALSE,,PARAPHRASED,DRIVING_LICENCE_INFORMATION_CORRECTION_F01,Easy,FALSE,Controlled paraphrase 1 of reviewed independent seed; family preserved; automated validation complete.
DLX_0411,ড্রাইভিং লাইসেন্সে ভুল ব্যক্তিগত তথ্য কীভাবে সংশোধন করতে হবে; পরের ধাপটা কী?,DRIVING_LICENCE,DRIVING_LICENCE_CHANGES,Driving Licence Information and Class Changes,DRIVING_LICENCE_INFORMATION_CORRECTION,Driving Licence Information Correction,Medium,Formal,FALSE,,PARAPHRASED,DRIVING_LICENCE_INFORMATION_CORRECTION_F01,Easy,FALSE,Controlled paraphrase 2 of reviewed independent seed; family preserved; automated validation complete.
DLX_0412,"licence-এ নামের spelling ভুল, update করতে চাই।",DRIVING_LICENCE,DRIVING_LICENCE_CHANGES,Driving Licence Information and Class Changes,DRIVING_LICENCE_INFORMATION_CORRECTION,Driving Licence Information Correction,Medium,Informal,FALSE,,SYNTHETIC,DRIVING_LICENCE_INFORMATION_CORRECTION_F02,Medium,FALSE,Reviewed independent pilot seed retained for canonical expansion.
DLX_0413,"এটা নিয়ে সাহায্য দরকার: licence-এ নামের spelling ভুল, update করতে প্রয়োজন?",DRIVING_LICENCE,DRIVING_LICENCE_CHANGES,Driving Licence Information and Class Changes,DRIVING_LICENCE_INFORMATION_CORRECTION,Driving Licence Information Correction,Medium,Informal,FALSE,,PARAPHRASED,DRIVING_LICENCE_INFORMATION_CORRECTION_F02,Medium,FALSE,Controlled paraphrase 1 of reviewed independent seed; family preserved; automated validation complete.
DLX_0414,"licence-এ নামের spelling ভুল, update করতে প্রয়োজন?",DRIVING_LICENCE,DRIVING_LICENCE_CHANGES,Driving Licence Information and Class Changes,DRIVING_LICENCE_INFORMATION_CORRECTION,Driving Licence Information Correction,Medium,Informal,FALSE,,PARAPHRASED,DRIVING_LICENCE_INFORMATION_CORRECTION_F02,Medium,FALSE,Controlled paraphrase 2 of reviewed independent seed; family preserved; automated validation complete.
DLX_0415,driving licence information correction er process ki?,DRIVING_LICENCE,DRIVING_LICENCE_CHANGES,Driving Licence Information and Class Changes,DRIVING_LICENCE_INFORMATION_CORRECTION,Driving Licence Information Correction,Medium,Mixed,FALSE,,SYNTHETIC,DRIVING_LICENCE_INFORMATION_CORRECTION_F03,Medium,FALSE,Reviewed independent pilot seed retained for canonical expansion.
DLX_0416,I am trying to understand this: driving licence information correction er process ki?,DRIVING_LICENCE,DRIVING_LICENCE_CHANGES,Driving Licence Information and Class Changes,DRIVING_LICENCE_INFORMATION_CORRECTION,Driving Licence Information Correction,Medium,Mixed,FALSE,,PARAPHRASED,DRIVING_LICENCE_INFORMATION_CORRECTION_F03,Medium,FALSE,Controlled paraphrase 1 of reviewed independent seed; family preserved; automated validation complete.
DLX_0417,I need guidance on this: driving licence information correction er process ki?,DRIVING_LICENCE,DRIVING_LICENCE_CHANGES,Driving Licence Information and Class Changes,DRIVING_LICENCE_INFORMATION_CORRECTION,Driving Licence Information Correction,Medium,Mixed,FALSE,,PARAPHRASED,DRIVING_LICENCE_INFORMATION_CORRECTION_F03,Medium,FALSE,Controlled paraphrase 2 of reviewed independent seed; family preserved; automated validation complete.
DLX_0418,existing card-এ জন্মতারিখ ভুল দেখাচ্ছে—official correction service কোনটি?,DRIVING_LICENCE,DRIVING_LICENCE_CHANGES,Driving Licence Information and Class Changes,DRIVING_LICENCE_INFORMATION_CORRECTION,Driving Licence Information Correction,Medium,Mixed,FALSE,,SYNTHETIC,DRIVING_LICENCE_INFORMATION_CORRECTION_F04,Hard,FALSE,Reviewed independent pilot seed retained for canonical expansion.
DLX_0419,existing card-এ জন্মতারিখ ভুল দেখাচ্ছে—official correction service কোনটি—নিয়মটা জানাবেন?,DRIVING_LICENCE,DRIVING_LICENCE_CHANGES,Driving Licence Information and Class Changes,DRIVING_LICENCE_INFORMATION_CORRECTION,Driving Licence Information Correction,Medium,Mixed,FALSE,,PARAPHRASED,DRIVING_LICENCE_INFORMATION_CORRECTION_F04,Hard,FALSE,Controlled paraphrase 1 of reviewed independent seed; family preserved; automated validation complete.
DLX_0420,"existing card-এ জন্মতারিখ ভুল দেখাচ্ছে—official correction service কোনটি, একটু বুঝিয়ে বলবেন?",DRIVING_LICENCE,DRIVING_LICENCE_CHANGES,Driving Licence Information and Class Changes,DRIVING_LICENCE_INFORMATION_CORRECTION,Driving Licence Information Correction,Medium,Mixed,FALSE,,PARAPHRASED,DRIVING_LICENCE_INFORMATION_CORRECTION_F04,Hard,FALSE,Controlled paraphrase 2 of reviewed independent seed; family preserved; automated validation complete.
DLX_0421,ড্রাইভিং লাইসেন্সের ঠিকানা কীভাবে পরিবর্তন করব?,DRIVING_LICENCE,DRIVING_LICENCE_CHANGES,Driving Licence Information and Class Changes,DRIVING_LICENCE_ADDRESS_CHANGE,Driving Licence Address Change,Low,Formal,FALSE,,SYNTHETIC,DRIVING_LICENCE_ADDRESS_CHANGE_F01,Easy,FALSE,Reviewed independent pilot seed retained for canonical expansion.
DLX_0422,আমার ক্ষেত্রে ড্রাইভিং লাইসেন্সের ঠিকানা কোন প্রক্রিয়ায় পরিবর্তন করব?,DRIVING_LICENCE,DRIVING_LICENCE_CHANGES,Driving Licence Information and Class Changes,DRIVING_LICENCE_ADDRESS_CHANGE,Driving Licence Address Change,Low,Formal,FALSE,,PARAPHRASED,DRIVING_LICENCE_ADDRESS_CHANGE_F01,Easy,FALSE,Controlled paraphrase 1 of reviewed independent seed; family preserved; automated validation complete.
DLX_0423,ড্রাইভিং লাইসেন্সের ঠিকানা কোন প্রক্রিয়ায় পরিবর্তন করব; পরের ধাপটা কী?,DRIVING_LICENCE,DRIVING_LICENCE_CHANGES,Driving Licence Information and Class Changes,DRIVING_LICENCE_ADDRESS_CHANGE,Driving Licence Address Change,Low,Formal,FALSE,,PARAPHRASED,DRIVING_LICENCE_ADDRESS_CHANGE_F01,Easy,FALSE,Controlled paraphrase 2 of reviewed independent seed; family preserved; automated validation complete.
DLX_0424,"বাসা বদলেছি, licence address update করতে চাই।",DRIVING_LICENCE,DRIVING_LICENCE_CHANGES,Driving Licence Information and Class Changes,DRIVING_LICENCE_ADDRESS_CHANGE,Driving Licence Address Change,Low,Informal,FALSE,,SYNTHETIC,DRIVING_LICENCE_ADDRESS_CHANGE_F02,Medium,FALSE,Reviewed independent pilot seed retained for canonical expansion.
DLX_0425,"এটা নিয়ে সাহায্য দরকার: বাসা বদলেছি, licence address update করতে প্রয়োজন?",DRIVING_LICENCE,DRIVING_LICENCE_CHANGES,Driving Licence Information and Class Changes,DRIVING_LICENCE_ADDRESS_CHANGE,Driving Licence Address Change,Low,Informal,FALSE,,PARAPHRASED,DRIVING_LICENCE_ADDRESS_CHANGE_F02,Medium,FALSE,Controlled paraphrase 1 of reviewed independent seed; family preserved; automated validation complete.
DLX_0426,"বাসা বদলেছি, licence address update করতে প্রয়োজন?",DRIVING_LICENCE,DRIVING_LICENCE_CHANGES,Driving Licence Information and Class Changes,DRIVING_LICENCE_ADDRESS_CHANGE,Driving Licence Address Change,Low,Informal,FALSE,,PARAPHRASED,DRIVING_LICENCE_ADDRESS_CHANGE_F02,Medium,FALSE,Controlled paraphrase 2 of reviewed independent seed; family preserved; automated validation complete.
DLX_0427,driving licence address change korbo kivabe?,DRIVING_LICENCE,DRIVING_LICENCE_CHANGES,Driving Licence Information and Class Changes,DRIVING_LICENCE_ADDRESS_CHANGE,Driving Licence Address Change,Low,Mixed,FALSE,,SYNTHETIC,DRIVING_LICENCE_ADDRESS_CHANGE_F03,Medium,FALSE,Reviewed independent pilot seed retained for canonical expansion.
DLX_0428,I am trying to understand this: driving licence address change korte hobe kivabe?,DRIVING_LICENCE,DRIVING_LICENCE_CHANGES,Driving Licence Information and Class Changes,DRIVING_LICENCE_ADDRESS_CHANGE,Driving Licence Address Change,Low,Mixed,FALSE,,PARAPHRASED,DRIVING_LICENCE_ADDRESS_CHANGE_F03,Medium,FALSE,Controlled paraphrase 1 of reviewed independent seed; family preserved; automated validation complete.
DLX_0429,I need guidance on this: driving licence address change korbo kon process e?,DRIVING_LICENCE,DRIVING_LICENCE_CHANGES,Driving Licence Information and Class Changes,DRIVING_LICENCE_ADDRESS_CHANGE,Driving Licence Address Change,Low,Mixed,FALSE,,PARAPHRASED,DRIVING_LICENCE_ADDRESS_CHANGE_F03,Medium,FALSE,Controlled paraphrase 2 of reviewed independent seed; family preserved; automated validation complete.
DLX_0430,existing smart card record-এ নতুন ঠিকানা যোগ করার application কোথায়?,DRIVING_LICENCE,DRIVING_LICENCE_CHANGES,Driving Licence Information and Class Changes,DRIVING_LICENCE_ADDRESS_CHANGE,Driving Licence Address Change,Low,Mixed,FALSE,,SYNTHETIC,DRIVING_LICENCE_ADDRESS_CHANGE_F04,Hard,FALSE,Reviewed independent pilot seed retained for canonical expansion.
DLX_0431,existing smart card record-এ নতুন ঠিকানা যোগ করার application কোথায়—নিয়মটা জানাবেন?,DRIVING_LICENCE,DRIVING_LICENCE_CHANGES,Driving Licence Information and Class Changes,DRIVING_LICENCE_ADDRESS_CHANGE,Driving Licence Address Change,Low,Mixed,FALSE,,PARAPHRASED,DRIVING_LICENCE_ADDRESS_CHANGE_F04,Hard,FALSE,Controlled paraphrase 1 of reviewed independent seed; family preserved; automated validation complete.
DLX_0432,"existing smart card record-এ নতুন ঠিকানা যোগ করার application কোথায়, একটু বুঝিয়ে বলবেন?",DRIVING_LICENCE,DRIVING_LICENCE_CHANGES,Driving Licence Information and Class Changes,DRIVING_LICENCE_ADDRESS_CHANGE,Driving Licence Address Change,Low,Mixed,FALSE,,PARAPHRASED,DRIVING_LICENCE_ADDRESS_CHANGE_F04,Hard,FALSE,Controlled paraphrase 2 of reviewed independent seed; family preserved; automated validation complete.
DLX_0433,বিদ্যমান লাইসেন্সে নতুন মোটরযান শ্রেণি কীভাবে যোগ করব?,DRIVING_LICENCE,DRIVING_LICENCE_CHANGES,Driving Licence Information and Class Changes,DRIVING_LICENCE_VEHICLE_CLASS_CHANGE,Vehicle Class Addition or Change,Low,Formal,FALSE,,SYNTHETIC,DRIVING_LICENCE_VEHICLE_CLASS_CHANGE_F01,Easy,FALSE,Reviewed independent pilot seed retained for canonical expansion.
DLX_0434,আমার ক্ষেত্রে বিদ্যমান লাইসেন্সে নতুন মোটরযান শ্রেণি কোন প্রক্রিয়ায় যোগ করব?,DRIVING_LICENCE,DRIVING_LICENCE_CHANGES,Driving Licence Information and Class Changes,DRIVING_LICENCE_VEHICLE_CLASS_CHANGE,Vehicle Class Addition or Change,Low,Formal,FALSE,,PARAPHRASED,DRIVING_LICENCE_VEHICLE_CLASS_CHANGE_F01,Easy,FALSE,Controlled paraphrase 1 of reviewed independent seed; family preserved; automated validation complete.
DLX_0435,বিদ্যমান লাইসেন্সে নতুন মোটরযান শ্রেণি কোন প্রক্রিয়ায় যোগ করব; পরের ধাপটা কী?,DRIVING_LICENCE,DRIVING_LICENCE_CHANGES,Driving Licence Information and Class Changes,DRIVING_LICENCE_VEHICLE_CLASS_CHANGE,Vehicle Class Addition or Change,Low,Formal,FALSE,,PARAPHRASED,DRIVING_LICENCE_VEHICLE_CLASS_CHANGE_F01,Easy,FALSE,Controlled paraphrase 2 of reviewed independent seed; family preserved; automated validation complete.
DLX_0436,licence-এ motorcycle class add করতে চাই।,DRIVING_LICENCE,DRIVING_LICENCE_CHANGES,Driving Licence Information and Class Changes,DRIVING_LICENCE_VEHICLE_CLASS_CHANGE,Vehicle Class Addition or Change,Low,Informal,FALSE,,SYNTHETIC,DRIVING_LICENCE_VEHICLE_CLASS_CHANGE_F02,Medium,FALSE,Reviewed independent pilot seed retained for canonical expansion.
DLX_0437,এটা নিয়ে সাহায্য দরকার: licence-এ motorcycle class add করতে প্রয়োজন?,DRIVING_LICENCE,DRIVING_LICENCE_CHANGES,Driving Licence Information and Class Changes,DRIVING_LICENCE_VEHICLE_CLASS_CHANGE,Vehicle Class Addition or Change,Low,Informal,FALSE,,PARAPHRASED,DRIVING_LICENCE_VEHICLE_CLASS_CHANGE_F02,Medium,FALSE,Controlled paraphrase 1 of reviewed independent seed; family preserved; automated validation complete.
DLX_0438,licence-এ motorcycle class add করতে প্রয়োজন?,DRIVING_LICENCE,DRIVING_LICENCE_CHANGES,Driving Licence Information and Class Changes,DRIVING_LICENCE_VEHICLE_CLASS_CHANGE,Vehicle Class Addition or Change,Low,Informal,FALSE,,PARAPHRASED,DRIVING_LICENCE_VEHICLE_CLASS_CHANGE_F02,Medium,FALSE,Controlled paraphrase 2 of reviewed independent seed; family preserved; automated validation complete.
DLX_0439,driving licence vehicle class change korbo kivabe?,DRIVING_LICENCE,DRIVING_LICENCE_CHANGES,Driving Licence Information and Class Changes,DRIVING_LICENCE_VEHICLE_CLASS_CHANGE,Vehicle Class Addition or Change,Low,Mixed,FALSE,,SYNTHETIC,DRIVING_LICENCE_VEHICLE_CLASS_CHANGE_F03,Medium,FALSE,Reviewed independent pilot seed retained for canonical expansion.
DLX_0440,I am trying to understand this: driving licence vehicle class change korbo kon process e?,DRIVING_LICENCE,DRIVING_LICENCE_CHANGES,Driving Licence Information and Class Changes,DRIVING_LICENCE_VEHICLE_CLASS_CHANGE,Vehicle Class Addition or Change,Low,Mixed,FALSE,,PARAPHRASED,DRIVING_LICENCE_VEHICLE_CLASS_CHANGE_F03,Medium,FALSE,Controlled paraphrase 1 of reviewed independent seed; family preserved; automated validation complete.
DLX_0441,I need guidance on this: driving licence vehicle class change korbo kon process e?,DRIVING_LICENCE,DRIVING_LICENCE_CHANGES,Driving Licence Information and Class Changes,DRIVING_LICENCE_VEHICLE_CLASS_CHANGE,Vehicle Class Addition or Change,Low,Mixed,FALSE,,PARAPHRASED,DRIVING_LICENCE_VEHICLE_CLASS_CHANGE_F03,Medium,FALSE,Controlled paraphrase 2 of reviewed independent seed; family preserved; automated validation complete.
DLX_0442,আগের card-এ এক ধরনের vehicle আছে—আরেকটি category সংযোজনের process কী?,DRIVING_LICENCE,DRIVING_LICENCE_CHANGES,Driving Licence Information and Class Changes,DRIVING_LICENCE_VEHICLE_CLASS_CHANGE,Vehicle Class Addition or Change,Low,Mixed,FALSE,,SYNTHETIC,DRIVING_LICENCE_VEHICLE_CLASS_CHANGE_F04,Hard,FALSE,Reviewed independent pilot seed retained for canonical expansion.
DLX_0443,আগের card-এ এক ধরনের vehicle আছে—আরেকটি category সংযোজনের process কী—নিয়মটা জানাবেন?,DRIVING_LICENCE,DRIVING_LICENCE_CHANGES,Driving Licence Information and Class Changes,DRIVING_LICENCE_VEHICLE_CLASS_CHANGE,Vehicle Class Addition or Change,Low,Mixed,FALSE,,PARAPHRASED,DRIVING_LICENCE_VEHICLE_CLASS_CHANGE_F04,Hard,FALSE,Controlled paraphrase 1 of reviewed independent seed; family preserved; automated validation complete.
DLX_0444,"আগের card-এ এক ধরনের vehicle আছে—আরেকটি category সংযোজনের process কী, একটু বুঝিয়ে বলবেন?",DRIVING_LICENCE,DRIVING_LICENCE_CHANGES,Driving Licence Information and Class Changes,DRIVING_LICENCE_VEHICLE_CLASS_CHANGE,Vehicle Class Addition or Change,Low,Mixed,FALSE,,PARAPHRASED,DRIVING_LICENCE_VEHICLE_CLASS_CHANGE_F04,Hard,FALSE,Controlled paraphrase 2 of reviewed independent seed; family preserved; automated validation complete.
DLX_0445,বিদ্যমান ড্রাইভিং লাইসেন্সের ধরন কীভাবে পরিবর্তন করব?,DRIVING_LICENCE,DRIVING_LICENCE_CHANGES,Driving Licence Information and Class Changes,DRIVING_LICENCE_TYPE_CHANGE,Professional/Non-Professional Licence Type Change,Low,Formal,FALSE,,SYNTHETIC,DRIVING_LICENCE_TYPE_CHANGE_F01,Easy,FALSE,Reviewed independent pilot seed retained for canonical expansion.
DLX_0446,আমার ক্ষেত্রে বিদ্যমান ড্রাইভিং লাইসেন্সের ধরন কোন প্রক্রিয়ায় পরিবর্তন করব?,DRIVING_LICENCE,DRIVING_LICENCE_CHANGES,Driving Licence Information and Class Changes,DRIVING_LICENCE_TYPE_CHANGE,Professional/Non-Professional Licence Type Change,Low,Formal,FALSE,,PARAPHRASED,DRIVING_LICENCE_TYPE_CHANGE_F01,Easy,FALSE,Controlled paraphrase 1 of reviewed independent seed; family preserved; automated validation complete.
DLX_0447,বিদ্যমান ড্রাইভিং লাইসেন্সের ধরন কোন প্রক্রিয়ায় পরিবর্তন করব; পরের ধাপটা কী?,DRIVING_LICENCE,DRIVING_LICENCE_CHANGES,Driving Licence Information and Class Changes,DRIVING_LICENCE_TYPE_CHANGE,Professional/Non-Professional Licence Type Change,Low,Formal,FALSE,,PARAPHRASED,DRIVING_LICENCE_TYPE_CHANGE_F01,Easy,FALSE,Controlled paraphrase 2 of reviewed independent seed; family preserved; automated validation complete.
DLX_0448,non-professional থেকে professional type change করতে চাই।,DRIVING_LICENCE,DRIVING_LICENCE_CHANGES,Driving Licence Information and Class Changes,DRIVING_LICENCE_TYPE_CHANGE,Professional/Non-Professional Licence Type Change,Low,Informal,FALSE,,SYNTHETIC,DRIVING_LICENCE_TYPE_CHANGE_F02,Medium,FALSE,Reviewed independent pilot seed retained for canonical expansion.
DLX_0449,এটা নিয়ে সাহায্য দরকার: non-professional থেকে professional type change করতে প্রয়োজন?,DRIVING_LICENCE,DRIVING_LICENCE_CHANGES,Driving Licence Information and Class Changes,DRIVING_LICENCE_TYPE_CHANGE,Professional/Non-Professional Licence Type Change,Low,Informal,FALSE,,PARAPHRASED,DRIVING_LICENCE_TYPE_CHANGE_F02,Medium,FALSE,Controlled paraphrase 1 of reviewed independent seed; family preserved; automated validation complete.
DLX_0450,non-professional থেকে professional type change করতে প্রয়োজন?,DRIVING_LICENCE,DRIVING_LICENCE_CHANGES,Driving Licence Information and Class Changes,DRIVING_LICENCE_TYPE_CHANGE,Professional/Non-Professional Licence Type Change,Low,Informal,FALSE,,PARAPHRASED,DRIVING_LICENCE_TYPE_CHANGE_F02,Medium,FALSE,Controlled paraphrase 2 of reviewed independent seed; family preserved; automated validation complete.
DLX_0451,licence type conversion process ta ki?,DRIVING_LICENCE,DRIVING_LICENCE_CHANGES,Driving Licence Information and Class Changes,DRIVING_LICENCE_TYPE_CHANGE,Professional/Non-Professional Licence Type Change,Low,Mixed,FALSE,,SYNTHETIC,DRIVING_LICENCE_TYPE_CHANGE_F03,Medium,FALSE,Reviewed independent pilot seed retained for canonical expansion.
DLX_0452,I am trying to understand this: licence type conversion process ta ki?,DRIVING_LICENCE,DRIVING_LICENCE_CHANGES,Driving Licence Information and Class Changes,DRIVING_LICENCE_TYPE_CHANGE,Professional/Non-Professional Licence Type Change,Low,Mixed,FALSE,,PARAPHRASED,DRIVING_LICENCE_TYPE_CHANGE_F03,Medium,FALSE,Controlled paraphrase 1 of reviewed independent seed; family preserved; automated validation complete.
DLX_0453,I need guidance on this: licence type conversion process ta ki?,DRIVING_LICENCE,DRIVING_LICENCE_CHANGES,Driving Licence Information and Class Changes,DRIVING_LICENCE_TYPE_CHANGE,Professional/Non-Professional Licence Type Change,Low,Mixed,FALSE,,PARAPHRASED,DRIVING_LICENCE_TYPE_CHANGE_F03,Medium,FALSE,Controlled paraphrase 2 of reviewed independent seed; family preserved; automated validation complete.
DLX_0454,existing licence-এর applicant category বদলানোর official application কোনটি?,DRIVING_LICENCE,DRIVING_LICENCE_CHANGES,Driving Licence Information and Class Changes,DRIVING_LICENCE_TYPE_CHANGE,Professional/Non-Professional Licence Type Change,Low,Mixed,FALSE,,SYNTHETIC,DRIVING_LICENCE_TYPE_CHANGE_F04,Hard,FALSE,Reviewed independent pilot seed retained for canonical expansion.
DLX_0455,existing licence-এর applicant category বদলানোর official application কোনটি—নিয়মটা জানাবেন?,DRIVING_LICENCE,DRIVING_LICENCE_CHANGES,Driving Licence Information and Class Changes,DRIVING_LICENCE_TYPE_CHANGE,Professional/Non-Professional Licence Type Change,Low,Mixed,FALSE,,PARAPHRASED,DRIVING_LICENCE_TYPE_CHANGE_F04,Hard,FALSE,Controlled paraphrase 1 of reviewed independent seed; family preserved; automated validation complete.
DLX_0456,"existing licence-এর applicant category বদলানোর official application কোনটি, একটু বুঝিয়ে বলবেন?",DRIVING_LICENCE,DRIVING_LICENCE_CHANGES,Driving Licence Information and Class Changes,DRIVING_LICENCE_TYPE_CHANGE,Professional/Non-Professional Licence Type Change,Low,Mixed,FALSE,,PARAPHRASED,DRIVING_LICENCE_TYPE_CHANGE_F04,Hard,FALSE,Controlled paraphrase 2 of reviewed independent seed; family preserved; automated validation complete.
DLX_0457,ড্রাইভিং লাইসেন্স সংক্রান্ত কী কী সেবা পাওয়া যায়?,DRIVING_LICENCE,DRIVING_LICENCE_GENERAL,General Driving Licence Information,DRIVING_LICENCE_GENERAL_GUIDANCE,General Driving Licence Service Guidance,Low,Formal,FALSE,,SYNTHETIC,DRIVING_LICENCE_GENERAL_GUIDANCE_F01,Easy,FALSE,Reviewed independent pilot seed retained for canonical expansion.
DLX_0458,আমার ক্ষেত্রে ড্রাইভিং লাইসেন্স সংক্রান্ত কোন কোন সেবা পাওয়া যায়?,DRIVING_LICENCE,DRIVING_LICENCE_GENERAL,General Driving Licence Information,DRIVING_LICENCE_GENERAL_GUIDANCE,General Driving Licence Service Guidance,Low,Formal,FALSE,,PARAPHRASED,DRIVING_LICENCE_GENERAL_GUIDANCE_F01,Easy,FALSE,Controlled paraphrase 1 of reviewed independent seed; family preserved; automated validation complete.
DLX_0459,ড্রাইভিং লাইসেন্স সংক্রান্ত কোন কোন সেবা পাওয়া যায়; পরের ধাপটা কী?,DRIVING_LICENCE,DRIVING_LICENCE_GENERAL,General Driving Licence Information,DRIVING_LICENCE_GENERAL_GUIDANCE,General Driving Licence Service Guidance,Low,Formal,FALSE,,PARAPHRASED,DRIVING_LICENCE_GENERAL_GUIDANCE_F01,Easy,FALSE,Controlled paraphrase 2 of reviewed independent seed; family preserved; automated validation complete.
DLX_0460,licence নিয়ে কোন কাজের জন্য কোন BRTA option ব্যবহার করব?,DRIVING_LICENCE,DRIVING_LICENCE_GENERAL,General Driving Licence Information,DRIVING_LICENCE_GENERAL_GUIDANCE,General Driving Licence Service Guidance,Low,Informal,FALSE,,SYNTHETIC,DRIVING_LICENCE_GENERAL_GUIDANCE_F02,Medium,FALSE,Reviewed independent pilot seed retained for canonical expansion.
DLX_0461,এটা নিয়ে সাহায্য দরকার: licence নিয়ে কোন কাজের জন্য কোন BRTA option ব্যবহার করতে হবে?,DRIVING_LICENCE,DRIVING_LICENCE_GENERAL,General Driving Licence Information,DRIVING_LICENCE_GENERAL_GUIDANCE,General Driving Licence Service Guidance,Low,Informal,FALSE,,PARAPHRASED,DRIVING_LICENCE_GENERAL_GUIDANCE_F02,Medium,FALSE,Controlled paraphrase 1 of reviewed independent seed; family preserved; automated validation complete.
DLX_0462,licence নিয়ে কোন কাজের জন্য কোন BRTA option ব্যবহার করতে হবে?,DRIVING_LICENCE,DRIVING_LICENCE_GENERAL,General Driving Licence Information,DRIVING_LICENCE_GENERAL_GUIDANCE,General Driving Licence Service Guidance,Low,Informal,FALSE,,PARAPHRASED,DRIVING_LICENCE_GENERAL_GUIDANCE_F02,Medium,FALSE,Controlled paraphrase 2 of reviewed independent seed; family preserved; automated validation complete.
DLX_0463,driving licence services somporke general guidance chai.,DRIVING_LICENCE,DRIVING_LICENCE_GENERAL,General Driving Licence Information,DRIVING_LICENCE_GENERAL_GUIDANCE,General Driving Licence Service Guidance,Low,Mixed,FALSE,,SYNTHETIC,DRIVING_LICENCE_GENERAL_GUIDANCE_F03,Medium,FALSE,Reviewed independent pilot seed retained for canonical expansion.
DLX_0464,I am trying to understand this: driving licence services somporke general guidance chai?,DRIVING_LICENCE,DRIVING_LICENCE_GENERAL,General Driving Licence Information,DRIVING_LICENCE_GENERAL_GUIDANCE,General Driving Licence Service Guidance,Low,Mixed,FALSE,,PARAPHRASED,DRIVING_LICENCE_GENERAL_GUIDANCE_F03,Medium,FALSE,Controlled paraphrase 1 of reviewed independent seed; family preserved; automated validation complete.
DLX_0465,I need guidance on this: driving licence services somporke general guidance chai?,DRIVING_LICENCE,DRIVING_LICENCE_GENERAL,General Driving Licence Information,DRIVING_LICENCE_GENERAL_GUIDANCE,General Driving Licence Service Guidance,Low,Mixed,FALSE,,PARAPHRASED,DRIVING_LICENCE_GENERAL_GUIDANCE_F03,Medium,FALSE,Controlled paraphrase 2 of reviewed independent seed; family preserved; automated validation complete.
DLX_0466,"learner, renewal আর duplicate-এর মধ্যে আমার প্রয়োজনের service কীভাবে চিনব?",DRIVING_LICENCE,DRIVING_LICENCE_GENERAL,General Driving Licence Information,DRIVING_LICENCE_GENERAL_GUIDANCE,General Driving Licence Service Guidance,Low,Mixed,FALSE,,SYNTHETIC,DRIVING_LICENCE_GENERAL_GUIDANCE_F04,Hard,FALSE,Reviewed independent pilot seed retained for canonical expansion.
DLX_0467,"learner, renewal আর duplicate-এর মধ্যে আমার প্রয়োজনের service কোন প্রক্রিয়ায় চিনব—নিয়মটা জানাবেন?",DRIVING_LICENCE,DRIVING_LICENCE_GENERAL,General Driving Licence Information,DRIVING_LICENCE_GENERAL_GUIDANCE,General Driving Licence Service Guidance,Low,Mixed,FALSE,,PARAPHRASED,DRIVING_LICENCE_GENERAL_GUIDANCE_F04,Hard,FALSE,Controlled paraphrase 1 of reviewed independent seed; family preserved; automated validation complete.
DLX_0468,"learner, renewal আর duplicate-এর মধ্যে আমার প্রয়োজনের service কোন প্রক্রিয়ায় চিনব, একটু বুঝিয়ে বলবেন?",DRIVING_LICENCE,DRIVING_LICENCE_GENERAL,General Driving Licence Information,DRIVING_LICENCE_GENERAL_GUIDANCE,General Driving Licence Service Guidance,Low,Mixed,FALSE,,PARAPHRASED,DRIVING_LICENCE_GENERAL_GUIDANCE_F04,Hard,FALSE,Controlled paraphrase 2 of reviewed independent seed; family preserved; automated validation complete.
DLX_0469,বিআরটিএ সার্ভিস পোর্টাল না খুললে কী করব?,DRIVING_LICENCE,DRIVING_LICENCE_GENERAL,General Driving Licence Information,DRIVING_LICENCE_PORTAL_UNAVAILABLE,BRTA Service Portal Unavailable,Medium,Formal,FALSE,,SYNTHETIC,DRIVING_LICENCE_PORTAL_UNAVAILABLE_F01,Easy,FALSE,Reviewed independent pilot seed retained for canonical expansion.
DLX_0470,আমার ক্ষেত্রে বিআরটিএ সার্ভিস পোর্টাল না খুললে কী করতে হবে?,DRIVING_LICENCE,DRIVING_LICENCE_GENERAL,General Driving Licence Information,DRIVING_LICENCE_PORTAL_UNAVAILABLE,BRTA Service Portal Unavailable,Medium,Formal,FALSE,,PARAPHRASED,DRIVING_LICENCE_PORTAL_UNAVAILABLE_F01,Easy,FALSE,Controlled paraphrase 1 of reviewed independent seed; family preserved; automated validation complete.
DLX_0471,বিআরটিএ সার্ভিস পোর্টাল না খুললে কী করতে হবে; পরের ধাপটা কী?,DRIVING_LICENCE,DRIVING_LICENCE_GENERAL,General Driving Licence Information,DRIVING_LICENCE_PORTAL_UNAVAILABLE,BRTA Service Portal Unavailable,Medium,Formal,FALSE,,PARAPHRASED,DRIVING_LICENCE_PORTAL_UNAVAILABLE_F01,Easy,FALSE,Controlled paraphrase 2 of reviewed independent seed; family preserved; automated validation complete.
DLX_0472,BSP website load হচ্ছে না।,DRIVING_LICENCE,DRIVING_LICENCE_GENERAL,General Driving Licence Information,DRIVING_LICENCE_PORTAL_UNAVAILABLE,BRTA Service Portal Unavailable,Medium,Informal,FALSE,,SYNTHETIC,DRIVING_LICENCE_PORTAL_UNAVAILABLE_F02,Medium,FALSE,Reviewed independent pilot seed retained for canonical expansion.
DLX_0473,এটা নিয়ে সাহায্য দরকার: BSP website load হচ্ছে না?,DRIVING_LICENCE,DRIVING_LICENCE_GENERAL,General Driving Licence Information,DRIVING_LICENCE_PORTAL_UNAVAILABLE,BRTA Service Portal Unavailable,Medium,Informal,FALSE,,PARAPHRASED,DRIVING_LICENCE_PORTAL_UNAVAILABLE_F02,Medium,FALSE,Controlled paraphrase 1 of reviewed independent seed; family preserved; automated validation complete.
DLX_0474,BSP website load হচ্ছে না?,DRIVING_LICENCE,DRIVING_LICENCE_GENERAL,General Driving Licence Information,DRIVING_LICENCE_PORTAL_UNAVAILABLE,BRTA Service Portal Unavailable,Medium,Informal,FALSE,,PARAPHRASED,DRIVING_LICENCE_PORTAL_UNAVAILABLE_F02,Medium,FALSE,Controlled paraphrase 2 of reviewed independent seed; family preserved; automated validation complete.
DLX_0475,BRTA portal down dekhacche.,DRIVING_LICENCE,DRIVING_LICENCE_GENERAL,General Driving Licence Information,DRIVING_LICENCE_PORTAL_UNAVAILABLE,BRTA Service Portal Unavailable,Medium,Mixed,FALSE,,SYNTHETIC,DRIVING_LICENCE_PORTAL_UNAVAILABLE_F03,Medium,FALSE,Reviewed independent pilot seed retained for canonical expansion.
DLX_0476,I am trying to understand this: BRTA portal down dekhacche?,DRIVING_LICENCE,DRIVING_LICENCE_GENERAL,General Driving Licence Information,DRIVING_LICENCE_PORTAL_UNAVAILABLE,BRTA Service Portal Unavailable,Medium,Mixed,FALSE,,PARAPHRASED,DRIVING_LICENCE_PORTAL_UNAVAILABLE_F03,Medium,FALSE,Controlled paraphrase 1 of reviewed independent seed; family preserved; automated validation complete.
DLX_0477,I need guidance on this: BRTA portal down dekhacche?,DRIVING_LICENCE,DRIVING_LICENCE_GENERAL,General Driving Licence Information,DRIVING_LICENCE_PORTAL_UNAVAILABLE,BRTA Service Portal Unavailable,Medium,Mixed,FALSE,,PARAPHRASED,DRIVING_LICENCE_PORTAL_UNAVAILABLE_F03,Medium,FALSE,Controlled paraphrase 2 of reviewed independent seed; family preserved; automated validation complete.
DLX_0478,বিভিন্ন device দিয়ে চেষ্টা করেও service portal-এর কোনো page open হচ্ছে না।,DRIVING_LICENCE,DRIVING_LICENCE_GENERAL,General Driving Licence Information,DRIVING_LICENCE_PORTAL_UNAVAILABLE,BRTA Service Portal Unavailable,Medium,Mixed,FALSE,,SYNTHETIC,DRIVING_LICENCE_PORTAL_UNAVAILABLE_F04,Hard,FALSE,Reviewed independent pilot seed retained for canonical expansion.
DLX_0479,বিভিন্ন device দিয়ে চেষ্টা করেও service portal-এর কোনো page open হচ্ছে না—নিয়মটা জানাবেন?,DRIVING_LICENCE,DRIVING_LICENCE_GENERAL,General Driving Licence Information,DRIVING_LICENCE_PORTAL_UNAVAILABLE,BRTA Service Portal Unavailable,Medium,Mixed,FALSE,,PARAPHRASED,DRIVING_LICENCE_PORTAL_UNAVAILABLE_F04,Hard,FALSE,Controlled paraphrase 1 of reviewed independent seed; family preserved; automated validation complete.
DLX_0480,"বিভিন্ন device দিয়ে চেষ্টা করেও service portal-এর কোনো page open হচ্ছে না, একটু বুঝিয়ে বলবেন?",DRIVING_LICENCE,DRIVING_LICENCE_GENERAL,General Driving Licence Information,DRIVING_LICENCE_PORTAL_UNAVAILABLE,BRTA Service Portal Unavailable,Medium,Mixed,FALSE,,PARAPHRASED,DRIVING_LICENCE_PORTAL_UNAVAILABLE_F04,Hard,FALSE,Controlled paraphrase 2 of reviewed independent seed; family preserved; automated validation complete.
