id,text,service,parent_topic_id,parent_topic,query_topic_id,query_topic,priority,language_style,privacy_present,privacy_types,source_type,parent_query_id,difficulty,is_ood,annotation_notes
NIDQ_0001,Who can apply for a new NID?,NID,NID_REGISTRATION,NID / Voter Registration,NID_REGISTRATION_ELIGIBILITY,Registration Eligibility,Low,Formal,FALSE,,SYNTHETIC,NID_REGISTRATION_ELIGIBILITY_F01,Easy,FALSE,Synthetic NID core anchored in reviewed taxonomy include examples; automated semantic/structural validation only; no REAL provenance claimed.
NIDQ_0002,Who can apply for a new NID; what should I do next?,NID,NID_REGISTRATION,NID / Voter Registration,NID_REGISTRATION_ELIGIBILITY,Registration Eligibility,Low,Formal,FALSE,,PARAPHRASED,NID_REGISTRATION_ELIGIBILITY_F01,Easy,FALSE,Synthetic NID core anchored in reviewed taxonomy include examples; automated semantic/structural validation only; no REAL provenance claimed.
NIDQ_0003,এই বিষয়ে সহায়তা চাই: Who can apply for a new NID?,NID,NID_REGISTRATION,NID / Voter Registration,NID_REGISTRATION_ELIGIBILITY,Registration Eligibility,Low,Formal,FALSE,,PARAPHRASED,NID_REGISTRATION_ELIGIBILITY_F01,Easy,FALSE,Synthetic NID core anchored in reviewed taxonomy include examples; automated semantic/structural validation only; no REAL provenance claimed.
NIDQ_0004,Could you explain the rules for citizenship eligibility?,NID,NID_REGISTRATION,NID / Voter Registration,NID_REGISTRATION_ELIGIBILITY,Registration Eligibility,Low,Informal,FALSE,,SYNTHETIC,NID_REGISTRATION_ELIGIBILITY_F02,Medium,FALSE,Synthetic NID core anchored in reviewed taxonomy include examples; automated semantic/structural validation only; no REAL provenance claimed.
NIDQ_0005,I am trying to understand this: Could you explain the rules for citizenship eligibility?,NID,NID_REGISTRATION,NID / Voter Registration,NID_REGISTRATION_ELIGIBILITY,Registration Eligibility,Low,Informal,FALSE,,PARAPHRASED,NID_REGISTRATION_ELIGIBILITY_F02,Medium,FALSE,Synthetic NID core anchored in reviewed taxonomy include examples; automated semantic/structural validation only; no REAL provenance claimed.
NIDQ_0006,I need guidance on this: Could you explain the rules for citizenship eligibility?,NID,NID_REGISTRATION,NID / Voter Registration,NID_REGISTRATION_ELIGIBILITY,Registration Eligibility,Low,Informal,FALSE,,PARAPHRASED,NID_REGISTRATION_ELIGIBILITY_F02,Medium,FALSE,Synthetic NID core anchored in reviewed taxonomy include examples; automated semantic/structural validation only; no REAL provenance claimed.
NIDQ_0007,I need guidance about general voter eligibility conditions. What should I do?,NID,NID_REGISTRATION,NID / Voter Registration,NID_REGISTRATION_ELIGIBILITY,Registration Eligibility,Low,Mixed,FALSE,,SYNTHETIC,NID_REGISTRATION_ELIGIBILITY_F03,Medium,FALSE,Synthetic NID core anchored in reviewed taxonomy include examples; automated semantic/structural validation only; no REAL provenance claimed.
NIDQ_0008,Could you explain I need guidance about general voter eligibility conditions. What should I do?,NID,NID_REGISTRATION,NID / Voter Registration,NID_REGISTRATION_ELIGIBILITY,Registration Eligibility,Low,Mixed,FALSE,,PARAPHRASED,NID_REGISTRATION_ELIGIBILITY_F03,Medium,FALSE,Synthetic NID core anchored in reviewed taxonomy include examples; automated semantic/structural validation only; no REAL provenance claimed.
NIDQ_0009,Please tell me the correct process: I need guidance about general voter eligibility conditions. What should I do?,NID,NID_REGISTRATION,NID / Voter Registration,NID_REGISTRATION_ELIGIBILITY,Registration Eligibility,Low,Mixed,FALSE,,PARAPHRASED,NID_REGISTRATION_ELIGIBILITY_F03,Medium,FALSE,Synthetic NID core anchored in reviewed taxonomy include examples; automated semantic/structural validation only; no REAL provenance claimed.
NIDQ_0010,How does registration Eligibility work?,NID,NID_REGISTRATION,NID / Voter Registration,NID_REGISTRATION_ELIGIBILITY,Registration Eligibility,Low,Mixed,FALSE,,SYNTHETIC,NID_REGISTRATION_ELIGIBILITY_F04,Hard,FALSE,Synthetic NID core anchored in reviewed taxonomy include examples; automated semantic/structural validation only; no REAL provenance claimed.
NIDQ_0011,"For my case, How does registration Eligibility work?",NID,NID_REGISTRATION,NID / Voter Registration,NID_REGISTRATION_ELIGIBILITY,Registration Eligibility,Low,Mixed,FALSE,,PARAPHRASED,NID_REGISTRATION_ELIGIBILITY_F04,Hard,FALSE,Synthetic NID core anchored in reviewed taxonomy include examples; automated semantic/structural validation only; no REAL provenance claimed.
NIDQ_0012,Can you clarify this for me: How does registration Eligibility work?,NID,NID_REGISTRATION,NID / Voter Registration,NID_REGISTRATION_ELIGIBILITY,Registration Eligibility,Low,Mixed,FALSE,,PARAPHRASED,NID_REGISTRATION_ELIGIBILITY_F04,Hard,FALSE,Synthetic NID core anchored in reviewed taxonomy include examples; automated semantic/structural validation only; no REAL provenance claimed.
NIDQ_0013,Please explain the official process for minimum age for NID.,NID,NID_REGISTRATION,NID / Voter Registration,NID_REGISTRATION_AGE_ELIGIBILITY,Registration Age Requirement,Low,Formal,FALSE,,SYNTHETIC,NID_REGISTRATION_AGE_ELIGIBILITY_F01,Easy,FALSE,Synthetic NID core anchored in reviewed taxonomy include examples; automated semantic/structural validation only; no REAL provenance claimed.
NIDQ_0014,I am trying to understand this: Please explain the official process for minimum age for NID?,NID,NID_REGISTRATION,NID / Voter Registration,NID_REGISTRATION_AGE_ELIGIBILITY,Registration Age Requirement,Low,Formal,FALSE,,PARAPHRASED,NID_REGISTRATION_AGE_ELIGIBILITY_F01,Easy,FALSE,Synthetic NID core anchored in reviewed taxonomy include examples; automated semantic/structural validation only; no REAL provenance claimed.
NIDQ_0015,I need guidance on this: Please explain the official process for minimum age for NID?,NID,NID_REGISTRATION,NID / Voter Registration,NID_REGISTRATION_AGE_ELIGIBILITY,Registration Age Requirement,Low,Formal,FALSE,,PARAPHRASED,NID_REGISTRATION_AGE_ELIGIBILITY_F01,Easy,FALSE,Synthetic NID core anchored in reviewed taxonomy include examples; automated semantic/structural validation only; no REAL provenance claimed.
NIDQ_0016,Can you clarify someone under 18 can register?,NID,NID_REGISTRATION,NID / Voter Registration,NID_REGISTRATION_AGE_ELIGIBILITY,Registration Age Requirement,Low,Informal,FALSE,,SYNTHETIC,NID_REGISTRATION_AGE_ELIGIBILITY_F02,Medium,FALSE,Synthetic NID core anchored in reviewed taxonomy include examples; automated semantic/structural validation only; no REAL provenance claimed.
NIDQ_0017,Could you explain Can you clarify someone under 18 can register?,NID,NID_REGISTRATION,NID / Voter Registration,NID_REGISTRATION_AGE_ELIGIBILITY,Registration Age Requirement,Low,Informal,FALSE,,PARAPHRASED,NID_REGISTRATION_AGE_ELIGIBILITY_F02,Medium,FALSE,Synthetic NID core anchored in reviewed taxonomy include examples; automated semantic/structural validation only; no REAL provenance claimed.
NIDQ_0018,Please tell me the correct process: Can you clarify someone under 18 can register?,NID,NID_REGISTRATION,NID / Voter Registration,NID_REGISTRATION_AGE_ELIGIBILITY,Registration Age Requirement,Low,Informal,FALSE,,PARAPHRASED,NID_REGISTRATION_AGE_ELIGIBILITY_F02,Medium,FALSE,Synthetic NID core anchored in reviewed taxonomy include examples; automated semantic/structural validation only; no REAL provenance claimed.
NIDQ_0019,Where can I get help about age requirement for becoming a voter?,NID,NID_REGISTRATION,NID / Voter Registration,NID_REGISTRATION_AGE_ELIGIBILITY,Registration Age Requirement,Low,Mixed,FALSE,,SYNTHETIC,NID_REGISTRATION_AGE_ELIGIBILITY_F03,Medium,FALSE,Synthetic NID core anchored in reviewed taxonomy include examples; automated semantic/structural validation only; no REAL provenance claimed.
NIDQ_0020,"For my case, Where is it possible to get help about age requirement for becoming a voter?",NID,NID_REGISTRATION,NID / Voter Registration,NID_REGISTRATION_AGE_ELIGIBILITY,Registration Age Requirement,Low,Mixed,FALSE,,PARAPHRASED,NID_REGISTRATION_AGE_ELIGIBILITY_F03,Medium,FALSE,Synthetic NID core anchored in reviewed taxonomy include examples; automated semantic/structural validation only; no REAL provenance claimed.
NIDQ_0021,Can you clarify this for me: Where is it possible to get help about age requirement for becoming a voter?,NID,NID_REGISTRATION,NID / Voter Registration,NID_REGISTRATION_AGE_ELIGIBILITY,Registration Age Requirement,Low,Mixed,FALSE,,PARAPHRASED,NID_REGISTRATION_AGE_ELIGIBILITY_F03,Medium,FALSE,Synthetic NID core anchored in reviewed taxonomy include examples; automated semantic/structural validation only; no REAL provenance claimed.
NIDQ_0022,What is required for registration Age Requirement?,NID,NID_REGISTRATION,NID / Voter Registration,NID_REGISTRATION_AGE_ELIGIBILITY,Registration Age Requirement,Low,Mixed,FALSE,,SYNTHETIC,NID_REGISTRATION_AGE_ELIGIBILITY_F04,Hard,FALSE,Synthetic NID core anchored in reviewed taxonomy include examples; automated semantic/structural validation only; no REAL provenance claimed.
NIDQ_0023,What is required for registration Age Requirement; what should I do next?,NID,NID_REGISTRATION,NID / Voter Registration,NID_REGISTRATION_AGE_ELIGIBILITY,Registration Age Requirement,Low,Mixed,FALSE,,PARAPHRASED,NID_REGISTRATION_AGE_ELIGIBILITY_F04,Hard,FALSE,Synthetic NID core anchored in reviewed taxonomy include examples; automated semantic/structural validation only; no REAL provenance claimed.
NIDQ_0024,এই বিষয়ে সহায়তা চাই: What is required for registration Age Requirement?,NID,NID_REGISTRATION,NID / Voter Registration,NID_REGISTRATION_AGE_ELIGIBILITY,Registration Age Requirement,Low,Mixed,FALSE,,PARAPHRASED,NID_REGISTRATION_AGE_ELIGIBILITY_F04,Hard,FALSE,Synthetic NID core anchored in reviewed taxonomy include examples; automated semantic/structural validation only; no REAL provenance claimed.
NIDQ_0025,How to register for the first time?,NID,NID_REGISTRATION,NID / Voter Registration,NID_REGISTRATION_PROCESS,First-Time Registration Process,Low,Formal,FALSE,,SYNTHETIC,NID_REGISTRATION_PROCESS_F01,Easy,FALSE,Synthetic NID core anchored in reviewed taxonomy include examples; automated semantic/structural validation only; no REAL provenance claimed.
NIDQ_0026,Could you explain How to register for the first time?,NID,NID_REGISTRATION,NID / Voter Registration,NID_REGISTRATION_PROCESS,First-Time Registration Process,Low,Formal,FALSE,,PARAPHRASED,NID_REGISTRATION_PROCESS_F01,Easy,FALSE,Synthetic NID core anchored in reviewed taxonomy include examples; automated semantic/structural validation only; no REAL provenance claimed.
NIDQ_0027,Please tell me the correct process: How to register for the first time?,NID,NID_REGISTRATION,NID / Voter Registration,NID_REGISTRATION_PROCESS,First-Time Registration Process,Low,Formal,FALSE,,PARAPHRASED,NID_REGISTRATION_PROCESS_F01,Easy,FALSE,Synthetic NID core anchored in reviewed taxonomy include examples; automated semantic/structural validation only; no REAL provenance claimed.
NIDQ_0028,I have a question about step-by-step registration process. What is the process?,NID,NID_REGISTRATION,NID / Voter Registration,NID_REGISTRATION_PROCESS,First-Time Registration Process,Low,Informal,FALSE,,SYNTHETIC,NID_REGISTRATION_PROCESS_F02,Medium,FALSE,Synthetic NID core anchored in reviewed taxonomy include examples; automated semantic/structural validation only; no REAL provenance claimed.
NIDQ_0029,"For my case, I have a question about step-by-step registration process. What is the process?",NID,NID_REGISTRATION,NID / Voter Registration,NID_REGISTRATION_PROCESS,First-Time Registration Process,Low,Informal,FALSE,,PARAPHRASED,NID_REGISTRATION_PROCESS_F02,Medium,FALSE,Synthetic NID core anchored in reviewed taxonomy include examples; automated semantic/structural validation only; no REAL provenance claimed.
NIDQ_0030,Can you clarify this for me: I have a question about step-by-step registration process. What is the process?,NID,NID_REGISTRATION,NID / Voter Registration,NID_REGISTRATION_PROCESS,First-Time Registration Process,Low,Informal,FALSE,,PARAPHRASED,NID_REGISTRATION_PROCESS_F02,Medium,FALSE,Synthetic NID core anchored in reviewed taxonomy include examples; automated semantic/structural validation only; no REAL provenance claimed.
NIDQ_0031,Where to start?,NID,NID_REGISTRATION,NID / Voter Registration,NID_REGISTRATION_PROCESS,First-Time Registration Process,Low,Mixed,FALSE,,SYNTHETIC,NID_REGISTRATION_PROCESS_F03,Medium,FALSE,Synthetic NID core anchored in reviewed taxonomy include examples; automated semantic/structural validation only; no REAL provenance claimed.
NIDQ_0032,Where to start; what should I do next?,NID,NID_REGISTRATION,NID / Voter Registration,NID_REGISTRATION_PROCESS,First-Time Registration Process,Low,Mixed,FALSE,,PARAPHRASED,NID_REGISTRATION_PROCESS_F03,Medium,FALSE,Synthetic NID core anchored in reviewed taxonomy include examples; automated semantic/structural validation only; no REAL provenance claimed.
NIDQ_0033,এই বিষয়ে সহায়তা চাই: Where to start?,NID,NID_REGISTRATION,NID / Voter Registration,NID_REGISTRATION_PROCESS,First-Time Registration Process,Low,Mixed,FALSE,,PARAPHRASED,NID_REGISTRATION_PROCESS_F03,Medium,FALSE,Synthetic NID core anchored in reviewed taxonomy include examples; automated semantic/structural validation only; no REAL provenance claimed.
NIDQ_0034,How should I handle complete registration procedure?,NID,NID_REGISTRATION,NID / Voter Registration,NID_REGISTRATION_PROCESS,First-Time Registration Process,Low,Mixed,FALSE,,SYNTHETIC,NID_REGISTRATION_PROCESS_F04,Hard,FALSE,Synthetic NID core anchored in reviewed taxonomy include examples; automated semantic/structural validation only; no REAL provenance claimed.
NIDQ_0035,I am trying to understand this: How should I handle complete registration procedure?,NID,NID_REGISTRATION,NID / Voter Registration,NID_REGISTRATION_PROCESS,First-Time Registration Process,Low,Mixed,FALSE,,PARAPHRASED,NID_REGISTRATION_PROCESS_F04,Hard,FALSE,Synthetic NID core anchored in reviewed taxonomy include examples; automated semantic/structural validation only; no REAL provenance claimed.
NIDQ_0036,I need guidance on this: How should I handle complete registration procedure?,NID,NID_REGISTRATION,NID / Voter Registration,NID_REGISTRATION_PROCESS,First-Time Registration Process,Low,Mixed,FALSE,,PARAPHRASED,NID_REGISTRATION_PROCESS_F04,Hard,FALSE,Synthetic NID core anchored in reviewed taxonomy include examples; automated semantic/structural validation only; no REAL provenance claimed.
NIDQ_0037,What should I know about online application procedure?,NID,NID_REGISTRATION,NID / Voter Registration,NID_REGISTRATION_ONLINE_APPLICATION,Online Registration Application,Low,Formal,FALSE,,SYNTHETIC,NID_REGISTRATION_ONLINE_APPLICATION_F01,Easy,FALSE,Synthetic NID core anchored in reviewed taxonomy include examples; automated semantic/structural validation only; no REAL provenance claimed.
NIDQ_0038,"For my case, What should I know about online application procedure?",NID,NID_REGISTRATION,NID / Voter Registration,NID_REGISTRATION_ONLINE_APPLICATION,Online Registration Application,Low,Formal,FALSE,,PARAPHRASED,NID_REGISTRATION_ONLINE_APPLICATION_F01,Easy,FALSE,Synthetic NID core anchored in reviewed taxonomy include examples; automated semantic/structural validation only; no REAL provenance claimed.
NIDQ_0039,Can you clarify this for me: What should I know about online application procedure?,NID,NID_REGISTRATION,NID / Voter Registration,NID_REGISTRATION_ONLINE_APPLICATION,Online Registration Application,Low,Formal,FALSE,,PARAPHRASED,NID_REGISTRATION_ONLINE_APPLICATION_F01,Easy,FALSE,Synthetic NID core anchored in reviewed taxonomy include examples; automated semantic/structural validation only; no REAL provenance claimed.
NIDQ_0040,Could you explain the rules for online registration website?,NID,NID_REGISTRATION,NID / Voter Registration,NID_REGISTRATION_ONLINE_APPLICATION,Online Registration Application,Low,Informal,FALSE,,SYNTHETIC,NID_REGISTRATION_ONLINE_APPLICATION_F02,Medium,FALSE,Synthetic NID core anchored in reviewed taxonomy include examples; automated semantic/structural validation only; no REAL provenance claimed.
NIDQ_0041,Could you explain the rules for online registration website; what should I do next?,NID,NID_REGISTRATION,NID / Voter Registration,NID_REGISTRATION_ONLINE_APPLICATION,Online Registration Application,Low,Informal,FALSE,,PARAPHRASED,NID_REGISTRATION_ONLINE_APPLICATION_F02,Medium,FALSE,Synthetic NID core anchored in reviewed taxonomy include examples; automated semantic/structural validation only; no REAL provenance claimed.
NIDQ_0042,এই বিষয়ে সহায়তা চাই: Could you explain the rules for online registration website?,NID,NID_REGISTRATION,NID / Voter Registration,NID_REGISTRATION_ONLINE_APPLICATION,Online Registration Application,Low,Informal,FALSE,,PARAPHRASED,NID_REGISTRATION_ONLINE_APPLICATION_F02,Medium,FALSE,Synthetic NID core anchored in reviewed taxonomy include examples; automated semantic/structural validation only; no REAL provenance claimed.
NIDQ_0043,I need guidance about applying from home. What should I do?,NID,NID_REGISTRATION,NID / Voter Registration,NID_REGISTRATION_ONLINE_APPLICATION,Online Registration Application,Low,Mixed,FALSE,,SYNTHETIC,NID_REGISTRATION_ONLINE_APPLICATION_F03,Medium,FALSE,Synthetic NID core anchored in reviewed taxonomy include examples; automated semantic/structural validation only; no REAL provenance claimed.
NIDQ_0044,I am trying to understand this: I need guidance about applying from home. What should I do?,NID,NID_REGISTRATION,NID / Voter Registration,NID_REGISTRATION_ONLINE_APPLICATION,Online Registration Application,Low,Mixed,FALSE,,PARAPHRASED,NID_REGISTRATION_ONLINE_APPLICATION_F03,Medium,FALSE,Synthetic NID core anchored in reviewed taxonomy include examples; automated semantic/structural validation only; no REAL provenance claimed.
NIDQ_0045,I need guidance on this: I need guidance about applying from home. What should I do?,NID,NID_REGISTRATION,NID / Voter Registration,NID_REGISTRATION_ONLINE_APPLICATION,Online Registration Application,Low,Mixed,FALSE,,PARAPHRASED,NID_REGISTRATION_ONLINE_APPLICATION_F03,Medium,FALSE,Synthetic NID core anchored in reviewed taxonomy include examples; automated semantic/structural validation only; no REAL provenance claimed.
NIDQ_0046,How does online submission work?,NID,NID_REGISTRATION,NID / Voter Registration,NID_REGISTRATION_ONLINE_APPLICATION,Online Registration Application,Low,Mixed,FALSE,,SYNTHETIC,NID_REGISTRATION_ONLINE_APPLICATION_F04,Hard,FALSE,Synthetic NID core anchored in reviewed taxonomy include examples; automated semantic/structural validation only; no REAL provenance claimed.
NIDQ_0047,Could you explain How does online submission work?,NID,NID_REGISTRATION,NID / Voter Registration,NID_REGISTRATION_ONLINE_APPLICATION,Online Registration Application,Low,Mixed,FALSE,,PARAPHRASED,NID_REGISTRATION_ONLINE_APPLICATION_F04,Hard,FALSE,Synthetic NID core anchored in reviewed taxonomy include examples; automated semantic/structural validation only; no REAL provenance claimed.
NIDQ_0048,Please tell me the correct process: How does online submission work?,NID,NID_REGISTRATION,NID / Voter Registration,NID_REGISTRATION_ONLINE_APPLICATION,Online Registration Application,Low,Mixed,FALSE,,PARAPHRASED,NID_REGISTRATION_ONLINE_APPLICATION_F04,Hard,FALSE,Synthetic NID core anchored in reviewed taxonomy include examples; automated semantic/structural validation only; no REAL provenance claimed.
NIDQ_0049,Please explain the official process for required document list.,NID,NID_REGISTRATION,NID / Voter Registration,NID_REGISTRATION_REQUIRED_DOCUMENTS,Required Registration Documents,Low,Formal,FALSE,,SYNTHETIC,NID_REGISTRATION_REQUIRED_DOCUMENTS_F01,Easy,FALSE,Synthetic NID core anchored in reviewed taxonomy include examples; automated semantic/structural validation only; no REAL provenance claimed.
NIDQ_0050,Please explain the official process for required document list; what should I do next?,NID,NID_REGISTRATION,NID / Voter Registration,NID_REGISTRATION_REQUIRED_DOCUMENTS,Required Registration Documents,Low,Formal,FALSE,,PARAPHRASED,NID_REGISTRATION_REQUIRED_DOCUMENTS_F01,Easy,FALSE,Synthetic NID core anchored in reviewed taxonomy include examples; automated semantic/structural validation only; no REAL provenance claimed.
NIDQ_0051,Please explain the official process for required document list?,NID,NID_REGISTRATION,NID / Voter Registration,NID_REGISTRATION_REQUIRED_DOCUMENTS,Required Registration Documents,Low,Formal,FALSE,,PARAPHRASED,NID_REGISTRATION_REQUIRED_DOCUMENTS_F01,Easy,FALSE,Synthetic NID core anchored in reviewed taxonomy include examples; automated semantic/structural validation only; no REAL provenance claimed.
NIDQ_0052,Which rules apply to birth certificate requirement?,NID,NID_REGISTRATION,NID / Voter Registration,NID_REGISTRATION_REQUIRED_DOCUMENTS,Required Registration Documents,Low,Informal,FALSE,,SYNTHETIC,NID_REGISTRATION_REQUIRED_DOCUMENTS_F02,Medium,FALSE,Synthetic NID core anchored in reviewed taxonomy include examples; automated semantic/structural validation only; no REAL provenance claimed.
NIDQ_0053,I am trying to understand this: Which rules apply to birth certificate requirement?,NID,NID_REGISTRATION,NID / Voter Registration,NID_REGISTRATION_REQUIRED_DOCUMENTS,Required Registration Documents,Low,Informal,FALSE,,PARAPHRASED,NID_REGISTRATION_REQUIRED_DOCUMENTS_F02,Medium,FALSE,Synthetic NID core anchored in reviewed taxonomy include examples; automated semantic/structural validation only; no REAL provenance claimed.
NIDQ_0054,I need guidance on this: Which rules apply to birth certificate requirement?,NID,NID_REGISTRATION,NID / Voter Registration,NID_REGISTRATION_REQUIRED_DOCUMENTS,Required Registration Documents,Low,Informal,FALSE,,PARAPHRASED,NID_REGISTRATION_REQUIRED_DOCUMENTS_F02,Medium,FALSE,Synthetic NID core anchored in reviewed taxonomy include examples; automated semantic/structural validation only; no REAL provenance claimed.
NIDQ_0055,Where can I get help about parents' document requirement?,NID,NID_REGISTRATION,NID / Voter Registration,NID_REGISTRATION_REQUIRED_DOCUMENTS,Required Registration Documents,Low,Mixed,FALSE,,SYNTHETIC,NID_REGISTRATION_REQUIRED_DOCUMENTS_F03,Medium,FALSE,Synthetic NID core anchored in reviewed taxonomy include examples; automated semantic/structural validation only; no REAL provenance claimed.
NIDQ_0056,Could you explain Where is it possible to get help about parents' document requirement?,NID,NID_REGISTRATION,NID / Voter Registration,NID_REGISTRATION_REQUIRED_DOCUMENTS,Required Registration Documents,Low,Mixed,FALSE,,PARAPHRASED,NID_REGISTRATION_REQUIRED_DOCUMENTS_F03,Medium,FALSE,Synthetic NID core anchored in reviewed taxonomy include examples; automated semantic/structural validation only; no REAL provenance claimed.
NIDQ_0057,Please tell me the correct process: Where is it possible to get help about parents' document requirement?,NID,NID_REGISTRATION,NID / Voter Registration,NID_REGISTRATION_REQUIRED_DOCUMENTS,Required Registration Documents,Low,Mixed,FALSE,,PARAPHRASED,NID_REGISTRATION_REQUIRED_DOCUMENTS_F03,Medium,FALSE,Synthetic NID core anchored in reviewed taxonomy include examples; automated semantic/structural validation only; no REAL provenance claimed.
NIDQ_0058,What is required for educational certificate requirement?,NID,NID_REGISTRATION,NID / Voter Registration,NID_REGISTRATION_REQUIRED_DOCUMENTS,Required Registration Documents,Low,Mixed,FALSE,,SYNTHETIC,NID_REGISTRATION_REQUIRED_DOCUMENTS_F04,Hard,FALSE,Synthetic NID core anchored in reviewed taxonomy include examples; automated semantic/structural validation only; no REAL provenance claimed.
NIDQ_0059,"For my case, What is required for educational certificate requirement?",NID,NID_REGISTRATION,NID / Voter Registration,NID_REGISTRATION_REQUIRED_DOCUMENTS,Required Registration Documents,Low,Mixed,FALSE,,PARAPHRASED,NID_REGISTRATION_REQUIRED_DOCUMENTS_F04,Hard,FALSE,Synthetic NID core anchored in reviewed taxonomy include examples; automated semantic/structural validation only; no REAL provenance claimed.
NIDQ_0060,Can you clarify this for me: What is required for educational certificate requirement?,NID,NID_REGISTRATION,NID / Voter Registration,NID_REGISTRATION_REQUIRED_DOCUMENTS,Required Registration Documents,Low,Mixed,FALSE,,PARAPHRASED,NID_REGISTRATION_REQUIRED_DOCUMENTS_F04,Hard,FALSE,Synthetic NID core anchored in reviewed taxonomy include examples; automated semantic/structural validation only; no REAL provenance claimed.
NIDQ_0061,Where to get the application form?,NID,NID_REGISTRATION,NID / Voter Registration,NID_REGISTRATION_APPLICATION_FORM,Registration Application Form,Low,Formal,FALSE,,SYNTHETIC,NID_REGISTRATION_APPLICATION_FORM_F01,Easy,FALSE,Synthetic NID core anchored in reviewed taxonomy include examples; automated semantic/structural validation only; no REAL provenance claimed.
NIDQ_0062,I am trying to understand this: Where to get the application form?,NID,NID_REGISTRATION,NID / Voter Registration,NID_REGISTRATION_APPLICATION_FORM,Registration Application Form,Low,Formal,FALSE,,PARAPHRASED,NID_REGISTRATION_APPLICATION_FORM_F01,Easy,FALSE,Synthetic NID core anchored in reviewed taxonomy include examples; automated semantic/structural validation only; no REAL provenance claimed.
NIDQ_0063,I need guidance on this: Where to get the application form?,NID,NID_REGISTRATION,NID / Voter Registration,NID_REGISTRATION_APPLICATION_FORM,Registration Application Form,Low,Formal,FALSE,,PARAPHRASED,NID_REGISTRATION_APPLICATION_FORM_F01,Easy,FALSE,Synthetic NID core anchored in reviewed taxonomy include examples; automated semantic/structural validation only; no REAL provenance claimed.
NIDQ_0064,How to fill the form?,NID,NID_REGISTRATION,NID / Voter Registration,NID_REGISTRATION_APPLICATION_FORM,Registration Application Form,Low,Informal,FALSE,,SYNTHETIC,NID_REGISTRATION_APPLICATION_FORM_F02,Medium,FALSE,Synthetic NID core anchored in reviewed taxonomy include examples; automated semantic/structural validation only; no REAL provenance claimed.
NIDQ_0065,Could you explain How to fill the form?,NID,NID_REGISTRATION,NID / Voter Registration,NID_REGISTRATION_APPLICATION_FORM,Registration Application Form,Low,Informal,FALSE,,PARAPHRASED,NID_REGISTRATION_APPLICATION_FORM_F02,Medium,FALSE,Synthetic NID core anchored in reviewed taxonomy include examples; automated semantic/structural validation only; no REAL provenance claimed.
NIDQ_0066,Please tell me the correct process: How to fill the form?,NID,NID_REGISTRATION,NID / Voter Registration,NID_REGISTRATION_APPLICATION_FORM,Registration Application Form,Low,Informal,FALSE,,PARAPHRASED,NID_REGISTRATION_APPLICATION_FORM_F02,Medium,FALSE,Synthetic NID core anchored in reviewed taxonomy include examples; automated semantic/structural validation only; no REAL provenance claimed.
NIDQ_0067,How to submit the form?,NID,NID_REGISTRATION,NID / Voter Registration,NID_REGISTRATION_APPLICATION_FORM,Registration Application Form,Low,Mixed,FALSE,,SYNTHETIC,NID_REGISTRATION_APPLICATION_FORM_F03,Medium,FALSE,Synthetic NID core anchored in reviewed taxonomy include examples; automated semantic/structural validation only; no REAL provenance claimed.
NIDQ_0068,"For my case, How to submit the form?",NID,NID_REGISTRATION,NID / Voter Registration,NID_REGISTRATION_APPLICATION_FORM,Registration Application Form,Low,Mixed,FALSE,,PARAPHRASED,NID_REGISTRATION_APPLICATION_FORM_F03,Medium,FALSE,Synthetic NID core anchored in reviewed taxonomy include examples; automated semantic/structural validation only; no REAL provenance claimed.
NIDQ_0069,Can you clarify this for me: How to submit the form?,NID,NID_REGISTRATION,NID / Voter Registration,NID_REGISTRATION_APPLICATION_FORM,Registration Application Form,Low,Mixed,FALSE,,PARAPHRASED,NID_REGISTRATION_APPLICATION_FORM_F03,Medium,FALSE,Synthetic NID core anchored in reviewed taxonomy include examples; automated semantic/structural validation only; no REAL provenance claimed.
NIDQ_0070,How should I handle mistake in the application form?,NID,NID_REGISTRATION,NID / Voter Registration,NID_REGISTRATION_APPLICATION_FORM,Registration Application Form,Low,Mixed,FALSE,,SYNTHETIC,NID_REGISTRATION_APPLICATION_FORM_F04,Hard,FALSE,Synthetic NID core anchored in reviewed taxonomy include examples; automated semantic/structural validation only; no REAL provenance claimed.
NIDQ_0071,How should I handle mistake in the application form; what should I do next?,NID,NID_REGISTRATION,NID / Voter Registration,NID_REGISTRATION_APPLICATION_FORM,Registration Application Form,Low,Mixed,FALSE,,PARAPHRASED,NID_REGISTRATION_APPLICATION_FORM_F04,Hard,FALSE,Synthetic NID core anchored in reviewed taxonomy include examples; automated semantic/structural validation only; no REAL provenance claimed.
NIDQ_0072,এই বিষয়ে সহায়তা চাই: How should I handle mistake in the application form?,NID,NID_REGISTRATION,NID / Voter Registration,NID_REGISTRATION_APPLICATION_FORM,Registration Application Form,Low,Mixed,FALSE,,PARAPHRASED,NID_REGISTRATION_APPLICATION_FORM_F04,Hard,FALSE,Synthetic NID core anchored in reviewed taxonomy include examples; automated semantic/structural validation only; no REAL provenance claimed.
NIDQ_0073,Where to apply?,NID,NID_REGISTRATION,NID / Voter Registration,NID_REGISTRATION_APPLICATION_LOCATION,Registration Office or Application Location,Low,Formal,FALSE,,SYNTHETIC,NID_REGISTRATION_APPLICATION_LOCATION_F01,Easy,FALSE,Synthetic NID core anchored in reviewed taxonomy include examples; automated semantic/structural validation only; no REAL provenance claimed.
NIDQ_0074,Could you explain Where to apply?,NID,NID_REGISTRATION,NID / Voter Registration,NID_REGISTRATION_APPLICATION_LOCATION,Registration Office or Application Location,Low,Formal,FALSE,,PARAPHRASED,NID_REGISTRATION_APPLICATION_LOCATION_F01,Easy,FALSE,Synthetic NID core anchored in reviewed taxonomy include examples; automated semantic/structural validation only; no REAL provenance claimed.
NIDQ_0075,Please tell me the correct process: Where to apply?,NID,NID_REGISTRATION,NID / Voter Registration,NID_REGISTRATION_APPLICATION_LOCATION,Registration Office or Application Location,Low,Formal,FALSE,,PARAPHRASED,NID_REGISTRATION_APPLICATION_LOCATION_F01,Easy,FALSE,Synthetic NID core anchored in reviewed taxonomy include examples; automated semantic/structural validation only; no REAL provenance claimed.
NIDQ_0076,Could you explain the rules for which election office to visit?,NID,NID_REGISTRATION,NID / Voter Registration,NID_REGISTRATION_APPLICATION_LOCATION,Registration Office or Application Location,Low,Informal,FALSE,,SYNTHETIC,NID_REGISTRATION_APPLICATION_LOCATION_F02,Medium,FALSE,Synthetic NID core anchored in reviewed taxonomy include examples; automated semantic/structural validation only; no REAL provenance claimed.
NIDQ_0077,"For my case, Could you explain the rules for which election office to visit?",NID,NID_REGISTRATION,NID / Voter Registration,NID_REGISTRATION_APPLICATION_LOCATION,Registration Office or Application Location,Low,Informal,FALSE,,PARAPHRASED,NID_REGISTRATION_APPLICATION_LOCATION_F02,Medium,FALSE,Synthetic NID core anchored in reviewed taxonomy include examples; automated semantic/structural validation only; no REAL provenance claimed.
NIDQ_0078,Can you clarify this for me: Could you explain the rules for which election office to visit?,NID,NID_REGISTRATION,NID / Voter Registration,NID_REGISTRATION_APPLICATION_LOCATION,Registration Office or Application Location,Low,Informal,FALSE,,PARAPHRASED,NID_REGISTRATION_APPLICATION_LOCATION_F02,Medium,FALSE,Synthetic NID core anchored in reviewed taxonomy include examples; automated semantic/structural validation only; no REAL provenance claimed.
NIDQ_0079,I need guidance about local registration center. What should I do?,NID,NID_REGISTRATION,NID / Voter Registration,NID_REGISTRATION_APPLICATION_LOCATION,Registration Office or Application Location,Low,Mixed,FALSE,,SYNTHETIC,NID_REGISTRATION_APPLICATION_LOCATION_F03,Medium,FALSE,Synthetic NID core anchored in reviewed taxonomy include examples; automated semantic/structural validation only; no REAL provenance claimed.
NIDQ_0080,I need guidance about local registration center. What should I do; what should I do next?,NID,NID_REGISTRATION,NID / Voter Registration,NID_REGISTRATION_APPLICATION_LOCATION,Registration Office or Application Location,Low,Mixed,FALSE,,PARAPHRASED,NID_REGISTRATION_APPLICATION_LOCATION_F03,Medium,FALSE,Synthetic NID core anchored in reviewed taxonomy include examples; automated semantic/structural validation only; no REAL provenance claimed.
NIDQ_0081,এই বিষয়ে সহায়তা চাই: I need guidance about local registration center. What should I do?,NID,NID_REGISTRATION,NID / Voter Registration,NID_REGISTRATION_APPLICATION_LOCATION,Registration Office or Application Location,Low,Mixed,FALSE,,PARAPHRASED,NID_REGISTRATION_APPLICATION_LOCATION_F03,Medium,FALSE,Synthetic NID core anchored in reviewed taxonomy include examples; automated semantic/structural validation only; no REAL provenance claimed.
NIDQ_0082,Can you clarify an office visit is required?,NID,NID_REGISTRATION,NID / Voter Registration,NID_REGISTRATION_APPLICATION_LOCATION,Registration Office or Application Location,Low,Mixed,FALSE,,SYNTHETIC,NID_REGISTRATION_APPLICATION_LOCATION_F04,Hard,FALSE,Synthetic NID core anchored in reviewed taxonomy include examples; automated semantic/structural validation only; no REAL provenance claimed.
NIDQ_0083,I am trying to understand this: Can you clarify an office visit is required?,NID,NID_REGISTRATION,NID / Voter Registration,NID_REGISTRATION_APPLICATION_LOCATION,Registration Office or Application Location,Low,Mixed,FALSE,,PARAPHRASED,NID_REGISTRATION_APPLICATION_LOCATION_F04,Hard,FALSE,Synthetic NID core anchored in reviewed taxonomy include examples; automated semantic/structural validation only; no REAL provenance claimed.
NIDQ_0084,I need guidance on this: Can you clarify an office visit is required?,NID,NID_REGISTRATION,NID / Voter Registration,NID_REGISTRATION_APPLICATION_LOCATION,Registration Office or Application Location,Low,Mixed,FALSE,,PARAPHRASED,NID_REGISTRATION_APPLICATION_LOCATION_F04,Hard,FALSE,Synthetic NID core anchored in reviewed taxonomy include examples; automated semantic/structural validation only; no REAL provenance claimed.
NIDQ_0085,Please explain the official process for fingerprint requirement.,NID,NID_REGISTRATION,NID / Voter Registration,NID_REGISTRATION_BIOMETRIC,Registration Biometric Process,Low,Formal,FALSE,,SYNTHETIC,NID_REGISTRATION_BIOMETRIC_F01,Easy,FALSE,Synthetic NID core anchored in reviewed taxonomy include examples; automated semantic/structural validation only; no REAL provenance claimed.
NIDQ_0086,"For my case, Please explain the official process for fingerprint requirement?",NID,NID_REGISTRATION,NID / Voter Registration,NID_REGISTRATION_BIOMETRIC,Registration Biometric Process,Low,Formal,FALSE,,PARAPHRASED,NID_REGISTRATION_BIOMETRIC_F01,Easy,FALSE,Synthetic NID core anchored in reviewed taxonomy include examples; automated semantic/structural validation only; no REAL provenance claimed.
NIDQ_0087,Can you clarify this for me: Please explain the official process for fingerprint requirement?,NID,NID_REGISTRATION,NID / Voter Registration,NID_REGISTRATION_BIOMETRIC,Registration Biometric Process,Low,Formal,FALSE,,PARAPHRASED,NID_REGISTRATION_BIOMETRIC_F01,Easy,FALSE,Synthetic NID core anchored in reviewed taxonomy include examples; automated semantic/structural validation only; no REAL provenance claimed.
NIDQ_0088,Where biometrics are provided?,NID,NID_REGISTRATION,NID / Voter Registration,NID_REGISTRATION_BIOMETRIC,Registration Biometric Process,Low,Informal,FALSE,,SYNTHETIC,NID_REGISTRATION_BIOMETRIC_F02,Medium,FALSE,Synthetic NID core anchored in reviewed taxonomy include examples; automated semantic/structural validation only; no REAL provenance claimed.
NIDQ_0089,Where biometrics are provided; what should I do next?,NID,NID_REGISTRATION,NID / Voter Registration,NID_REGISTRATION_BIOMETRIC,Registration Biometric Process,Low,Informal,FALSE,,PARAPHRASED,NID_REGISTRATION_BIOMETRIC_F02,Medium,FALSE,Synthetic NID core anchored in reviewed taxonomy include examples; automated semantic/structural validation only; no REAL provenance claimed.
NIDQ_0090,এই বিষয়ে সহায়তা চাই: Where biometrics are provided?,NID,NID_REGISTRATION,NID / Voter Registration,NID_REGISTRATION_BIOMETRIC,Registration Biometric Process,Low,Informal,FALSE,,PARAPHRASED,NID_REGISTRATION_BIOMETRIC_F02,Medium,FALSE,Synthetic NID core anchored in reviewed taxonomy include examples; automated semantic/structural validation only; no REAL provenance claimed.
NIDQ_0091,Where can I get help about personal attendance for biometrics?,NID,NID_REGISTRATION,NID / Voter Registration,NID_REGISTRATION_BIOMETRIC,Registration Biometric Process,Low,Mixed,FALSE,,SYNTHETIC,NID_REGISTRATION_BIOMETRIC_F03,Medium,FALSE,Synthetic NID core anchored in reviewed taxonomy include examples; automated semantic/structural validation only; no REAL provenance claimed.
NIDQ_0092,I am trying to understand this: Where is it possible to get help about personal attendance for biometrics?,NID,NID_REGISTRATION,NID / Voter Registration,NID_REGISTRATION_BIOMETRIC,Registration Biometric Process,Low,Mixed,FALSE,,PARAPHRASED,NID_REGISTRATION_BIOMETRIC_F03,Medium,FALSE,Synthetic NID core anchored in reviewed taxonomy include examples; automated semantic/structural validation only; no REAL provenance claimed.
NIDQ_0093,I need guidance on this: Where is it possible to get help about personal attendance for biometrics?,NID,NID_REGISTRATION,NID / Voter Registration,NID_REGISTRATION_BIOMETRIC,Registration Biometric Process,Low,Mixed,FALSE,,PARAPHRASED,NID_REGISTRATION_BIOMETRIC_F03,Medium,FALSE,Synthetic NID core anchored in reviewed taxonomy include examples; automated semantic/structural validation only; no REAL provenance claimed.
NIDQ_0094,What happens during biometric registration?,NID,NID_REGISTRATION,NID / Voter Registration,NID_REGISTRATION_BIOMETRIC,Registration Biometric Process,Low,Mixed,FALSE,,SYNTHETIC,NID_REGISTRATION_BIOMETRIC_F04,Hard,FALSE,Synthetic NID core anchored in reviewed taxonomy include examples; automated semantic/structural validation only; no REAL provenance claimed.
NIDQ_0095,Could you explain What happens during biometric registration?,NID,NID_REGISTRATION,NID / Voter Registration,NID_REGISTRATION_BIOMETRIC,Registration Biometric Process,Low,Mixed,FALSE,,PARAPHRASED,NID_REGISTRATION_BIOMETRIC_F04,Hard,FALSE,Synthetic NID core anchored in reviewed taxonomy include examples; automated semantic/structural validation only; no REAL provenance claimed.
NIDQ_0096,Please tell me the correct process: What happens during biometric registration?,NID,NID_REGISTRATION,NID / Voter Registration,NID_REGISTRATION_BIOMETRIC,Registration Biometric Process,Low,Mixed,FALSE,,PARAPHRASED,NID_REGISTRATION_BIOMETRIC_F04,Hard,FALSE,Synthetic NID core anchored in reviewed taxonomy include examples; automated semantic/structural validation only; no REAL provenance claimed.
NIDQ_0097,Can you guide me about present-address voter area?,NID,NID_REGISTRATION,NID / Voter Registration,NID_REGISTRATION_AREA_SELECTION,Voter Registration Area Selection,Low,Formal,FALSE,,SYNTHETIC,NID_REGISTRATION_AREA_SELECTION_F01,Easy,FALSE,Synthetic NID core anchored in reviewed taxonomy include examples; automated semantic/structural validation only; no REAL provenance claimed.
NIDQ_0098,Can you guide me about present-address voter area; what should I do next?,NID,NID_REGISTRATION,NID / Voter Registration,NID_REGISTRATION_AREA_SELECTION,Voter Registration Area Selection,Low,Formal,FALSE,,PARAPHRASED,NID_REGISTRATION_AREA_SELECTION_F01,Easy,FALSE,Synthetic NID core anchored in reviewed taxonomy include examples; automated semantic/structural validation only; no REAL provenance claimed.
NIDQ_0099,এই বিষয়ে সহায়তা চাই: Can you guide me about present-address voter area?,NID,NID_REGISTRATION,NID / Voter Registration,NID_REGISTRATION_AREA_SELECTION,Voter Registration Area Selection,Low,Formal,FALSE,,PARAPHRASED,NID_REGISTRATION_AREA_SELECTION_F01,Easy,FALSE,Synthetic NID core anchored in reviewed taxonomy include examples; automated semantic/structural validation only; no REAL provenance claimed.
NIDQ_0100,I have a question about permanent-address voter area. What is the process?,NID,NID_REGISTRATION,NID / Voter Registration,NID_REGISTRATION_AREA_SELECTION,Voter Registration Area Selection,Low,Informal,FALSE,,SYNTHETIC,NID_REGISTRATION_AREA_SELECTION_F02,Medium,FALSE,Synthetic NID core anchored in reviewed taxonomy include examples; automated semantic/structural validation only; no REAL provenance claimed.
NIDQ_0101,I am trying to understand this: I have a question about permanent-address voter area. What is the process?,NID,NID_REGISTRATION,NID / Voter Registration,NID_REGISTRATION_AREA_SELECTION,Voter Registration Area Selection,Low,Informal,FALSE,,PARAPHRASED,NID_REGISTRATION_AREA_SELECTION_F02,Medium,FALSE,Synthetic NID core anchored in reviewed taxonomy include examples; automated semantic/structural validation only; no REAL provenance claimed.
NIDQ_0102,I need guidance on this: I have a question about permanent-address voter area. What is the process?,NID,NID_REGISTRATION,NID / Voter Registration,NID_REGISTRATION_AREA_SELECTION,Voter Registration Area Selection,Low,Informal,FALSE,,PARAPHRASED,NID_REGISTRATION_AREA_SELECTION_F02,Medium,FALSE,Synthetic NID core anchored in reviewed taxonomy include examples; automated semantic/structural validation only; no REAL provenance claimed.
NIDQ_0103,What are the next steps for different current and permanent locations?,NID,NID_REGISTRATION,NID / Voter Registration,NID_REGISTRATION_AREA_SELECTION,Voter Registration Area Selection,Low,Mixed,FALSE,,SYNTHETIC,NID_REGISTRATION_AREA_SELECTION_F03,Medium,FALSE,Synthetic NID core anchored in reviewed taxonomy include examples; automated semantic/structural validation only; no REAL provenance claimed.
NIDQ_0104,Could you explain What are the next steps for different current and permanent locations?,NID,NID_REGISTRATION,NID / Voter Registration,NID_REGISTRATION_AREA_SELECTION,Voter Registration Area Selection,Low,Mixed,FALSE,,PARAPHRASED,NID_REGISTRATION_AREA_SELECTION_F03,Medium,FALSE,Synthetic NID core anchored in reviewed taxonomy include examples; automated semantic/structural validation only; no REAL provenance claimed.
NIDQ_0105,Please tell me the correct process: What are the next steps for different current and permanent locations?,NID,NID_REGISTRATION,NID / Voter Registration,NID_REGISTRATION_AREA_SELECTION,Voter Registration Area Selection,Low,Mixed,FALSE,,PARAPHRASED,NID_REGISTRATION_AREA_SELECTION_F03,Medium,FALSE,Synthetic NID core anchored in reviewed taxonomy include examples; automated semantic/structural validation only; no REAL provenance claimed.
NIDQ_0106,How registration area is determined?,NID,NID_REGISTRATION,NID / Voter Registration,NID_REGISTRATION_AREA_SELECTION,Voter Registration Area Selection,Low,Mixed,FALSE,,SYNTHETIC,NID_REGISTRATION_AREA_SELECTION_F04,Hard,FALSE,Synthetic NID core anchored in reviewed taxonomy include examples; automated semantic/structural validation only; no REAL provenance claimed.
NIDQ_0107,"For my case, How registration area is determined?",NID,NID_REGISTRATION,NID / Voter Registration,NID_REGISTRATION_AREA_SELECTION,Voter Registration Area Selection,Low,Mixed,FALSE,,PARAPHRASED,NID_REGISTRATION_AREA_SELECTION_F04,Hard,FALSE,Synthetic NID core anchored in reviewed taxonomy include examples; automated semantic/structural validation only; no REAL provenance claimed.
NIDQ_0108,Can you clarify this for me: How registration area is determined?,NID,NID_REGISTRATION,NID / Voter Registration,NID_REGISTRATION_AREA_SELECTION,Voter Registration Area Selection,Low,Mixed,FALSE,,PARAPHRASED,NID_REGISTRATION_AREA_SELECTION_F04,Hard,FALSE,Synthetic NID core anchored in reviewed taxonomy include examples; automated semantic/structural validation only; no REAL provenance claimed.
NIDQ_0109,What should I know about appointment booking?,NID,NID_REGISTRATION,NID / Voter Registration,NID_REGISTRATION_APPOINTMENT,Registration Appointment,Low,Formal,FALSE,,SYNTHETIC,NID_REGISTRATION_APPOINTMENT_F01,Easy,FALSE,Synthetic NID core anchored in reviewed taxonomy include examples; automated semantic/structural validation only; no REAL provenance claimed.
NIDQ_0110,I am trying to understand this: What should I know about appointment booking?,NID,NID_REGISTRATION,NID / Voter Registration,NID_REGISTRATION_APPOINTMENT,Registration Appointment,Low,Formal,FALSE,,PARAPHRASED,NID_REGISTRATION_APPOINTMENT_F01,Easy,FALSE,Synthetic NID core anchored in reviewed taxonomy include examples; automated semantic/structural validation only; no REAL provenance claimed.
NIDQ_0111,I need guidance on this: What should I know about appointment booking?,NID,NID_REGISTRATION,NID / Voter Registration,NID_REGISTRATION_APPOINTMENT,Registration Appointment,Low,Formal,FALSE,,PARAPHRASED,NID_REGISTRATION_APPOINTMENT_F01,Easy,FALSE,Synthetic NID core anchored in reviewed taxonomy include examples; automated semantic/structural validation only; no REAL provenance claimed.
NIDQ_0112,Could you explain the rules for online appointment?,NID,NID_REGISTRATION,NID / Voter Registration,NID_REGISTRATION_APPOINTMENT,Registration Appointment,Low,Informal,FALSE,,SYNTHETIC,NID_REGISTRATION_APPOINTMENT_F02,Medium,FALSE,Synthetic NID core anchored in reviewed taxonomy include examples; automated semantic/structural validation only; no REAL provenance claimed.
NIDQ_0113,Could you explain Could you explain the rules for online appointment?,NID,NID_REGISTRATION,NID / Voter Registration,NID_REGISTRATION_APPOINTMENT,Registration Appointment,Low,Informal,FALSE,,PARAPHRASED,NID_REGISTRATION_APPOINTMENT_F02,Medium,FALSE,Synthetic NID core anchored in reviewed taxonomy include examples; automated semantic/structural validation only; no REAL provenance claimed.
NIDQ_0114,Please tell me the correct process: Could you explain the rules for online appointment?,NID,NID_REGISTRATION,NID / Voter Registration,NID_REGISTRATION_APPOINTMENT,Registration Appointment,Low,Informal,FALSE,,PARAPHRASED,NID_REGISTRATION_APPOINTMENT_F02,Medium,FALSE,Synthetic NID core anchored in reviewed taxonomy include examples; automated semantic/structural validation only; no REAL provenance claimed.
NIDQ_0115,I need guidance about appointment date. What should I do?,NID,NID_REGISTRATION,NID / Voter Registration,NID_REGISTRATION_APPOINTMENT,Registration Appointment,Low,Mixed,FALSE,,SYNTHETIC,NID_REGISTRATION_APPOINTMENT_F03,Medium,FALSE,Synthetic NID core anchored in reviewed taxonomy include examples; automated semantic/structural validation only; no REAL provenance claimed.
NIDQ_0116,"For my case, I need guidance about appointment date. What should I do?",NID,NID_REGISTRATION,NID / Voter Registration,NID_REGISTRATION_APPOINTMENT,Registration Appointment,Low,Mixed,FALSE,,PARAPHRASED,NID_REGISTRATION_APPOINTMENT_F03,Medium,FALSE,Synthetic NID core anchored in reviewed taxonomy include examples; automated semantic/structural validation only; no REAL provenance claimed.
NIDQ_0117,Can you clarify this for me: I need guidance about appointment date. What should I do?,NID,NID_REGISTRATION,NID / Voter Registration,NID_REGISTRATION_APPOINTMENT,Registration Appointment,Low,Mixed,FALSE,,PARAPHRASED,NID_REGISTRATION_APPOINTMENT_F03,Medium,FALSE,Synthetic NID core anchored in reviewed taxonomy include examples; automated semantic/structural validation only; no REAL provenance claimed.
NIDQ_0118,How does missed appointment work?,NID,NID_REGISTRATION,NID / Voter Registration,NID_REGISTRATION_APPOINTMENT,Registration Appointment,Low,Mixed,FALSE,,SYNTHETIC,NID_REGISTRATION_APPOINTMENT_F04,Hard,FALSE,Synthetic NID core anchored in reviewed taxonomy include examples; automated semantic/structural validation only; no REAL provenance claimed.
NIDQ_0119,How does missed appointment work; what should I do next?,NID,NID_REGISTRATION,NID / Voter Registration,NID_REGISTRATION_APPOINTMENT,Registration Appointment,Low,Mixed,FALSE,,PARAPHRASED,NID_REGISTRATION_APPOINTMENT_F04,Hard,FALSE,Synthetic NID core anchored in reviewed taxonomy include examples; automated semantic/structural validation only; no REAL provenance claimed.
NIDQ_0120,এই বিষয়ে সহায়তা চাই: How does missed appointment work?,NID,NID_REGISTRATION,NID / Voter Registration,NID_REGISTRATION_APPOINTMENT,Registration Appointment,Low,Mixed,FALSE,,PARAPHRASED,NID_REGISTRATION_APPOINTMENT_F04,Hard,FALSE,Synthetic NID core anchored in reviewed taxonomy include examples; automated semantic/structural validation only; no REAL provenance claimed.
NIDQ_0121,Please explain the official process for meaning of present versus permanent address.,NID,NID_REGISTRATION,NID / Voter Registration,NID_REGISTRATION_ADDRESS_FIELDS,Present and Permanent Address in Registration,Low,Formal,FALSE,,SYNTHETIC,NID_REGISTRATION_ADDRESS_FIELDS_F01,Easy,FALSE,Synthetic NID core anchored in reviewed taxonomy include examples; automated semantic/structural validation only; no REAL provenance claimed.
NIDQ_0122,Could you explain Please explain the official process for meaning of present versus permanent address?,NID,NID_REGISTRATION,NID / Voter Registration,NID_REGISTRATION_ADDRESS_FIELDS,Present and Permanent Address in Registration,Low,Formal,FALSE,,PARAPHRASED,NID_REGISTRATION_ADDRESS_FIELDS_F01,Easy,FALSE,Synthetic NID core anchored in reviewed taxonomy include examples; automated semantic/structural validation only; no REAL provenance claimed.
NIDQ_0123,Please tell me the correct process: Please explain the official process for meaning of present versus permanent address?,NID,NID_REGISTRATION,NID / Voter Registration,NID_REGISTRATION_ADDRESS_FIELDS,Present and Permanent Address in Registration,Low,Formal,FALSE,,PARAPHRASED,NID_REGISTRATION_ADDRESS_FIELDS_F01,Easy,FALSE,Synthetic NID core anchored in reviewed taxonomy include examples; automated semantic/structural validation only; no REAL provenance claimed.
NIDQ_0124,Which rules apply to which address to enter?,NID,NID_REGISTRATION,NID / Voter Registration,NID_REGISTRATION_ADDRESS_FIELDS,Present and Permanent Address in Registration,Low,Informal,FALSE,,SYNTHETIC,NID_REGISTRATION_ADDRESS_FIELDS_F02,Medium,FALSE,Synthetic NID core anchored in reviewed taxonomy include examples; automated semantic/structural validation only; no REAL provenance claimed.
NIDQ_0125,"For my case, Which rules apply to which address to enter?",NID,NID_REGISTRATION,NID / Voter Registration,NID_REGISTRATION_ADDRESS_FIELDS,Present and Permanent Address in Registration,Low,Informal,FALSE,,PARAPHRASED,NID_REGISTRATION_ADDRESS_FIELDS_F02,Medium,FALSE,Synthetic NID core anchored in reviewed taxonomy include examples; automated semantic/structural validation only; no REAL provenance claimed.
NIDQ_0126,Can you clarify this for me: Which rules apply to which address to enter?,NID,NID_REGISTRATION,NID / Voter Registration,NID_REGISTRATION_ADDRESS_FIELDS,Present and Permanent Address in Registration,Low,Informal,FALSE,,PARAPHRASED,NID_REGISTRATION_ADDRESS_FIELDS_F02,Medium,FALSE,Synthetic NID core anchored in reviewed taxonomy include examples; automated semantic/structural validation only; no REAL provenance claimed.
NIDQ_0127,Where can I get help about different present and permanent addresses?,NID,NID_REGISTRATION,NID / Voter Registration,NID_REGISTRATION_ADDRESS_FIELDS,Present and Permanent Address in Registration,Low,Mixed,FALSE,,SYNTHETIC,NID_REGISTRATION_ADDRESS_FIELDS_F03,Medium,FALSE,Synthetic NID core anchored in reviewed taxonomy include examples; automated semantic/structural validation only; no REAL provenance claimed.
NIDQ_0128,Where is it possible to get help about different present and permanent addresses; what should I do next?,NID,NID_REGISTRATION,NID / Voter Registration,NID_REGISTRATION_ADDRESS_FIELDS,Present and Permanent Address in Registration,Low,Mixed,FALSE,,PARAPHRASED,NID_REGISTRATION_ADDRESS_FIELDS_F03,Medium,FALSE,Synthetic NID core anchored in reviewed taxonomy include examples; automated semantic/structural validation only; no REAL provenance claimed.
NIDQ_0129,Where is it possible to get help about different present and permanent addresses?,NID,NID_REGISTRATION,NID / Voter Registration,NID_REGISTRATION_ADDRESS_FIELDS,Present and Permanent Address in Registration,Low,Mixed,FALSE,,PARAPHRASED,NID_REGISTRATION_ADDRESS_FIELDS_F03,Medium,FALSE,Synthetic NID core anchored in reviewed taxonomy include examples; automated semantic/structural validation only; no REAL provenance claimed.
NIDQ_0130,What is required for present and Permanent Address in Registration?,NID,NID_REGISTRATION,NID / Voter Registration,NID_REGISTRATION_ADDRESS_FIELDS,Present and Permanent Address in Registration,Low,Mixed,FALSE,,SYNTHETIC,NID_REGISTRATION_ADDRESS_FIELDS_F04,Hard,FALSE,Synthetic NID core anchored in reviewed taxonomy include examples; automated semantic/structural validation only; no REAL provenance claimed.
NIDQ_0131,I am trying to understand this: What is required for present and Permanent Address in Registration?,NID,NID_REGISTRATION,NID / Voter Registration,NID_REGISTRATION_ADDRESS_FIELDS,Present and Permanent Address in Registration,Low,Mixed,FALSE,,PARAPHRASED,NID_REGISTRATION_ADDRESS_FIELDS_F04,Hard,FALSE,Synthetic NID core anchored in reviewed taxonomy include examples; automated semantic/structural validation only; no REAL provenance claimed.
NIDQ_0132,I need guidance on this: What is required for present and Permanent Address in Registration?,NID,NID_REGISTRATION,NID / Voter Registration,NID_REGISTRATION_ADDRESS_FIELDS,Present and Permanent Address in Registration,Low,Mixed,FALSE,,PARAPHRASED,NID_REGISTRATION_ADDRESS_FIELDS_F04,Hard,FALSE,Synthetic NID core anchored in reviewed taxonomy include examples; automated semantic/structural validation only; no REAL provenance claimed.
NIDQ_0133,How verification works?,NID,NID_REGISTRATION,NID / Voter Registration,NID_REGISTRATION_VERIFICATION,Registration Verification,Low,Formal,FALSE,,SYNTHETIC,NID_REGISTRATION_VERIFICATION_F01,Easy,FALSE,Synthetic NID core anchored in reviewed taxonomy include examples; automated semantic/structural validation only; no REAL provenance claimed.
NIDQ_0134,"For my case, How verification works?",NID,NID_REGISTRATION,NID / Voter Registration,NID_REGISTRATION_VERIFICATION,Registration Verification,Low,Formal,FALSE,,PARAPHRASED,NID_REGISTRATION_VERIFICATION_F01,Easy,FALSE,Synthetic NID core anchored in reviewed taxonomy include examples; automated semantic/structural validation only; no REAL provenance claimed.
NIDQ_0135,Can you clarify this for me: How verification works?,NID,NID_REGISTRATION,NID / Voter Registration,NID_REGISTRATION_VERIFICATION,Registration Verification,Low,Formal,FALSE,,PARAPHRASED,NID_REGISTRATION_VERIFICATION_F01,Easy,FALSE,Synthetic NID core anchored in reviewed taxonomy include examples; automated semantic/structural validation only; no REAL provenance claimed.
NIDQ_0136,I have a question about meaning of verification status. What is the process?,NID,NID_REGISTRATION,NID / Voter Registration,NID_REGISTRATION_VERIFICATION,Registration Verification,Low,Informal,FALSE,,SYNTHETIC,NID_REGISTRATION_VERIFICATION_F02,Medium,FALSE,Synthetic NID core anchored in reviewed taxonomy include examples; automated semantic/structural validation only; no REAL provenance claimed.
NIDQ_0137,I have a question about meaning of verification status. What is the process; what should I do next?,NID,NID_REGISTRATION,NID / Voter Registration,NID_REGISTRATION_VERIFICATION,Registration Verification,Low,Informal,FALSE,,PARAPHRASED,NID_REGISTRATION_VERIFICATION_F02,Medium,FALSE,Synthetic NID core anchored in reviewed taxonomy include examples; automated semantic/structural validation only; no REAL provenance claimed.
NIDQ_0138,এই বিষয়ে সহায়তা চাই: I have a question about meaning of verification status. What is the process?,NID,NID_REGISTRATION,NID / Voter Registration,NID_REGISTRATION_VERIFICATION,Registration Verification,Low,Informal,FALSE,,PARAPHRASED,NID_REGISTRATION_VERIFICATION_F02,Medium,FALSE,Synthetic NID core anchored in reviewed taxonomy include examples; automated semantic/structural validation only; no REAL provenance claimed.
NIDQ_0139,What are the next steps for physical verification?,NID,NID_REGISTRATION,NID / Voter Registration,NID_REGISTRATION_VERIFICATION,Registration Verification,Low,Mixed,FALSE,,SYNTHETIC,NID_REGISTRATION_VERIFICATION_F03,Medium,FALSE,Synthetic NID core anchored in reviewed taxonomy include examples; automated semantic/structural validation only; no REAL provenance claimed.
NIDQ_0140,I am trying to understand this: What are the next steps for physical verification?,NID,NID_REGISTRATION,NID / Voter Registration,NID_REGISTRATION_VERIFICATION,Registration Verification,Low,Mixed,FALSE,,PARAPHRASED,NID_REGISTRATION_VERIFICATION_F03,Medium,FALSE,Synthetic NID core anchored in reviewed taxonomy include examples; automated semantic/structural validation only; no REAL provenance claimed.
NIDQ_0141,I need guidance on this: What are the next steps for physical verification?,NID,NID_REGISTRATION,NID / Voter Registration,NID_REGISTRATION_VERIFICATION,Registration Verification,Low,Mixed,FALSE,,PARAPHRASED,NID_REGISTRATION_VERIFICATION_F03,Medium,FALSE,Synthetic NID core anchored in reviewed taxonomy include examples; automated semantic/structural validation only; no REAL provenance claimed.
NIDQ_0142,How should I handle verification requirements?,NID,NID_REGISTRATION,NID / Voter Registration,NID_REGISTRATION_VERIFICATION,Registration Verification,Low,Mixed,FALSE,,SYNTHETIC,NID_REGISTRATION_VERIFICATION_F04,Hard,FALSE,Synthetic NID core anchored in reviewed taxonomy include examples; automated semantic/structural validation only; no REAL provenance claimed.
NIDQ_0143,Could you explain How should I handle verification requirements?,NID,NID_REGISTRATION,NID / Voter Registration,NID_REGISTRATION_VERIFICATION,Registration Verification,Low,Mixed,FALSE,,PARAPHRASED,NID_REGISTRATION_VERIFICATION_F04,Hard,FALSE,Synthetic NID core anchored in reviewed taxonomy include examples; automated semantic/structural validation only; no REAL provenance claimed.
NIDQ_0144,Please tell me the correct process: How should I handle verification requirements?,NID,NID_REGISTRATION,NID / Voter Registration,NID_REGISTRATION_VERIFICATION,Registration Verification,Low,Mixed,FALSE,,PARAPHRASED,NID_REGISTRATION_VERIFICATION_F04,Hard,FALSE,Synthetic NID core anchored in reviewed taxonomy include examples; automated semantic/structural validation only; no REAL provenance claimed.
NIDQ_0145,What should I know about when the physical card will be received?,NID,NID_REGISTRATION,NID / Voter Registration,NID_REGISTRATION_PHYSICAL_CARD_COLLECTION,First NID Card Collection,Low,Formal,FALSE,,SYNTHETIC,NID_REGISTRATION_PHYSICAL_CARD_COLLECTION_F01,Easy,FALSE,Synthetic NID core anchored in reviewed taxonomy include examples; automated semantic/structural validation only; no REAL provenance claimed.
NIDQ_0146,What should I know about when the physical card will be received; what should I do next?,NID,NID_REGISTRATION,NID / Voter Registration,NID_REGISTRATION_PHYSICAL_CARD_COLLECTION,First NID Card Collection,Low,Formal,FALSE,,PARAPHRASED,NID_REGISTRATION_PHYSICAL_CARD_COLLECTION_F01,Easy,FALSE,Synthetic NID core anchored in reviewed taxonomy include examples; automated semantic/structural validation only; no REAL provenance claimed.
NIDQ_0147,এই বিষয়ে সহায়তা চাই: What should I know about when the physical card will be received?,NID,NID_REGISTRATION,NID / Voter Registration,NID_REGISTRATION_PHYSICAL_CARD_COLLECTION,First NID Card Collection,Low,Formal,FALSE,,PARAPHRASED,NID_REGISTRATION_PHYSICAL_CARD_COLLECTION_F01,Easy,FALSE,Synthetic NID core anchored in reviewed taxonomy include examples; automated semantic/structural validation only; no REAL provenance claimed.
NIDQ_0148,Where the physical card is collected?,NID,NID_REGISTRATION,NID / Voter Registration,NID_REGISTRATION_PHYSICAL_CARD_COLLECTION,First NID Card Collection,Low,Informal,FALSE,,SYNTHETIC,NID_REGISTRATION_PHYSICAL_CARD_COLLECTION_F02,Medium,FALSE,Synthetic NID core anchored in reviewed taxonomy include examples; automated semantic/structural validation only; no REAL provenance claimed.
NIDQ_0149,I am trying to understand this: Where the physical card is collected?,NID,NID_REGISTRATION,NID / Voter Registration,NID_REGISTRATION_PHYSICAL_CARD_COLLECTION,First NID Card Collection,Low,Informal,FALSE,,PARAPHRASED,NID_REGISTRATION_PHYSICAL_CARD_COLLECTION_F02,Medium,FALSE,Synthetic NID core anchored in reviewed taxonomy include examples; automated semantic/structural validation only; no REAL provenance claimed.
NIDQ_0150,I need guidance on this: Where the physical card is collected?,NID,NID_REGISTRATION,NID / Voter Registration,NID_REGISTRATION_PHYSICAL_CARD_COLLECTION,First NID Card Collection,Low,Informal,FALSE,,PARAPHRASED,NID_REGISTRATION_PHYSICAL_CARD_COLLECTION_F02,Medium,FALSE,Synthetic NID core anchored in reviewed taxonomy include examples; automated semantic/structural validation only; no REAL provenance claimed.
NIDQ_0151,I need guidance about card not received after registration. What should I do?,NID,NID_REGISTRATION,NID / Voter Registration,NID_REGISTRATION_PHYSICAL_CARD_COLLECTION,First NID Card Collection,Low,Mixed,FALSE,,SYNTHETIC,NID_REGISTRATION_PHYSICAL_CARD_COLLECTION_F03,Medium,FALSE,Synthetic NID core anchored in reviewed taxonomy include examples; automated semantic/structural validation only; no REAL provenance claimed.
NIDQ_0152,Could you explain I need guidance about card not received after registration. What should I do?,NID,NID_REGISTRATION,NID / Voter Registration,NID_REGISTRATION_PHYSICAL_CARD_COLLECTION,First NID Card Collection,Low,Mixed,FALSE,,PARAPHRASED,NID_REGISTRATION_PHYSICAL_CARD_COLLECTION_F03,Medium,FALSE,Synthetic NID core anchored in reviewed taxonomy include examples; automated semantic/structural validation only; no REAL provenance claimed.
NIDQ_0153,Please tell me the correct process: I need guidance about card not received after registration. What should I do?,NID,NID_REGISTRATION,NID / Voter Registration,NID_REGISTRATION_PHYSICAL_CARD_COLLECTION,First NID Card Collection,Low,Mixed,FALSE,,PARAPHRASED,NID_REGISTRATION_PHYSICAL_CARD_COLLECTION_F03,Medium,FALSE,Synthetic NID core anchored in reviewed taxonomy include examples; automated semantic/structural validation only; no REAL provenance claimed.
NIDQ_0154,How does first NID Card Collection work?,NID,NID_REGISTRATION,NID / Voter Registration,NID_REGISTRATION_PHYSICAL_CARD_COLLECTION,First NID Card Collection,Low,Mixed,FALSE,,SYNTHETIC,NID_REGISTRATION_PHYSICAL_CARD_COLLECTION_F04,Hard,FALSE,Synthetic NID core anchored in reviewed taxonomy include examples; automated semantic/structural validation only; no REAL provenance claimed.
NIDQ_0155,"For my case, How does first NID Card Collection work?",NID,NID_REGISTRATION,NID / Voter Registration,NID_REGISTRATION_PHYSICAL_CARD_COLLECTION,First NID Card Collection,Low,Mixed,FALSE,,PARAPHRASED,NID_REGISTRATION_PHYSICAL_CARD_COLLECTION_F04,Hard,FALSE,Synthetic NID core anchored in reviewed taxonomy include examples; automated semantic/structural validation only; no REAL provenance claimed.
NIDQ_0156,Can you clarify this for me: How does first NID Card Collection work?,NID,NID_REGISTRATION,NID / Voter Registration,NID_REGISTRATION_PHYSICAL_CARD_COLLECTION,First NID Card Collection,Low,Mixed,FALSE,,PARAPHRASED,NID_REGISTRATION_PHYSICAL_CARD_COLLECTION_F04,Hard,FALSE,Synthetic NID core anchored in reviewed taxonomy include examples; automated semantic/structural validation only; no REAL provenance claimed.
NIDQ_0157,Please explain the official process for required personal information.,NID,NID_REGISTRATION,NID / Voter Registration,NID_REGISTRATION_REQUIRED_INFORMATION,Required Registration Information,Low,Formal,FALSE,,SYNTHETIC,NID_REGISTRATION_REQUIRED_INFORMATION_F01,Easy,FALSE,Synthetic NID core anchored in reviewed taxonomy include examples; automated semantic/structural validation only; no REAL provenance claimed.
NIDQ_0158,I am trying to understand this: Please explain the official process for required personal information?,NID,NID_REGISTRATION,NID / Voter Registration,NID_REGISTRATION_REQUIRED_INFORMATION,Required Registration Information,Low,Formal,FALSE,,PARAPHRASED,NID_REGISTRATION_REQUIRED_INFORMATION_F01,Easy,FALSE,Synthetic NID core anchored in reviewed taxonomy include examples; automated semantic/structural validation only; no REAL provenance claimed.
NIDQ_0159,I need guidance on this: Please explain the official process for required personal information?,NID,NID_REGISTRATION,NID / Voter Registration,NID_REGISTRATION_REQUIRED_INFORMATION,Required Registration Information,Low,Formal,FALSE,,PARAPHRASED,NID_REGISTRATION_REQUIRED_INFORMATION_F01,Easy,FALSE,Synthetic NID core anchored in reviewed taxonomy include examples; automated semantic/structural validation only; no REAL provenance claimed.
NIDQ_0160,Which rules apply to parents' information?,NID,NID_REGISTRATION,NID / Voter Registration,NID_REGISTRATION_REQUIRED_INFORMATION,Required Registration Information,Low,Informal,FALSE,,SYNTHETIC,NID_REGISTRATION_REQUIRED_INFORMATION_F02,Medium,FALSE,Synthetic NID core anchored in reviewed taxonomy include examples; automated semantic/structural validation only; no REAL provenance claimed.
NIDQ_0161,Could you explain Which rules apply to parents' information?,NID,NID_REGISTRATION,NID / Voter Registration,NID_REGISTRATION_REQUIRED_INFORMATION,Required Registration Information,Low,Informal,FALSE,,PARAPHRASED,NID_REGISTRATION_REQUIRED_INFORMATION_F02,Medium,FALSE,Synthetic NID core anchored in reviewed taxonomy include examples; automated semantic/structural validation only; no REAL provenance claimed.
NIDQ_0162,Please tell me the correct process: Which rules apply to parents' information?,NID,NID_REGISTRATION,NID / Voter Registration,NID_REGISTRATION_REQUIRED_INFORMATION,Required Registration Information,Low,Informal,FALSE,,PARAPHRASED,NID_REGISTRATION_REQUIRED_INFORMATION_F02,Medium,FALSE,Synthetic NID core anchored in reviewed taxonomy include examples; automated semantic/structural validation only; no REAL provenance claimed.
NIDQ_0163,Where can I get help about mandatory registration information?,NID,NID_REGISTRATION,NID / Voter Registration,NID_REGISTRATION_REQUIRED_INFORMATION,Required Registration Information,Low,Mixed,FALSE,,SYNTHETIC,NID_REGISTRATION_REQUIRED_INFORMATION_F03,Medium,FALSE,Synthetic NID core anchored in reviewed taxonomy include examples; automated semantic/structural validation only; no REAL provenance claimed.
NIDQ_0164,"For my case, Where is it possible to get help about mandatory registration information?",NID,NID_REGISTRATION,NID / Voter Registration,NID_REGISTRATION_REQUIRED_INFORMATION,Required Registration Information,Low,Mixed,FALSE,,PARAPHRASED,NID_REGISTRATION_REQUIRED_INFORMATION_F03,Medium,FALSE,Synthetic NID core anchored in reviewed taxonomy include examples; automated semantic/structural validation only; no REAL provenance claimed.
NIDQ_0165,Can you clarify this for me: Where is it possible to get help about mandatory registration information?,NID,NID_REGISTRATION,NID / Voter Registration,NID_REGISTRATION_REQUIRED_INFORMATION,Required Registration Information,Low,Mixed,FALSE,,PARAPHRASED,NID_REGISTRATION_REQUIRED_INFORMATION_F03,Medium,FALSE,Synthetic NID core anchored in reviewed taxonomy include examples; automated semantic/structural validation only; no REAL provenance claimed.
NIDQ_0166,What is required for which information is verified?,NID,NID_REGISTRATION,NID / Voter Registration,NID_REGISTRATION_REQUIRED_INFORMATION,Required Registration Information,Low,Mixed,FALSE,,SYNTHETIC,NID_REGISTRATION_REQUIRED_INFORMATION_F04,Hard,FALSE,Synthetic NID core anchored in reviewed taxonomy include examples; automated semantic/structural validation only; no REAL provenance claimed.
NIDQ_0167,What is required for which information is verified; what should I do next?,NID,NID_REGISTRATION,NID / Voter Registration,NID_REGISTRATION_REQUIRED_INFORMATION,Required Registration Information,Low,Mixed,FALSE,,PARAPHRASED,NID_REGISTRATION_REQUIRED_INFORMATION_F04,Hard,FALSE,Synthetic NID core anchored in reviewed taxonomy include examples; automated semantic/structural validation only; no REAL provenance claimed.
NIDQ_0168,এই বিষয়ে সহায়তা চাই: What is required for which information is verified?,NID,NID_REGISTRATION,NID / Voter Registration,NID_REGISTRATION_REQUIRED_INFORMATION,Required Registration Information,Low,Mixed,FALSE,,PARAPHRASED,NID_REGISTRATION_REQUIRED_INFORMATION_F04,Hard,FALSE,Synthetic NID core anchored in reviewed taxonomy include examples; automated semantic/structural validation only; no REAL provenance claimed.
NIDQ_0169,Can you guide me about no birth certificate?,NID,NID_REGISTRATION,NID / Voter Registration,NID_REGISTRATION_MISSING_DOCUMENTS,Missing or Incomplete Registration Documents,Medium,Formal,FALSE,,SYNTHETIC,NID_REGISTRATION_MISSING_DOCUMENTS_F01,Easy,FALSE,Synthetic NID core anchored in reviewed taxonomy include examples; automated semantic/structural validation only; no REAL provenance claimed.
NIDQ_0170,Could you explain Can you guide me about no birth certificate?,NID,NID_REGISTRATION,NID / Voter Registration,NID_REGISTRATION_MISSING_DOCUMENTS,Missing or Incomplete Registration Documents,Medium,Formal,FALSE,,PARAPHRASED,NID_REGISTRATION_MISSING_DOCUMENTS_F01,Easy,FALSE,Synthetic NID core anchored in reviewed taxonomy include examples; automated semantic/structural validation only; no REAL provenance claimed.
NIDQ_0171,Please tell me the correct process: Can you guide me about no birth certificate?,NID,NID_REGISTRATION,NID / Voter Registration,NID_REGISTRATION_MISSING_DOCUMENTS,Missing or Incomplete Registration Documents,Medium,Formal,FALSE,,PARAPHRASED,NID_REGISTRATION_MISSING_DOCUMENTS_F01,Easy,FALSE,Synthetic NID core anchored in reviewed taxonomy include examples; automated semantic/structural validation only; no REAL provenance claimed.
NIDQ_0172,I have a question about incomplete documents. What is the process?,NID,NID_REGISTRATION,NID / Voter Registration,NID_REGISTRATION_MISSING_DOCUMENTS,Missing or Incomplete Registration Documents,Medium,Informal,FALSE,,SYNTHETIC,NID_REGISTRATION_MISSING_DOCUMENTS_F02,Medium,FALSE,Synthetic NID core anchored in reviewed taxonomy include examples; automated semantic/structural validation only; no REAL provenance claimed.
NIDQ_0173,"For my case, I have a question about incomplete documents. What is the process?",NID,NID_REGISTRATION,NID / Voter Registration,NID_REGISTRATION_MISSING_DOCUMENTS,Missing or Incomplete Registration Documents,Medium,Informal,FALSE,,PARAPHRASED,NID_REGISTRATION_MISSING_DOCUMENTS_F02,Medium,FALSE,Synthetic NID core anchored in reviewed taxonomy include examples; automated semantic/structural validation only; no REAL provenance claimed.
NIDQ_0174,Can you clarify this for me: I have a question about incomplete documents. What is the process?,NID,NID_REGISTRATION,NID / Voter Registration,NID_REGISTRATION_MISSING_DOCUMENTS,Missing or Incomplete Registration Documents,Medium,Informal,FALSE,,PARAPHRASED,NID_REGISTRATION_MISSING_DOCUMENTS_F02,Medium,FALSE,Synthetic NID core anchored in reviewed taxonomy include examples; automated semantic/structural validation only; no REAL provenance claimed.
NIDQ_0175,What are the next steps for lost required document?,NID,NID_REGISTRATION,NID / Voter Registration,NID_REGISTRATION_MISSING_DOCUMENTS,Missing or Incomplete Registration Documents,Medium,Mixed,FALSE,,SYNTHETIC,NID_REGISTRATION_MISSING_DOCUMENTS_F03,Medium,FALSE,Synthetic NID core anchored in reviewed taxonomy include examples; automated semantic/structural validation only; no REAL provenance claimed.
NIDQ_0176,What are the next steps for lost required document; what should I do next?,NID,NID_REGISTRATION,NID / Voter Registration,NID_REGISTRATION_MISSING_DOCUMENTS,Missing or Incomplete Registration Documents,Medium,Mixed,FALSE,,PARAPHRASED,NID_REGISTRATION_MISSING_DOCUMENTS_F03,Medium,FALSE,Synthetic NID core anchored in reviewed taxonomy include examples; automated semantic/structural validation only; no REAL provenance claimed.
NIDQ_0177,এই বিষয়ে সহায়তা চাই: What are the next steps for lost required document?,NID,NID_REGISTRATION,NID / Voter Registration,NID_REGISTRATION_MISSING_DOCUMENTS,Missing or Incomplete Registration Documents,Medium,Mixed,FALSE,,PARAPHRASED,NID_REGISTRATION_MISSING_DOCUMENTS_F03,Medium,FALSE,Synthetic NID core anchored in reviewed taxonomy include examples; automated semantic/structural validation only; no REAL provenance claimed.
NIDQ_0178,How should I handle alternative documentation?,NID,NID_REGISTRATION,NID / Voter Registration,NID_REGISTRATION_MISSING_DOCUMENTS,Missing or Incomplete Registration Documents,Medium,Mixed,FALSE,,SYNTHETIC,NID_REGISTRATION_MISSING_DOCUMENTS_F04,Hard,FALSE,Synthetic NID core anchored in reviewed taxonomy include examples; automated semantic/structural validation only; no REAL provenance claimed.
NIDQ_0179,I am trying to understand this: How should I handle alternative documentation?,NID,NID_REGISTRATION,NID / Voter Registration,NID_REGISTRATION_MISSING_DOCUMENTS,Missing or Incomplete Registration Documents,Medium,Mixed,FALSE,,PARAPHRASED,NID_REGISTRATION_MISSING_DOCUMENTS_F04,Hard,FALSE,Synthetic NID core anchored in reviewed taxonomy include examples; automated semantic/structural validation only; no REAL provenance claimed.
NIDQ_0180,I need guidance on this: How should I handle alternative documentation?,NID,NID_REGISTRATION,NID / Voter Registration,NID_REGISTRATION_MISSING_DOCUMENTS,Missing or Incomplete Registration Documents,Medium,Mixed,FALSE,,PARAPHRASED,NID_REGISTRATION_MISSING_DOCUMENTS_F04,Hard,FALSE,Synthetic NID core anchored in reviewed taxonomy include examples; automated semantic/structural validation only; no REAL provenance claimed.
NIDQ_0181,What should I know about lost application number?,NID,NID_REGISTRATION,NID / Voter Registration,NID_REGISTRATION_REFERENCE_RECOVERY,Registration Reference Recovery,Low,Formal,FALSE,,SYNTHETIC,NID_REGISTRATION_REFERENCE_RECOVERY_F01,Easy,FALSE,Synthetic NID core anchored in reviewed taxonomy include examples; automated semantic/structural validation only; no REAL provenance claimed.
NIDQ_0182,"For my case, What should I know about lost application number?",NID,NID_REGISTRATION,NID / Voter Registration,NID_REGISTRATION_REFERENCE_RECOVERY,Registration Reference Recovery,Low,Formal,FALSE,,PARAPHRASED,NID_REGISTRATION_REFERENCE_RECOVERY_F01,Easy,FALSE,Synthetic NID core anchored in reviewed taxonomy include examples; automated semantic/structural validation only; no REAL provenance claimed.
NIDQ_0183,Can you clarify this for me: What should I know about lost application number?,NID,NID_REGISTRATION,NID / Voter Registration,NID_REGISTRATION_REFERENCE_RECOVERY,Registration Reference Recovery,Low,Formal,FALSE,,PARAPHRASED,NID_REGISTRATION_REFERENCE_RECOVERY_F01,Easy,FALSE,Synthetic NID core anchored in reviewed taxonomy include examples; automated semantic/structural validation only; no REAL provenance claimed.
NIDQ_0184,Could you explain the rules for lost registration slip?,NID,NID_REGISTRATION,NID / Voter Registration,NID_REGISTRATION_REFERENCE_RECOVERY,Registration Reference Recovery,Low,Informal,FALSE,,SYNTHETIC,NID_REGISTRATION_REFERENCE_RECOVERY_F02,Medium,FALSE,Synthetic NID core anchored in reviewed taxonomy include examples; automated semantic/structural validation only; no REAL provenance claimed.
NIDQ_0185,Could you explain the rules for lost registration slip; what should I do next?,NID,NID_REGISTRATION,NID / Voter Registration,NID_REGISTRATION_REFERENCE_RECOVERY,Registration Reference Recovery,Low,Informal,FALSE,,PARAPHRASED,NID_REGISTRATION_REFERENCE_RECOVERY_F02,Medium,FALSE,Synthetic NID core anchored in reviewed taxonomy include examples; automated semantic/structural validation only; no REAL provenance claimed.
NIDQ_0186,এই বিষয়ে সহায়তা চাই: Could you explain the rules for lost registration slip?,NID,NID_REGISTRATION,NID / Voter Registration,NID_REGISTRATION_REFERENCE_RECOVERY,Registration Reference Recovery,Low,Informal,FALSE,,PARAPHRASED,NID_REGISTRATION_REFERENCE_RECOVERY_F02,Medium,FALSE,Synthetic NID core anchored in reviewed taxonomy include examples; automated semantic/structural validation only; no REAL provenance claimed.
NIDQ_0187,I need guidance about lost application ID. What should I do?,NID,NID_REGISTRATION,NID / Voter Registration,NID_REGISTRATION_REFERENCE_RECOVERY,Registration Reference Recovery,Low,Mixed,FALSE,,SYNTHETIC,NID_REGISTRATION_REFERENCE_RECOVERY_F03,Medium,FALSE,Synthetic NID core anchored in reviewed taxonomy include examples; automated semantic/structural validation only; no REAL provenance claimed.
NIDQ_0188,I am trying to understand this: I need guidance about lost application ID. What should I do?,NID,NID_REGISTRATION,NID / Voter Registration,NID_REGISTRATION_REFERENCE_RECOVERY,Registration Reference Recovery,Low,Mixed,FALSE,,PARAPHRASED,NID_REGISTRATION_REFERENCE_RECOVERY_F03,Medium,FALSE,Synthetic NID core anchored in reviewed taxonomy include examples; automated semantic/structural validation only; no REAL provenance claimed.
NIDQ_0189,I need guidance on this: I need guidance about lost application ID. What should I do?,NID,NID_REGISTRATION,NID / Voter Registration,NID_REGISTRATION_REFERENCE_RECOVERY,Registration Reference Recovery,Low,Mixed,FALSE,,PARAPHRASED,NID_REGISTRATION_REFERENCE_RECOVERY_F03,Medium,FALSE,Synthetic NID core anchored in reviewed taxonomy include examples; automated semantic/structural validation only; no REAL provenance claimed.
NIDQ_0190,How does lost tracking information work?,NID,NID_REGISTRATION,NID / Voter Registration,NID_REGISTRATION_REFERENCE_RECOVERY,Registration Reference Recovery,Low,Mixed,FALSE,,SYNTHETIC,NID_REGISTRATION_REFERENCE_RECOVERY_F04,Hard,FALSE,Synthetic NID core anchored in reviewed taxonomy include examples; automated semantic/structural validation only; no REAL provenance claimed.
NIDQ_0191,Could you explain How does lost tracking information work?,NID,NID_REGISTRATION,NID / Voter Registration,NID_REGISTRATION_REFERENCE_RECOVERY,Registration Reference Recovery,Low,Mixed,FALSE,,PARAPHRASED,NID_REGISTRATION_REFERENCE_RECOVERY_F04,Hard,FALSE,Synthetic NID core anchored in reviewed taxonomy include examples; automated semantic/structural validation only; no REAL provenance claimed.
NIDQ_0192,Please tell me the correct process: How does lost tracking information work?,NID,NID_REGISTRATION,NID / Voter Registration,NID_REGISTRATION_REFERENCE_RECOVERY,Registration Reference Recovery,Low,Mixed,FALSE,,PARAPHRASED,NID_REGISTRATION_REFERENCE_RECOVERY_F04,Hard,FALSE,Synthetic NID core anchored in reviewed taxonomy include examples; automated semantic/structural validation only; no REAL provenance claimed.
NIDQ_0193,Please explain the official process for registering many years late.,NID,NID_REGISTRATION,NID / Voter Registration,NID_REGISTRATION_LATE_REGISTRATION,Late First-Time Registration,Low,Formal,FALSE,,SYNTHETIC,NID_REGISTRATION_LATE_REGISTRATION_F01,Easy,FALSE,Synthetic NID core anchored in reviewed taxonomy include examples; automated semantic/structural validation only; no REAL provenance claimed.
NIDQ_0194,Please explain the official process for registering many years late; what should I do next?,NID,NID_REGISTRATION,NID / Voter Registration,NID_REGISTRATION_LATE_REGISTRATION,Late First-Time Registration,Low,Formal,FALSE,,PARAPHRASED,NID_REGISTRATION_LATE_REGISTRATION_F01,Easy,FALSE,Synthetic NID core anchored in reviewed taxonomy include examples; automated semantic/structural validation only; no REAL provenance claimed.
NIDQ_0195,Please explain the official process for registering many years late?,NID,NID_REGISTRATION,NID / Voter Registration,NID_REGISTRATION_LATE_REGISTRATION,Late First-Time Registration,Low,Formal,FALSE,,PARAPHRASED,NID_REGISTRATION_LATE_REGISTRATION_F01,Easy,FALSE,Synthetic NID core anchored in reviewed taxonomy include examples; automated semantic/structural validation only; no REAL provenance claimed.
NIDQ_0196,Which rules apply to older first-time applicant?,NID,NID_REGISTRATION,NID / Voter Registration,NID_REGISTRATION_LATE_REGISTRATION,Late First-Time Registration,Low,Informal,FALSE,,SYNTHETIC,NID_REGISTRATION_LATE_REGISTRATION_F02,Medium,FALSE,Synthetic NID core anchored in reviewed taxonomy include examples; automated semantic/structural validation only; no REAL provenance claimed.
NIDQ_0197,I am trying to understand this: Which rules apply to older first-time applicant?,NID,NID_REGISTRATION,NID / Voter Registration,NID_REGISTRATION_LATE_REGISTRATION,Late First-Time Registration,Low,Informal,FALSE,,PARAPHRASED,NID_REGISTRATION_LATE_REGISTRATION_F02,Medium,FALSE,Synthetic NID core anchored in reviewed taxonomy include examples; automated semantic/structural validation only; no REAL provenance claimed.
NIDQ_0198,I need guidance on this: Which rules apply to older first-time applicant?,NID,NID_REGISTRATION,NID / Voter Registration,NID_REGISTRATION_LATE_REGISTRATION,Late First-Time Registration,Low,Informal,FALSE,,PARAPHRASED,NID_REGISTRATION_LATE_REGISTRATION_F02,Medium,FALSE,Synthetic NID core anchored in reviewed taxonomy include examples; automated semantic/structural validation only; no REAL provenance claimed.
NIDQ_0199,Where can I get help about never registered before?,NID,NID_REGISTRATION,NID / Voter Registration,NID_REGISTRATION_LATE_REGISTRATION,Late First-Time Registration,Low,Mixed,FALSE,,SYNTHETIC,NID_REGISTRATION_LATE_REGISTRATION_F03,Medium,FALSE,Synthetic NID core anchored in reviewed taxonomy include examples; automated semantic/structural validation only; no REAL provenance claimed.
NIDQ_0200,Could you explain Where is it possible to get help about never registered before?,NID,NID_REGISTRATION,NID / Voter Registration,NID_REGISTRATION_LATE_REGISTRATION,Late First-Time Registration,Low,Mixed,FALSE,,PARAPHRASED,NID_REGISTRATION_LATE_REGISTRATION_F03,Medium,FALSE,Synthetic NID core anchored in reviewed taxonomy include examples; automated semantic/structural validation only; no REAL provenance claimed.
NIDQ_0201,Please tell me the correct process: Where is it possible to get help about never registered before?,NID,NID_REGISTRATION,NID / Voter Registration,NID_REGISTRATION_LATE_REGISTRATION,Late First-Time Registration,Low,Mixed,FALSE,,PARAPHRASED,NID_REGISTRATION_LATE_REGISTRATION_F03,Medium,FALSE,Synthetic NID core anchored in reviewed taxonomy include examples; automated semantic/structural validation only; no REAL provenance claimed.
NIDQ_0202,What is required for late registration procedure?,NID,NID_REGISTRATION,NID / Voter Registration,NID_REGISTRATION_LATE_REGISTRATION,Late First-Time Registration,Low,Mixed,FALSE,,SYNTHETIC,NID_REGISTRATION_LATE_REGISTRATION_F04,Hard,FALSE,Synthetic NID core anchored in reviewed taxonomy include examples; automated semantic/structural validation only; no REAL provenance claimed.
NIDQ_0203,"For my case, What is required for late registration procedure?",NID,NID_REGISTRATION,NID / Voter Registration,NID_REGISTRATION_LATE_REGISTRATION,Late First-Time Registration,Low,Mixed,FALSE,,PARAPHRASED,NID_REGISTRATION_LATE_REGISTRATION_F04,Hard,FALSE,Synthetic NID core anchored in reviewed taxonomy include examples; automated semantic/structural validation only; no REAL provenance claimed.
NIDQ_0204,Can you clarify this for me: What is required for late registration procedure?,NID,NID_REGISTRATION,NID / Voter Registration,NID_REGISTRATION_LATE_REGISTRATION,Late First-Time Registration,Low,Mixed,FALSE,,PARAPHRASED,NID_REGISTRATION_LATE_REGISTRATION_F04,Hard,FALSE,Synthetic NID core anchored in reviewed taxonomy include examples; automated semantic/structural validation only; no REAL provenance claimed.
NIDQ_0205,Can you guide me about cancel application?,NID,NID_REGISTRATION,NID / Voter Registration,NID_REGISTRATION_CANCELLATION,Registration Application Cancellation,Medium,Formal,FALSE,,SYNTHETIC,NID_REGISTRATION_CANCELLATION_F01,Easy,FALSE,Synthetic NID core anchored in reviewed taxonomy include examples; automated semantic/structural validation only; no REAL provenance claimed.
NIDQ_0206,I am trying to understand this: Can you guide me about cancel application?,NID,NID_REGISTRATION,NID / Voter Registration,NID_REGISTRATION_CANCELLATION,Registration Application Cancellation,Medium,Formal,FALSE,,PARAPHRASED,NID_REGISTRATION_CANCELLATION_F01,Easy,FALSE,Synthetic NID core anchored in reviewed taxonomy include examples; automated semantic/structural validation only; no REAL provenance claimed.
NIDQ_0207,I need guidance on this: Can you guide me about cancel application?,NID,NID_REGISTRATION,NID / Voter Registration,NID_REGISTRATION_CANCELLATION,Registration Application Cancellation,Medium,Formal,FALSE,,PARAPHRASED,NID_REGISTRATION_CANCELLATION_F01,Easy,FALSE,Synthetic NID core anchored in reviewed taxonomy include examples; automated semantic/structural validation only; no REAL provenance claimed.
NIDQ_0208,I have a question about withdraw submitted application. What is the process?,NID,NID_REGISTRATION,NID / Voter Registration,NID_REGISTRATION_CANCELLATION,Registration Application Cancellation,Medium,Informal,FALSE,,SYNTHETIC,NID_REGISTRATION_CANCELLATION_F02,Medium,FALSE,Synthetic NID core anchored in reviewed taxonomy include examples; automated semantic/structural validation only; no REAL provenance claimed.
NIDQ_0209,Could you explain I have a question about withdraw submitted application. What is the process?,NID,NID_REGISTRATION,NID / Voter Registration,NID_REGISTRATION_CANCELLATION,Registration Application Cancellation,Medium,Informal,FALSE,,PARAPHRASED,NID_REGISTRATION_CANCELLATION_F02,Medium,FALSE,Synthetic NID core anchored in reviewed taxonomy include examples; automated semantic/structural validation only; no REAL provenance claimed.
NIDQ_0210,Please tell me the correct process: I have a question about withdraw submitted application. What is the process?,NID,NID_REGISTRATION,NID / Voter Registration,NID_REGISTRATION_CANCELLATION,Registration Application Cancellation,Medium,Informal,FALSE,,PARAPHRASED,NID_REGISTRATION_CANCELLATION_F02,Medium,FALSE,Synthetic NID core anchored in reviewed taxonomy include examples; automated semantic/structural validation only; no REAL provenance claimed.
NIDQ_0211,What are the next steps for application submitted by mistake?,NID,NID_REGISTRATION,NID / Voter Registration,NID_REGISTRATION_CANCELLATION,Registration Application Cancellation,Medium,Mixed,FALSE,,SYNTHETIC,NID_REGISTRATION_CANCELLATION_F03,Medium,FALSE,Synthetic NID core anchored in reviewed taxonomy include examples; automated semantic/structural validation only; no REAL provenance claimed.
NIDQ_0212,"For my case, What are the next steps for application submitted by mistake?",NID,NID_REGISTRATION,NID / Voter Registration,NID_REGISTRATION_CANCELLATION,Registration Application Cancellation,Medium,Mixed,FALSE,,PARAPHRASED,NID_REGISTRATION_CANCELLATION_F03,Medium,FALSE,Synthetic NID core anchored in reviewed taxonomy include examples; automated semantic/structural validation only; no REAL provenance claimed.
NIDQ_0213,Can you clarify this for me: What are the next steps for application submitted by mistake?,NID,NID_REGISTRATION,NID / Voter Registration,NID_REGISTRATION_CANCELLATION,Registration Application Cancellation,Medium,Mixed,FALSE,,PARAPHRASED,NID_REGISTRATION_CANCELLATION_F03,Medium,FALSE,Synthetic NID core anchored in reviewed taxonomy include examples; automated semantic/structural validation only; no REAL provenance claimed.
NIDQ_0214,How should I handle registration Application Cancellation?,NID,NID_REGISTRATION,NID / Voter Registration,NID_REGISTRATION_CANCELLATION,Registration Application Cancellation,Medium,Mixed,FALSE,,SYNTHETIC,NID_REGISTRATION_CANCELLATION_F04,Hard,FALSE,Synthetic NID core anchored in reviewed taxonomy include examples; automated semantic/structural validation only; no REAL provenance claimed.
NIDQ_0215,How should I handle registration Application Cancellation; what should I do next?,NID,NID_REGISTRATION,NID / Voter Registration,NID_REGISTRATION_CANCELLATION,Registration Application Cancellation,Medium,Mixed,FALSE,,PARAPHRASED,NID_REGISTRATION_CANCELLATION_F04,Hard,FALSE,Synthetic NID core anchored in reviewed taxonomy include examples; automated semantic/structural validation only; no REAL provenance claimed.
NIDQ_0216,এই বিষয়ে সহায়তা চাই: How should I handle registration Application Cancellation?,NID,NID_REGISTRATION,NID / Voter Registration,NID_REGISTRATION_CANCELLATION,Registration Application Cancellation,Medium,Mixed,FALSE,,PARAPHRASED,NID_REGISTRATION_CANCELLATION_F04,Hard,FALSE,Synthetic NID core anchored in reviewed taxonomy include examples; automated semantic/structural validation only; no REAL provenance claimed.
NIDQ_0217,How long registration normally takes?,NID,NID_REGISTRATION,NID / Voter Registration,NID_REGISTRATION_PROCESSING_TIME,Normal Registration Processing Time,Low,Formal,FALSE,,SYNTHETIC,NID_REGISTRATION_PROCESSING_TIME_F01,Easy,FALSE,Synthetic NID core anchored in reviewed taxonomy include examples; automated semantic/structural validation only; no REAL provenance claimed.
NIDQ_0218,Could you explain How long registration normally takes?,NID,NID_REGISTRATION,NID / Voter Registration,NID_REGISTRATION_PROCESSING_TIME,Normal Registration Processing Time,Low,Formal,FALSE,,PARAPHRASED,NID_REGISTRATION_PROCESSING_TIME_F01,Easy,FALSE,Synthetic NID core anchored in reviewed taxonomy include examples; automated semantic/structural validation only; no REAL provenance claimed.
NIDQ_0219,Please tell me the correct process: How long registration normally takes?,NID,NID_REGISTRATION,NID / Voter Registration,NID_REGISTRATION_PROCESSING_TIME,Normal Registration Processing Time,Low,Formal,FALSE,,PARAPHRASED,NID_REGISTRATION_PROCESSING_TIME_F01,Easy,FALSE,Synthetic NID core anchored in reviewed taxonomy include examples; automated semantic/structural validation only; no REAL provenance claimed.
NIDQ_0220,Could you explain the rules for expected processing duration?,NID,NID_REGISTRATION,NID / Voter Registration,NID_REGISTRATION_PROCESSING_TIME,Normal Registration Processing Time,Low,Informal,FALSE,,SYNTHETIC,NID_REGISTRATION_PROCESSING_TIME_F02,Medium,FALSE,Synthetic NID core anchored in reviewed taxonomy include examples; automated semantic/structural validation only; no REAL provenance claimed.
NIDQ_0221,"For my case, Could you explain the rules for expected processing duration?",NID,NID_REGISTRATION,NID / Voter Registration,NID_REGISTRATION_PROCESSING_TIME,Normal Registration Processing Time,Low,Informal,FALSE,,PARAPHRASED,NID_REGISTRATION_PROCESSING_TIME_F02,Medium,FALSE,Synthetic NID core anchored in reviewed taxonomy include examples; automated semantic/structural validation only; no REAL provenance claimed.
NIDQ_0222,Can you clarify this for me: Could you explain the rules for expected processing duration?,NID,NID_REGISTRATION,NID / Voter Registration,NID_REGISTRATION_PROCESSING_TIME,Normal Registration Processing Time,Low,Informal,FALSE,,PARAPHRASED,NID_REGISTRATION_PROCESSING_TIME_F02,Medium,FALSE,Synthetic NID core anchored in reviewed taxonomy include examples; automated semantic/structural validation only; no REAL provenance claimed.
NIDQ_0223,I need guidance about normal application-to-NID timeline. What should I do?,NID,NID_REGISTRATION,NID / Voter Registration,NID_REGISTRATION_PROCESSING_TIME,Normal Registration Processing Time,Low,Mixed,FALSE,,SYNTHETIC,NID_REGISTRATION_PROCESSING_TIME_F03,Medium,FALSE,Synthetic NID core anchored in reviewed taxonomy include examples; automated semantic/structural validation only; no REAL provenance claimed.
NIDQ_0224,I need guidance about normal application-to-NID timeline. What should I do; what should I do next?,NID,NID_REGISTRATION,NID / Voter Registration,NID_REGISTRATION_PROCESSING_TIME,Normal Registration Processing Time,Low,Mixed,FALSE,,PARAPHRASED,NID_REGISTRATION_PROCESSING_TIME_F03,Medium,FALSE,Synthetic NID core anchored in reviewed taxonomy include examples; automated semantic/structural validation only; no REAL provenance claimed.
NIDQ_0225,এই বিষয়ে সহায়তা চাই: I need guidance about normal application-to-NID timeline. What should I do?,NID,NID_REGISTRATION,NID / Voter Registration,NID_REGISTRATION_PROCESSING_TIME,Normal Registration Processing Time,Low,Mixed,FALSE,,PARAPHRASED,NID_REGISTRATION_PROCESSING_TIME_F03,Medium,FALSE,Synthetic NID core anchored in reviewed taxonomy include examples; automated semantic/structural validation only; no REAL provenance claimed.
NIDQ_0226,How does normal Registration Processing Time work?,NID,NID_REGISTRATION,NID / Voter Registration,NID_REGISTRATION_PROCESSING_TIME,Normal Registration Processing Time,Low,Mixed,FALSE,,SYNTHETIC,NID_REGISTRATION_PROCESSING_TIME_F04,Hard,FALSE,Synthetic NID core anchored in reviewed taxonomy include examples; automated semantic/structural validation only; no REAL provenance claimed.
NIDQ_0227,I am trying to understand this: How does normal Registration Processing Time work?,NID,NID_REGISTRATION,NID / Voter Registration,NID_REGISTRATION_PROCESSING_TIME,Normal Registration Processing Time,Low,Mixed,FALSE,,PARAPHRASED,NID_REGISTRATION_PROCESSING_TIME_F04,Hard,FALSE,Synthetic NID core anchored in reviewed taxonomy include examples; automated semantic/structural validation only; no REAL provenance claimed.
NIDQ_0228,I need guidance on this: How does normal Registration Processing Time work?,NID,NID_REGISTRATION,NID / Voter Registration,NID_REGISTRATION_PROCESSING_TIME,Normal Registration Processing Time,Low,Mixed,FALSE,,PARAPHRASED,NID_REGISTRATION_PROCESSING_TIME_F04,Hard,FALSE,Synthetic NID core anchored in reviewed taxonomy include examples; automated semantic/structural validation only; no REAL provenance claimed.
NIDQ_0229,Can a Bangladeshi living abroad apply for an NID?,NID,NID_REGISTRATION,NID / Voter Registration,NID_REGISTRATION_EXPATRIATE,Expatriate / Overseas NID Registration,Low,Formal,FALSE,,SYNTHETIC,NID_REGISTRATION_EXPATRIATE_F01,Easy,FALSE,Synthetic NID core anchored in reviewed taxonomy include examples; automated semantic/structural validation only; no REAL provenance claimed.
NIDQ_0230,"For my case, Can a Bangladeshi living abroad apply for an NID?",NID,NID_REGISTRATION,NID / Voter Registration,NID_REGISTRATION_EXPATRIATE,Expatriate / Overseas NID Registration,Low,Formal,FALSE,,PARAPHRASED,NID_REGISTRATION_EXPATRIATE_F01,Easy,FALSE,Synthetic NID core anchored in reviewed taxonomy include examples; automated semantic/structural validation only; no REAL provenance claimed.
NIDQ_0231,Can you clarify this for me: Can a Bangladeshi living abroad apply for an NID?,NID,NID_REGISTRATION,NID / Voter Registration,NID_REGISTRATION_EXPATRIATE,Expatriate / Overseas NID Registration,Low,Formal,FALSE,,PARAPHRASED,NID_REGISTRATION_EXPATRIATE_F01,Easy,FALSE,Synthetic NID core anchored in reviewed taxonomy include examples; automated semantic/structural validation only; no REAL provenance claimed.
NIDQ_0232,How can an expatriate register for an NID?,NID,NID_REGISTRATION,NID / Voter Registration,NID_REGISTRATION_EXPATRIATE,Expatriate / Overseas NID Registration,Low,Informal,FALSE,,SYNTHETIC,NID_REGISTRATION_EXPATRIATE_F02,Medium,FALSE,Synthetic NID core anchored in reviewed taxonomy include examples; automated semantic/structural validation only; no REAL provenance claimed.
NIDQ_0233,How can an expatriate register for an NID; what should I do next?,NID,NID_REGISTRATION,NID / Voter Registration,NID_REGISTRATION_EXPATRIATE,Expatriate / Overseas NID Registration,Low,Informal,FALSE,,PARAPHRASED,NID_REGISTRATION_EXPATRIATE_F02,Medium,FALSE,Synthetic NID core anchored in reviewed taxonomy include examples; automated semantic/structural validation only; no REAL provenance claimed.
NIDQ_0234,এই বিষয়ে সহায়তা চাই: How can an expatriate register for an NID?,NID,NID_REGISTRATION,NID / Voter Registration,NID_REGISTRATION_EXPATRIATE,Expatriate / Overseas NID Registration,Low,Informal,FALSE,,PARAPHRASED,NID_REGISTRATION_EXPATRIATE_F02,Medium,FALSE,Synthetic NID core anchored in reviewed taxonomy include examples; automated semantic/structural validation only; no REAL provenance claimed.
NIDQ_0235,Can I apply for NID from overseas?,NID,NID_REGISTRATION,NID / Voter Registration,NID_REGISTRATION_EXPATRIATE,Expatriate / Overseas NID Registration,Low,Mixed,FALSE,,SYNTHETIC,NID_REGISTRATION_EXPATRIATE_F03,Medium,FALSE,Synthetic NID core anchored in reviewed taxonomy include examples; automated semantic/structural validation only; no REAL provenance claimed.
NIDQ_0236,I am trying to understand this: is it possible to apply for NID from overseas?,NID,NID_REGISTRATION,NID / Voter Registration,NID_REGISTRATION_EXPATRIATE,Expatriate / Overseas NID Registration,Low,Mixed,FALSE,,PARAPHRASED,NID_REGISTRATION_EXPATRIATE_F03,Medium,FALSE,Synthetic NID core anchored in reviewed taxonomy include examples; automated semantic/structural validation only; no REAL provenance claimed.
NIDQ_0237,I need guidance on this: is it possible to apply for NID from overseas?,NID,NID_REGISTRATION,NID / Voter Registration,NID_REGISTRATION_EXPATRIATE,Expatriate / Overseas NID Registration,Low,Mixed,FALSE,,PARAPHRASED,NID_REGISTRATION_EXPATRIATE_F03,Medium,FALSE,Synthetic NID core anchored in reviewed taxonomy include examples; automated semantic/structural validation only; no REAL provenance claimed.
NIDQ_0238,What is the NID registration process for expatriates?,NID,NID_REGISTRATION,NID / Voter Registration,NID_REGISTRATION_EXPATRIATE,Expatriate / Overseas NID Registration,Low,Mixed,FALSE,,SYNTHETIC,NID_REGISTRATION_EXPATRIATE_F04,Hard,FALSE,Synthetic NID core anchored in reviewed taxonomy include examples; automated semantic/structural validation only; no REAL provenance claimed.
NIDQ_0239,Could you explain What is the NID registration process for expatriates?,NID,NID_REGISTRATION,NID / Voter Registration,NID_REGISTRATION_EXPATRIATE,Expatriate / Overseas NID Registration,Low,Mixed,FALSE,,PARAPHRASED,NID_REGISTRATION_EXPATRIATE_F04,Hard,FALSE,Synthetic NID core anchored in reviewed taxonomy include examples; automated semantic/structural validation only; no REAL provenance claimed.
NIDQ_0240,Please tell me the correct process: What is the NID registration process for expatriates?,NID,NID_REGISTRATION,NID / Voter Registration,NID_REGISTRATION_EXPATRIATE,Expatriate / Overseas NID Registration,Low,Mixed,FALSE,,PARAPHRASED,NID_REGISTRATION_EXPATRIATE_F04,Hard,FALSE,Synthetic NID core anchored in reviewed taxonomy include examples; automated semantic/structural validation only; no REAL provenance claimed.
NIDQ_0241,Can you guide me about wrong own name?,NID,NID_CORRECTION,NID Information Correction,NID_CORRECTION_NAME,Own Name Correction,Low,Formal,FALSE,,SYNTHETIC,NID_CORRECTION_NAME_F01,Easy,FALSE,Synthetic NID core anchored in reviewed taxonomy include examples; automated semantic/structural validation only; no REAL provenance claimed.
NIDQ_0242,Can you guide me about wrong own name; what should I do next?,NID,NID_CORRECTION,NID Information Correction,NID_CORRECTION_NAME,Own Name Correction,Low,Formal,FALSE,,PARAPHRASED,NID_CORRECTION_NAME_F01,Easy,FALSE,Synthetic NID core anchored in reviewed taxonomy include examples; automated semantic/structural validation only; no REAL provenance claimed.
NIDQ_0243,এই বিষয়ে সহায়তা চাই: Can you guide me about wrong own name?,NID,NID_CORRECTION,NID Information Correction,NID_CORRECTION_NAME,Own Name Correction,Low,Formal,FALSE,,PARAPHRASED,NID_CORRECTION_NAME_F01,Easy,FALSE,Synthetic NID core anchored in reviewed taxonomy include examples; automated semantic/structural validation only; no REAL provenance claimed.
NIDQ_0244,I have a question about name spelling mistake. What is the process?,NID,NID_CORRECTION,NID Information Correction,NID_CORRECTION_NAME,Own Name Correction,Low,Informal,FALSE,,SYNTHETIC,NID_CORRECTION_NAME_F02,Medium,FALSE,Synthetic NID core anchored in reviewed taxonomy include examples; automated semantic/structural validation only; no REAL provenance claimed.
NIDQ_0245,I am trying to understand this: I have a question about name spelling mistake. What is the process?,NID,NID_CORRECTION,NID Information Correction,NID_CORRECTION_NAME,Own Name Correction,Low,Informal,FALSE,,PARAPHRASED,NID_CORRECTION_NAME_F02,Medium,FALSE,Synthetic NID core anchored in reviewed taxonomy include examples; automated semantic/structural validation only; no REAL provenance claimed.
NIDQ_0246,I need guidance on this: I have a question about name spelling mistake. What is the process?,NID,NID_CORRECTION,NID Information Correction,NID_CORRECTION_NAME,Own Name Correction,Low,Informal,FALSE,,PARAPHRASED,NID_CORRECTION_NAME_F02,Medium,FALSE,Synthetic NID core anchored in reviewed taxonomy include examples; automated semantic/structural validation only; no REAL provenance claimed.
NIDQ_0247,What are the next steps for missing part of own name?,NID,NID_CORRECTION,NID Information Correction,NID_CORRECTION_NAME,Own Name Correction,Low,Mixed,FALSE,,SYNTHETIC,NID_CORRECTION_NAME_F03,Medium,FALSE,Synthetic NID core anchored in reviewed taxonomy include examples; automated semantic/structural validation only; no REAL provenance claimed.
NIDQ_0248,Could you explain What are the next steps for missing part of own name?,NID,NID_CORRECTION,NID Information Correction,NID_CORRECTION_NAME,Own Name Correction,Low,Mixed,FALSE,,PARAPHRASED,NID_CORRECTION_NAME_F03,Medium,FALSE,Synthetic NID core anchored in reviewed taxonomy include examples; automated semantic/structural validation only; no REAL provenance claimed.
NIDQ_0249,Please tell me the correct process: What are the next steps for missing part of own name?,NID,NID_CORRECTION,NID Information Correction,NID_CORRECTION_NAME,Own Name Correction,Low,Mixed,FALSE,,PARAPHRASED,NID_CORRECTION_NAME_F03,Medium,FALSE,Synthetic NID core anchored in reviewed taxonomy include examples; automated semantic/structural validation only; no REAL provenance claimed.
NIDQ_0250,How should I handle own name differs from certificate or other document?,NID,NID_CORRECTION,NID Information Correction,NID_CORRECTION_NAME,Own Name Correction,Low,Mixed,FALSE,,SYNTHETIC,NID_CORRECTION_NAME_F04,Hard,FALSE,Synthetic NID core anchored in reviewed taxonomy include examples; automated semantic/structural validation only; no REAL provenance claimed.
NIDQ_0251,"For my case, How should I handle own name differs from certificate or other document?",NID,NID_CORRECTION,NID Information Correction,NID_CORRECTION_NAME,Own Name Correction,Low,Mixed,FALSE,,PARAPHRASED,NID_CORRECTION_NAME_F04,Hard,FALSE,Synthetic NID core anchored in reviewed taxonomy include examples; automated semantic/structural validation only; no REAL provenance claimed.
NIDQ_0252,Can you clarify this for me: How should I handle own name differs from certificate or other document?,NID,NID_CORRECTION,NID Information Correction,NID_CORRECTION_NAME,Own Name Correction,Low,Mixed,FALSE,,PARAPHRASED,NID_CORRECTION_NAME_F04,Hard,FALSE,Synthetic NID core anchored in reviewed taxonomy include examples; automated semantic/structural validation only; no REAL provenance claimed.
NIDQ_0253,What should I know about father's name incorrect?,NID,NID_CORRECTION,NID Information Correction,NID_CORRECTION_PARENT_NAME,Father or Mother Name Correction,Low,Formal,FALSE,,SYNTHETIC,NID_CORRECTION_PARENT_NAME_F01,Easy,FALSE,Synthetic NID core anchored in reviewed taxonomy include examples; automated semantic/structural validation only; no REAL provenance claimed.
NIDQ_0254,I am trying to understand this: What should I know about father's name incorrect?,NID,NID_CORRECTION,NID Information Correction,NID_CORRECTION_PARENT_NAME,Father or Mother Name Correction,Low,Formal,FALSE,,PARAPHRASED,NID_CORRECTION_PARENT_NAME_F01,Easy,FALSE,Synthetic NID core anchored in reviewed taxonomy include examples; automated semantic/structural validation only; no REAL provenance claimed.
NIDQ_0255,I need guidance on this: What should I know about father's name incorrect?,NID,NID_CORRECTION,NID Information Correction,NID_CORRECTION_PARENT_NAME,Father or Mother Name Correction,Low,Formal,FALSE,,PARAPHRASED,NID_CORRECTION_PARENT_NAME_F01,Easy,FALSE,Synthetic NID core anchored in reviewed taxonomy include examples; automated semantic/structural validation only; no REAL provenance claimed.
NIDQ_0256,Could you explain the rules for mother's name incorrect?,NID,NID_CORRECTION,NID Information Correction,NID_CORRECTION_PARENT_NAME,Father or Mother Name Correction,Low,Informal,FALSE,,SYNTHETIC,NID_CORRECTION_PARENT_NAME_F02,Medium,FALSE,Synthetic NID core anchored in reviewed taxonomy include examples; automated semantic/structural validation only; no REAL provenance claimed.
NIDQ_0257,Could you explain Could you explain the rules for mother's name incorrect?,NID,NID_CORRECTION,NID Information Correction,NID_CORRECTION_PARENT_NAME,Father or Mother Name Correction,Low,Informal,FALSE,,PARAPHRASED,NID_CORRECTION_PARENT_NAME_F02,Medium,FALSE,Synthetic NID core anchored in reviewed taxonomy include examples; automated semantic/structural validation only; no REAL provenance claimed.
NIDQ_0258,Please tell me the correct process: Could you explain the rules for mother's name incorrect?,NID,NID_CORRECTION,NID Information Correction,NID_CORRECTION_PARENT_NAME,Father or Mother Name Correction,Low,Informal,FALSE,,PARAPHRASED,NID_CORRECTION_PARENT_NAME_F02,Medium,FALSE,Synthetic NID core anchored in reviewed taxonomy include examples; automated semantic/structural validation only; no REAL provenance claimed.
NIDQ_0259,I need guidance about parent-name spelling error. What should I do?,NID,NID_CORRECTION,NID Information Correction,NID_CORRECTION_PARENT_NAME,Father or Mother Name Correction,Low,Mixed,FALSE,,SYNTHETIC,NID_CORRECTION_PARENT_NAME_F03,Medium,FALSE,Synthetic NID core anchored in reviewed taxonomy include examples; automated semantic/structural validation only; no REAL provenance claimed.
NIDQ_0260,"For my case, I need guidance about parent-name spelling error. What should I do?",NID,NID_CORRECTION,NID Information Correction,NID_CORRECTION_PARENT_NAME,Father or Mother Name Correction,Low,Mixed,FALSE,,PARAPHRASED,NID_CORRECTION_PARENT_NAME_F03,Medium,FALSE,Synthetic NID core anchored in reviewed taxonomy include examples; automated semantic/structural validation only; no REAL provenance claimed.
NIDQ_0261,Can you clarify this for me: I need guidance about parent-name spelling error. What should I do?,NID,NID_CORRECTION,NID Information Correction,NID_CORRECTION_PARENT_NAME,Father or Mother Name Correction,Low,Mixed,FALSE,,PARAPHRASED,NID_CORRECTION_PARENT_NAME_F03,Medium,FALSE,Synthetic NID core anchored in reviewed taxonomy include examples; automated semantic/structural validation only; no REAL provenance claimed.
NIDQ_0262,How does parent name differs from supporting documents work?,NID,NID_CORRECTION,NID Information Correction,NID_CORRECTION_PARENT_NAME,Father or Mother Name Correction,Low,Mixed,FALSE,,SYNTHETIC,NID_CORRECTION_PARENT_NAME_F04,Hard,FALSE,Synthetic NID core anchored in reviewed taxonomy include examples; automated semantic/structural validation only; no REAL provenance claimed.
NIDQ_0263,How does parent name differs from supporting documents work; what should I do next?,NID,NID_CORRECTION,NID Information Correction,NID_CORRECTION_PARENT_NAME,Father or Mother Name Correction,Low,Mixed,FALSE,,PARAPHRASED,NID_CORRECTION_PARENT_NAME_F04,Hard,FALSE,Synthetic NID core anchored in reviewed taxonomy include examples; automated semantic/structural validation only; no REAL provenance claimed.
NIDQ_0264,এই বিষয়ে সহায়তা চাই: How does parent name differs from supporting documents work?,NID,NID_CORRECTION,NID Information Correction,NID_CORRECTION_PARENT_NAME,Father or Mother Name Correction,Low,Mixed,FALSE,,PARAPHRASED,NID_CORRECTION_PARENT_NAME_F04,Hard,FALSE,Synthetic NID core anchored in reviewed taxonomy include examples; automated semantic/structural validation only; no REAL provenance claimed.
NIDQ_0265,Please explain the official process for wrong date of birth.,NID,NID_CORRECTION,NID Information Correction,NID_CORRECTION_DOB,Date of Birth Correction,Low,Formal,FALSE,,SYNTHETIC,NID_CORRECTION_DOB_F01,Easy,FALSE,Synthetic NID core anchored in reviewed taxonomy include examples; automated semantic/structural validation only; no REAL provenance claimed.
NIDQ_0266,Could you explain Please explain the official process for wrong date of birth?,NID,NID_CORRECTION,NID Information Correction,NID_CORRECTION_DOB,Date of Birth Correction,Low,Formal,FALSE,,PARAPHRASED,NID_CORRECTION_DOB_F01,Easy,FALSE,Synthetic NID core anchored in reviewed taxonomy include examples; automated semantic/structural validation only; no REAL provenance claimed.
NIDQ_0267,Please tell me the correct process: Please explain the official process for wrong date of birth?,NID,NID_CORRECTION,NID Information Correction,NID_CORRECTION_DOB,Date of Birth Correction,Low,Formal,FALSE,,PARAPHRASED,NID_CORRECTION_DOB_F01,Easy,FALSE,Synthetic NID core anchored in reviewed taxonomy include examples; automated semantic/structural validation only; no REAL provenance claimed.
NIDQ_0268,Which rules apply to wrong birth year?,NID,NID_CORRECTION,NID Information Correction,NID_CORRECTION_DOB,Date of Birth Correction,Low,Informal,FALSE,,SYNTHETIC,NID_CORRECTION_DOB_F02,Medium,FALSE,Synthetic NID core anchored in reviewed taxonomy include examples; automated semantic/structural validation only; no REAL provenance claimed.
NIDQ_0269,"For my case, Which rules apply to wrong birth year?",NID,NID_CORRECTION,NID Information Correction,NID_CORRECTION_DOB,Date of Birth Correction,Low,Informal,FALSE,,PARAPHRASED,NID_CORRECTION_DOB_F02,Medium,FALSE,Synthetic NID core anchored in reviewed taxonomy include examples; automated semantic/structural validation only; no REAL provenance claimed.
NIDQ_0270,Can you clarify this for me: Which rules apply to wrong birth year?,NID,NID_CORRECTION,NID Information Correction,NID_CORRECTION_DOB,Date of Birth Correction,Low,Informal,FALSE,,PARAPHRASED,NID_CORRECTION_DOB_F02,Medium,FALSE,Synthetic NID core anchored in reviewed taxonomy include examples; automated semantic/structural validation only; no REAL provenance claimed.
NIDQ_0271,Where can I get help about wrong day or month?,NID,NID_CORRECTION,NID Information Correction,NID_CORRECTION_DOB,Date of Birth Correction,Low,Mixed,FALSE,,SYNTHETIC,NID_CORRECTION_DOB_F03,Medium,FALSE,Synthetic NID core anchored in reviewed taxonomy include examples; automated semantic/structural validation only; no REAL provenance claimed.
NIDQ_0272,Where is it possible to get help about wrong day or month; what should I do next?,NID,NID_CORRECTION,NID Information Correction,NID_CORRECTION_DOB,Date of Birth Correction,Low,Mixed,FALSE,,PARAPHRASED,NID_CORRECTION_DOB_F03,Medium,FALSE,Synthetic NID core anchored in reviewed taxonomy include examples; automated semantic/structural validation only; no REAL provenance claimed.
NIDQ_0273,Where is it possible to get help about wrong day or month?,NID,NID_CORRECTION,NID Information Correction,NID_CORRECTION_DOB,Date of Birth Correction,Low,Mixed,FALSE,,PARAPHRASED,NID_CORRECTION_DOB_F03,Medium,FALSE,Synthetic NID core anchored in reviewed taxonomy include examples; automated semantic/structural validation only; no REAL provenance claimed.
NIDQ_0274,What is required for nID birth date differs from birth registration?,NID,NID_CORRECTION,NID Information Correction,NID_CORRECTION_DOB,Date of Birth Correction,Low,Mixed,FALSE,,SYNTHETIC,NID_CORRECTION_DOB_F04,Hard,FALSE,Synthetic NID core anchored in reviewed taxonomy include examples; automated semantic/structural validation only; no REAL provenance claimed.
NIDQ_0275,I am trying to understand this: What is required for nID birth date differs from birth registration?,NID,NID_CORRECTION,NID Information Correction,NID_CORRECTION_DOB,Date of Birth Correction,Low,Mixed,FALSE,,PARAPHRASED,NID_CORRECTION_DOB_F04,Hard,FALSE,Synthetic NID core anchored in reviewed taxonomy include examples; automated semantic/structural validation only; no REAL provenance claimed.
NIDQ_0276,I need guidance on this: What is required for nID birth date differs from birth registration?,NID,NID_CORRECTION,NID Information Correction,NID_CORRECTION_DOB,Date of Birth Correction,Low,Mixed,FALSE,,PARAPHRASED,NID_CORRECTION_DOB_F04,Hard,FALSE,Synthetic NID core anchored in reviewed taxonomy include examples; automated semantic/structural validation only; no REAL provenance claimed.
NIDQ_0277,Can you guide me about incorrect gender?,NID,NID_CORRECTION,NID Information Correction,NID_CORRECTION_GENDER,Gender Information Correction,Low,Formal,FALSE,,SYNTHETIC,NID_CORRECTION_GENDER_F01,Easy,FALSE,Synthetic NID core anchored in reviewed taxonomy include examples; automated semantic/structural validation only; no REAL provenance claimed.
NIDQ_0278,"For my case, Can you guide me about incorrect gender?",NID,NID_CORRECTION,NID Information Correction,NID_CORRECTION_GENDER,Gender Information Correction,Low,Formal,FALSE,,PARAPHRASED,NID_CORRECTION_GENDER_F01,Easy,FALSE,Synthetic NID core anchored in reviewed taxonomy include examples; automated semantic/structural validation only; no REAL provenance claimed.
NIDQ_0279,Can you clarify this for me: Can you guide me about incorrect gender?,NID,NID_CORRECTION,NID Information Correction,NID_CORRECTION_GENDER,Gender Information Correction,Low,Formal,FALSE,,PARAPHRASED,NID_CORRECTION_GENDER_F01,Easy,FALSE,Synthetic NID core anchored in reviewed taxonomy include examples; automated semantic/structural validation only; no REAL provenance claimed.
NIDQ_0280,I have a question about incorrect male/female designation. What is the process?,NID,NID_CORRECTION,NID Information Correction,NID_CORRECTION_GENDER,Gender Information Correction,Low,Informal,FALSE,,SYNTHETIC,NID_CORRECTION_GENDER_F02,Medium,FALSE,Synthetic NID core anchored in reviewed taxonomy include examples; automated semantic/structural validation only; no REAL provenance claimed.
NIDQ_0281,I have a question about incorrect male/female designation. What is the process; what should I do next?,NID,NID_CORRECTION,NID Information Correction,NID_CORRECTION_GENDER,Gender Information Correction,Low,Informal,FALSE,,PARAPHRASED,NID_CORRECTION_GENDER_F02,Medium,FALSE,Synthetic NID core anchored in reviewed taxonomy include examples; automated semantic/structural validation only; no REAL provenance claimed.
NIDQ_0282,এই বিষয়ে সহায়তা চাই: I have a question about incorrect male/female designation. What is the process?,NID,NID_CORRECTION,NID Information Correction,NID_CORRECTION_GENDER,Gender Information Correction,Low,Informal,FALSE,,PARAPHRASED,NID_CORRECTION_GENDER_F02,Medium,FALSE,Synthetic NID core anchored in reviewed taxonomy include examples; automated semantic/structural validation only; no REAL provenance claimed.
NIDQ_0283,What are the next steps for gender information differs from supporting documents?,NID,NID_CORRECTION,NID Information Correction,NID_CORRECTION_GENDER,Gender Information Correction,Low,Mixed,FALSE,,SYNTHETIC,NID_CORRECTION_GENDER_F03,Medium,FALSE,Synthetic NID core anchored in reviewed taxonomy include examples; automated semantic/structural validation only; no REAL provenance claimed.
NIDQ_0284,I am trying to understand this: What are the next steps for gender information differs from supporting documents?,NID,NID_CORRECTION,NID Information Correction,NID_CORRECTION_GENDER,Gender Information Correction,Low,Mixed,FALSE,,PARAPHRASED,NID_CORRECTION_GENDER_F03,Medium,FALSE,Synthetic NID core anchored in reviewed taxonomy include examples; automated semantic/structural validation only; no REAL provenance claimed.
NIDQ_0285,I need guidance on this: What are the next steps for gender information differs from supporting documents?,NID,NID_CORRECTION,NID Information Correction,NID_CORRECTION_GENDER,Gender Information Correction,Low,Mixed,FALSE,,PARAPHRASED,NID_CORRECTION_GENDER_F03,Medium,FALSE,Synthetic NID core anchored in reviewed taxonomy include examples; automated semantic/structural validation only; no REAL provenance claimed.
NIDQ_0286,How should I handle procedure or documents for gender correction?,NID,NID_CORRECTION,NID Information Correction,NID_CORRECTION_GENDER,Gender Information Correction,Low,Mixed,FALSE,,SYNTHETIC,NID_CORRECTION_GENDER_F04,Hard,FALSE,Synthetic NID core anchored in reviewed taxonomy include examples; automated semantic/structural validation only; no REAL provenance claimed.
NIDQ_0287,Could you explain How should I handle procedure or documents for gender correction?,NID,NID_CORRECTION,NID Information Correction,NID_CORRECTION_GENDER,Gender Information Correction,Low,Mixed,FALSE,,PARAPHRASED,NID_CORRECTION_GENDER_F04,Hard,FALSE,Synthetic NID core anchored in reviewed taxonomy include examples; automated semantic/structural validation only; no REAL provenance claimed.
NIDQ_0288,Please tell me the correct process: How should I handle procedure or documents for gender correction?,NID,NID_CORRECTION,NID Information Correction,NID_CORRECTION_GENDER,Gender Information Correction,Low,Mixed,FALSE,,PARAPHRASED,NID_CORRECTION_GENDER_F04,Hard,FALSE,Synthetic NID core anchored in reviewed taxonomy include examples; automated semantic/structural validation only; no REAL provenance claimed.
NIDQ_0289,What should I know about wrong blood group?,NID,NID_CORRECTION,NID Information Correction,NID_CORRECTION_BLOOD_GROUP,Blood Group Correction,Low,Formal,FALSE,,SYNTHETIC,NID_CORRECTION_BLOOD_GROUP_F01,Easy,FALSE,Synthetic NID core anchored in reviewed taxonomy include examples; automated semantic/structural validation only; no REAL provenance claimed.
NIDQ_0290,What should I know about wrong blood group; what should I do next?,NID,NID_CORRECTION,NID Information Correction,NID_CORRECTION_BLOOD_GROUP,Blood Group Correction,Low,Formal,FALSE,,PARAPHRASED,NID_CORRECTION_BLOOD_GROUP_F01,Easy,FALSE,Synthetic NID core anchored in reviewed taxonomy include examples; automated semantic/structural validation only; no REAL provenance claimed.
NIDQ_0291,এই বিষয়ে সহায়তা চাই: What should I know about wrong blood group?,NID,NID_CORRECTION,NID Information Correction,NID_CORRECTION_BLOOD_GROUP,Blood Group Correction,Low,Formal,FALSE,,PARAPHRASED,NID_CORRECTION_BLOOD_GROUP_F01,Easy,FALSE,Synthetic NID core anchored in reviewed taxonomy include examples; automated semantic/structural validation only; no REAL provenance claimed.
NIDQ_0292,Could you explain the rules for blood-group update?,NID,NID_CORRECTION,NID Information Correction,NID_CORRECTION_BLOOD_GROUP,Blood Group Correction,Low,Informal,FALSE,,SYNTHETIC,NID_CORRECTION_BLOOD_GROUP_F02,Medium,FALSE,Synthetic NID core anchored in reviewed taxonomy include examples; automated semantic/structural validation only; no REAL provenance claimed.
NIDQ_0293,I am trying to understand this: Could you explain the rules for blood-group update?,NID,NID_CORRECTION,NID Information Correction,NID_CORRECTION_BLOOD_GROUP,Blood Group Correction,Low,Informal,FALSE,,PARAPHRASED,NID_CORRECTION_BLOOD_GROUP_F02,Medium,FALSE,Synthetic NID core anchored in reviewed taxonomy include examples; automated semantic/structural validation only; no REAL provenance claimed.
NIDQ_0294,I need guidance on this: Could you explain the rules for blood-group update?,NID,NID_CORRECTION,NID Information Correction,NID_CORRECTION_BLOOD_GROUP,Blood Group Correction,Low,Informal,FALSE,,PARAPHRASED,NID_CORRECTION_BLOOD_GROUP_F02,Medium,FALSE,Synthetic NID core anchored in reviewed taxonomy include examples; automated semantic/structural validation only; no REAL provenance claimed.
NIDQ_0295,I need guidance about documents or proof for blood-group correction. What should I do?,NID,NID_CORRECTION,NID Information Correction,NID_CORRECTION_BLOOD_GROUP,Blood Group Correction,Low,Mixed,FALSE,,SYNTHETIC,NID_CORRECTION_BLOOD_GROUP_F03,Medium,FALSE,Synthetic NID core anchored in reviewed taxonomy include examples; automated semantic/structural validation only; no REAL provenance claimed.
NIDQ_0296,Could you explain I need guidance about documents or proof for blood-group correction. What should I do?,NID,NID_CORRECTION,NID Information Correction,NID_CORRECTION_BLOOD_GROUP,Blood Group Correction,Low,Mixed,FALSE,,PARAPHRASED,NID_CORRECTION_BLOOD_GROUP_F03,Medium,FALSE,Synthetic NID core anchored in reviewed taxonomy include examples; automated semantic/structural validation only; no REAL provenance claimed.
NIDQ_0297,Please tell me the correct process: I need guidance about documents or proof for blood-group correction. What should I do?,NID,NID_CORRECTION,NID Information Correction,NID_CORRECTION_BLOOD_GROUP,Blood Group Correction,Low,Mixed,FALSE,,PARAPHRASED,NID_CORRECTION_BLOOD_GROUP_F03,Medium,FALSE,Synthetic NID core anchored in reviewed taxonomy include examples; automated semantic/structural validation only; no REAL provenance claimed.
NIDQ_0298,How does blood Group Correction work?,NID,NID_CORRECTION,NID Information Correction,NID_CORRECTION_BLOOD_GROUP,Blood Group Correction,Low,Mixed,FALSE,,SYNTHETIC,NID_CORRECTION_BLOOD_GROUP_F04,Hard,FALSE,Synthetic NID core anchored in reviewed taxonomy include examples; automated semantic/structural validation only; no REAL provenance claimed.
NIDQ_0299,"For my case, How does blood Group Correction work?",NID,NID_CORRECTION,NID Information Correction,NID_CORRECTION_BLOOD_GROUP,Blood Group Correction,Low,Mixed,FALSE,,PARAPHRASED,NID_CORRECTION_BLOOD_GROUP_F04,Hard,FALSE,Synthetic NID core anchored in reviewed taxonomy include examples; automated semantic/structural validation only; no REAL provenance claimed.
NIDQ_0300,Can you clarify this for me: How does blood Group Correction work?,NID,NID_CORRECTION,NID Information Correction,NID_CORRECTION_BLOOD_GROUP,Blood Group Correction,Low,Mixed,FALSE,,PARAPHRASED,NID_CORRECTION_BLOOD_GROUP_F04,Hard,FALSE,Synthetic NID core anchored in reviewed taxonomy include examples; automated semantic/structural validation only; no REAL provenance claimed.
NIDQ_0301,Please explain the official process for incorrect marital status.,NID,NID_CORRECTION,NID Information Correction,NID_CORRECTION_MARITAL_STATUS,Marital Status Correction,Low,Formal,FALSE,,SYNTHETIC,NID_CORRECTION_MARITAL_STATUS_F01,Easy,FALSE,Synthetic NID core anchored in reviewed taxonomy include examples; automated semantic/structural validation only; no REAL provenance claimed.
NIDQ_0302,I am trying to understand this: Please explain the official process for incorrect marital status?,NID,NID_CORRECTION,NID Information Correction,NID_CORRECTION_MARITAL_STATUS,Marital Status Correction,Low,Formal,FALSE,,PARAPHRASED,NID_CORRECTION_MARITAL_STATUS_F01,Easy,FALSE,Synthetic NID core anchored in reviewed taxonomy include examples; automated semantic/structural validation only; no REAL provenance claimed.
NIDQ_0303,I need guidance on this: Please explain the official process for incorrect marital status?,NID,NID_CORRECTION,NID Information Correction,NID_CORRECTION_MARITAL_STATUS,Marital Status Correction,Low,Formal,FALSE,,PARAPHRASED,NID_CORRECTION_MARITAL_STATUS_F01,Easy,FALSE,Synthetic NID core anchored in reviewed taxonomy include examples; automated semantic/structural validation only; no REAL provenance claimed.
NIDQ_0304,Which rules apply to status still shows unmarried after marriage?,NID,NID_CORRECTION,NID Information Correction,NID_CORRECTION_MARITAL_STATUS,Marital Status Correction,Low,Informal,FALSE,,SYNTHETIC,NID_CORRECTION_MARITAL_STATUS_F02,Medium,FALSE,Synthetic NID core anchored in reviewed taxonomy include examples; automated semantic/structural validation only; no REAL provenance claimed.
NIDQ_0305,Could you explain Which rules apply to status still shows unmarried after marriage?,NID,NID_CORRECTION,NID Information Correction,NID_CORRECTION_MARITAL_STATUS,Marital Status Correction,Low,Informal,FALSE,,PARAPHRASED,NID_CORRECTION_MARITAL_STATUS_F02,Medium,FALSE,Synthetic NID core anchored in reviewed taxonomy include examples; automated semantic/structural validation only; no REAL provenance claimed.
NIDQ_0306,Please tell me the correct process: Which rules apply to status still shows unmarried after marriage?,NID,NID_CORRECTION,NID Information Correction,NID_CORRECTION_MARITAL_STATUS,Marital Status Correction,Low,Informal,FALSE,,PARAPHRASED,NID_CORRECTION_MARITAL_STATUS_F02,Medium,FALSE,Synthetic NID core anchored in reviewed taxonomy include examples; automated semantic/structural validation only; no REAL provenance claimed.
NIDQ_0307,Where can I get help about marital-status update?,NID,NID_CORRECTION,NID Information Correction,NID_CORRECTION_MARITAL_STATUS,Marital Status Correction,Low,Mixed,FALSE,,SYNTHETIC,NID_CORRECTION_MARITAL_STATUS_F03,Medium,FALSE,Synthetic NID core anchored in reviewed taxonomy include examples; automated semantic/structural validation only; no REAL provenance claimed.
NIDQ_0308,"For my case, Where is it possible to get help about marital-status update?",NID,NID_CORRECTION,NID Information Correction,NID_CORRECTION_MARITAL_STATUS,Marital Status Correction,Low,Mixed,FALSE,,PARAPHRASED,NID_CORRECTION_MARITAL_STATUS_F03,Medium,FALSE,Synthetic NID core anchored in reviewed taxonomy include examples; automated semantic/structural validation only; no REAL provenance claimed.
NIDQ_0309,Can you clarify this for me: Where is it possible to get help about marital-status update?,NID,NID_CORRECTION,NID Information Correction,NID_CORRECTION_MARITAL_STATUS,Marital Status Correction,Low,Mixed,FALSE,,PARAPHRASED,NID_CORRECTION_MARITAL_STATUS_F03,Medium,FALSE,Synthetic NID core anchored in reviewed taxonomy include examples; automated semantic/structural validation only; no REAL provenance claimed.
NIDQ_0310,What is required for documents or procedure for marital-status correction?,NID,NID_CORRECTION,NID Information Correction,NID_CORRECTION_MARITAL_STATUS,Marital Status Correction,Low,Mixed,FALSE,,SYNTHETIC,NID_CORRECTION_MARITAL_STATUS_F04,Hard,FALSE,Synthetic NID core anchored in reviewed taxonomy include examples; automated semantic/structural validation only; no REAL provenance claimed.
NIDQ_0311,What is required for documents or procedure for marital-status correction; what should I do next?,NID,NID_CORRECTION,NID Information Correction,NID_CORRECTION_MARITAL_STATUS,Marital Status Correction,Low,Mixed,FALSE,,PARAPHRASED,NID_CORRECTION_MARITAL_STATUS_F04,Hard,FALSE,Synthetic NID core anchored in reviewed taxonomy include examples; automated semantic/structural validation only; no REAL provenance claimed.
NIDQ_0312,এই বিষয়ে সহায়তা চাই: What is required for documents or procedure for marital-status correction?,NID,NID_CORRECTION,NID Information Correction,NID_CORRECTION_MARITAL_STATUS,Marital Status Correction,Low,Mixed,FALSE,,PARAPHRASED,NID_CORRECTION_MARITAL_STATUS_F04,Hard,FALSE,Synthetic NID core anchored in reviewed taxonomy include examples; automated semantic/structural validation only; no REAL provenance claimed.
NIDQ_0313,Can you guide me about incorrect spouse name?,NID,NID_CORRECTION,NID Information Correction,NID_CORRECTION_SPOUSE_NAME,Spouse Name Correction,Low,Formal,FALSE,,SYNTHETIC,NID_CORRECTION_SPOUSE_NAME_F01,Easy,FALSE,Synthetic NID core anchored in reviewed taxonomy include examples; automated semantic/structural validation only; no REAL provenance claimed.
NIDQ_0314,Could you explain Can you guide me about incorrect spouse name?,NID,NID_CORRECTION,NID Information Correction,NID_CORRECTION_SPOUSE_NAME,Spouse Name Correction,Low,Formal,FALSE,,PARAPHRASED,NID_CORRECTION_SPOUSE_NAME_F01,Easy,FALSE,Synthetic NID core anchored in reviewed taxonomy include examples; automated semantic/structural validation only; no REAL provenance claimed.
NIDQ_0315,Please tell me the correct process: Can you guide me about incorrect spouse name?,NID,NID_CORRECTION,NID Information Correction,NID_CORRECTION_SPOUSE_NAME,Spouse Name Correction,Low,Formal,FALSE,,PARAPHRASED,NID_CORRECTION_SPOUSE_NAME_F01,Easy,FALSE,Synthetic NID core anchored in reviewed taxonomy include examples; automated semantic/structural validation only; no REAL provenance claimed.
NIDQ_0316,I have a question about spouse-name spelling correction. What is the process?,NID,NID_CORRECTION,NID Information Correction,NID_CORRECTION_SPOUSE_NAME,Spouse Name Correction,Low,Informal,FALSE,,SYNTHETIC,NID_CORRECTION_SPOUSE_NAME_F02,Medium,FALSE,Synthetic NID core anchored in reviewed taxonomy include examples; automated semantic/structural validation only; no REAL provenance claimed.
NIDQ_0317,"For my case, I have a question about spouse-name spelling correction. What is the process?",NID,NID_CORRECTION,NID Information Correction,NID_CORRECTION_SPOUSE_NAME,Spouse Name Correction,Low,Informal,FALSE,,PARAPHRASED,NID_CORRECTION_SPOUSE_NAME_F02,Medium,FALSE,Synthetic NID core anchored in reviewed taxonomy include examples; automated semantic/structural validation only; no REAL provenance claimed.
NIDQ_0318,Can you clarify this for me: I have a question about spouse-name spelling correction. What is the process?,NID,NID_CORRECTION,NID Information Correction,NID_CORRECTION_SPOUSE_NAME,Spouse Name Correction,Low,Informal,FALSE,,PARAPHRASED,NID_CORRECTION_SPOUSE_NAME_F02,Medium,FALSE,Synthetic NID core anchored in reviewed taxonomy include examples; automated semantic/structural validation only; no REAL provenance claimed.
NIDQ_0319,What are the next steps for adding husband or wife name?,NID,NID_CORRECTION,NID Information Correction,NID_CORRECTION_SPOUSE_NAME,Spouse Name Correction,Low,Mixed,FALSE,,SYNTHETIC,NID_CORRECTION_SPOUSE_NAME_F03,Medium,FALSE,Synthetic NID core anchored in reviewed taxonomy include examples; automated semantic/structural validation only; no REAL provenance claimed.
NIDQ_0320,What are the next steps for adding husband or wife name; what should I do next?,NID,NID_CORRECTION,NID Information Correction,NID_CORRECTION_SPOUSE_NAME,Spouse Name Correction,Low,Mixed,FALSE,,PARAPHRASED,NID_CORRECTION_SPOUSE_NAME_F03,Medium,FALSE,Synthetic NID core anchored in reviewed taxonomy include examples; automated semantic/structural validation only; no REAL provenance claimed.
NIDQ_0321,এই বিষয়ে সহায়তা চাই: What are the next steps for adding husband or wife name?,NID,NID_CORRECTION,NID Information Correction,NID_CORRECTION_SPOUSE_NAME,Spouse Name Correction,Low,Mixed,FALSE,,PARAPHRASED,NID_CORRECTION_SPOUSE_NAME_F03,Medium,FALSE,Synthetic NID core anchored in reviewed taxonomy include examples; automated semantic/structural validation only; no REAL provenance claimed.
NIDQ_0322,How should I handle updating spouse information?,NID,NID_CORRECTION,NID Information Correction,NID_CORRECTION_SPOUSE_NAME,Spouse Name Correction,Low,Mixed,FALSE,,SYNTHETIC,NID_CORRECTION_SPOUSE_NAME_F04,Hard,FALSE,Synthetic NID core anchored in reviewed taxonomy include examples; automated semantic/structural validation only; no REAL provenance claimed.
NIDQ_0323,I am trying to understand this: How should I handle updating spouse information?,NID,NID_CORRECTION,NID Information Correction,NID_CORRECTION_SPOUSE_NAME,Spouse Name Correction,Low,Mixed,FALSE,,PARAPHRASED,NID_CORRECTION_SPOUSE_NAME_F04,Hard,FALSE,Synthetic NID core anchored in reviewed taxonomy include examples; automated semantic/structural validation only; no REAL provenance claimed.
NIDQ_0324,I need guidance on this: How should I handle updating spouse information?,NID,NID_CORRECTION,NID Information Correction,NID_CORRECTION_SPOUSE_NAME,Spouse Name Correction,Low,Mixed,FALSE,,PARAPHRASED,NID_CORRECTION_SPOUSE_NAME_F04,Hard,FALSE,Synthetic NID core anchored in reviewed taxonomy include examples; automated semantic/structural validation only; no REAL provenance claimed.
NIDQ_0325,What should I know about incorrect address?,NID,NID_CORRECTION,NID Information Correction,NID_CORRECTION_ADDRESS,Address Correction,Low,Formal,FALSE,,SYNTHETIC,NID_CORRECTION_ADDRESS_F01,Easy,FALSE,Synthetic NID core anchored in reviewed taxonomy include examples; automated semantic/structural validation only; no REAL provenance claimed.
NIDQ_0326,"For my case, What should I know about incorrect address?",NID,NID_CORRECTION,NID Information Correction,NID_CORRECTION_ADDRESS,Address Correction,Low,Formal,FALSE,,PARAPHRASED,NID_CORRECTION_ADDRESS_F01,Easy,FALSE,Synthetic NID core anchored in reviewed taxonomy include examples; automated semantic/structural validation only; no REAL provenance claimed.
NIDQ_0327,Can you clarify this for me: What should I know about incorrect address?,NID,NID_CORRECTION,NID Information Correction,NID_CORRECTION_ADDRESS,Address Correction,Low,Formal,FALSE,,PARAPHRASED,NID_CORRECTION_ADDRESS_F01,Easy,FALSE,Synthetic NID core anchored in reviewed taxonomy include examples; automated semantic/structural validation only; no REAL provenance claimed.
NIDQ_0328,Could you explain the rules for current address missing?,NID,NID_CORRECTION,NID Information Correction,NID_CORRECTION_ADDRESS,Address Correction,Low,Informal,FALSE,,SYNTHETIC,NID_CORRECTION_ADDRESS_F02,Medium,FALSE,Synthetic NID core anchored in reviewed taxonomy include examples; automated semantic/structural validation only; no REAL provenance claimed.
NIDQ_0329,Could you explain the rules for current address missing; what should I do next?,NID,NID_CORRECTION,NID Information Correction,NID_CORRECTION_ADDRESS,Address Correction,Low,Informal,FALSE,,PARAPHRASED,NID_CORRECTION_ADDRESS_F02,Medium,FALSE,Synthetic NID core anchored in reviewed taxonomy include examples; automated semantic/structural validation only; no REAL provenance claimed.
NIDQ_0330,এই বিষয়ে সহায়তা চাই: Could you explain the rules for current address missing?,NID,NID_CORRECTION,NID Information Correction,NID_CORRECTION_ADDRESS,Address Correction,Low,Informal,FALSE,,PARAPHRASED,NID_CORRECTION_ADDRESS_F02,Medium,FALSE,Synthetic NID core anchored in reviewed taxonomy include examples; automated semantic/structural validation only; no REAL provenance claimed.
NIDQ_0331,I need guidance about address update after moving. What should I do?,NID,NID_CORRECTION,NID Information Correction,NID_CORRECTION_ADDRESS,Address Correction,Low,Mixed,FALSE,,SYNTHETIC,NID_CORRECTION_ADDRESS_F03,Medium,FALSE,Synthetic NID core anchored in reviewed taxonomy include examples; automated semantic/structural validation only; no REAL provenance claimed.
NIDQ_0332,I am trying to understand this: I need guidance about address update after moving. What should I do?,NID,NID_CORRECTION,NID Information Correction,NID_CORRECTION_ADDRESS,Address Correction,Low,Mixed,FALSE,,PARAPHRASED,NID_CORRECTION_ADDRESS_F03,Medium,FALSE,Synthetic NID core anchored in reviewed taxonomy include examples; automated semantic/structural validation only; no REAL provenance claimed.
NIDQ_0333,I need guidance on this: I need guidance about address update after moving. What should I do?,NID,NID_CORRECTION,NID Information Correction,NID_CORRECTION_ADDRESS,Address Correction,Low,Mixed,FALSE,,PARAPHRASED,NID_CORRECTION_ADDRESS_F03,Medium,FALSE,Synthetic NID core anchored in reviewed taxonomy include examples; automated semantic/structural validation only; no REAL provenance claimed.
NIDQ_0334,How does incorrect village or area name work?,NID,NID_CORRECTION,NID Information Correction,NID_CORRECTION_ADDRESS,Address Correction,Low,Mixed,FALSE,,SYNTHETIC,NID_CORRECTION_ADDRESS_F04,Hard,FALSE,Synthetic NID core anchored in reviewed taxonomy include examples; automated semantic/structural validation only; no REAL provenance claimed.
NIDQ_0335,Could you explain How does incorrect village or area name work?,NID,NID_CORRECTION,NID Information Correction,NID_CORRECTION_ADDRESS,Address Correction,Low,Mixed,FALSE,,PARAPHRASED,NID_CORRECTION_ADDRESS_F04,Hard,FALSE,Synthetic NID core anchored in reviewed taxonomy include examples; automated semantic/structural validation only; no REAL provenance claimed.
NIDQ_0336,Please tell me the correct process: How does incorrect village or area name work?,NID,NID_CORRECTION,NID Information Correction,NID_CORRECTION_ADDRESS,Address Correction,Low,Mixed,FALSE,,PARAPHRASED,NID_CORRECTION_ADDRESS_F04,Hard,FALSE,Synthetic NID core anchored in reviewed taxonomy include examples; automated semantic/structural validation only; no REAL provenance claimed.
NIDQ_0337,Please explain the official process for old photograph.,NID,NID_CORRECTION,NID Information Correction,NID_CORRECTION_PHOTO,Photo Change or Correction,Low,Formal,FALSE,,SYNTHETIC,NID_CORRECTION_PHOTO_F01,Easy,FALSE,Synthetic NID core anchored in reviewed taxonomy include examples; automated semantic/structural validation only; no REAL provenance claimed.
NIDQ_0338,Please explain the official process for old photograph; what should I do next?,NID,NID_CORRECTION,NID Information Correction,NID_CORRECTION_PHOTO,Photo Change or Correction,Low,Formal,FALSE,,PARAPHRASED,NID_CORRECTION_PHOTO_F01,Easy,FALSE,Synthetic NID core anchored in reviewed taxonomy include examples; automated semantic/structural validation only; no REAL provenance claimed.
NIDQ_0339,Please explain the official process for old photograph?,NID,NID_CORRECTION,NID Information Correction,NID_CORRECTION_PHOTO,Photo Change or Correction,Low,Formal,FALSE,,PARAPHRASED,NID_CORRECTION_PHOTO_F01,Easy,FALSE,Synthetic NID core anchored in reviewed taxonomy include examples; automated semantic/structural validation only; no REAL provenance claimed.
NIDQ_0340,Which rules apply to poor-quality photograph?,NID,NID_CORRECTION,NID Information Correction,NID_CORRECTION_PHOTO,Photo Change or Correction,Low,Informal,FALSE,,SYNTHETIC,NID_CORRECTION_PHOTO_F02,Medium,FALSE,Synthetic NID core anchored in reviewed taxonomy include examples; automated semantic/structural validation only; no REAL provenance claimed.
NIDQ_0341,I am trying to understand this: Which rules apply to poor-quality photograph?,NID,NID_CORRECTION,NID Information Correction,NID_CORRECTION_PHOTO,Photo Change or Correction,Low,Informal,FALSE,,PARAPHRASED,NID_CORRECTION_PHOTO_F02,Medium,FALSE,Synthetic NID core anchored in reviewed taxonomy include examples; automated semantic/structural validation only; no REAL provenance claimed.
NIDQ_0342,I need guidance on this: Which rules apply to poor-quality photograph?,NID,NID_CORRECTION,NID Information Correction,NID_CORRECTION_PHOTO,Photo Change or Correction,Low,Informal,FALSE,,PARAPHRASED,NID_CORRECTION_PHOTO_F02,Medium,FALSE,Synthetic NID core anchored in reviewed taxonomy include examples; automated semantic/structural validation only; no REAL provenance claimed.
NIDQ_0343,Where can I get help about request to provide a new photograph?,NID,NID_CORRECTION,NID Information Correction,NID_CORRECTION_PHOTO,Photo Change or Correction,Low,Mixed,FALSE,,SYNTHETIC,NID_CORRECTION_PHOTO_F03,Medium,FALSE,Synthetic NID core anchored in reviewed taxonomy include examples; automated semantic/structural validation only; no REAL provenance claimed.
NIDQ_0344,Could you explain Where is it possible to get help about request to provide a new photograph?,NID,NID_CORRECTION,NID Information Correction,NID_CORRECTION_PHOTO,Photo Change or Correction,Low,Mixed,FALSE,,PARAPHRASED,NID_CORRECTION_PHOTO_F03,Medium,FALSE,Synthetic NID core anchored in reviewed taxonomy include examples; automated semantic/structural validation only; no REAL provenance claimed.
NIDQ_0345,Please tell me the correct process: Where is it possible to get help about request to provide a new photograph?,NID,NID_CORRECTION,NID Information Correction,NID_CORRECTION_PHOTO,Photo Change or Correction,Low,Mixed,FALSE,,PARAPHRASED,NID_CORRECTION_PHOTO_F03,Medium,FALSE,Synthetic NID core anchored in reviewed taxonomy include examples; automated semantic/structural validation only; no REAL provenance claimed.
NIDQ_0346,What is required for photo-change procedure?,NID,NID_CORRECTION,NID Information Correction,NID_CORRECTION_PHOTO,Photo Change or Correction,Low,Mixed,FALSE,,SYNTHETIC,NID_CORRECTION_PHOTO_F04,Hard,FALSE,Synthetic NID core anchored in reviewed taxonomy include examples; automated semantic/structural validation only; no REAL provenance claimed.
NIDQ_0347,"For my case, What is required for photo-change procedure?",NID,NID_CORRECTION,NID Information Correction,NID_CORRECTION_PHOTO,Photo Change or Correction,Low,Mixed,FALSE,,PARAPHRASED,NID_CORRECTION_PHOTO_F04,Hard,FALSE,Synthetic NID core anchored in reviewed taxonomy include examples; automated semantic/structural validation only; no REAL provenance claimed.
NIDQ_0348,Can you clarify this for me: What is required for photo-change procedure?,NID,NID_CORRECTION,NID Information Correction,NID_CORRECTION_PHOTO,Photo Change or Correction,Low,Mixed,FALSE,,PARAPHRASED,NID_CORRECTION_PHOTO_F04,Hard,FALSE,Synthetic NID core anchored in reviewed taxonomy include examples; automated semantic/structural validation only; no REAL provenance claimed.
NIDQ_0349,Can you guide me about incorrect signature?,NID,NID_CORRECTION,NID Information Correction,NID_CORRECTION_SIGNATURE,Signature Change or Correction,Low,Formal,FALSE,,SYNTHETIC,NID_CORRECTION_SIGNATURE_F01,Easy,FALSE,Synthetic NID core anchored in reviewed taxonomy include examples; automated semantic/structural validation only; no REAL provenance claimed.
NIDQ_0350,I am trying to understand this: Can you guide me about incorrect signature?,NID,NID_CORRECTION,NID Information Correction,NID_CORRECTION_SIGNATURE,Signature Change or Correction,Low,Formal,FALSE,,PARAPHRASED,NID_CORRECTION_SIGNATURE_F01,Easy,FALSE,Synthetic NID core anchored in reviewed taxonomy include examples; automated semantic/structural validation only; no REAL provenance claimed.
NIDQ_0351,I need guidance on this: Can you guide me about incorrect signature?,NID,NID_CORRECTION,NID Information Correction,NID_CORRECTION_SIGNATURE,Signature Change or Correction,Low,Formal,FALSE,,PARAPHRASED,NID_CORRECTION_SIGNATURE_F01,Easy,FALSE,Synthetic NID core anchored in reviewed taxonomy include examples; automated semantic/structural validation only; no REAL provenance claimed.
NIDQ_0352,I have a question about old signature needs replacement. What is the process?,NID,NID_CORRECTION,NID Information Correction,NID_CORRECTION_SIGNATURE,Signature Change or Correction,Low,Informal,FALSE,,SYNTHETIC,NID_CORRECTION_SIGNATURE_F02,Medium,FALSE,Synthetic NID core anchored in reviewed taxonomy include examples; automated semantic/structural validation only; no REAL provenance claimed.
NIDQ_0353,Could you explain I have a question about old signature needs replacement. What is the process?,NID,NID_CORRECTION,NID Information Correction,NID_CORRECTION_SIGNATURE,Signature Change or Correction,Low,Informal,FALSE,,PARAPHRASED,NID_CORRECTION_SIGNATURE_F02,Medium,FALSE,Synthetic NID core anchored in reviewed taxonomy include examples; automated semantic/structural validation only; no REAL provenance claimed.
NIDQ_0354,Please tell me the correct process: I have a question about old signature needs replacement. What is the process?,NID,NID_CORRECTION,NID Information Correction,NID_CORRECTION_SIGNATURE,Signature Change or Correction,Low,Informal,FALSE,,PARAPHRASED,NID_CORRECTION_SIGNATURE_F02,Medium,FALSE,Synthetic NID core anchored in reviewed taxonomy include examples; automated semantic/structural validation only; no REAL provenance claimed.
NIDQ_0355,What are the next steps for changed signature?,NID,NID_CORRECTION,NID Information Correction,NID_CORRECTION_SIGNATURE,Signature Change or Correction,Low,Mixed,FALSE,,SYNTHETIC,NID_CORRECTION_SIGNATURE_F03,Medium,FALSE,Synthetic NID core anchored in reviewed taxonomy include examples; automated semantic/structural validation only; no REAL provenance claimed.
NIDQ_0356,"For my case, What are the next steps for changed signature?",NID,NID_CORRECTION,NID Information Correction,NID_CORRECTION_SIGNATURE,Signature Change or Correction,Low,Mixed,FALSE,,PARAPHRASED,NID_CORRECTION_SIGNATURE_F03,Medium,FALSE,Synthetic NID core anchored in reviewed taxonomy include examples; automated semantic/structural validation only; no REAL provenance claimed.
NIDQ_0357,Can you clarify this for me: What are the next steps for changed signature?,NID,NID_CORRECTION,NID Information Correction,NID_CORRECTION_SIGNATURE,Signature Change or Correction,Low,Mixed,FALSE,,PARAPHRASED,NID_CORRECTION_SIGNATURE_F03,Medium,FALSE,Synthetic NID core anchored in reviewed taxonomy include examples; automated semantic/structural validation only; no REAL provenance claimed.
NIDQ_0358,How should I handle signature-update procedure?,NID,NID_CORRECTION,NID Information Correction,NID_CORRECTION_SIGNATURE,Signature Change or Correction,Low,Mixed,FALSE,,SYNTHETIC,NID_CORRECTION_SIGNATURE_F04,Hard,FALSE,Synthetic NID core anchored in reviewed taxonomy include examples; automated semantic/structural validation only; no REAL provenance claimed.
NIDQ_0359,How should I handle signature-update procedure; what should I do next?,NID,NID_CORRECTION,NID Information Correction,NID_CORRECTION_SIGNATURE,Signature Change or Correction,Low,Mixed,FALSE,,PARAPHRASED,NID_CORRECTION_SIGNATURE_F04,Hard,FALSE,Synthetic NID core anchored in reviewed taxonomy include examples; automated semantic/structural validation only; no REAL provenance claimed.
NIDQ_0360,এই বিষয়ে সহায়তা চাই: How should I handle signature-update procedure?,NID,NID_CORRECTION,NID Information Correction,NID_CORRECTION_SIGNATURE,Signature Change or Correction,Low,Mixed,FALSE,,PARAPHRASED,NID_CORRECTION_SIGNATURE_F04,Hard,FALSE,Synthetic NID core anchored in reviewed taxonomy include examples; automated semantic/structural validation only; no REAL provenance claimed.
NIDQ_0361,"NID lost, what should I do?",NID,NID_REPLACEMENT,"Lost, Stolen, Damaged or Duplicate NID",NID_REPLACEMENT_PROCESS,NID Replacement or Reissue Process,Low,Formal,FALSE,,SYNTHETIC,NID_REPLACEMENT_PROCESS_F01,Easy,FALSE,Synthetic NID core anchored in reviewed taxonomy include examples; automated semantic/structural validation only; no REAL provenance claimed.
NIDQ_0362,"Could you explain NID lost, what should I do?",NID,NID_REPLACEMENT,"Lost, Stolen, Damaged or Duplicate NID",NID_REPLACEMENT_PROCESS,NID Replacement or Reissue Process,Low,Formal,FALSE,,PARAPHRASED,NID_REPLACEMENT_PROCESS_F01,Easy,FALSE,Synthetic NID core anchored in reviewed taxonomy include examples; automated semantic/structural validation only; no REAL provenance claimed.
NIDQ_0363,"Please tell me the correct process: NID lost, what should I do?",NID,NID_REPLACEMENT,"Lost, Stolen, Damaged or Duplicate NID",NID_REPLACEMENT_PROCESS,NID Replacement or Reissue Process,Low,Formal,FALSE,,PARAPHRASED,NID_REPLACEMENT_PROCESS_F01,Easy,FALSE,Synthetic NID core anchored in reviewed taxonomy include examples; automated semantic/structural validation only; no REAL provenance claimed.
NIDQ_0364,How to replace a lost NID?,NID,NID_REPLACEMENT,"Lost, Stolen, Damaged or Duplicate NID",NID_REPLACEMENT_PROCESS,NID Replacement or Reissue Process,Low,Informal,FALSE,,SYNTHETIC,NID_REPLACEMENT_PROCESS_F02,Medium,FALSE,Synthetic NID core anchored in reviewed taxonomy include examples; automated semantic/structural validation only; no REAL provenance claimed.
NIDQ_0365,"For my case, How to replace a lost NID?",NID,NID_REPLACEMENT,"Lost, Stolen, Damaged or Duplicate NID",NID_REPLACEMENT_PROCESS,NID Replacement or Reissue Process,Low,Informal,FALSE,,PARAPHRASED,NID_REPLACEMENT_PROCESS_F02,Medium,FALSE,Synthetic NID core anchored in reviewed taxonomy include examples; automated semantic/structural validation only; no REAL provenance claimed.
NIDQ_0366,Can you clarify this for me: How to replace a lost NID?,NID,NID_REPLACEMENT,"Lost, Stolen, Damaged or Duplicate NID",NID_REPLACEMENT_PROCESS,NID Replacement or Reissue Process,Low,Informal,FALSE,,PARAPHRASED,NID_REPLACEMENT_PROCESS_F02,Medium,FALSE,Synthetic NID core anchored in reviewed taxonomy include examples; automated semantic/structural validation only; no REAL provenance claimed.
NIDQ_0367,How to reissue an NID?,NID,NID_REPLACEMENT,"Lost, Stolen, Damaged or Duplicate NID",NID_REPLACEMENT_PROCESS,NID Replacement or Reissue Process,Low,Mixed,FALSE,,SYNTHETIC,NID_REPLACEMENT_PROCESS_F03,Medium,FALSE,Synthetic NID core anchored in reviewed taxonomy include examples; automated semantic/structural validation only; no REAL provenance claimed.
NIDQ_0368,How to reissue an NID; what should I do next?,NID,NID_REPLACEMENT,"Lost, Stolen, Damaged or Duplicate NID",NID_REPLACEMENT_PROCESS,NID Replacement or Reissue Process,Low,Mixed,FALSE,,PARAPHRASED,NID_REPLACEMENT_PROCESS_F03,Medium,FALSE,Synthetic NID core anchored in reviewed taxonomy include examples; automated semantic/structural validation only; no REAL provenance claimed.
NIDQ_0369,এই বিষয়ে সহায়তা চাই: How to reissue an NID?,NID,NID_REPLACEMENT,"Lost, Stolen, Damaged or Duplicate NID",NID_REPLACEMENT_PROCESS,NID Replacement or Reissue Process,Low,Mixed,FALSE,,PARAPHRASED,NID_REPLACEMENT_PROCESS_F03,Medium,FALSE,Synthetic NID core anchored in reviewed taxonomy include examples; automated semantic/structural validation only; no REAL provenance claimed.
NIDQ_0370,How does replacement procedure work?,NID,NID_REPLACEMENT,"Lost, Stolen, Damaged or Duplicate NID",NID_REPLACEMENT_PROCESS,NID Replacement or Reissue Process,Low,Mixed,FALSE,,SYNTHETIC,NID_REPLACEMENT_PROCESS_F04,Hard,FALSE,Synthetic NID core anchored in reviewed taxonomy include examples; automated semantic/structural validation only; no REAL provenance claimed.
NIDQ_0371,I am trying to understand this: How does replacement procedure work?,NID,NID_REPLACEMENT,"Lost, Stolen, Damaged or Duplicate NID",NID_REPLACEMENT_PROCESS,NID Replacement or Reissue Process,Low,Mixed,FALSE,,PARAPHRASED,NID_REPLACEMENT_PROCESS_F04,Hard,FALSE,Synthetic NID core anchored in reviewed taxonomy include examples; automated semantic/structural validation only; no REAL provenance claimed.
NIDQ_0372,I need guidance on this: How does replacement procedure work?,NID,NID_REPLACEMENT,"Lost, Stolen, Damaged or Duplicate NID",NID_REPLACEMENT_PROCESS,NID Replacement or Reissue Process,Low,Mixed,FALSE,,PARAPHRASED,NID_REPLACEMENT_PROCESS_F04,Hard,FALSE,Synthetic NID core anchored in reviewed taxonomy include examples; automated semantic/structural validation only; no REAL provenance claimed.
NIDQ_0373,Can a damaged NID be replaced?,NID,NID_REPLACEMENT,"Lost, Stolen, Damaged or Duplicate NID",NID_REPLACEMENT_ELIGIBILITY,Replacement Eligibility,Low,Formal,FALSE,,SYNTHETIC,NID_REPLACEMENT_ELIGIBILITY_F01,Easy,FALSE,Synthetic NID core anchored in reviewed taxonomy include examples; automated semantic/structural validation only; no REAL provenance claimed.
NIDQ_0374,"For my case, Can a damaged NID be replaced?",NID,NID_REPLACEMENT,"Lost, Stolen, Damaged or Duplicate NID",NID_REPLACEMENT_ELIGIBILITY,Replacement Eligibility,Low,Formal,FALSE,,PARAPHRASED,NID_REPLACEMENT_ELIGIBILITY_F01,Easy,FALSE,Synthetic NID core anchored in reviewed taxonomy include examples; automated semantic/structural validation only; no REAL provenance claimed.
NIDQ_0375,Can you clarify this for me: Can a damaged NID be replaced?,NID,NID_REPLACEMENT,"Lost, Stolen, Damaged or Duplicate NID",NID_REPLACEMENT_ELIGIBILITY,Replacement Eligibility,Low,Formal,FALSE,,PARAPHRASED,NID_REPLACEMENT_ELIGIBILITY_F01,Easy,FALSE,Synthetic NID core anchored in reviewed taxonomy include examples; automated semantic/structural validation only; no REAL provenance claimed.
NIDQ_0376,Can I get another card after losing my NID?,NID,NID_REPLACEMENT,"Lost, Stolen, Damaged or Duplicate NID",NID_REPLACEMENT_ELIGIBILITY,Replacement Eligibility,Low,Informal,FALSE,,SYNTHETIC,NID_REPLACEMENT_ELIGIBILITY_F02,Medium,FALSE,Synthetic NID core anchored in reviewed taxonomy include examples; automated semantic/structural validation only; no REAL provenance claimed.
NIDQ_0377,is it possible to get another card after losing my NID; what should I do next?,NID,NID_REPLACEMENT,"Lost, Stolen, Damaged or Duplicate NID",NID_REPLACEMENT_ELIGIBILITY,Replacement Eligibility,Low,Informal,FALSE,,PARAPHRASED,NID_REPLACEMENT_ELIGIBILITY_F02,Medium,FALSE,Synthetic NID core anchored in reviewed taxonomy include examples; automated semantic/structural validation only; no REAL provenance claimed.
NIDQ_0378,is it possible to get another card after losing my NID?,NID,NID_REPLACEMENT,"Lost, Stolen, Damaged or Duplicate NID",NID_REPLACEMENT_ELIGIBILITY,Replacement Eligibility,Low,Informal,FALSE,,PARAPHRASED,NID_REPLACEMENT_ELIGIBILITY_F02,Medium,FALSE,Synthetic NID core anchored in reviewed taxonomy include examples; automated semantic/structural validation only; no REAL provenance claimed.
NIDQ_0379,Is reissue available for a lost or damaged NID?,NID,NID_REPLACEMENT,"Lost, Stolen, Damaged or Duplicate NID",NID_REPLACEMENT_ELIGIBILITY,Replacement Eligibility,Low,Mixed,FALSE,,SYNTHETIC,NID_REPLACEMENT_ELIGIBILITY_F03,Medium,FALSE,Synthetic NID core anchored in reviewed taxonomy include examples; automated semantic/structural validation only; no REAL provenance claimed.
NIDQ_0380,I am trying to understand this: Is reissue available for a lost or damaged NID?,NID,NID_REPLACEMENT,"Lost, Stolen, Damaged or Duplicate NID",NID_REPLACEMENT_ELIGIBILITY,Replacement Eligibility,Low,Mixed,FALSE,,PARAPHRASED,NID_REPLACEMENT_ELIGIBILITY_F03,Medium,FALSE,Synthetic NID core anchored in reviewed taxonomy include examples; automated semantic/structural validation only; no REAL provenance claimed.
NIDQ_0381,I need guidance on this: Is reissue available for a lost or damaged NID?,NID,NID_REPLACEMENT,"Lost, Stolen, Damaged or Duplicate NID",NID_REPLACEMENT_ELIGIBILITY,Replacement Eligibility,Low,Mixed,FALSE,,PARAPHRASED,NID_REPLACEMENT_ELIGIBILITY_F03,Medium,FALSE,Synthetic NID core anchored in reviewed taxonomy include examples; automated semantic/structural validation only; no REAL provenance claimed.
NIDQ_0382,Can a lost Smart NID be replaced?,NID,NID_REPLACEMENT,"Lost, Stolen, Damaged or Duplicate NID",NID_REPLACEMENT_ELIGIBILITY,Replacement Eligibility,Low,Mixed,FALSE,,SYNTHETIC,NID_REPLACEMENT_ELIGIBILITY_F04,Hard,FALSE,Synthetic NID core anchored in reviewed taxonomy include examples; automated semantic/structural validation only; no REAL provenance claimed.
NIDQ_0383,Could you explain Can a lost Smart NID be replaced?,NID,NID_REPLACEMENT,"Lost, Stolen, Damaged or Duplicate NID",NID_REPLACEMENT_ELIGIBILITY,Replacement Eligibility,Low,Mixed,FALSE,,PARAPHRASED,NID_REPLACEMENT_ELIGIBILITY_F04,Hard,FALSE,Synthetic NID core anchored in reviewed taxonomy include examples; automated semantic/structural validation only; no REAL provenance claimed.
NIDQ_0384,Please tell me the correct process: Can a lost Smart NID be replaced?,NID,NID_REPLACEMENT,"Lost, Stolen, Damaged or Duplicate NID",NID_REPLACEMENT_ELIGIBILITY,Replacement Eligibility,Low,Mixed,FALSE,,PARAPHRASED,NID_REPLACEMENT_ELIGIBILITY_F04,Hard,FALSE,Synthetic NID core anchored in reviewed taxonomy include examples; automated semantic/structural validation only; no REAL provenance claimed.
NIDQ_0385,Can you guide me about documents required for lost NID replacement?,NID,NID_REPLACEMENT,"Lost, Stolen, Damaged or Duplicate NID",NID_REPLACEMENT_REQUIRED_DOCUMENTS,Replacement Required Documents,Low,Formal,FALSE,,SYNTHETIC,NID_REPLACEMENT_REQUIRED_DOCUMENTS_F01,Easy,FALSE,Synthetic NID core anchored in reviewed taxonomy include examples; automated semantic/structural validation only; no REAL provenance claimed.
NIDQ_0386,Can you guide me about documents required for lost NID replacement; what should I do next?,NID,NID_REPLACEMENT,"Lost, Stolen, Damaged or Duplicate NID",NID_REPLACEMENT_REQUIRED_DOCUMENTS,Replacement Required Documents,Low,Formal,FALSE,,PARAPHRASED,NID_REPLACEMENT_REQUIRED_DOCUMENTS_F01,Easy,FALSE,Synthetic NID core anchored in reviewed taxonomy include examples; automated semantic/structural validation only; no REAL provenance claimed.
NIDQ_0387,এই বিষয়ে সহায়তা চাই: Can you guide me about documents required for lost NID replacement?,NID,NID_REPLACEMENT,"Lost, Stolen, Damaged or Duplicate NID",NID_REPLACEMENT_REQUIRED_DOCUMENTS,Replacement Required Documents,Low,Formal,FALSE,,PARAPHRASED,NID_REPLACEMENT_REQUIRED_DOCUMENTS_F01,Easy,FALSE,Synthetic NID core anchored in reviewed taxonomy include examples; automated semantic/structural validation only; no REAL provenance claimed.
NIDQ_0388,I have a question about documents needed for reissue. What is the process?,NID,NID_REPLACEMENT,"Lost, Stolen, Damaged or Duplicate NID",NID_REPLACEMENT_REQUIRED_DOCUMENTS,Replacement Required Documents,Low,Informal,FALSE,,SYNTHETIC,NID_REPLACEMENT_REQUIRED_DOCUMENTS_F02,Medium,FALSE,Synthetic NID core anchored in reviewed taxonomy include examples; automated semantic/structural validation only; no REAL provenance claimed.
NIDQ_0389,I am trying to understand this: I have a question about documents needed for reissue. What is the process?,NID,NID_REPLACEMENT,"Lost, Stolen, Damaged or Duplicate NID",NID_REPLACEMENT_REQUIRED_DOCUMENTS,Replacement Required Documents,Low,Informal,FALSE,,PARAPHRASED,NID_REPLACEMENT_REQUIRED_DOCUMENTS_F02,Medium,FALSE,Synthetic NID core anchored in reviewed taxonomy include examples; automated semantic/structural validation only; no REAL provenance claimed.
NIDQ_0390,I need guidance on this: I have a question about documents needed for reissue. What is the process?,NID,NID_REPLACEMENT,"Lost, Stolen, Damaged or Duplicate NID",NID_REPLACEMENT_REQUIRED_DOCUMENTS,Replacement Required Documents,Low,Informal,FALSE,,PARAPHRASED,NID_REPLACEMENT_REQUIRED_DOCUMENTS_F02,Medium,FALSE,Synthetic NID core anchored in reviewed taxonomy include examples; automated semantic/structural validation only; no REAL provenance claimed.
NIDQ_0391,What are the next steps for supporting documents?,NID,NID_REPLACEMENT,"Lost, Stolen, Damaged or Duplicate NID",NID_REPLACEMENT_REQUIRED_DOCUMENTS,Replacement Required Documents,Low,Mixed,FALSE,,SYNTHETIC,NID_REPLACEMENT_REQUIRED_DOCUMENTS_F03,Medium,FALSE,Synthetic NID core anchored in reviewed taxonomy include examples; automated semantic/structural validation only; no REAL provenance claimed.
NIDQ_0392,Could you explain What are the next steps for supporting documents?,NID,NID_REPLACEMENT,"Lost, Stolen, Damaged or Duplicate NID",NID_REPLACEMENT_REQUIRED_DOCUMENTS,Replacement Required Documents,Low,Mixed,FALSE,,PARAPHRASED,NID_REPLACEMENT_REQUIRED_DOCUMENTS_F03,Medium,FALSE,Synthetic NID core anchored in reviewed taxonomy include examples; automated semantic/structural validation only; no REAL provenance claimed.
NIDQ_0393,Please tell me the correct process: What are the next steps for supporting documents?,NID,NID_REPLACEMENT,"Lost, Stolen, Damaged or Duplicate NID",NID_REPLACEMENT_REQUIRED_DOCUMENTS,Replacement Required Documents,Low,Mixed,FALSE,,PARAPHRASED,NID_REPLACEMENT_REQUIRED_DOCUMENTS_F03,Medium,FALSE,Synthetic NID core anchored in reviewed taxonomy include examples; automated semantic/structural validation only; no REAL provenance claimed.
NIDQ_0394,Can you clarify birth registration is required?,NID,NID_REPLACEMENT,"Lost, Stolen, Damaged or Duplicate NID",NID_REPLACEMENT_REQUIRED_DOCUMENTS,Replacement Required Documents,Low,Mixed,FALSE,,SYNTHETIC,NID_REPLACEMENT_REQUIRED_DOCUMENTS_F04,Hard,FALSE,Synthetic NID core anchored in reviewed taxonomy include examples; automated semantic/structural validation only; no REAL provenance claimed.
NIDQ_0395,"For my case, Can you clarify birth registration is required?",NID,NID_REPLACEMENT,"Lost, Stolen, Damaged or Duplicate NID",NID_REPLACEMENT_REQUIRED_DOCUMENTS,Replacement Required Documents,Low,Mixed,FALSE,,PARAPHRASED,NID_REPLACEMENT_REQUIRED_DOCUMENTS_F04,Hard,FALSE,Synthetic NID core anchored in reviewed taxonomy include examples; automated semantic/structural validation only; no REAL provenance claimed.
NIDQ_0396,Can you clarify this for me: Can you clarify birth registration is required?,NID,NID_REPLACEMENT,"Lost, Stolen, Damaged or Duplicate NID",NID_REPLACEMENT_REQUIRED_DOCUMENTS,Replacement Required Documents,Low,Mixed,FALSE,,PARAPHRASED,NID_REPLACEMENT_REQUIRED_DOCUMENTS_F04,Hard,FALSE,Synthetic NID core anchored in reviewed taxonomy include examples; automated semantic/structural validation only; no REAL provenance claimed.
NIDQ_0397,Do I need a GD for a lost NID?,NID,NID_REPLACEMENT,"Lost, Stolen, Damaged or Duplicate NID",NID_REPLACEMENT_GD_REPORTING,Lost NID GD and Police Reporting,Low,Formal,FALSE,,SYNTHETIC,NID_REPLACEMENT_GD_REPORTING_F01,Easy,FALSE,Synthetic NID core anchored in reviewed taxonomy include examples; automated semantic/structural validation only; no REAL provenance claimed.
NIDQ_0398,I am trying to understand this: Do I need a GD for a lost NID?,NID,NID_REPLACEMENT,"Lost, Stolen, Damaged or Duplicate NID",NID_REPLACEMENT_GD_REPORTING,Lost NID GD and Police Reporting,Low,Formal,FALSE,,PARAPHRASED,NID_REPLACEMENT_GD_REPORTING_F01,Easy,FALSE,Synthetic NID core anchored in reviewed taxonomy include examples; automated semantic/structural validation only; no REAL provenance claimed.
NIDQ_0399,I need guidance on this: Do I need a GD for a lost NID?,NID,NID_REPLACEMENT,"Lost, Stolen, Damaged or Duplicate NID",NID_REPLACEMENT_GD_REPORTING,Lost NID GD and Police Reporting,Low,Formal,FALSE,,PARAPHRASED,NID_REPLACEMENT_GD_REPORTING_F01,Easy,FALSE,Synthetic NID core anchored in reviewed taxonomy include examples; automated semantic/structural validation only; no REAL provenance claimed.
NIDQ_0400,How to file a GD?,NID,NID_REPLACEMENT,"Lost, Stolen, Damaged or Duplicate NID",NID_REPLACEMENT_GD_REPORTING,Lost NID GD and Police Reporting,Low,Informal,FALSE,,SYNTHETIC,NID_REPLACEMENT_GD_REPORTING_F02,Medium,FALSE,Synthetic NID core anchored in reviewed taxonomy include examples; automated semantic/structural validation only; no REAL provenance claimed.
NIDQ_0401,Could you explain How to file a GD?,NID,NID_REPLACEMENT,"Lost, Stolen, Damaged or Duplicate NID",NID_REPLACEMENT_GD_REPORTING,Lost NID GD and Police Reporting,Low,Informal,FALSE,,PARAPHRASED,NID_REPLACEMENT_GD_REPORTING_F02,Medium,FALSE,Synthetic NID core anchored in reviewed taxonomy include examples; automated semantic/structural validation only; no REAL provenance claimed.
NIDQ_0402,Please tell me the correct process: How to file a GD?,NID,NID_REPLACEMENT,"Lost, Stolen, Damaged or Duplicate NID",NID_REPLACEMENT_GD_REPORTING,Lost NID GD and Police Reporting,Low,Informal,FALSE,,PARAPHRASED,NID_REPLACEMENT_GD_REPORTING_F02,Medium,FALSE,Synthetic NID core anchored in reviewed taxonomy include examples; automated semantic/structural validation only; no REAL provenance claimed.
NIDQ_0403,Where to report a lost NID?,NID,NID_REPLACEMENT,"Lost, Stolen, Damaged or Duplicate NID",NID_REPLACEMENT_GD_REPORTING,Lost NID GD and Police Reporting,Low,Mixed,FALSE,,SYNTHETIC,NID_REPLACEMENT_GD_REPORTING_F03,Medium,FALSE,Synthetic NID core anchored in reviewed taxonomy include examples; automated semantic/structural validation only; no REAL provenance claimed.
NIDQ_0404,"For my case, Where to report a lost NID?",NID,NID_REPLACEMENT,"Lost, Stolen, Damaged or Duplicate NID",NID_REPLACEMENT_GD_REPORTING,Lost NID GD and Police Reporting,Low,Mixed,FALSE,,PARAPHRASED,NID_REPLACEMENT_GD_REPORTING_F03,Medium,FALSE,Synthetic NID core anchored in reviewed taxonomy include examples; automated semantic/structural validation only; no REAL provenance claimed.
NIDQ_0405,Can you clarify this for me: Where to report a lost NID?,NID,NID_REPLACEMENT,"Lost, Stolen, Damaged or Duplicate NID",NID_REPLACEMENT_GD_REPORTING,Lost NID GD and Police Reporting,Low,Mixed,FALSE,,PARAPHRASED,NID_REPLACEMENT_GD_REPORTING_F03,Medium,FALSE,Synthetic NID core anchored in reviewed taxonomy include examples; automated semantic/structural validation only; no REAL provenance claimed.
NIDQ_0406,What documents are needed for the GD?,NID,NID_REPLACEMENT,"Lost, Stolen, Damaged or Duplicate NID",NID_REPLACEMENT_GD_REPORTING,Lost NID GD and Police Reporting,Low,Mixed,FALSE,,SYNTHETIC,NID_REPLACEMENT_GD_REPORTING_F04,Hard,FALSE,Synthetic NID core anchored in reviewed taxonomy include examples; automated semantic/structural validation only; no REAL provenance claimed.
NIDQ_0407,which documents are needed for the GD; what should I do next?,NID,NID_REPLACEMENT,"Lost, Stolen, Damaged or Duplicate NID",NID_REPLACEMENT_GD_REPORTING,Lost NID GD and Police Reporting,Low,Mixed,FALSE,,PARAPHRASED,NID_REPLACEMENT_GD_REPORTING_F04,Hard,FALSE,Synthetic NID core anchored in reviewed taxonomy include examples; automated semantic/structural validation only; no REAL provenance claimed.
NIDQ_0408,which documents are needed for the GD?,NID,NID_REPLACEMENT,"Lost, Stolen, Damaged or Duplicate NID",NID_REPLACEMENT_GD_REPORTING,Lost NID GD and Police Reporting,Low,Mixed,FALSE,,PARAPHRASED,NID_REPLACEMENT_GD_REPORTING_F04,Hard,FALSE,Synthetic NID core anchored in reviewed taxonomy include examples; automated semantic/structural validation only; no REAL provenance claimed.
NIDQ_0409,Where to apply for NID reissue?,NID,NID_REPLACEMENT,"Lost, Stolen, Damaged or Duplicate NID",NID_REPLACEMENT_APPLICATION_LOCATION,Replacement Application Location,Low,Formal,FALSE,,SYNTHETIC,NID_REPLACEMENT_APPLICATION_LOCATION_F01,Easy,FALSE,Synthetic NID core anchored in reviewed taxonomy include examples; automated semantic/structural validation only; no REAL provenance claimed.
NIDQ_0410,Could you explain Where to apply for NID reissue?,NID,NID_REPLACEMENT,"Lost, Stolen, Damaged or Duplicate NID",NID_REPLACEMENT_APPLICATION_LOCATION,Replacement Application Location,Low,Formal,FALSE,,PARAPHRASED,NID_REPLACEMENT_APPLICATION_LOCATION_F01,Easy,FALSE,Synthetic NID core anchored in reviewed taxonomy include examples; automated semantic/structural validation only; no REAL provenance claimed.
NIDQ_0411,Please tell me the correct process: Where to apply for NID reissue?,NID,NID_REPLACEMENT,"Lost, Stolen, Damaged or Duplicate NID",NID_REPLACEMENT_APPLICATION_LOCATION,Replacement Application Location,Low,Formal,FALSE,,PARAPHRASED,NID_REPLACEMENT_APPLICATION_LOCATION_F01,Easy,FALSE,Synthetic NID core anchored in reviewed taxonomy include examples; automated semantic/structural validation only; no REAL provenance claimed.
NIDQ_0412,Which rules apply to which office handles replacement?,NID,NID_REPLACEMENT,"Lost, Stolen, Damaged or Duplicate NID",NID_REPLACEMENT_APPLICATION_LOCATION,Replacement Application Location,Low,Informal,FALSE,,SYNTHETIC,NID_REPLACEMENT_APPLICATION_LOCATION_F02,Medium,FALSE,Synthetic NID core anchored in reviewed taxonomy include examples; automated semantic/structural validation only; no REAL provenance claimed.
NIDQ_0413,"For my case, Which rules apply to which office handles replacement?",NID,NID_REPLACEMENT,"Lost, Stolen, Damaged or Duplicate NID",NID_REPLACEMENT_APPLICATION_LOCATION,Replacement Application Location,Low,Informal,FALSE,,PARAPHRASED,NID_REPLACEMENT_APPLICATION_LOCATION_F02,Medium,FALSE,Synthetic NID core anchored in reviewed taxonomy include examples; automated semantic/structural validation only; no REAL provenance claimed.
NIDQ_0414,Can you clarify this for me: Which rules apply to which office handles replacement?,NID,NID_REPLACEMENT,"Lost, Stolen, Damaged or Duplicate NID",NID_REPLACEMENT_APPLICATION_LOCATION,Replacement Application Location,Low,Informal,FALSE,,PARAPHRASED,NID_REPLACEMENT_APPLICATION_LOCATION_F02,Medium,FALSE,Synthetic NID core anchored in reviewed taxonomy include examples; automated semantic/structural validation only; no REAL provenance claimed.
NIDQ_0415,Where to submit a lost-NID replacement request?,NID,NID_REPLACEMENT,"Lost, Stolen, Damaged or Duplicate NID",NID_REPLACEMENT_APPLICATION_LOCATION,Replacement Application Location,Low,Mixed,FALSE,,SYNTHETIC,NID_REPLACEMENT_APPLICATION_LOCATION_F03,Medium,FALSE,Synthetic NID core anchored in reviewed taxonomy include examples; automated semantic/structural validation only; no REAL provenance claimed.
NIDQ_0416,Where to submit a lost-NID replacement request; what should I do next?,NID,NID_REPLACEMENT,"Lost, Stolen, Damaged or Duplicate NID",NID_REPLACEMENT_APPLICATION_LOCATION,Replacement Application Location,Low,Mixed,FALSE,,PARAPHRASED,NID_REPLACEMENT_APPLICATION_LOCATION_F03,Medium,FALSE,Synthetic NID core anchored in reviewed taxonomy include examples; automated semantic/structural validation only; no REAL provenance claimed.
NIDQ_0417,এই বিষয়ে সহায়তা চাই: Where to submit a lost-NID replacement request?,NID,NID_REPLACEMENT,"Lost, Stolen, Damaged or Duplicate NID",NID_REPLACEMENT_APPLICATION_LOCATION,Replacement Application Location,Low,Mixed,FALSE,,PARAPHRASED,NID_REPLACEMENT_APPLICATION_LOCATION_F03,Medium,FALSE,Synthetic NID core anchored in reviewed taxonomy include examples; automated semantic/structural validation only; no REAL provenance claimed.
NIDQ_0418,Where to apply for Smart NID replacement?,NID,NID_REPLACEMENT,"Lost, Stolen, Damaged or Duplicate NID",NID_REPLACEMENT_APPLICATION_LOCATION,Replacement Application Location,Low,Mixed,FALSE,,SYNTHETIC,NID_REPLACEMENT_APPLICATION_LOCATION_F04,Hard,FALSE,Synthetic NID core anchored in reviewed taxonomy include examples; automated semantic/structural validation only; no REAL provenance claimed.
NIDQ_0419,I am trying to understand this: Where to apply for Smart NID replacement?,NID,NID_REPLACEMENT,"Lost, Stolen, Damaged or Duplicate NID",NID_REPLACEMENT_APPLICATION_LOCATION,Replacement Application Location,Low,Mixed,FALSE,,PARAPHRASED,NID_REPLACEMENT_APPLICATION_LOCATION_F04,Hard,FALSE,Synthetic NID core anchored in reviewed taxonomy include examples; automated semantic/structural validation only; no REAL provenance claimed.
NIDQ_0420,I need guidance on this: Where to apply for Smart NID replacement?,NID,NID_REPLACEMENT,"Lost, Stolen, Damaged or Duplicate NID",NID_REPLACEMENT_APPLICATION_LOCATION,Replacement Application Location,Low,Mixed,FALSE,,PARAPHRASED,NID_REPLACEMENT_APPLICATION_LOCATION_F04,Hard,FALSE,Synthetic NID core anchored in reviewed taxonomy include examples; automated semantic/structural validation only; no REAL provenance claimed.
NIDQ_0421,Can I apply for NID reissue online?,NID,NID_REPLACEMENT,"Lost, Stolen, Damaged or Duplicate NID",NID_REPLACEMENT_ONLINE_APPLICATION,Online Replacement Application,Low,Formal,FALSE,,SYNTHETIC,NID_REPLACEMENT_ONLINE_APPLICATION_F01,Easy,FALSE,Synthetic NID core anchored in reviewed taxonomy include examples; automated semantic/structural validation only; no REAL provenance claimed.
NIDQ_0422,"For my case, is it possible to apply for NID reissue online?",NID,NID_REPLACEMENT,"Lost, Stolen, Damaged or Duplicate NID",NID_REPLACEMENT_ONLINE_APPLICATION,Online Replacement Application,Low,Formal,FALSE,,PARAPHRASED,NID_REPLACEMENT_ONLINE_APPLICATION_F01,Easy,FALSE,Synthetic NID core anchored in reviewed taxonomy include examples; automated semantic/structural validation only; no REAL provenance claimed.
NIDQ_0423,Can you clarify this for me: is it possible to apply for NID reissue online?,NID,NID_REPLACEMENT,"Lost, Stolen, Damaged or Duplicate NID",NID_REPLACEMENT_ONLINE_APPLICATION,Online Replacement Application,Low,Formal,FALSE,,PARAPHRASED,NID_REPLACEMENT_ONLINE_APPLICATION_F01,Easy,FALSE,Synthetic NID core anchored in reviewed taxonomy include examples; automated semantic/structural validation only; no REAL provenance claimed.
NIDQ_0424,I have a question about online lost-NID replacement. What is the process?,NID,NID_REPLACEMENT,"Lost, Stolen, Damaged or Duplicate NID",NID_REPLACEMENT_ONLINE_APPLICATION,Online Replacement Application,Low,Informal,FALSE,,SYNTHETIC,NID_REPLACEMENT_ONLINE_APPLICATION_F02,Medium,FALSE,Synthetic NID core anchored in reviewed taxonomy include examples; automated semantic/structural validation only; no REAL provenance claimed.
NIDQ_0425,I have a question about online lost-NID replacement. What is the process; what should I do next?,NID,NID_REPLACEMENT,"Lost, Stolen, Damaged or Duplicate NID",NID_REPLACEMENT_ONLINE_APPLICATION,Online Replacement Application,Low,Informal,FALSE,,PARAPHRASED,NID_REPLACEMENT_ONLINE_APPLICATION_F02,Medium,FALSE,Synthetic NID core anchored in reviewed taxonomy include examples; automated semantic/structural validation only; no REAL provenance claimed.
NIDQ_0426,এই বিষয়ে সহায়তা চাই: I have a question about online lost-NID replacement. What is the process?,NID,NID_REPLACEMENT,"Lost, Stolen, Damaged or Duplicate NID",NID_REPLACEMENT_ONLINE_APPLICATION,Online Replacement Application,Low,Informal,FALSE,,PARAPHRASED,NID_REPLACEMENT_ONLINE_APPLICATION_F02,Medium,FALSE,Synthetic NID core anchored in reviewed taxonomy include examples; automated semantic/structural validation only; no REAL provenance claimed.
NIDQ_0427,What are the next steps for online replacement application procedure?,NID,NID_REPLACEMENT,"Lost, Stolen, Damaged or Duplicate NID",NID_REPLACEMENT_ONLINE_APPLICATION,Online Replacement Application,Low,Mixed,FALSE,,SYNTHETIC,NID_REPLACEMENT_ONLINE_APPLICATION_F03,Medium,FALSE,Synthetic NID core anchored in reviewed taxonomy include examples; automated semantic/structural validation only; no REAL provenance claimed.
NIDQ_0428,I am trying to understand this: What are the next steps for online replacement application procedure?,NID,NID_REPLACEMENT,"Lost, Stolen, Damaged or Duplicate NID",NID_REPLACEMENT_ONLINE_APPLICATION,Online Replacement Application,Low,Mixed,FALSE,,PARAPHRASED,NID_REPLACEMENT_ONLINE_APPLICATION_F03,Medium,FALSE,Synthetic NID core anchored in reviewed taxonomy include examples; automated semantic/structural validation only; no REAL provenance claimed.
NIDQ_0429,I need guidance on this: What are the next steps for online replacement application procedure?,NID,NID_REPLACEMENT,"Lost, Stolen, Damaged or Duplicate NID",NID_REPLACEMENT_ONLINE_APPLICATION,Online Replacement Application,Low,Mixed,FALSE,,PARAPHRASED,NID_REPLACEMENT_ONLINE_APPLICATION_F03,Medium,FALSE,Synthetic NID core anchored in reviewed taxonomy include examples; automated semantic/structural validation only; no REAL provenance claimed.
NIDQ_0430,How should I handle online Replacement Application?,NID,NID_REPLACEMENT,"Lost, Stolen, Damaged or Duplicate NID",NID_REPLACEMENT_ONLINE_APPLICATION,Online Replacement Application,Low,Mixed,FALSE,,SYNTHETIC,NID_REPLACEMENT_ONLINE_APPLICATION_F04,Hard,FALSE,Synthetic NID core anchored in reviewed taxonomy include examples; automated semantic/structural validation only; no REAL provenance claimed.
NIDQ_0431,Could you explain How should I handle online Replacement Application?,NID,NID_REPLACEMENT,"Lost, Stolen, Damaged or Duplicate NID",NID_REPLACEMENT_ONLINE_APPLICATION,Online Replacement Application,Low,Mixed,FALSE,,PARAPHRASED,NID_REPLACEMENT_ONLINE_APPLICATION_F04,Hard,FALSE,Synthetic NID core anchored in reviewed taxonomy include examples; automated semantic/structural validation only; no REAL provenance claimed.
NIDQ_0432,Please tell me the correct process: How should I handle online Replacement Application?,NID,NID_REPLACEMENT,"Lost, Stolen, Damaged or Duplicate NID",NID_REPLACEMENT_ONLINE_APPLICATION,Online Replacement Application,Low,Mixed,FALSE,,PARAPHRASED,NID_REPLACEMENT_ONLINE_APPLICATION_F04,Hard,FALSE,Synthetic NID core anchored in reviewed taxonomy include examples; automated semantic/structural validation only; no REAL provenance claimed.
NIDQ_0433,How many days does replacement take?,NID,NID_REPLACEMENT,"Lost, Stolen, Damaged or Duplicate NID",NID_REPLACEMENT_PROCESSING_TIME,Normal Replacement Processing Time,Low,Formal,FALSE,,SYNTHETIC,NID_REPLACEMENT_PROCESSING_TIME_F01,Easy,FALSE,Synthetic NID core anchored in reviewed taxonomy include examples; automated semantic/structural validation only; no REAL provenance claimed.
NIDQ_0434,How many days does replacement take; what should I do next?,NID,NID_REPLACEMENT,"Lost, Stolen, Damaged or Duplicate NID",NID_REPLACEMENT_PROCESSING_TIME,Normal Replacement Processing Time,Low,Formal,FALSE,,PARAPHRASED,NID_REPLACEMENT_PROCESSING_TIME_F01,Easy,FALSE,Synthetic NID core anchored in reviewed taxonomy include examples; automated semantic/structural validation only; no REAL provenance claimed.
NIDQ_0435,এই বিষয়ে সহায়তা চাই: How many days does replacement take?,NID,NID_REPLACEMENT,"Lost, Stolen, Damaged or Duplicate NID",NID_REPLACEMENT_PROCESSING_TIME,Normal Replacement Processing Time,Low,Formal,FALSE,,PARAPHRASED,NID_REPLACEMENT_PROCESSING_TIME_F01,Easy,FALSE,Synthetic NID core anchored in reviewed taxonomy include examples; automated semantic/structural validation only; no REAL provenance claimed.
NIDQ_0436,Could you explain the rules for normal reissue processing time?,NID,NID_REPLACEMENT,"Lost, Stolen, Damaged or Duplicate NID",NID_REPLACEMENT_PROCESSING_TIME,Normal Replacement Processing Time,Low,Informal,FALSE,,SYNTHETIC,NID_REPLACEMENT_PROCESSING_TIME_F02,Medium,FALSE,Synthetic NID core anchored in reviewed taxonomy include examples; automated semantic/structural validation only; no REAL provenance claimed.
NIDQ_0437,I am trying to understand this: Could you explain the rules for normal reissue processing time?,NID,NID_REPLACEMENT,"Lost, Stolen, Damaged or Duplicate NID",NID_REPLACEMENT_PROCESSING_TIME,Normal Replacement Processing Time,Low,Informal,FALSE,,PARAPHRASED,NID_REPLACEMENT_PROCESSING_TIME_F02,Medium,FALSE,Synthetic NID core anchored in reviewed taxonomy include examples; automated semantic/structural validation only; no REAL provenance claimed.
NIDQ_0438,I need guidance on this: Could you explain the rules for normal reissue processing time?,NID,NID_REPLACEMENT,"Lost, Stolen, Damaged or Duplicate NID",NID_REPLACEMENT_PROCESSING_TIME,Normal Replacement Processing Time,Low,Informal,FALSE,,PARAPHRASED,NID_REPLACEMENT_PROCESSING_TIME_F02,Medium,FALSE,Synthetic NID core anchored in reviewed taxonomy include examples; automated semantic/structural validation only; no REAL provenance claimed.
NIDQ_0439,I need guidance about expected time to receive the replacement card. What should I do?,NID,NID_REPLACEMENT,"Lost, Stolen, Damaged or Duplicate NID",NID_REPLACEMENT_PROCESSING_TIME,Normal Replacement Processing Time,Low,Mixed,FALSE,,SYNTHETIC,NID_REPLACEMENT_PROCESSING_TIME_F03,Medium,FALSE,Synthetic NID core anchored in reviewed taxonomy include examples; automated semantic/structural validation only; no REAL provenance claimed.
NIDQ_0440,Could you explain I need guidance about expected time to receive the replacement card. What should I do?,NID,NID_REPLACEMENT,"Lost, Stolen, Damaged or Duplicate NID",NID_REPLACEMENT_PROCESSING_TIME,Normal Replacement Processing Time,Low,Mixed,FALSE,,PARAPHRASED,NID_REPLACEMENT_PROCESSING_TIME_F03,Medium,FALSE,Synthetic NID core anchored in reviewed taxonomy include examples; automated semantic/structural validation only; no REAL provenance claimed.
NIDQ_0441,Please tell me the correct process: I need guidance about expected time to receive the replacement card. What should I do?,NID,NID_REPLACEMENT,"Lost, Stolen, Damaged or Duplicate NID",NID_REPLACEMENT_PROCESSING_TIME,Normal Replacement Processing Time,Low,Mixed,FALSE,,PARAPHRASED,NID_REPLACEMENT_PROCESSING_TIME_F03,Medium,FALSE,Synthetic NID core anchored in reviewed taxonomy include examples; automated semantic/structural validation only; no REAL provenance claimed.
NIDQ_0442,How does normal Replacement Processing Time work?,NID,NID_REPLACEMENT,"Lost, Stolen, Damaged or Duplicate NID",NID_REPLACEMENT_PROCESSING_TIME,Normal Replacement Processing Time,Low,Mixed,FALSE,,SYNTHETIC,NID_REPLACEMENT_PROCESSING_TIME_F04,Hard,FALSE,Synthetic NID core anchored in reviewed taxonomy include examples; automated semantic/structural validation only; no REAL provenance claimed.
NIDQ_0443,"For my case, How does normal Replacement Processing Time work?",NID,NID_REPLACEMENT,"Lost, Stolen, Damaged or Duplicate NID",NID_REPLACEMENT_PROCESSING_TIME,Normal Replacement Processing Time,Low,Mixed,FALSE,,PARAPHRASED,NID_REPLACEMENT_PROCESSING_TIME_F04,Hard,FALSE,Synthetic NID core anchored in reviewed taxonomy include examples; automated semantic/structural validation only; no REAL provenance claimed.
NIDQ_0444,Can you clarify this for me: How does normal Replacement Processing Time work?,NID,NID_REPLACEMENT,"Lost, Stolen, Damaged or Duplicate NID",NID_REPLACEMENT_PROCESSING_TIME,Normal Replacement Processing Time,Low,Mixed,FALSE,,PARAPHRASED,NID_REPLACEMENT_PROCESSING_TIME_F04,Hard,FALSE,Synthetic NID core anchored in reviewed taxonomy include examples; automated semantic/structural validation only; no REAL provenance claimed.
NIDQ_0445,How to create an NID online account?,NID,NID_ONLINE_SERVICES,NID Online Account and Portal,NID_ONLINE_ACCOUNT_REGISTRATION,Online Account Registration,Low,Formal,FALSE,,SYNTHETIC,NID_ONLINE_ACCOUNT_REGISTRATION_F01,Easy,FALSE,Synthetic NID core anchored in reviewed taxonomy include examples; automated semantic/structural validation only; no REAL provenance claimed.
NIDQ_0446,I am trying to understand this: How to create an NID online account?,NID,NID_ONLINE_SERVICES,NID Online Account and Portal,NID_ONLINE_ACCOUNT_REGISTRATION,Online Account Registration,Low,Formal,FALSE,,PARAPHRASED,NID_ONLINE_ACCOUNT_REGISTRATION_F01,Easy,FALSE,Synthetic NID core anchored in reviewed taxonomy include examples; automated semantic/structural validation only; no REAL provenance claimed.
NIDQ_0447,I need guidance on this: How to create an NID online account?,NID,NID_ONLINE_SERVICES,NID Online Account and Portal,NID_ONLINE_ACCOUNT_REGISTRATION,Online Account Registration,Low,Formal,FALSE,,PARAPHRASED,NID_ONLINE_ACCOUNT_REGISTRATION_F01,Easy,FALSE,Synthetic NID core anchored in reviewed taxonomy include examples; automated semantic/structural validation only; no REAL provenance claimed.
NIDQ_0448,How to register for NID online services?,NID,NID_ONLINE_SERVICES,NID Online Account and Portal,NID_ONLINE_ACCOUNT_REGISTRATION,Online Account Registration,Low,Informal,FALSE,,SYNTHETIC,NID_ONLINE_ACCOUNT_REGISTRATION_F02,Medium,FALSE,Synthetic NID core anchored in reviewed taxonomy include examples; automated semantic/structural validation only; no REAL provenance claimed.
NIDQ_0449,Could you explain How to register for NID online services?,NID,NID_ONLINE_SERVICES,NID Online Account and Portal,NID_ONLINE_ACCOUNT_REGISTRATION,Online Account Registration,Low,Informal,FALSE,,PARAPHRASED,NID_ONLINE_ACCOUNT_REGISTRATION_F02,Medium,FALSE,Synthetic NID core anchored in reviewed taxonomy include examples; automated semantic/structural validation only; no REAL provenance claimed.
NIDQ_0450,Please tell me the correct process: How to register for NID online services?,NID,NID_ONLINE_SERVICES,NID Online Account and Portal,NID_ONLINE_ACCOUNT_REGISTRATION,Online Account Registration,Low,Informal,FALSE,,PARAPHRASED,NID_ONLINE_ACCOUNT_REGISTRATION_F02,Medium,FALSE,Synthetic NID core anchored in reviewed taxonomy include examples; automated semantic/structural validation only; no REAL provenance claimed.
NIDQ_0451,Where the portal registration option is?,NID,NID_ONLINE_SERVICES,NID Online Account and Portal,NID_ONLINE_ACCOUNT_REGISTRATION,Online Account Registration,Low,Mixed,FALSE,,SYNTHETIC,NID_ONLINE_ACCOUNT_REGISTRATION_F03,Medium,FALSE,Synthetic NID core anchored in reviewed taxonomy include examples; automated semantic/structural validation only; no REAL provenance claimed.
NIDQ_0452,"For my case, Where the portal registration option is?",NID,NID_ONLINE_SERVICES,NID Online Account and Portal,NID_ONLINE_ACCOUNT_REGISTRATION,Online Account Registration,Low,Mixed,FALSE,,PARAPHRASED,NID_ONLINE_ACCOUNT_REGISTRATION_F03,Medium,FALSE,Synthetic NID core anchored in reviewed taxonomy include examples; automated semantic/structural validation only; no REAL provenance claimed.
NIDQ_0453,Can you clarify this for me: Where the portal registration option is?,NID,NID_ONLINE_SERVICES,NID Online Account and Portal,NID_ONLINE_ACCOUNT_REGISTRATION,Online Account Registration,Low,Mixed,FALSE,,PARAPHRASED,NID_ONLINE_ACCOUNT_REGISTRATION_F03,Medium,FALSE,Synthetic NID core anchored in reviewed taxonomy include examples; automated semantic/structural validation only; no REAL provenance claimed.
NIDQ_0454,What is required for information required to create an account?,NID,NID_ONLINE_SERVICES,NID Online Account and Portal,NID_ONLINE_ACCOUNT_REGISTRATION,Online Account Registration,Low,Mixed,FALSE,,SYNTHETIC,NID_ONLINE_ACCOUNT_REGISTRATION_F04,Hard,FALSE,Synthetic NID core anchored in reviewed taxonomy include examples; automated semantic/structural validation only; no REAL provenance claimed.
NIDQ_0455,What is required for information required to create an account; what should I do next?,NID,NID_ONLINE_SERVICES,NID Online Account and Portal,NID_ONLINE_ACCOUNT_REGISTRATION,Online Account Registration,Low,Mixed,FALSE,,PARAPHRASED,NID_ONLINE_ACCOUNT_REGISTRATION_F04,Hard,FALSE,Synthetic NID core anchored in reviewed taxonomy include examples; automated semantic/structural validation only; no REAL provenance claimed.
NIDQ_0456,এই বিষয়ে সহায়তা চাই: What is required for information required to create an account?,NID,NID_ONLINE_SERVICES,NID Online Account and Portal,NID_ONLINE_ACCOUNT_REGISTRATION,Online Account Registration,Low,Mixed,FALSE,,PARAPHRASED,NID_ONLINE_ACCOUNT_REGISTRATION_F04,Hard,FALSE,Synthetic NID core anchored in reviewed taxonomy include examples; automated semantic/structural validation only; no REAL provenance claimed.
NIDQ_0457,How to log in?,NID,NID_ONLINE_SERVICES,NID Online Account and Portal,NID_ONLINE_LOGIN,Online Account Login,Low,Formal,FALSE,,SYNTHETIC,NID_ONLINE_LOGIN_F01,Easy,FALSE,Synthetic NID core anchored in reviewed taxonomy include examples; automated semantic/structural validation only; no REAL provenance claimed.
NIDQ_0458,Could you explain How to log in?,NID,NID_ONLINE_SERVICES,NID Online Account and Portal,NID_ONLINE_LOGIN,Online Account Login,Low,Formal,FALSE,,PARAPHRASED,NID_ONLINE_LOGIN_F01,Easy,FALSE,Synthetic NID core anchored in reviewed taxonomy include examples; automated semantic/structural validation only; no REAL provenance claimed.
NIDQ_0459,Please tell me the correct process: How to log in?,NID,NID_ONLINE_SERVICES,NID Online Account and Portal,NID_ONLINE_LOGIN,Online Account Login,Low,Formal,FALSE,,PARAPHRASED,NID_ONLINE_LOGIN_F01,Easy,FALSE,Synthetic NID core anchored in reviewed taxonomy include examples; automated semantic/structural validation only; no REAL provenance claimed.
NIDQ_0460,Where the login page is?,NID,NID_ONLINE_SERVICES,NID Online Account and Portal,NID_ONLINE_LOGIN,Online Account Login,Low,Informal,FALSE,,SYNTHETIC,NID_ONLINE_LOGIN_F02,Medium,FALSE,Synthetic NID core anchored in reviewed taxonomy include examples; automated semantic/structural validation only; no REAL provenance claimed.
NIDQ_0461,"For my case, Where the login page is?",NID,NID_ONLINE_SERVICES,NID Online Account and Portal,NID_ONLINE_LOGIN,Online Account Login,Low,Informal,FALSE,,PARAPHRASED,NID_ONLINE_LOGIN_F02,Medium,FALSE,Synthetic NID core anchored in reviewed taxonomy include examples; automated semantic/structural validation only; no REAL provenance claimed.
NIDQ_0462,Can you clarify this for me: Where the login page is?,NID,NID_ONLINE_SERVICES,NID Online Account and Portal,NID_ONLINE_LOGIN,Online Account Login,Low,Informal,FALSE,,PARAPHRASED,NID_ONLINE_LOGIN_F02,Medium,FALSE,Synthetic NID core anchored in reviewed taxonomy include examples; automated semantic/structural validation only; no REAL provenance claimed.
NIDQ_0463,How to sign in after creating an account?,NID,NID_ONLINE_SERVICES,NID Online Account and Portal,NID_ONLINE_LOGIN,Online Account Login,Low,Mixed,FALSE,,SYNTHETIC,NID_ONLINE_LOGIN_F03,Medium,FALSE,Synthetic NID core anchored in reviewed taxonomy include examples; automated semantic/structural validation only; no REAL provenance claimed.
NIDQ_0464,How to sign in after creating an account; what should I do next?,NID,NID_ONLINE_SERVICES,NID Online Account and Portal,NID_ONLINE_LOGIN,Online Account Login,Low,Mixed,FALSE,,PARAPHRASED,NID_ONLINE_LOGIN_F03,Medium,FALSE,Synthetic NID core anchored in reviewed taxonomy include examples; automated semantic/structural validation only; no REAL provenance claimed.
NIDQ_0465,এই বিষয়ে সহায়তা চাই: How to sign in after creating an account?,NID,NID_ONLINE_SERVICES,NID Online Account and Portal,NID_ONLINE_LOGIN,Online Account Login,Low,Mixed,FALSE,,PARAPHRASED,NID_ONLINE_LOGIN_F03,Medium,FALSE,Synthetic NID core anchored in reviewed taxonomy include examples; automated semantic/structural validation only; no REAL provenance claimed.
NIDQ_0466,How to access an existing NID account?,NID,NID_ONLINE_SERVICES,NID Online Account and Portal,NID_ONLINE_LOGIN,Online Account Login,Low,Mixed,FALSE,,SYNTHETIC,NID_ONLINE_LOGIN_F04,Hard,FALSE,Synthetic NID core anchored in reviewed taxonomy include examples; automated semantic/structural validation only; no REAL provenance claimed.
NIDQ_0467,I am trying to understand this: How to access an existing NID account?,NID,NID_ONLINE_SERVICES,NID Online Account and Portal,NID_ONLINE_LOGIN,Online Account Login,Low,Mixed,FALSE,,PARAPHRASED,NID_ONLINE_LOGIN_F04,Hard,FALSE,Synthetic NID core anchored in reviewed taxonomy include examples; automated semantic/structural validation only; no REAL provenance claimed.
NIDQ_0468,I need guidance on this: How to access an existing NID account?,NID,NID_ONLINE_SERVICES,NID Online Account and Portal,NID_ONLINE_LOGIN,Online Account Login,Low,Mixed,FALSE,,PARAPHRASED,NID_ONLINE_LOGIN_F04,Hard,FALSE,Synthetic NID core anchored in reviewed taxonomy include examples; automated semantic/structural validation only; no REAL provenance claimed.
NIDQ_0469,What should I know about login is not working?,NID,NID_ONLINE_SERVICES,NID Online Account and Portal,NID_ONLINE_LOGIN_PROBLEM,Online Account Login Problem,Medium,Formal,FALSE,,SYNTHETIC,NID_ONLINE_LOGIN_PROBLEM_F01,Easy,FALSE,Synthetic NID core anchored in reviewed taxonomy include examples; automated semantic/structural validation only; no REAL provenance claimed.
NIDQ_0470,"For my case, What should I know about login is not working?",NID,NID_ONLINE_SERVICES,NID Online Account and Portal,NID_ONLINE_LOGIN_PROBLEM,Online Account Login Problem,Medium,Formal,FALSE,,PARAPHRASED,NID_ONLINE_LOGIN_PROBLEM_F01,Easy,FALSE,Synthetic NID core anchored in reviewed taxonomy include examples; automated semantic/structural validation only; no REAL provenance claimed.
NIDQ_0471,Can you clarify this for me: What should I know about login is not working?,NID,NID_ONLINE_SERVICES,NID Online Account and Portal,NID_ONLINE_LOGIN_PROBLEM,Online Account Login Problem,Medium,Formal,FALSE,,PARAPHRASED,NID_ONLINE_LOGIN_PROBLEM_F01,Easy,FALSE,Synthetic NID core anchored in reviewed taxonomy include examples; automated semantic/structural validation only; no REAL provenance claimed.
NIDQ_0472,Could you explain the rules for correct information entered but login fails?,NID,NID_ONLINE_SERVICES,NID Online Account and Portal,NID_ONLINE_LOGIN_PROBLEM,Online Account Login Problem,Medium,Informal,FALSE,,SYNTHETIC,NID_ONLINE_LOGIN_PROBLEM_F02,Medium,FALSE,Synthetic NID core anchored in reviewed taxonomy include examples; automated semantic/structural validation only; no REAL provenance claimed.
NIDQ_0473,Could you explain the rules for correct information entered but login fails; what should I do next?,NID,NID_ONLINE_SERVICES,NID Online Account and Portal,NID_ONLINE_LOGIN_PROBLEM,Online Account Login Problem,Medium,Informal,FALSE,,PARAPHRASED,NID_ONLINE_LOGIN_PROBLEM_F02,Medium,FALSE,Synthetic NID core anchored in reviewed taxonomy include examples; automated semantic/structural validation only; no REAL provenance claimed.
NIDQ_0474,এই বিষয়ে সহায়তা চাই: Could you explain the rules for correct information entered but login fails?,NID,NID_ONLINE_SERVICES,NID Online Account and Portal,NID_ONLINE_LOGIN_PROBLEM,Online Account Login Problem,Medium,Informal,FALSE,,PARAPHRASED,NID_ONLINE_LOGIN_PROBLEM_F02,Medium,FALSE,Synthetic NID core anchored in reviewed taxonomy include examples; automated semantic/structural validation only; no REAL provenance claimed.
NIDQ_0475,I need guidance about login error. What should I do?,NID,NID_ONLINE_SERVICES,NID Online Account and Portal,NID_ONLINE_LOGIN_PROBLEM,Online Account Login Problem,Medium,Mixed,FALSE,,SYNTHETIC,NID_ONLINE_LOGIN_PROBLEM_F03,Medium,FALSE,Synthetic NID core anchored in reviewed taxonomy include examples; automated semantic/structural validation only; no REAL provenance claimed.
NIDQ_0476,I am trying to understand this: I need guidance about login error. What should I do?,NID,NID_ONLINE_SERVICES,NID Online Account and Portal,NID_ONLINE_LOGIN_PROBLEM,Online Account Login Problem,Medium,Mixed,FALSE,,PARAPHRASED,NID_ONLINE_LOGIN_PROBLEM_F03,Medium,FALSE,Synthetic NID core anchored in reviewed taxonomy include examples; automated semantic/structural validation only; no REAL provenance claimed.
NIDQ_0477,I need guidance on this: I need guidance about login error. What should I do?,NID,NID_ONLINE_SERVICES,NID Online Account and Portal,NID_ONLINE_LOGIN_PROBLEM,Online Account Login Problem,Medium,Mixed,FALSE,,PARAPHRASED,NID_ONLINE_LOGIN_PROBLEM_F03,Medium,FALSE,Synthetic NID core anchored in reviewed taxonomy include examples; automated semantic/structural validation only; no REAL provenance claimed.
NIDQ_0478,How does sign-in repeatedly fails work?,NID,NID_ONLINE_SERVICES,NID Online Account and Portal,NID_ONLINE_LOGIN_PROBLEM,Online Account Login Problem,Medium,Mixed,FALSE,,SYNTHETIC,NID_ONLINE_LOGIN_PROBLEM_F04,Hard,FALSE,Synthetic NID core anchored in reviewed taxonomy include examples; automated semantic/structural validation only; no REAL provenance claimed.
NIDQ_0479,Could you explain How does sign-in repeatedly fails work?,NID,NID_ONLINE_SERVICES,NID Online Account and Portal,NID_ONLINE_LOGIN_PROBLEM,Online Account Login Problem,Medium,Mixed,FALSE,,PARAPHRASED,NID_ONLINE_LOGIN_PROBLEM_F04,Hard,FALSE,Synthetic NID core anchored in reviewed taxonomy include examples; automated semantic/structural validation only; no REAL provenance claimed.
NIDQ_0480,Please tell me the correct process: How does sign-in repeatedly fails work?,NID,NID_ONLINE_SERVICES,NID Online Account and Portal,NID_ONLINE_LOGIN_PROBLEM,Online Account Login Problem,Medium,Mixed,FALSE,,PARAPHRASED,NID_ONLINE_LOGIN_PROBLEM_F04,Hard,FALSE,Synthetic NID core anchored in reviewed taxonomy include examples; automated semantic/structural validation only; no REAL provenance claimed.
NIDQ_0481,Please explain the official process for forgot NID account password.,NID,NID_ONLINE_SERVICES,NID Online Account and Portal,NID_ONLINE_PASSWORD_RESET,Forgotten Password and Password Reset,Low,Formal,FALSE,,SYNTHETIC,NID_ONLINE_PASSWORD_RESET_F01,Easy,FALSE,Synthetic NID core anchored in reviewed taxonomy include examples; automated semantic/structural validation only; no REAL provenance claimed.
NIDQ_0482,Please explain the official process for forgot NID account password; what should I do next?,NID,NID_ONLINE_SERVICES,NID Online Account and Portal,NID_ONLINE_PASSWORD_RESET,Forgotten Password and Password Reset,Low,Formal,FALSE,,PARAPHRASED,NID_ONLINE_PASSWORD_RESET_F01,Easy,FALSE,Synthetic NID core anchored in reviewed taxonomy include examples; automated semantic/structural validation only; no REAL provenance claimed.
NIDQ_0483,Please explain the official process for forgot NID account password?,NID,NID_ONLINE_SERVICES,NID Online Account and Portal,NID_ONLINE_PASSWORD_RESET,Forgotten Password and Password Reset,Low,Formal,FALSE,,PARAPHRASED,NID_ONLINE_PASSWORD_RESET_F01,Easy,FALSE,Synthetic NID core anchored in reviewed taxonomy include examples; automated semantic/structural validation only; no REAL provenance claimed.
NIDQ_0484,How to reset password?,NID,NID_ONLINE_SERVICES,NID Online Account and Portal,NID_ONLINE_PASSWORD_RESET,Forgotten Password and Password Reset,Low,Informal,FALSE,,SYNTHETIC,NID_ONLINE_PASSWORD_RESET_F02,Medium,FALSE,Synthetic NID core anchored in reviewed taxonomy include examples; automated semantic/structural validation only; no REAL provenance claimed.
NIDQ_0485,I am trying to understand this: How to reset password?,NID,NID_ONLINE_SERVICES,NID Online Account and Portal,NID_ONLINE_PASSWORD_RESET,Forgotten Password and Password Reset,Low,Informal,FALSE,,PARAPHRASED,NID_ONLINE_PASSWORD_RESET_F02,Medium,FALSE,Synthetic NID core anchored in reviewed taxonomy include examples; automated semantic/structural validation only; no REAL provenance claimed.
NIDQ_0486,I need guidance on this: How to reset password?,NID,NID_ONLINE_SERVICES,NID Online Account and Portal,NID_ONLINE_PASSWORD_RESET,Forgotten Password and Password Reset,Low,Informal,FALSE,,PARAPHRASED,NID_ONLINE_PASSWORD_RESET_F02,Medium,FALSE,Synthetic NID core anchored in reviewed taxonomy include examples; automated semantic/structural validation only; no REAL provenance claimed.
NIDQ_0487,Where the forgot-password option is?,NID,NID_ONLINE_SERVICES,NID Online Account and Portal,NID_ONLINE_PASSWORD_RESET,Forgotten Password and Password Reset,Low,Mixed,FALSE,,SYNTHETIC,NID_ONLINE_PASSWORD_RESET_F03,Medium,FALSE,Synthetic NID core anchored in reviewed taxonomy include examples; automated semantic/structural validation only; no REAL provenance claimed.
NIDQ_0488,Could you explain Where the forgot-password option is?,NID,NID_ONLINE_SERVICES,NID Online Account and Portal,NID_ONLINE_PASSWORD_RESET,Forgotten Password and Password Reset,Low,Mixed,FALSE,,PARAPHRASED,NID_ONLINE_PASSWORD_RESET_F03,Medium,FALSE,Synthetic NID core anchored in reviewed taxonomy include examples; automated semantic/structural validation only; no REAL provenance claimed.
NIDQ_0489,Please tell me the correct process: Where the forgot-password option is?,NID,NID_ONLINE_SERVICES,NID Online Account and Portal,NID_ONLINE_PASSWORD_RESET,Forgotten Password and Password Reset,Low,Mixed,FALSE,,PARAPHRASED,NID_ONLINE_PASSWORD_RESET_F03,Medium,FALSE,Synthetic NID core anchored in reviewed taxonomy include examples; automated semantic/structural validation only; no REAL provenance claimed.
NIDQ_0490,How to create a new password?,NID,NID_ONLINE_SERVICES,NID Online Account and Portal,NID_ONLINE_PASSWORD_RESET,Forgotten Password and Password Reset,Low,Mixed,FALSE,,SYNTHETIC,NID_ONLINE_PASSWORD_RESET_F04,Hard,FALSE,Synthetic NID core anchored in reviewed taxonomy include examples; automated semantic/structural validation only; no REAL provenance claimed.
NIDQ_0491,"For my case, How to create a new password?",NID,NID_ONLINE_SERVICES,NID Online Account and Portal,NID_ONLINE_PASSWORD_RESET,Forgotten Password and Password Reset,Low,Mixed,FALSE,,PARAPHRASED,NID_ONLINE_PASSWORD_RESET_F04,Hard,FALSE,Synthetic NID core anchored in reviewed taxonomy include examples; automated semantic/structural validation only; no REAL provenance claimed.
NIDQ_0492,Can you clarify this for me: How to create a new password?,NID,NID_ONLINE_SERVICES,NID Online Account and Portal,NID_ONLINE_PASSWORD_RESET,Forgotten Password and Password Reset,Low,Mixed,FALSE,,PARAPHRASED,NID_ONLINE_PASSWORD_RESET_F04,Hard,FALSE,Synthetic NID core anchored in reviewed taxonomy include examples; automated semantic/structural validation only; no REAL provenance claimed.
NIDQ_0493,Can you guide me about recover old NID online account?,NID,NID_ONLINE_SERVICES,NID Online Account and Portal,NID_ONLINE_ACCOUNT_RECOVERY,Online Account Recovery,Low,Formal,FALSE,,SYNTHETIC,NID_ONLINE_ACCOUNT_RECOVERY_F01,Easy,FALSE,Synthetic NID core anchored in reviewed taxonomy include examples; automated semantic/structural validation only; no REAL provenance claimed.
NIDQ_0494,I am trying to understand this: Can you guide me about recover old NID online account?,NID,NID_ONLINE_SERVICES,NID Online Account and Portal,NID_ONLINE_ACCOUNT_RECOVERY,Online Account Recovery,Low,Formal,FALSE,,PARAPHRASED,NID_ONLINE_ACCOUNT_RECOVERY_F01,Easy,FALSE,Synthetic NID core anchored in reviewed taxonomy include examples; automated semantic/structural validation only; no REAL provenance claimed.
NIDQ_0495,I need guidance on this: Can you guide me about recover old NID online account?,NID,NID_ONLINE_SERVICES,NID Online Account and Portal,NID_ONLINE_ACCOUNT_RECOVERY,Online Account Recovery,Low,Formal,FALSE,,PARAPHRASED,NID_ONLINE_ACCOUNT_RECOVERY_F01,Easy,FALSE,Synthetic NID core anchored in reviewed taxonomy include examples; automated semantic/structural validation only; no REAL provenance claimed.
NIDQ_0496,I have a question about lost access to account. What is the process?,NID,NID_ONLINE_SERVICES,NID Online Account and Portal,NID_ONLINE_ACCOUNT_RECOVERY,Online Account Recovery,Low,Informal,FALSE,,SYNTHETIC,NID_ONLINE_ACCOUNT_RECOVERY_F02,Medium,FALSE,Synthetic NID core anchored in reviewed taxonomy include examples; automated semantic/structural validation only; no REAL provenance claimed.
NIDQ_0497,Could you explain I have a question about lost access to account. What is the process?,NID,NID_ONLINE_SERVICES,NID Online Account and Portal,NID_ONLINE_ACCOUNT_RECOVERY,Online Account Recovery,Low,Informal,FALSE,,PARAPHRASED,NID_ONLINE_ACCOUNT_RECOVERY_F02,Medium,FALSE,Synthetic NID core anchored in reviewed taxonomy include examples; automated semantic/structural validation only; no REAL provenance claimed.
NIDQ_0498,Please tell me the correct process: I have a question about lost access to account. What is the process?,NID,NID_ONLINE_SERVICES,NID Online Account and Portal,NID_ONLINE_ACCOUNT_RECOVERY,Online Account Recovery,Low,Informal,FALSE,,PARAPHRASED,NID_ONLINE_ACCOUNT_RECOVERY_F02,Medium,FALSE,Synthetic NID core anchored in reviewed taxonomy include examples; automated semantic/structural validation only; no REAL provenance claimed.
NIDQ_0499,What are the next steps for regain access to existing account?,NID,NID_ONLINE_SERVICES,NID Online Account and Portal,NID_ONLINE_ACCOUNT_RECOVERY,Online Account Recovery,Low,Mixed,FALSE,,SYNTHETIC,NID_ONLINE_ACCOUNT_RECOVERY_F03,Medium,FALSE,Synthetic NID core anchored in reviewed taxonomy include examples; automated semantic/structural validation only; no REAL provenance claimed.
NIDQ_0500,"For my case, What are the next steps for regain access to existing account?",NID,NID_ONLINE_SERVICES,NID Online Account and Portal,NID_ONLINE_ACCOUNT_RECOVERY,Online Account Recovery,Low,Mixed,FALSE,,PARAPHRASED,NID_ONLINE_ACCOUNT_RECOVERY_F03,Medium,FALSE,Synthetic NID core anchored in reviewed taxonomy include examples; automated semantic/structural validation only; no REAL provenance claimed.
NIDQ_0501,Can you clarify this for me: What are the next steps for regain access to existing account?,NID,NID_ONLINE_SERVICES,NID Online Account and Portal,NID_ONLINE_ACCOUNT_RECOVERY,Online Account Recovery,Low,Mixed,FALSE,,PARAPHRASED,NID_ONLINE_ACCOUNT_RECOVERY_F03,Medium,FALSE,Synthetic NID core anchored in reviewed taxonomy include examples; automated semantic/structural validation only; no REAL provenance claimed.
NIDQ_0502,How should I handle account recovery option?,NID,NID_ONLINE_SERVICES,NID Online Account and Portal,NID_ONLINE_ACCOUNT_RECOVERY,Online Account Recovery,Low,Mixed,FALSE,,SYNTHETIC,NID_ONLINE_ACCOUNT_RECOVERY_F04,Hard,FALSE,Synthetic NID core anchored in reviewed taxonomy include examples; automated semantic/structural validation only; no REAL provenance claimed.
NIDQ_0503,How should I handle account recovery option; what should I do next?,NID,NID_ONLINE_SERVICES,NID Online Account and Portal,NID_ONLINE_ACCOUNT_RECOVERY,Online Account Recovery,Low,Mixed,FALSE,,PARAPHRASED,NID_ONLINE_ACCOUNT_RECOVERY_F04,Hard,FALSE,Synthetic NID core anchored in reviewed taxonomy include examples; automated semantic/structural validation only; no REAL provenance claimed.
NIDQ_0504,এই বিষয়ে সহায়তা চাই: How should I handle account recovery option?,NID,NID_ONLINE_SERVICES,NID Online Account and Portal,NID_ONLINE_ACCOUNT_RECOVERY,Online Account Recovery,Low,Mixed,FALSE,,PARAPHRASED,NID_ONLINE_ACCOUNT_RECOVERY_F04,Hard,FALSE,Synthetic NID core anchored in reviewed taxonomy include examples; automated semantic/structural validation only; no REAL provenance claimed.
NIDQ_0505,What should I know about oTP did not arrive?,NID,NID_ONLINE_SERVICES,NID Online Account and Portal,NID_ONLINE_OTP_NOT_RECEIVED,OTP Not Received,Low,Formal,FALSE,,SYNTHETIC,NID_ONLINE_OTP_NOT_RECEIVED_F01,Easy,FALSE,Synthetic NID core anchored in reviewed taxonomy include examples; automated semantic/structural validation only; no REAL provenance claimed.
NIDQ_0506,Could you explain What should I know about oTP did not arrive?,NID,NID_ONLINE_SERVICES,NID Online Account and Portal,NID_ONLINE_OTP_NOT_RECEIVED,OTP Not Received,Low,Formal,FALSE,,PARAPHRASED,NID_ONLINE_OTP_NOT_RECEIVED_F01,Easy,FALSE,Synthetic NID core anchored in reviewed taxonomy include examples; automated semantic/structural validation only; no REAL provenance claimed.
NIDQ_0507,Please tell me the correct process: What should I know about oTP did not arrive?,NID,NID_ONLINE_SERVICES,NID Online Account and Portal,NID_ONLINE_OTP_NOT_RECEIVED,OTP Not Received,Low,Formal,FALSE,,PARAPHRASED,NID_ONLINE_OTP_NOT_RECEIVED_F01,Easy,FALSE,Synthetic NID core anchored in reviewed taxonomy include examples; automated semantic/structural validation only; no REAL provenance claimed.
NIDQ_0508,Could you explain the rules for oTP SMS not received?,NID,NID_ONLINE_SERVICES,NID Online Account and Portal,NID_ONLINE_OTP_NOT_RECEIVED,OTP Not Received,Low,Informal,FALSE,,SYNTHETIC,NID_ONLINE_OTP_NOT_RECEIVED_F02,Medium,FALSE,Synthetic NID core anchored in reviewed taxonomy include examples; automated semantic/structural validation only; no REAL provenance claimed.
NIDQ_0509,"For my case, Could you explain the rules for oTP SMS not received?",NID,NID_ONLINE_SERVICES,NID Online Account and Portal,NID_ONLINE_OTP_NOT_RECEIVED,OTP Not Received,Low,Informal,FALSE,,PARAPHRASED,NID_ONLINE_OTP_NOT_RECEIVED_F02,Medium,FALSE,Synthetic NID core anchored in reviewed taxonomy include examples; automated semantic/structural validation only; no REAL provenance claimed.
NIDQ_0510,Can you clarify this for me: Could you explain the rules for oTP SMS not received?,NID,NID_ONLINE_SERVICES,NID Online Account and Portal,NID_ONLINE_OTP_NOT_RECEIVED,OTP Not Received,Low,Informal,FALSE,,PARAPHRASED,NID_ONLINE_OTP_NOT_RECEIVED_F02,Medium,FALSE,Synthetic NID core anchored in reviewed taxonomy include examples; automated semantic/structural validation only; no REAL provenance claimed.
NIDQ_0511,I need guidance about verification code not received. What should I do?,NID,NID_ONLINE_SERVICES,NID Online Account and Portal,NID_ONLINE_OTP_NOT_RECEIVED,OTP Not Received,Low,Mixed,FALSE,,SYNTHETIC,NID_ONLINE_OTP_NOT_RECEIVED_F03,Medium,FALSE,Synthetic NID core anchored in reviewed taxonomy include examples; automated semantic/structural validation only; no REAL provenance claimed.
NIDQ_0512,I need guidance about verification code not received. What should I do; what should I do next?,NID,NID_ONLINE_SERVICES,NID Online Account and Portal,NID_ONLINE_OTP_NOT_RECEIVED,OTP Not Received,Low,Mixed,FALSE,,PARAPHRASED,NID_ONLINE_OTP_NOT_RECEIVED_F03,Medium,FALSE,Synthetic NID core anchored in reviewed taxonomy include examples; automated semantic/structural validation only; no REAL provenance claimed.
NIDQ_0513,এই বিষয়ে সহায়তা চাই: I need guidance about verification code not received. What should I do?,NID,NID_ONLINE_SERVICES,NID Online Account and Portal,NID_ONLINE_OTP_NOT_RECEIVED,OTP Not Received,Low,Mixed,FALSE,,PARAPHRASED,NID_ONLINE_OTP_NOT_RECEIVED_F03,Medium,FALSE,Synthetic NID core anchored in reviewed taxonomy include examples; automated semantic/structural validation only; no REAL provenance claimed.
NIDQ_0514,How does oTP is taking too long work?,NID,NID_ONLINE_SERVICES,NID Online Account and Portal,NID_ONLINE_OTP_NOT_RECEIVED,OTP Not Received,Low,Mixed,FALSE,,SYNTHETIC,NID_ONLINE_OTP_NOT_RECEIVED_F04,Hard,FALSE,Synthetic NID core anchored in reviewed taxonomy include examples; automated semantic/structural validation only; no REAL provenance claimed.
NIDQ_0515,I am trying to understand this: How does oTP is taking too long work?,NID,NID_ONLINE_SERVICES,NID Online Account and Portal,NID_ONLINE_OTP_NOT_RECEIVED,OTP Not Received,Low,Mixed,FALSE,,PARAPHRASED,NID_ONLINE_OTP_NOT_RECEIVED_F04,Hard,FALSE,Synthetic NID core anchored in reviewed taxonomy include examples; automated semantic/structural validation only; no REAL provenance claimed.
NIDQ_0516,I need guidance on this: How does oTP is taking too long work?,NID,NID_ONLINE_SERVICES,NID Online Account and Portal,NID_ONLINE_OTP_NOT_RECEIVED,OTP Not Received,Low,Mixed,FALSE,,PARAPHRASED,NID_ONLINE_OTP_NOT_RECEIVED_F04,Hard,FALSE,Synthetic NID core anchored in reviewed taxonomy include examples; automated semantic/structural validation only; no REAL provenance claimed.
NIDQ_0517,Please explain the official process for correct OTP is rejected.,NID,NID_ONLINE_SERVICES,NID Online Account and Portal,NID_ONLINE_OTP_VERIFICATION,OTP Verification Problem,Low,Formal,FALSE,,SYNTHETIC,NID_ONLINE_OTP_VERIFICATION_F01,Easy,FALSE,Synthetic NID core anchored in reviewed taxonomy include examples; automated semantic/structural validation only; no REAL provenance claimed.
NIDQ_0518,"For my case, Please explain the official process for correct OTP is rejected?",NID,NID_ONLINE_SERVICES,NID Online Account and Portal,NID_ONLINE_OTP_VERIFICATION,OTP Verification Problem,Low,Formal,FALSE,,PARAPHRASED,NID_ONLINE_OTP_VERIFICATION_F01,Easy,FALSE,Synthetic NID core anchored in reviewed taxonomy include examples; automated semantic/structural validation only; no REAL provenance claimed.
NIDQ_0519,Can you clarify this for me: Please explain the official process for correct OTP is rejected?,NID,NID_ONLINE_SERVICES,NID Online Account and Portal,NID_ONLINE_OTP_VERIFICATION,OTP Verification Problem,Low,Formal,FALSE,,PARAPHRASED,NID_ONLINE_OTP_VERIFICATION_F01,Easy,FALSE,Synthetic NID core anchored in reviewed taxonomy include examples; automated semantic/structural validation only; no REAL provenance claimed.
NIDQ_0520,Which rules apply to oTP verification fails?,NID,NID_ONLINE_SERVICES,NID Online Account and Portal,NID_ONLINE_OTP_VERIFICATION,OTP Verification Problem,Low,Informal,FALSE,,SYNTHETIC,NID_ONLINE_OTP_VERIFICATION_F02,Medium,FALSE,Synthetic NID core anchored in reviewed taxonomy include examples; automated semantic/structural validation only; no REAL provenance claimed.
NIDQ_0521,Which rules apply to oTP verification fails; what should I do next?,NID,NID_ONLINE_SERVICES,NID Online Account and Portal,NID_ONLINE_OTP_VERIFICATION,OTP Verification Problem,Low,Informal,FALSE,,PARAPHRASED,NID_ONLINE_OTP_VERIFICATION_F02,Medium,FALSE,Synthetic NID core anchored in reviewed taxonomy include examples; automated semantic/structural validation only; no REAL provenance claimed.
NIDQ_0522,এই বিষয়ে সহায়তা চাই: Which rules apply to oTP verification fails?,NID,NID_ONLINE_SERVICES,NID Online Account and Portal,NID_ONLINE_OTP_VERIFICATION,OTP Verification Problem,Low,Informal,FALSE,,PARAPHRASED,NID_ONLINE_OTP_VERIFICATION_F02,Medium,FALSE,Synthetic NID core anchored in reviewed taxonomy include examples; automated semantic/structural validation only; no REAL provenance claimed.
NIDQ_0523,Where can I get help about oTP expired?,NID,NID_ONLINE_SERVICES,NID Online Account and Portal,NID_ONLINE_OTP_VERIFICATION,OTP Verification Problem,Low,Mixed,FALSE,,SYNTHETIC,NID_ONLINE_OTP_VERIFICATION_F03,Medium,FALSE,Synthetic NID core anchored in reviewed taxonomy include examples; automated semantic/structural validation only; no REAL provenance claimed.
NIDQ_0524,I am trying to understand this: Where is it possible to get help about oTP expired?,NID,NID_ONLINE_SERVICES,NID Online Account and Portal,NID_ONLINE_OTP_VERIFICATION,OTP Verification Problem,Low,Mixed,FALSE,,PARAPHRASED,NID_ONLINE_OTP_VERIFICATION_F03,Medium,FALSE,Synthetic NID core anchored in reviewed taxonomy include examples; automated semantic/structural validation only; no REAL provenance claimed.
NIDQ_0525,I need guidance on this: Where is it possible to get help about oTP expired?,NID,NID_ONLINE_SERVICES,NID Online Account and Portal,NID_ONLINE_OTP_VERIFICATION,OTP Verification Problem,Low,Mixed,FALSE,,PARAPHRASED,NID_ONLINE_OTP_VERIFICATION_F03,Medium,FALSE,Synthetic NID core anchored in reviewed taxonomy include examples; automated semantic/structural validation only; no REAL provenance claimed.
NIDQ_0526,What is required for portal does nothing after OTP submission?,NID,NID_ONLINE_SERVICES,NID Online Account and Portal,NID_ONLINE_OTP_VERIFICATION,OTP Verification Problem,Low,Mixed,FALSE,,SYNTHETIC,NID_ONLINE_OTP_VERIFICATION_F04,Hard,FALSE,Synthetic NID core anchored in reviewed taxonomy include examples; automated semantic/structural validation only; no REAL provenance claimed.
NIDQ_0527,Could you explain What is required for portal does nothing after OTP submission?,NID,NID_ONLINE_SERVICES,NID Online Account and Portal,NID_ONLINE_OTP_VERIFICATION,OTP Verification Problem,Low,Mixed,FALSE,,PARAPHRASED,NID_ONLINE_OTP_VERIFICATION_F04,Hard,FALSE,Synthetic NID core anchored in reviewed taxonomy include examples; automated semantic/structural validation only; no REAL provenance claimed.
NIDQ_0528,Please tell me the correct process: What is required for portal does nothing after OTP submission?,NID,NID_ONLINE_SERVICES,NID Online Account and Portal,NID_ONLINE_OTP_VERIFICATION,OTP Verification Problem,Low,Mixed,FALSE,,PARAPHRASED,NID_ONLINE_OTP_VERIFICATION_F04,Hard,FALSE,Synthetic NID core anchored in reviewed taxonomy include examples; automated semantic/structural validation only; no REAL provenance claimed.
NIDQ_0529,Can you guide me about face verification fails?,NID,NID_ONLINE_SERVICES,NID Online Account and Portal,NID_ONLINE_FACE_VERIFICATION,Face Verification Problem,Low,Formal,FALSE,,SYNTHETIC,NID_ONLINE_FACE_VERIFICATION_F01,Easy,FALSE,Synthetic NID core anchored in reviewed taxonomy include examples; automated semantic/structural validation only; no REAL provenance claimed.
NIDQ_0530,Can you guide me about face verification fails; what should I do next?,NID,NID_ONLINE_SERVICES,NID Online Account and Portal,NID_ONLINE_FACE_VERIFICATION,Face Verification Problem,Low,Formal,FALSE,,PARAPHRASED,NID_ONLINE_FACE_VERIFICATION_F01,Easy,FALSE,Synthetic NID core anchored in reviewed taxonomy include examples; automated semantic/structural validation only; no REAL provenance claimed.
NIDQ_0531,এই বিষয়ে সহায়তা চাই: Can you guide me about face verification fails?,NID,NID_ONLINE_SERVICES,NID Online Account and Portal,NID_ONLINE_FACE_VERIFICATION,Face Verification Problem,Low,Formal,FALSE,,PARAPHRASED,NID_ONLINE_FACE_VERIFICATION_F01,Easy,FALSE,Synthetic NID core anchored in reviewed taxonomy include examples; automated semantic/structural validation only; no REAL provenance claimed.
NIDQ_0532,I have a question about portal cannot detect face. What is the process?,NID,NID_ONLINE_SERVICES,NID Online Account and Portal,NID_ONLINE_FACE_VERIFICATION,Face Verification Problem,Low,Informal,FALSE,,SYNTHETIC,NID_ONLINE_FACE_VERIFICATION_F02,Medium,FALSE,Synthetic NID core anchored in reviewed taxonomy include examples; automated semantic/structural validation only; no REAL provenance claimed.
NIDQ_0533,I am trying to understand this: I have a question about portal cannot detect face. What is the process?,NID,NID_ONLINE_SERVICES,NID Online Account and Portal,NID_ONLINE_FACE_VERIFICATION,Face Verification Problem,Low,Informal,FALSE,,PARAPHRASED,NID_ONLINE_FACE_VERIFICATION_F02,Medium,FALSE,Synthetic NID core anchored in reviewed taxonomy include examples; automated semantic/structural validation only; no REAL provenance claimed.
NIDQ_0534,I need guidance on this: I have a question about portal cannot detect face. What is the process?,NID,NID_ONLINE_SERVICES,NID Online Account and Portal,NID_ONLINE_FACE_VERIFICATION,Face Verification Problem,Low,Informal,FALSE,,PARAPHRASED,NID_ONLINE_FACE_VERIFICATION_F02,Medium,FALSE,Synthetic NID core anchored in reviewed taxonomy include examples; automated semantic/structural validation only; no REAL provenance claimed.
NIDQ_0535,What are the next steps for face image is not accepted?,NID,NID_ONLINE_SERVICES,NID Online Account and Portal,NID_ONLINE_FACE_VERIFICATION,Face Verification Problem,Low,Mixed,FALSE,,SYNTHETIC,NID_ONLINE_FACE_VERIFICATION_F03,Medium,FALSE,Synthetic NID core anchored in reviewed taxonomy include examples; automated semantic/structural validation only; no REAL provenance claimed.
NIDQ_0536,Could you explain What are the next steps for face image is not accepted?,NID,NID_ONLINE_SERVICES,NID Online Account and Portal,NID_ONLINE_FACE_VERIFICATION,Face Verification Problem,Low,Mixed,FALSE,,PARAPHRASED,NID_ONLINE_FACE_VERIFICATION_F03,Medium,FALSE,Synthetic NID core anchored in reviewed taxonomy include examples; automated semantic/structural validation only; no REAL provenance claimed.
NIDQ_0537,Please tell me the correct process: What are the next steps for face image is not accepted?,NID,NID_ONLINE_SERVICES,NID Online Account and Portal,NID_ONLINE_FACE_VERIFICATION,Face Verification Problem,Low,Mixed,FALSE,,PARAPHRASED,NID_ONLINE_FACE_VERIFICATION_F03,Medium,FALSE,Synthetic NID core anchored in reviewed taxonomy include examples; automated semantic/structural validation only; no REAL provenance claimed.
NIDQ_0538,How should I handle repeated face-verification failure?,NID,NID_ONLINE_SERVICES,NID Online Account and Portal,NID_ONLINE_FACE_VERIFICATION,Face Verification Problem,Low,Mixed,FALSE,,SYNTHETIC,NID_ONLINE_FACE_VERIFICATION_F04,Hard,FALSE,Synthetic NID core anchored in reviewed taxonomy include examples; automated semantic/structural validation only; no REAL provenance claimed.
NIDQ_0539,"For my case, How should I handle repeated face-verification failure?",NID,NID_ONLINE_SERVICES,NID Online Account and Portal,NID_ONLINE_FACE_VERIFICATION,Face Verification Problem,Low,Mixed,FALSE,,PARAPHRASED,NID_ONLINE_FACE_VERIFICATION_F04,Hard,FALSE,Synthetic NID core anchored in reviewed taxonomy include examples; automated semantic/structural validation only; no REAL provenance claimed.
NIDQ_0540,Can you clarify this for me: How should I handle repeated face-verification failure?,NID,NID_ONLINE_SERVICES,NID Online Account and Portal,NID_ONLINE_FACE_VERIFICATION,Face Verification Problem,Low,Mixed,FALSE,,PARAPHRASED,NID_ONLINE_FACE_VERIFICATION_F04,Hard,FALSE,Synthetic NID core anchored in reviewed taxonomy include examples; automated semantic/structural validation only; no REAL provenance claimed.
NIDQ_0541,What should I know about fingerprint is not recognized?,NID,NID_ONLINE_SERVICES,NID Online Account and Portal,NID_ONLINE_BIOMETRIC_VERIFICATION,Biometric Verification Problem,Low,Formal,FALSE,,SYNTHETIC,NID_ONLINE_BIOMETRIC_VERIFICATION_F01,Easy,FALSE,Synthetic NID core anchored in reviewed taxonomy include examples; automated semantic/structural validation only; no REAL provenance claimed.
NIDQ_0542,I am trying to understand this: What should I know about fingerprint is not recognized?,NID,NID_ONLINE_SERVICES,NID Online Account and Portal,NID_ONLINE_BIOMETRIC_VERIFICATION,Biometric Verification Problem,Low,Formal,FALSE,,PARAPHRASED,NID_ONLINE_BIOMETRIC_VERIFICATION_F01,Easy,FALSE,Synthetic NID core anchored in reviewed taxonomy include examples; automated semantic/structural validation only; no REAL provenance claimed.
NIDQ_0543,I need guidance on this: What should I know about fingerprint is not recognized?,NID,NID_ONLINE_SERVICES,NID Online Account and Portal,NID_ONLINE_BIOMETRIC_VERIFICATION,Biometric Verification Problem,Low,Formal,FALSE,,PARAPHRASED,NID_ONLINE_BIOMETRIC_VERIFICATION_F01,Easy,FALSE,Synthetic NID core anchored in reviewed taxonomy include examples; automated semantic/structural validation only; no REAL provenance claimed.
NIDQ_0544,Could you explain the rules for biometric verification fails?,NID,NID_ONLINE_SERVICES,NID Online Account and Portal,NID_ONLINE_BIOMETRIC_VERIFICATION,Biometric Verification Problem,Low,Informal,FALSE,,SYNTHETIC,NID_ONLINE_BIOMETRIC_VERIFICATION_F02,Medium,FALSE,Synthetic NID core anchored in reviewed taxonomy include examples; automated semantic/structural validation only; no REAL provenance claimed.
NIDQ_0545,Could you explain Could you explain the rules for biometric verification fails?,NID,NID_ONLINE_SERVICES,NID Online Account and Portal,NID_ONLINE_BIOMETRIC_VERIFICATION,Biometric Verification Problem,Low,Informal,FALSE,,PARAPHRASED,NID_ONLINE_BIOMETRIC_VERIFICATION_F02,Medium,FALSE,Synthetic NID core anchored in reviewed taxonomy include examples; automated semantic/structural validation only; no REAL provenance claimed.
NIDQ_0546,Please tell me the correct process: Could you explain the rules for biometric verification fails?,NID,NID_ONLINE_SERVICES,NID Online Account and Portal,NID_ONLINE_BIOMETRIC_VERIFICATION,Biometric Verification Problem,Low,Informal,FALSE,,PARAPHRASED,NID_ONLINE_BIOMETRIC_VERIFICATION_F02,Medium,FALSE,Synthetic NID core anchored in reviewed taxonomy include examples; automated semantic/structural validation only; no REAL provenance claimed.
NIDQ_0547,I need guidance about biometric information does not match. What should I do?,NID,NID_ONLINE_SERVICES,NID Online Account and Portal,NID_ONLINE_BIOMETRIC_VERIFICATION,Biometric Verification Problem,Low,Mixed,FALSE,,SYNTHETIC,NID_ONLINE_BIOMETRIC_VERIFICATION_F03,Medium,FALSE,Synthetic NID core anchored in reviewed taxonomy include examples; automated semantic/structural validation only; no REAL provenance claimed.
NIDQ_0548,"For my case, I need guidance about biometric information does not match. What should I do?",NID,NID_ONLINE_SERVICES,NID Online Account and Portal,NID_ONLINE_BIOMETRIC_VERIFICATION,Biometric Verification Problem,Low,Mixed,FALSE,,PARAPHRASED,NID_ONLINE_BIOMETRIC_VERIFICATION_F03,Medium,FALSE,Synthetic NID core anchored in reviewed taxonomy include examples; automated semantic/structural validation only; no REAL provenance claimed.
NIDQ_0549,Can you clarify this for me: I need guidance about biometric information does not match. What should I do?,NID,NID_ONLINE_SERVICES,NID Online Account and Portal,NID_ONLINE_BIOMETRIC_VERIFICATION,Biometric Verification Problem,Low,Mixed,FALSE,,PARAPHRASED,NID_ONLINE_BIOMETRIC_VERIFICATION_F03,Medium,FALSE,Synthetic NID core anchored in reviewed taxonomy include examples; automated semantic/structural validation only; no REAL provenance claimed.
NIDQ_0550,How does fingerprint detection problem work?,NID,NID_ONLINE_SERVICES,NID Online Account and Portal,NID_ONLINE_BIOMETRIC_VERIFICATION,Biometric Verification Problem,Low,Mixed,FALSE,,SYNTHETIC,NID_ONLINE_BIOMETRIC_VERIFICATION_F04,Hard,FALSE,Synthetic NID core anchored in reviewed taxonomy include examples; automated semantic/structural validation only; no REAL provenance claimed.
NIDQ_0551,How does fingerprint detection problem work; what should I do next?,NID,NID_ONLINE_SERVICES,NID Online Account and Portal,NID_ONLINE_BIOMETRIC_VERIFICATION,Biometric Verification Problem,Low,Mixed,FALSE,,PARAPHRASED,NID_ONLINE_BIOMETRIC_VERIFICATION_F04,Hard,FALSE,Synthetic NID core anchored in reviewed taxonomy include examples; automated semantic/structural validation only; no REAL provenance claimed.
NIDQ_0552,এই বিষয়ে সহায়তা চাই: How does fingerprint detection problem work?,NID,NID_ONLINE_SERVICES,NID Online Account and Portal,NID_ONLINE_BIOMETRIC_VERIFICATION,Biometric Verification Problem,Low,Mixed,FALSE,,PARAPHRASED,NID_ONLINE_BIOMETRIC_VERIFICATION_F04,Hard,FALSE,Synthetic NID core anchored in reviewed taxonomy include examples; automated semantic/structural validation only; no REAL provenance claimed.
NIDQ_0553,Please explain the official process for nID portal is down.,NID,NID_ONLINE_SERVICES,NID Online Account and Portal,NID_ONLINE_PORTAL_UNAVAILABLE,NID Portal Not Working,Low,Formal,FALSE,,SYNTHETIC,NID_ONLINE_PORTAL_UNAVAILABLE_F01,Easy,FALSE,Synthetic NID core anchored in reviewed taxonomy include examples; automated semantic/structural validation only; no REAL provenance claimed.
NIDQ_0554,Could you explain Please explain the official process for nID portal is down?,NID,NID_ONLINE_SERVICES,NID Online Account and Portal,NID_ONLINE_PORTAL_UNAVAILABLE,NID Portal Not Working,Low,Formal,FALSE,,PARAPHRASED,NID_ONLINE_PORTAL_UNAVAILABLE_F01,Easy,FALSE,Synthetic NID core anchored in reviewed taxonomy include examples; automated semantic/structural validation only; no REAL provenance claimed.
NIDQ_0555,Please tell me the correct process: Please explain the official process for nID portal is down?,NID,NID_ONLINE_SERVICES,NID Online Account and Portal,NID_ONLINE_PORTAL_UNAVAILABLE,NID Portal Not Working,Low,Formal,FALSE,,PARAPHRASED,NID_ONLINE_PORTAL_UNAVAILABLE_F01,Easy,FALSE,Synthetic NID core anchored in reviewed taxonomy include examples; automated semantic/structural validation only; no REAL provenance claimed.
NIDQ_0556,Which rules apply to website does not open?,NID,NID_ONLINE_SERVICES,NID Online Account and Portal,NID_ONLINE_PORTAL_UNAVAILABLE,NID Portal Not Working,Low,Informal,FALSE,,SYNTHETIC,NID_ONLINE_PORTAL_UNAVAILABLE_F02,Medium,FALSE,Synthetic NID core anchored in reviewed taxonomy include examples; automated semantic/structural validation only; no REAL provenance claimed.
NIDQ_0557,"For my case, Which rules apply to website does not open?",NID,NID_ONLINE_SERVICES,NID Online Account and Portal,NID_ONLINE_PORTAL_UNAVAILABLE,NID Portal Not Working,Low,Informal,FALSE,,PARAPHRASED,NID_ONLINE_PORTAL_UNAVAILABLE_F02,Medium,FALSE,Synthetic NID core anchored in reviewed taxonomy include examples; automated semantic/structural validation only; no REAL provenance claimed.
NIDQ_0558,Can you clarify this for me: Which rules apply to website does not open?,NID,NID_ONLINE_SERVICES,NID Online Account and Portal,NID_ONLINE_PORTAL_UNAVAILABLE,NID Portal Not Working,Low,Informal,FALSE,,PARAPHRASED,NID_ONLINE_PORTAL_UNAVAILABLE_F02,Medium,FALSE,Synthetic NID core anchored in reviewed taxonomy include examples; automated semantic/structural validation only; no REAL provenance claimed.
NIDQ_0559,Where can I get help about page does not load?,NID,NID_ONLINE_SERVICES,NID Online Account and Portal,NID_ONLINE_PORTAL_UNAVAILABLE,NID Portal Not Working,Low,Mixed,FALSE,,SYNTHETIC,NID_ONLINE_PORTAL_UNAVAILABLE_F03,Medium,FALSE,Synthetic NID core anchored in reviewed taxonomy include examples; automated semantic/structural validation only; no REAL provenance claimed.
NIDQ_0560,Where is it possible to get help about page does not load; what should I do next?,NID,NID_ONLINE_SERVICES,NID Online Account and Portal,NID_ONLINE_PORTAL_UNAVAILABLE,NID Portal Not Working,Low,Mixed,FALSE,,PARAPHRASED,NID_ONLINE_PORTAL_UNAVAILABLE_F03,Medium,FALSE,Synthetic NID core anchored in reviewed taxonomy include examples; automated semantic/structural validation only; no REAL provenance claimed.
NIDQ_0561,Where is it possible to get help about page does not load?,NID,NID_ONLINE_SERVICES,NID Online Account and Portal,NID_ONLINE_PORTAL_UNAVAILABLE,NID Portal Not Working,Low,Mixed,FALSE,,PARAPHRASED,NID_ONLINE_PORTAL_UNAVAILABLE_F03,Medium,FALSE,Synthetic NID core anchored in reviewed taxonomy include examples; automated semantic/structural validation only; no REAL provenance claimed.
NIDQ_0562,What is required for portal repeatedly returns errors?,NID,NID_ONLINE_SERVICES,NID Online Account and Portal,NID_ONLINE_PORTAL_UNAVAILABLE,NID Portal Not Working,Low,Mixed,FALSE,,SYNTHETIC,NID_ONLINE_PORTAL_UNAVAILABLE_F04,Hard,FALSE,Synthetic NID core anchored in reviewed taxonomy include examples; automated semantic/structural validation only; no REAL provenance claimed.
NIDQ_0563,I am trying to understand this: What is required for portal repeatedly returns errors?,NID,NID_ONLINE_SERVICES,NID Online Account and Portal,NID_ONLINE_PORTAL_UNAVAILABLE,NID Portal Not Working,Low,Mixed,FALSE,,PARAPHRASED,NID_ONLINE_PORTAL_UNAVAILABLE_F04,Hard,FALSE,Synthetic NID core anchored in reviewed taxonomy include examples; automated semantic/structural validation only; no REAL provenance claimed.
NIDQ_0564,I need guidance on this: What is required for portal repeatedly returns errors?,NID,NID_ONLINE_SERVICES,NID Online Account and Portal,NID_ONLINE_PORTAL_UNAVAILABLE,NID Portal Not Working,Low,Mixed,FALSE,,PARAPHRASED,NID_ONLINE_PORTAL_UNAVAILABLE_F04,Hard,FALSE,Synthetic NID core anchored in reviewed taxonomy include examples; automated semantic/structural validation only; no REAL provenance claimed.
NIDQ_0565,Can you guide me about update account information?,NID,NID_ONLINE_SERVICES,NID Online Account and Portal,NID_ONLINE_ACCOUNT_INFORMATION_UPDATE,Online Account Information Update,Low,Formal,FALSE,,SYNTHETIC,NID_ONLINE_ACCOUNT_INFORMATION_UPDATE_F01,Easy,FALSE,Synthetic NID core anchored in reviewed taxonomy include examples; automated semantic/structural validation only; no REAL provenance claimed.
NIDQ_0566,"For my case, Can you guide me about update account information?",NID,NID_ONLINE_SERVICES,NID Online Account and Portal,NID_ONLINE_ACCOUNT_INFORMATION_UPDATE,Online Account Information Update,Low,Formal,FALSE,,PARAPHRASED,NID_ONLINE_ACCOUNT_INFORMATION_UPDATE_F01,Easy,FALSE,Synthetic NID core anchored in reviewed taxonomy include examples; automated semantic/structural validation only; no REAL provenance claimed.
NIDQ_0567,Can you clarify this for me: Can you guide me about update account information?,NID,NID_ONLINE_SERVICES,NID Online Account and Portal,NID_ONLINE_ACCOUNT_INFORMATION_UPDATE,Online Account Information Update,Low,Formal,FALSE,,PARAPHRASED,NID_ONLINE_ACCOUNT_INFORMATION_UPDATE_F01,Easy,FALSE,Synthetic NID core anchored in reviewed taxonomy include examples; automated semantic/structural validation only; no REAL provenance claimed.
NIDQ_0568,I have a question about change linked mobile number. What is the process?,NID,NID_ONLINE_SERVICES,NID Online Account and Portal,NID_ONLINE_ACCOUNT_INFORMATION_UPDATE,Online Account Information Update,Low,Informal,FALSE,,SYNTHETIC,NID_ONLINE_ACCOUNT_INFORMATION_UPDATE_F02,Medium,FALSE,Synthetic NID core anchored in reviewed taxonomy include examples; automated semantic/structural validation only; no REAL provenance claimed.
NIDQ_0569,I have a question about change linked mobile number. What is the process; what should I do next?,NID,NID_ONLINE_SERVICES,NID Online Account and Portal,NID_ONLINE_ACCOUNT_INFORMATION_UPDATE,Online Account Information Update,Low,Informal,FALSE,,PARAPHRASED,NID_ONLINE_ACCOUNT_INFORMATION_UPDATE_F02,Medium,FALSE,Synthetic NID core anchored in reviewed taxonomy include examples; automated semantic/structural validation only; no REAL provenance claimed.
NIDQ_0570,এই বিষয়ে সহায়তা চাই: I have a question about change linked mobile number. What is the process?,NID,NID_ONLINE_SERVICES,NID Online Account and Portal,NID_ONLINE_ACCOUNT_INFORMATION_UPDATE,Online Account Information Update,Low,Informal,FALSE,,PARAPHRASED,NID_ONLINE_ACCOUNT_INFORMATION_UPDATE_F02,Medium,FALSE,Synthetic NID core anchored in reviewed taxonomy include examples; automated semantic/structural validation only; no REAL provenance claimed.
NIDQ_0571,What are the next steps for update contact information?,NID,NID_ONLINE_SERVICES,NID Online Account and Portal,NID_ONLINE_ACCOUNT_INFORMATION_UPDATE,Online Account Information Update,Low,Mixed,FALSE,,SYNTHETIC,NID_ONLINE_ACCOUNT_INFORMATION_UPDATE_F03,Medium,FALSE,Synthetic NID core anchored in reviewed taxonomy include examples; automated semantic/structural validation only; no REAL provenance claimed.
NIDQ_0572,I am trying to understand this: What are the next steps for update contact information?,NID,NID_ONLINE_SERVICES,NID Online Account and Portal,NID_ONLINE_ACCOUNT_INFORMATION_UPDATE,Online Account Information Update,Low,Mixed,FALSE,,PARAPHRASED,NID_ONLINE_ACCOUNT_INFORMATION_UPDATE_F03,Medium,FALSE,Synthetic NID core anchored in reviewed taxonomy include examples; automated semantic/structural validation only; no REAL provenance claimed.
NIDQ_0573,I need guidance on this: What are the next steps for update contact information?,NID,NID_ONLINE_SERVICES,NID Online Account and Portal,NID_ONLINE_ACCOUNT_INFORMATION_UPDATE,Online Account Information Update,Low,Mixed,FALSE,,PARAPHRASED,NID_ONLINE_ACCOUNT_INFORMATION_UPDATE_F03,Medium,FALSE,Synthetic NID core anchored in reviewed taxonomy include examples; automated semantic/structural validation only; no REAL provenance claimed.
NIDQ_0574,How should I handle edit online profile?,NID,NID_ONLINE_SERVICES,NID Online Account and Portal,NID_ONLINE_ACCOUNT_INFORMATION_UPDATE,Online Account Information Update,Low,Mixed,FALSE,,SYNTHETIC,NID_ONLINE_ACCOUNT_INFORMATION_UPDATE_F04,Hard,FALSE,Synthetic NID core anchored in reviewed taxonomy include examples; automated semantic/structural validation only; no REAL provenance claimed.
NIDQ_0575,Could you explain How should I handle edit online profile?,NID,NID_ONLINE_SERVICES,NID Online Account and Portal,NID_ONLINE_ACCOUNT_INFORMATION_UPDATE,Online Account Information Update,Low,Mixed,FALSE,,PARAPHRASED,NID_ONLINE_ACCOUNT_INFORMATION_UPDATE_F04,Hard,FALSE,Synthetic NID core anchored in reviewed taxonomy include examples; automated semantic/structural validation only; no REAL provenance claimed.
NIDQ_0576,Please tell me the correct process: How should I handle edit online profile?,NID,NID_ONLINE_SERVICES,NID Online Account and Portal,NID_ONLINE_ACCOUNT_INFORMATION_UPDATE,Online Account Information Update,Low,Mixed,FALSE,,PARAPHRASED,NID_ONLINE_ACCOUNT_INFORMATION_UPDATE_F04,Hard,FALSE,Synthetic NID core anchored in reviewed taxonomy include examples; automated semantic/structural validation only; no REAL provenance claimed.
NIDQ_0577,What should I know about deactivate account?,NID,NID_ONLINE_SERVICES,NID Online Account and Portal,NID_ONLINE_ACCOUNT_DEACTIVATION,Online Account Deactivation,Low,Formal,FALSE,,SYNTHETIC,NID_ONLINE_ACCOUNT_DEACTIVATION_F01,Easy,FALSE,Synthetic NID core anchored in reviewed taxonomy include examples; automated semantic/structural validation only; no REAL provenance claimed.
NIDQ_0578,What should I know about deactivate account; what should I do next?,NID,NID_ONLINE_SERVICES,NID Online Account and Portal,NID_ONLINE_ACCOUNT_DEACTIVATION,Online Account Deactivation,Low,Formal,FALSE,,PARAPHRASED,NID_ONLINE_ACCOUNT_DEACTIVATION_F01,Easy,FALSE,Synthetic NID core anchored in reviewed taxonomy include examples; automated semantic/structural validation only; no REAL provenance claimed.
NIDQ_0579,এই বিষয়ে সহায়তা চাই: What should I know about deactivate account?,NID,NID_ONLINE_SERVICES,NID Online Account and Portal,NID_ONLINE_ACCOUNT_DEACTIVATION,Online Account Deactivation,Low,Formal,FALSE,,PARAPHRASED,NID_ONLINE_ACCOUNT_DEACTIVATION_F01,Easy,FALSE,Synthetic NID core anchored in reviewed taxonomy include examples; automated semantic/structural validation only; no REAL provenance claimed.
NIDQ_0580,Could you explain the rules for close old account?,NID,NID_ONLINE_SERVICES,NID Online Account and Portal,NID_ONLINE_ACCOUNT_DEACTIVATION,Online Account Deactivation,Low,Informal,FALSE,,SYNTHETIC,NID_ONLINE_ACCOUNT_DEACTIVATION_F02,Medium,FALSE,Synthetic NID core anchored in reviewed taxonomy include examples; automated semantic/structural validation only; no REAL provenance claimed.
NIDQ_0581,I am trying to understand this: Could you explain the rules for close old account?,NID,NID_ONLINE_SERVICES,NID Online Account and Portal,NID_ONLINE_ACCOUNT_DEACTIVATION,Online Account Deactivation,Low,Informal,FALSE,,PARAPHRASED,NID_ONLINE_ACCOUNT_DEACTIVATION_F02,Medium,FALSE,Synthetic NID core anchored in reviewed taxonomy include examples; automated semantic/structural validation only; no REAL provenance claimed.
NIDQ_0582,I need guidance on this: Could you explain the rules for close old account?,NID,NID_ONLINE_SERVICES,NID Online Account and Portal,NID_ONLINE_ACCOUNT_DEACTIVATION,Online Account Deactivation,Low,Informal,FALSE,,PARAPHRASED,NID_ONLINE_ACCOUNT_DEACTIVATION_F02,Medium,FALSE,Synthetic NID core anchored in reviewed taxonomy include examples; automated semantic/structural validation only; no REAL provenance claimed.
NIDQ_0583,I need guidance about delete account. What should I do?,NID,NID_ONLINE_SERVICES,NID Online Account and Portal,NID_ONLINE_ACCOUNT_DEACTIVATION,Online Account Deactivation,Low,Mixed,FALSE,,SYNTHETIC,NID_ONLINE_ACCOUNT_DEACTIVATION_F03,Medium,FALSE,Synthetic NID core anchored in reviewed taxonomy include examples; automated semantic/structural validation only; no REAL provenance claimed.
NIDQ_0584,Could you explain I need guidance about delete account. What should I do?,NID,NID_ONLINE_SERVICES,NID Online Account and Portal,NID_ONLINE_ACCOUNT_DEACTIVATION,Online Account Deactivation,Low,Mixed,FALSE,,PARAPHRASED,NID_ONLINE_ACCOUNT_DEACTIVATION_F03,Medium,FALSE,Synthetic NID core anchored in reviewed taxonomy include examples; automated semantic/structural validation only; no REAL provenance claimed.
NIDQ_0585,Please tell me the correct process: I need guidance about delete account. What should I do?,NID,NID_ONLINE_SERVICES,NID Online Account and Portal,NID_ONLINE_ACCOUNT_DEACTIVATION,Online Account Deactivation,Low,Mixed,FALSE,,PARAPHRASED,NID_ONLINE_ACCOUNT_DEACTIVATION_F03,Medium,FALSE,Synthetic NID core anchored in reviewed taxonomy include examples; automated semantic/structural validation only; no REAL provenance claimed.
NIDQ_0586,How does permanent account deactivation work?,NID,NID_ONLINE_SERVICES,NID Online Account and Portal,NID_ONLINE_ACCOUNT_DEACTIVATION,Online Account Deactivation,Low,Mixed,FALSE,,SYNTHETIC,NID_ONLINE_ACCOUNT_DEACTIVATION_F04,Hard,FALSE,Synthetic NID core anchored in reviewed taxonomy include examples; automated semantic/structural validation only; no REAL provenance claimed.
NIDQ_0587,"For my case, How does permanent account deactivation work?",NID,NID_ONLINE_SERVICES,NID Online Account and Portal,NID_ONLINE_ACCOUNT_DEACTIVATION,Online Account Deactivation,Low,Mixed,FALSE,,PARAPHRASED,NID_ONLINE_ACCOUNT_DEACTIVATION_F04,Hard,FALSE,Synthetic NID core anchored in reviewed taxonomy include examples; automated semantic/structural validation only; no REAL provenance claimed.
NIDQ_0588,Can you clarify this for me: How does permanent account deactivation work?,NID,NID_ONLINE_SERVICES,NID Online Account and Portal,NID_ONLINE_ACCOUNT_DEACTIVATION,Online Account Deactivation,Low,Mixed,FALSE,,PARAPHRASED,NID_ONLINE_ACCOUNT_DEACTIVATION_F04,Hard,FALSE,Synthetic NID core anchored in reviewed taxonomy include examples; automated semantic/structural validation only; no REAL provenance claimed.
NIDQ_0589,Please explain the official process for nID online service is not working.,NID,NID_ONLINE_SERVICES,NID Online Account and Portal,NID_ONLINE_GENERAL_PROBLEM,General Online Service Problem,Medium,Formal,FALSE,,SYNTHETIC,NID_ONLINE_GENERAL_PROBLEM_F01,Easy,FALSE,Synthetic NID core anchored in reviewed taxonomy include examples; automated semantic/structural validation only; no REAL provenance claimed.
NIDQ_0590,I am trying to understand this: Please explain the official process for nID online service is not working?,NID,NID_ONLINE_SERVICES,NID Online Account and Portal,NID_ONLINE_GENERAL_PROBLEM,General Online Service Problem,Medium,Formal,FALSE,,PARAPHRASED,NID_ONLINE_GENERAL_PROBLEM_F01,Easy,FALSE,Synthetic NID core anchored in reviewed taxonomy include examples; automated semantic/structural validation only; no REAL provenance claimed.
NIDQ_0591,I need guidance on this: Please explain the official process for nID online service is not working?,NID,NID_ONLINE_SERVICES,NID Online Account and Portal,NID_ONLINE_GENERAL_PROBLEM,General Online Service Problem,Medium,Formal,FALSE,,PARAPHRASED,NID_ONLINE_GENERAL_PROBLEM_F01,Easy,FALSE,Synthetic NID core anchored in reviewed taxonomy include examples; automated semantic/structural validation only; no REAL provenance claimed.
NIDQ_0592,Which rules apply to cannot complete an online service?,NID,NID_ONLINE_SERVICES,NID Online Account and Portal,NID_ONLINE_GENERAL_PROBLEM,General Online Service Problem,Medium,Informal,FALSE,,SYNTHETIC,NID_ONLINE_GENERAL_PROBLEM_F02,Medium,FALSE,Synthetic NID core anchored in reviewed taxonomy include examples; automated semantic/structural validation only; no REAL provenance claimed.
NIDQ_0593,Could you explain Which rules apply to cannot complete an online service?,NID,NID_ONLINE_SERVICES,NID Online Account and Portal,NID_ONLINE_GENERAL_PROBLEM,General Online Service Problem,Medium,Informal,FALSE,,PARAPHRASED,NID_ONLINE_GENERAL_PROBLEM_F02,Medium,FALSE,Synthetic NID core anchored in reviewed taxonomy include examples; automated semantic/structural validation only; no REAL provenance claimed.
NIDQ_0594,Please tell me the correct process: Which rules apply to cannot complete an online service?,NID,NID_ONLINE_SERVICES,NID Online Account and Portal,NID_ONLINE_GENERAL_PROBLEM,General Online Service Problem,Medium,Informal,FALSE,,PARAPHRASED,NID_ONLINE_GENERAL_PROBLEM_F02,Medium,FALSE,Synthetic NID core anchored in reviewed taxonomy include examples; automated semantic/structural validation only; no REAL provenance claimed.
NIDQ_0595,Where can I get help about general online-service error?,NID,NID_ONLINE_SERVICES,NID Online Account and Portal,NID_ONLINE_GENERAL_PROBLEM,General Online Service Problem,Medium,Mixed,FALSE,,SYNTHETIC,NID_ONLINE_GENERAL_PROBLEM_F03,Medium,FALSE,Synthetic NID core anchored in reviewed taxonomy include examples; automated semantic/structural validation only; no REAL provenance claimed.
NIDQ_0596,"For my case, Where is it possible to get help about general online-service error?",NID,NID_ONLINE_SERVICES,NID Online Account and Portal,NID_ONLINE_GENERAL_PROBLEM,General Online Service Problem,Medium,Mixed,FALSE,,PARAPHRASED,NID_ONLINE_GENERAL_PROBLEM_F03,Medium,FALSE,Synthetic NID core anchored in reviewed taxonomy include examples; automated semantic/structural validation only; no REAL provenance claimed.
NIDQ_0597,Can you clarify this for me: Where is it possible to get help about general online-service error?,NID,NID_ONLINE_SERVICES,NID Online Account and Portal,NID_ONLINE_GENERAL_PROBLEM,General Online Service Problem,Medium,Mixed,FALSE,,PARAPHRASED,NID_ONLINE_GENERAL_PROBLEM_F03,Medium,FALSE,Synthetic NID core anchored in reviewed taxonomy include examples; automated semantic/structural validation only; no REAL provenance claimed.
NIDQ_0598,What is required for unspecified NID portal problem?,NID,NID_ONLINE_SERVICES,NID Online Account and Portal,NID_ONLINE_GENERAL_PROBLEM,General Online Service Problem,Medium,Mixed,FALSE,,SYNTHETIC,NID_ONLINE_GENERAL_PROBLEM_F04,Hard,FALSE,Synthetic NID core anchored in reviewed taxonomy include examples; automated semantic/structural validation only; no REAL provenance claimed.
NIDQ_0599,What is required for unspecified NID portal problem; what should I do next?,NID,NID_ONLINE_SERVICES,NID Online Account and Portal,NID_ONLINE_GENERAL_PROBLEM,General Online Service Problem,Medium,Mixed,FALSE,,PARAPHRASED,NID_ONLINE_GENERAL_PROBLEM_F04,Hard,FALSE,Synthetic NID core anchored in reviewed taxonomy include examples; automated semantic/structural validation only; no REAL provenance claimed.
NIDQ_0600,এই বিষয়ে সহায়তা চাই: What is required for unspecified NID portal problem?,NID,NID_ONLINE_SERVICES,NID Online Account and Portal,NID_ONLINE_GENERAL_PROBLEM,General Online Service Problem,Medium,Mixed,FALSE,,PARAPHRASED,NID_ONLINE_GENERAL_PROBLEM_F04,Hard,FALSE,Synthetic NID core anchored in reviewed taxonomy include examples; automated semantic/structural validation only; no REAL provenance claimed.
NIDQ_0601,Who can receive a Smart NID?,NID,NID_SMART_CARD,Smart NID Card,NID_SMART_ELIGIBILITY,Smart NID Eligibility,Low,Formal,FALSE,,SYNTHETIC,NID_SMART_ELIGIBILITY_F01,Easy,FALSE,Synthetic NID core anchored in reviewed taxonomy include examples; automated semantic/structural validation only; no REAL provenance claimed.
NIDQ_0602,Could you explain Who can receive a Smart NID?,NID,NID_SMART_CARD,Smart NID Card,NID_SMART_ELIGIBILITY,Smart NID Eligibility,Low,Formal,FALSE,,PARAPHRASED,NID_SMART_ELIGIBILITY_F01,Easy,FALSE,Synthetic NID core anchored in reviewed taxonomy include examples; automated semantic/structural validation only; no REAL provenance claimed.
NIDQ_0603,Please tell me the correct process: Who can receive a Smart NID?,NID,NID_SMART_CARD,Smart NID Card,NID_SMART_ELIGIBILITY,Smart NID Eligibility,Low,Formal,FALSE,,PARAPHRASED,NID_SMART_ELIGIBILITY_F01,Easy,FALSE,Synthetic NID core anchored in reviewed taxonomy include examples; automated semantic/structural validation only; no REAL provenance claimed.
NIDQ_0604,Am I eligible for a Smart NID?,NID,NID_SMART_CARD,Smart NID Card,NID_SMART_ELIGIBILITY,Smart NID Eligibility,Low,Informal,FALSE,,SYNTHETIC,NID_SMART_ELIGIBILITY_F02,Medium,FALSE,Synthetic NID core anchored in reviewed taxonomy include examples; automated semantic/structural validation only; no REAL provenance claimed.
NIDQ_0605,"For my case, Am I eligible for a Smart NID?",NID,NID_SMART_CARD,Smart NID Card,NID_SMART_ELIGIBILITY,Smart NID Eligibility,Low,Informal,FALSE,,PARAPHRASED,NID_SMART_ELIGIBILITY_F02,Medium,FALSE,Synthetic NID core anchored in reviewed taxonomy include examples; automated semantic/structural validation only; no REAL provenance claimed.
NIDQ_0606,Can you clarify this for me: Am I eligible for a Smart NID?,NID,NID_SMART_CARD,Smart NID Card,NID_SMART_ELIGIBILITY,Smart NID Eligibility,Low,Informal,FALSE,,PARAPHRASED,NID_SMART_ELIGIBILITY_F02,Medium,FALSE,Synthetic NID core anchored in reviewed taxonomy include examples; automated semantic/structural validation only; no REAL provenance claimed.
NIDQ_0607,Can a new voter receive a Smart NID?,NID,NID_SMART_CARD,Smart NID Card,NID_SMART_ELIGIBILITY,Smart NID Eligibility,Low,Mixed,FALSE,,SYNTHETIC,NID_SMART_ELIGIBILITY_F03,Medium,FALSE,Synthetic NID core anchored in reviewed taxonomy include examples; automated semantic/structural validation only; no REAL provenance claimed.
NIDQ_0608,Can a new voter receive a Smart NID; what should I do next?,NID,NID_SMART_CARD,Smart NID Card,NID_SMART_ELIGIBILITY,Smart NID Eligibility,Low,Mixed,FALSE,,PARAPHRASED,NID_SMART_ELIGIBILITY_F03,Medium,FALSE,Synthetic NID core anchored in reviewed taxonomy include examples; automated semantic/structural validation only; no REAL provenance claimed.
NIDQ_0609,এই বিষয়ে সহায়তা চাই: Can a new voter receive a Smart NID?,NID,NID_SMART_CARD,Smart NID Card,NID_SMART_ELIGIBILITY,Smart NID Eligibility,Low,Mixed,FALSE,,PARAPHRASED,NID_SMART_ELIGIBILITY_F03,Medium,FALSE,Synthetic NID core anchored in reviewed taxonomy include examples; automated semantic/structural validation only; no REAL provenance claimed.
NIDQ_0610,Can an existing NID holder receive one?,NID,NID_SMART_CARD,Smart NID Card,NID_SMART_ELIGIBILITY,Smart NID Eligibility,Low,Mixed,FALSE,,SYNTHETIC,NID_SMART_ELIGIBILITY_F04,Hard,FALSE,Synthetic NID core anchored in reviewed taxonomy include examples; automated semantic/structural validation only; no REAL provenance claimed.
NIDQ_0611,I am trying to understand this: Can an existing NID holder receive one?,NID,NID_SMART_CARD,Smart NID Card,NID_SMART_ELIGIBILITY,Smart NID Eligibility,Low,Mixed,FALSE,,PARAPHRASED,NID_SMART_ELIGIBILITY_F04,Hard,FALSE,Synthetic NID core anchored in reviewed taxonomy include examples; automated semantic/structural validation only; no REAL provenance claimed.
NIDQ_0612,I need guidance on this: Can an existing NID holder receive one?,NID,NID_SMART_CARD,Smart NID Card,NID_SMART_ELIGIBILITY,Smart NID Eligibility,Low,Mixed,FALSE,,PARAPHRASED,NID_SMART_ELIGIBILITY_F04,Hard,FALSE,Synthetic NID core anchored in reviewed taxonomy include examples; automated semantic/structural validation only; no REAL provenance claimed.
NIDQ_0613,Do I need to register separately for Smart NID?,NID,NID_SMART_CARD,Smart NID Card,NID_SMART_REGISTRATION,Smart NID Registration,Low,Formal,FALSE,,SYNTHETIC,NID_SMART_REGISTRATION_F01,Easy,FALSE,Synthetic NID core anchored in reviewed taxonomy include examples; automated semantic/structural validation only; no REAL provenance claimed.
NIDQ_0614,"For my case, Do I need to register separately for Smart NID?",NID,NID_SMART_CARD,Smart NID Card,NID_SMART_REGISTRATION,Smart NID Registration,Low,Formal,FALSE,,PARAPHRASED,NID_SMART_REGISTRATION_F01,Easy,FALSE,Synthetic NID core anchored in reviewed taxonomy include examples; automated semantic/structural validation only; no REAL provenance claimed.
NIDQ_0615,Can you clarify this for me: Do I need to register separately for Smart NID?,NID,NID_SMART_CARD,Smart NID Card,NID_SMART_REGISTRATION,Smart NID Registration,Low,Formal,FALSE,,PARAPHRASED,NID_SMART_REGISTRATION_F01,Easy,FALSE,Synthetic NID core anchored in reviewed taxonomy include examples; automated semantic/structural validation only; no REAL provenance claimed.
NIDQ_0616,How do I register?,NID,NID_SMART_CARD,Smart NID Card,NID_SMART_REGISTRATION,Smart NID Registration,Low,Informal,FALSE,,SYNTHETIC,NID_SMART_REGISTRATION_F02,Medium,FALSE,Synthetic NID core anchored in reviewed taxonomy include examples; automated semantic/structural validation only; no REAL provenance claimed.
NIDQ_0617,what is the process to register; what should I do next?,NID,NID_SMART_CARD,Smart NID Card,NID_SMART_REGISTRATION,Smart NID Registration,Low,Informal,FALSE,,PARAPHRASED,NID_SMART_REGISTRATION_F02,Medium,FALSE,Synthetic NID core anchored in reviewed taxonomy include examples; automated semantic/structural validation only; no REAL provenance claimed.
NIDQ_0618,what is the process to register?,NID,NID_SMART_CARD,Smart NID Card,NID_SMART_REGISTRATION,Smart NID Registration,Low,Informal,FALSE,,PARAPHRASED,NID_SMART_REGISTRATION_F02,Medium,FALSE,Synthetic NID core anchored in reviewed taxonomy include examples; automated semantic/structural validation only; no REAL provenance claimed.
NIDQ_0619,Where can I register?,NID,NID_SMART_CARD,Smart NID Card,NID_SMART_REGISTRATION,Smart NID Registration,Low,Mixed,FALSE,,SYNTHETIC,NID_SMART_REGISTRATION_F03,Medium,FALSE,Synthetic NID core anchored in reviewed taxonomy include examples; automated semantic/structural validation only; no REAL provenance claimed.
NIDQ_0620,I am trying to understand this: Where is it possible to register?,NID,NID_SMART_CARD,Smart NID Card,NID_SMART_REGISTRATION,Smart NID Registration,Low,Mixed,FALSE,,PARAPHRASED,NID_SMART_REGISTRATION_F03,Medium,FALSE,Synthetic NID core anchored in reviewed taxonomy include examples; automated semantic/structural validation only; no REAL provenance claimed.
NIDQ_0621,I need guidance on this: Where is it possible to register?,NID,NID_SMART_CARD,Smart NID Card,NID_SMART_REGISTRATION,Smart NID Registration,Low,Mixed,FALSE,,PARAPHRASED,NID_SMART_REGISTRATION_F03,Medium,FALSE,Synthetic NID core anchored in reviewed taxonomy include examples; automated semantic/structural validation only; no REAL provenance claimed.
NIDQ_0622,Can Smart NID registration be done online?,NID,NID_SMART_CARD,Smart NID Card,NID_SMART_REGISTRATION,Smart NID Registration,Low,Mixed,FALSE,,SYNTHETIC,NID_SMART_REGISTRATION_F04,Hard,FALSE,Synthetic NID core anchored in reviewed taxonomy include examples; automated semantic/structural validation only; no REAL provenance claimed.
NIDQ_0623,Could you explain Can Smart NID registration be done online?,NID,NID_SMART_CARD,Smart NID Card,NID_SMART_REGISTRATION,Smart NID Registration,Low,Mixed,FALSE,,PARAPHRASED,NID_SMART_REGISTRATION_F04,Hard,FALSE,Synthetic NID core anchored in reviewed taxonomy include examples; automated semantic/structural validation only; no REAL provenance claimed.
NIDQ_0624,Please tell me the correct process: Can Smart NID registration be done online?,NID,NID_SMART_CARD,Smart NID Card,NID_SMART_REGISTRATION,Smart NID Registration,Low,Mixed,FALSE,,PARAPHRASED,NID_SMART_REGISTRATION_F04,Hard,FALSE,Synthetic NID core anchored in reviewed taxonomy include examples; automated semantic/structural validation only; no REAL provenance claimed.
NIDQ_0625,How do I apply for a Smart NID?,NID,NID_SMART_CARD,Smart NID Card,NID_SMART_APPLICATION,Smart NID Application,Low,Formal,FALSE,,SYNTHETIC,NID_SMART_APPLICATION_F01,Easy,FALSE,Synthetic NID core anchored in reviewed taxonomy include examples; automated semantic/structural validation only; no REAL provenance claimed.
NIDQ_0626,what is the process to apply for a Smart NID; what should I do next?,NID,NID_SMART_CARD,Smart NID Card,NID_SMART_APPLICATION,Smart NID Application,Low,Formal,FALSE,,PARAPHRASED,NID_SMART_APPLICATION_F01,Easy,FALSE,Synthetic NID core anchored in reviewed taxonomy include examples; automated semantic/structural validation only; no REAL provenance claimed.
NIDQ_0627,what is the process to apply for a Smart NID?,NID,NID_SMART_CARD,Smart NID Card,NID_SMART_APPLICATION,Smart NID Application,Low,Formal,FALSE,,PARAPHRASED,NID_SMART_APPLICATION_F01,Easy,FALSE,Synthetic NID core anchored in reviewed taxonomy include examples; automated semantic/structural validation only; no REAL provenance claimed.
NIDQ_0628,Which rules apply to smart NID application process?,NID,NID_SMART_CARD,Smart NID Card,NID_SMART_APPLICATION,Smart NID Application,Low,Informal,FALSE,,SYNTHETIC,NID_SMART_APPLICATION_F02,Medium,FALSE,Synthetic NID core anchored in reviewed taxonomy include examples; automated semantic/structural validation only; no REAL provenance claimed.
NIDQ_0629,I am trying to understand this: Which rules apply to smart NID application process?,NID,NID_SMART_CARD,Smart NID Card,NID_SMART_APPLICATION,Smart NID Application,Low,Informal,FALSE,,PARAPHRASED,NID_SMART_APPLICATION_F02,Medium,FALSE,Synthetic NID core anchored in reviewed taxonomy include examples; automated semantic/structural validation only; no REAL provenance claimed.
NIDQ_0630,I need guidance on this: Which rules apply to smart NID application process?,NID,NID_SMART_CARD,Smart NID Card,NID_SMART_APPLICATION,Smart NID Application,Low,Informal,FALSE,,PARAPHRASED,NID_SMART_APPLICATION_F02,Medium,FALSE,Synthetic NID core anchored in reviewed taxonomy include examples; automated semantic/structural validation only; no REAL provenance claimed.
NIDQ_0631,Where to apply for a Smart NID?,NID,NID_SMART_CARD,Smart NID Card,NID_SMART_APPLICATION,Smart NID Application,Low,Mixed,FALSE,,SYNTHETIC,NID_SMART_APPLICATION_F03,Medium,FALSE,Synthetic NID core anchored in reviewed taxonomy include examples; automated semantic/structural validation only; no REAL provenance claimed.
NIDQ_0632,Could you explain Where to apply for a Smart NID?,NID,NID_SMART_CARD,Smart NID Card,NID_SMART_APPLICATION,Smart NID Application,Low,Mixed,FALSE,,PARAPHRASED,NID_SMART_APPLICATION_F03,Medium,FALSE,Synthetic NID core anchored in reviewed taxonomy include examples; automated semantic/structural validation only; no REAL provenance claimed.
NIDQ_0633,Please tell me the correct process: Where to apply for a Smart NID?,NID,NID_SMART_CARD,Smart NID Card,NID_SMART_APPLICATION,Smart NID Application,Low,Mixed,FALSE,,PARAPHRASED,NID_SMART_APPLICATION_F03,Medium,FALSE,Synthetic NID core anchored in reviewed taxonomy include examples; automated semantic/structural validation only; no REAL provenance claimed.
NIDQ_0634,Can I apply online?,NID,NID_SMART_CARD,Smart NID Card,NID_SMART_APPLICATION,Smart NID Application,Low,Mixed,FALSE,,SYNTHETIC,NID_SMART_APPLICATION_F04,Hard,FALSE,Synthetic NID core anchored in reviewed taxonomy include examples; automated semantic/structural validation only; no REAL provenance claimed.
NIDQ_0635,"For my case, is it possible to apply online?",NID,NID_SMART_CARD,Smart NID Card,NID_SMART_APPLICATION,Smart NID Application,Low,Mixed,FALSE,,PARAPHRASED,NID_SMART_APPLICATION_F04,Hard,FALSE,Synthetic NID core anchored in reviewed taxonomy include examples; automated semantic/structural validation only; no REAL provenance claimed.
NIDQ_0636,Can you clarify this for me: is it possible to apply online?,NID,NID_SMART_CARD,Smart NID Card,NID_SMART_APPLICATION,Smart NID Application,Low,Mixed,FALSE,,PARAPHRASED,NID_SMART_APPLICATION_F04,Hard,FALSE,Synthetic NID core anchored in reviewed taxonomy include examples; automated semantic/structural validation only; no REAL provenance claimed.
NIDQ_0637,How do I check Smart NID status?,NID,NID_SMART_CARD,Smart NID Card,NID_SMART_STATUS,Smart NID Status,Low,Formal,FALSE,,SYNTHETIC,NID_SMART_STATUS_F01,Easy,FALSE,Synthetic NID core anchored in reviewed taxonomy include examples; automated semantic/structural validation only; no REAL provenance claimed.
NIDQ_0638,I am trying to understand this: what is the process to check Smart NID status?,NID,NID_SMART_CARD,Smart NID Card,NID_SMART_STATUS,Smart NID Status,Low,Formal,FALSE,,PARAPHRASED,NID_SMART_STATUS_F01,Easy,FALSE,Synthetic NID core anchored in reviewed taxonomy include examples; automated semantic/structural validation only; no REAL provenance claimed.
NIDQ_0639,I need guidance on this: what is the process to check Smart NID status?,NID,NID_SMART_CARD,Smart NID Card,NID_SMART_STATUS,Smart NID Status,Low,Formal,FALSE,,PARAPHRASED,NID_SMART_STATUS_F01,Easy,FALSE,Synthetic NID core anchored in reviewed taxonomy include examples; automated semantic/structural validation only; no REAL provenance claimed.
NIDQ_0640,Has my Smart NID been produced?,NID,NID_SMART_CARD,Smart NID Card,NID_SMART_STATUS,Smart NID Status,Low,Informal,FALSE,,SYNTHETIC,NID_SMART_STATUS_F02,Medium,FALSE,Synthetic NID core anchored in reviewed taxonomy include examples; automated semantic/structural validation only; no REAL provenance claimed.
NIDQ_0641,Could you explain Has my Smart NID been produced?,NID,NID_SMART_CARD,Smart NID Card,NID_SMART_STATUS,Smart NID Status,Low,Informal,FALSE,,PARAPHRASED,NID_SMART_STATUS_F02,Medium,FALSE,Synthetic NID core anchored in reviewed taxonomy include examples; automated semantic/structural validation only; no REAL provenance claimed.
NIDQ_0642,Please tell me the correct process: Has my Smart NID been produced?,NID,NID_SMART_CARD,Smart NID Card,NID_SMART_STATUS,Smart NID Status,Low,Informal,FALSE,,PARAPHRASED,NID_SMART_STATUS_F02,Medium,FALSE,Synthetic NID core anchored in reviewed taxonomy include examples; automated semantic/structural validation only; no REAL provenance claimed.
NIDQ_0643,Is my card ready?,NID,NID_SMART_CARD,Smart NID Card,NID_SMART_STATUS,Smart NID Status,Low,Mixed,FALSE,,SYNTHETIC,NID_SMART_STATUS_F03,Medium,FALSE,Synthetic NID core anchored in reviewed taxonomy include examples; automated semantic/structural validation only; no REAL provenance claimed.
NIDQ_0644,"For my case, Is my card ready?",NID,NID_SMART_CARD,Smart NID Card,NID_SMART_STATUS,Smart NID Status,Low,Mixed,FALSE,,PARAPHRASED,NID_SMART_STATUS_F03,Medium,FALSE,Synthetic NID core anchored in reviewed taxonomy include examples; automated semantic/structural validation only; no REAL provenance claimed.
NIDQ_0645,Can you clarify this for me: Is my card ready?,NID,NID_SMART_CARD,Smart NID Card,NID_SMART_STATUS,Smart NID Status,Low,Mixed,FALSE,,PARAPHRASED,NID_SMART_STATUS_F03,Medium,FALSE,Synthetic NID core anchored in reviewed taxonomy include examples; automated semantic/structural validation only; no REAL provenance claimed.
NIDQ_0646,Where can I check status?,NID,NID_SMART_CARD,Smart NID Card,NID_SMART_STATUS,Smart NID Status,Low,Mixed,FALSE,,SYNTHETIC,NID_SMART_STATUS_F04,Hard,FALSE,Synthetic NID core anchored in reviewed taxonomy include examples; automated semantic/structural validation only; no REAL provenance claimed.
NIDQ_0647,where should I check status; what should I do next?,NID,NID_SMART_CARD,Smart NID Card,NID_SMART_STATUS,Smart NID Status,Low,Mixed,FALSE,,PARAPHRASED,NID_SMART_STATUS_F04,Hard,FALSE,Synthetic NID core anchored in reviewed taxonomy include examples; automated semantic/structural validation only; no REAL provenance claimed.
NIDQ_0648,Where is it possible to check status?,NID,NID_SMART_CARD,Smart NID Card,NID_SMART_STATUS,Smart NID Status,Low,Mixed,FALSE,,PARAPHRASED,NID_SMART_STATUS_F04,Hard,FALSE,Synthetic NID core anchored in reviewed taxonomy include examples; automated semantic/structural validation only; no REAL provenance claimed.
NIDQ_0649,Where can I collect my Smart NID?,NID,NID_SMART_CARD,Smart NID Card,NID_SMART_COLLECTION_LOCATION,Smart NID Collection Location,Low,Formal,FALSE,,SYNTHETIC,NID_SMART_COLLECTION_LOCATION_F01,Easy,FALSE,Synthetic NID core anchored in reviewed taxonomy include examples; automated semantic/structural validation only; no REAL provenance claimed.
NIDQ_0650,Could you explain Where is it possible to collect my Smart NID?,NID,NID_SMART_CARD,Smart NID Card,NID_SMART_COLLECTION_LOCATION,Smart NID Collection Location,Low,Formal,FALSE,,PARAPHRASED,NID_SMART_COLLECTION_LOCATION_F01,Easy,FALSE,Synthetic NID core anchored in reviewed taxonomy include examples; automated semantic/structural validation only; no REAL provenance claimed.
NIDQ_0651,Please tell me the correct process: Where is it possible to collect my Smart NID?,NID,NID_SMART_CARD,Smart NID Card,NID_SMART_COLLECTION_LOCATION,Smart NID Collection Location,Low,Formal,FALSE,,PARAPHRASED,NID_SMART_COLLECTION_LOCATION_F01,Easy,FALSE,Synthetic NID core anchored in reviewed taxonomy include examples; automated semantic/structural validation only; no REAL provenance claimed.
NIDQ_0652,Where is my collection center?,NID,NID_SMART_CARD,Smart NID Card,NID_SMART_COLLECTION_LOCATION,Smart NID Collection Location,Low,Informal,FALSE,,SYNTHETIC,NID_SMART_COLLECTION_LOCATION_F02,Medium,FALSE,Synthetic NID core anchored in reviewed taxonomy include examples; automated semantic/structural validation only; no REAL provenance claimed.
NIDQ_0653,"For my case, Where is my collection center?",NID,NID_SMART_CARD,Smart NID Card,NID_SMART_COLLECTION_LOCATION,Smart NID Collection Location,Low,Informal,FALSE,,PARAPHRASED,NID_SMART_COLLECTION_LOCATION_F02,Medium,FALSE,Synthetic NID core anchored in reviewed taxonomy include examples; automated semantic/structural validation only; no REAL provenance claimed.
NIDQ_0654,Can you clarify this for me: Where is my collection center?,NID,NID_SMART_CARD,Smart NID Card,NID_SMART_COLLECTION_LOCATION,Smart NID Collection Location,Low,Informal,FALSE,,PARAPHRASED,NID_SMART_COLLECTION_LOCATION_F02,Medium,FALSE,Synthetic NID core anchored in reviewed taxonomy include examples; automated semantic/structural validation only; no REAL provenance claimed.
NIDQ_0655,Which election office should I visit?,NID,NID_SMART_CARD,Smart NID Card,NID_SMART_COLLECTION_LOCATION,Smart NID Collection Location,Low,Mixed,FALSE,,SYNTHETIC,NID_SMART_COLLECTION_LOCATION_F03,Medium,FALSE,Synthetic NID core anchored in reviewed taxonomy include examples; automated semantic/structural validation only; no REAL provenance claimed.
NIDQ_0656,Which election office should I visit; what should I do next?,NID,NID_SMART_CARD,Smart NID Card,NID_SMART_COLLECTION_LOCATION,Smart NID Collection Location,Low,Mixed,FALSE,,PARAPHRASED,NID_SMART_COLLECTION_LOCATION_F03,Medium,FALSE,Synthetic NID core anchored in reviewed taxonomy include examples; automated semantic/structural validation only; no REAL provenance claimed.
NIDQ_0657,এই বিষয়ে সহায়তা চাই: Which election office should I visit?,NID,NID_SMART_CARD,Smart NID Card,NID_SMART_COLLECTION_LOCATION,Smart NID Collection Location,Low,Mixed,FALSE,,PARAPHRASED,NID_SMART_COLLECTION_LOCATION_F03,Medium,FALSE,Synthetic NID core anchored in reviewed taxonomy include examples; automated semantic/structural validation only; no REAL provenance claimed.
NIDQ_0658,How do I find my collection location?,NID,NID_SMART_CARD,Smart NID Card,NID_SMART_COLLECTION_LOCATION,Smart NID Collection Location,Low,Mixed,FALSE,,SYNTHETIC,NID_SMART_COLLECTION_LOCATION_F04,Hard,FALSE,Synthetic NID core anchored in reviewed taxonomy include examples; automated semantic/structural validation only; no REAL provenance claimed.
NIDQ_0659,I am trying to understand this: what is the process to find my collection location?,NID,NID_SMART_CARD,Smart NID Card,NID_SMART_COLLECTION_LOCATION,Smart NID Collection Location,Low,Mixed,FALSE,,PARAPHRASED,NID_SMART_COLLECTION_LOCATION_F04,Hard,FALSE,Synthetic NID core anchored in reviewed taxonomy include examples; automated semantic/structural validation only; no REAL provenance claimed.
NIDQ_0660,I need guidance on this: what is the process to find my collection location?,NID,NID_SMART_CARD,Smart NID Card,NID_SMART_COLLECTION_LOCATION,Smart NID Collection Location,Low,Mixed,FALSE,,PARAPHRASED,NID_SMART_COLLECTION_LOCATION_F04,Hard,FALSE,Synthetic NID core anchored in reviewed taxonomy include examples; automated semantic/structural validation only; no REAL provenance claimed.
NIDQ_0661,When will Smart NID cards be distributed?,NID,NID_SMART_CARD,Smart NID Card,NID_SMART_DISTRIBUTION_DATE,Smart NID Distribution Date,Low,Formal,FALSE,,SYNTHETIC,NID_SMART_DISTRIBUTION_DATE_F01,Easy,FALSE,Synthetic NID core anchored in reviewed taxonomy include examples; automated semantic/structural validation only; no REAL provenance claimed.
NIDQ_0662,"For my case, When will Smart NID cards be distributed?",NID,NID_SMART_CARD,Smart NID Card,NID_SMART_DISTRIBUTION_DATE,Smart NID Distribution Date,Low,Formal,FALSE,,PARAPHRASED,NID_SMART_DISTRIBUTION_DATE_F01,Easy,FALSE,Synthetic NID core anchored in reviewed taxonomy include examples; automated semantic/structural validation only; no REAL provenance claimed.
NIDQ_0663,Can you clarify this for me: When will Smart NID cards be distributed?,NID,NID_SMART_CARD,Smart NID Card,NID_SMART_DISTRIBUTION_DATE,Smart NID Distribution Date,Low,Formal,FALSE,,PARAPHRASED,NID_SMART_DISTRIBUTION_DATE_F01,Easy,FALSE,Synthetic NID core anchored in reviewed taxonomy include examples; automated semantic/structural validation only; no REAL provenance claimed.
NIDQ_0664,What is the distribution date?,NID,NID_SMART_CARD,Smart NID Card,NID_SMART_DISTRIBUTION_DATE,Smart NID Distribution Date,Low,Informal,FALSE,,SYNTHETIC,NID_SMART_DISTRIBUTION_DATE_F02,Medium,FALSE,Synthetic NID core anchored in reviewed taxonomy include examples; automated semantic/structural validation only; no REAL provenance claimed.
NIDQ_0665,What is the distribution date; what should I do next?,NID,NID_SMART_CARD,Smart NID Card,NID_SMART_DISTRIBUTION_DATE,Smart NID Distribution Date,Low,Informal,FALSE,,PARAPHRASED,NID_SMART_DISTRIBUTION_DATE_F02,Medium,FALSE,Synthetic NID core anchored in reviewed taxonomy include examples; automated semantic/structural validation only; no REAL provenance claimed.
NIDQ_0666,এই বিষয়ে সহায়তা চাই: What is the distribution date?,NID,NID_SMART_CARD,Smart NID Card,NID_SMART_DISTRIBUTION_DATE,Smart NID Distribution Date,Low,Informal,FALSE,,PARAPHRASED,NID_SMART_DISTRIBUTION_DATE_F02,Medium,FALSE,Synthetic NID core anchored in reviewed taxonomy include examples; automated semantic/structural validation only; no REAL provenance claimed.
NIDQ_0667,When will distribution start?,NID,NID_SMART_CARD,Smart NID Card,NID_SMART_DISTRIBUTION_DATE,Smart NID Distribution Date,Low,Mixed,FALSE,,SYNTHETIC,NID_SMART_DISTRIBUTION_DATE_F03,Medium,FALSE,Synthetic NID core anchored in reviewed taxonomy include examples; automated semantic/structural validation only; no REAL provenance claimed.
NIDQ_0668,I am trying to understand this: When will distribution start?,NID,NID_SMART_CARD,Smart NID Card,NID_SMART_DISTRIBUTION_DATE,Smart NID Distribution Date,Low,Mixed,FALSE,,PARAPHRASED,NID_SMART_DISTRIBUTION_DATE_F03,Medium,FALSE,Synthetic NID core anchored in reviewed taxonomy include examples; automated semantic/structural validation only; no REAL provenance claimed.
NIDQ_0669,I need guidance on this: When will distribution start?,NID,NID_SMART_CARD,Smart NID Card,NID_SMART_DISTRIBUTION_DATE,Smart NID Distribution Date,Low,Mixed,FALSE,,PARAPHRASED,NID_SMART_DISTRIBUTION_DATE_F03,Medium,FALSE,Synthetic NID core anchored in reviewed taxonomy include examples; automated semantic/structural validation only; no REAL provenance claimed.
NIDQ_0670,Has distribution started?,NID,NID_SMART_CARD,Smart NID Card,NID_SMART_DISTRIBUTION_DATE,Smart NID Distribution Date,Low,Mixed,FALSE,,SYNTHETIC,NID_SMART_DISTRIBUTION_DATE_F04,Hard,FALSE,Synthetic NID core anchored in reviewed taxonomy include examples; automated semantic/structural validation only; no REAL provenance claimed.
NIDQ_0671,Could you explain Has distribution started?,NID,NID_SMART_CARD,Smart NID Card,NID_SMART_DISTRIBUTION_DATE,Smart NID Distribution Date,Low,Mixed,FALSE,,PARAPHRASED,NID_SMART_DISTRIBUTION_DATE_F04,Hard,FALSE,Synthetic NID core anchored in reviewed taxonomy include examples; automated semantic/structural validation only; no REAL provenance claimed.
NIDQ_0672,Please tell me the correct process: Has distribution started?,NID,NID_SMART_CARD,Smart NID Card,NID_SMART_DISTRIBUTION_DATE,Smart NID Distribution Date,Low,Mixed,FALSE,,PARAPHRASED,NID_SMART_DISTRIBUTION_DATE_F04,Hard,FALSE,Synthetic NID core anchored in reviewed taxonomy include examples; automated semantic/structural validation only; no REAL provenance claimed.
NIDQ_0673,Can you guide me about my Smart NID is delayed?,NID,NID_SMART_CARD,Smart NID Card,NID_SMART_DELAY,Smart NID Delay,Medium,Formal,FALSE,,SYNTHETIC,NID_SMART_DELAY_F01,Easy,FALSE,Synthetic NID core anchored in reviewed taxonomy include examples; automated semantic/structural validation only; no REAL provenance claimed.
NIDQ_0674,Can you guide me about my Smart NID is delayed; what should I do next?,NID,NID_SMART_CARD,Smart NID Card,NID_SMART_DELAY,Smart NID Delay,Medium,Formal,FALSE,,PARAPHRASED,NID_SMART_DELAY_F01,Easy,FALSE,Synthetic NID core anchored in reviewed taxonomy include examples; automated semantic/structural validation only; no REAL provenance claimed.
NIDQ_0675,এই বিষয়ে সহায়তা চাই: Can you guide me about my Smart NID is delayed?,NID,NID_SMART_CARD,Smart NID Card,NID_SMART_DELAY,Smart NID Delay,Medium,Formal,FALSE,,PARAPHRASED,NID_SMART_DELAY_F01,Easy,FALSE,Synthetic NID core anchored in reviewed taxonomy include examples; automated semantic/structural validation only; no REAL provenance claimed.
NIDQ_0676,Why have I not received my Smart NID?,NID,NID_SMART_CARD,Smart NID Card,NID_SMART_DELAY,Smart NID Delay,Medium,Informal,FALSE,,SYNTHETIC,NID_SMART_DELAY_F02,Medium,FALSE,Synthetic NID core anchored in reviewed taxonomy include examples; automated semantic/structural validation only; no REAL provenance claimed.
NIDQ_0677,I am trying to understand this: Why have I not received my Smart NID?,NID,NID_SMART_CARD,Smart NID Card,NID_SMART_DELAY,Smart NID Delay,Medium,Informal,FALSE,,PARAPHRASED,NID_SMART_DELAY_F02,Medium,FALSE,Synthetic NID core anchored in reviewed taxonomy include examples; automated semantic/structural validation only; no REAL provenance claimed.
NIDQ_0678,I need guidance on this: Why have I not received my Smart NID?,NID,NID_SMART_CARD,Smart NID Card,NID_SMART_DELAY,Smart NID Delay,Medium,Informal,FALSE,,PARAPHRASED,NID_SMART_DELAY_F02,Medium,FALSE,Synthetic NID core anchored in reviewed taxonomy include examples; automated semantic/structural validation only; no REAL provenance claimed.
NIDQ_0679,What are the next steps for distribution started but I did not receive mine?,NID,NID_SMART_CARD,Smart NID Card,NID_SMART_DELAY,Smart NID Delay,Medium,Mixed,FALSE,,SYNTHETIC,NID_SMART_DELAY_F03,Medium,FALSE,Synthetic NID core anchored in reviewed taxonomy include examples; automated semantic/structural validation only; no REAL provenance claimed.
NIDQ_0680,Could you explain What are the next steps for distribution started but I did not receive mine?,NID,NID_SMART_CARD,Smart NID Card,NID_SMART_DELAY,Smart NID Delay,Medium,Mixed,FALSE,,PARAPHRASED,NID_SMART_DELAY_F03,Medium,FALSE,Synthetic NID core anchored in reviewed taxonomy include examples; automated semantic/structural validation only; no REAL provenance claimed.
NIDQ_0681,Please tell me the correct process: What are the next steps for distribution started but I did not receive mine?,NID,NID_SMART_CARD,Smart NID Card,NID_SMART_DELAY,Smart NID Delay,Medium,Mixed,FALSE,,PARAPHRASED,NID_SMART_DELAY_F03,Medium,FALSE,Synthetic NID core anchored in reviewed taxonomy include examples; automated semantic/structural validation only; no REAL provenance claimed.
NIDQ_0682,Where should I contact about the delay?,NID,NID_SMART_CARD,Smart NID Card,NID_SMART_DELAY,Smart NID Delay,Medium,Mixed,FALSE,,SYNTHETIC,NID_SMART_DELAY_F04,Hard,FALSE,Synthetic NID core anchored in reviewed taxonomy include examples; automated semantic/structural validation only; no REAL provenance claimed.
NIDQ_0683,"For my case, Where should I contact about the delay?",NID,NID_SMART_CARD,Smart NID Card,NID_SMART_DELAY,Smart NID Delay,Medium,Mixed,FALSE,,PARAPHRASED,NID_SMART_DELAY_F04,Hard,FALSE,Synthetic NID core anchored in reviewed taxonomy include examples; automated semantic/structural validation only; no REAL provenance claimed.
NIDQ_0684,Can you clarify this for me: Where should I contact about the delay?,NID,NID_SMART_CARD,Smart NID Card,NID_SMART_DELAY,Smart NID Delay,Medium,Mixed,FALSE,,PARAPHRASED,NID_SMART_DELAY_F04,Hard,FALSE,Synthetic NID core anchored in reviewed taxonomy include examples; automated semantic/structural validation only; no REAL provenance claimed.
NIDQ_0685,What should I know about i have a problem with my Smart NID?,NID,NID_SMART_CARD,Smart NID Card,NID_SMART_GENERAL_PROBLEM,General Smart NID Problem,Medium,Formal,FALSE,,SYNTHETIC,NID_SMART_GENERAL_PROBLEM_F01,Easy,FALSE,Synthetic NID core anchored in reviewed taxonomy include examples; automated semantic/structural validation only; no REAL provenance claimed.
NIDQ_0686,I am trying to understand this: What should I know about i have a problem with my Smart NID?,NID,NID_SMART_CARD,Smart NID Card,NID_SMART_GENERAL_PROBLEM,General Smart NID Problem,Medium,Formal,FALSE,,PARAPHRASED,NID_SMART_GENERAL_PROBLEM_F01,Easy,FALSE,Synthetic NID core anchored in reviewed taxonomy include examples; automated semantic/structural validation only; no REAL provenance claimed.
NIDQ_0687,I need guidance on this: What should I know about i have a problem with my Smart NID?,NID,NID_SMART_CARD,Smart NID Card,NID_SMART_GENERAL_PROBLEM,General Smart NID Problem,Medium,Formal,FALSE,,PARAPHRASED,NID_SMART_GENERAL_PROBLEM_F01,Easy,FALSE,Synthetic NID core anchored in reviewed taxonomy include examples; automated semantic/structural validation only; no REAL provenance claimed.
NIDQ_0688,Could you explain the rules for my Smart NID is not working?,NID,NID_SMART_CARD,Smart NID Card,NID_SMART_GENERAL_PROBLEM,General Smart NID Problem,Medium,Informal,FALSE,,SYNTHETIC,NID_SMART_GENERAL_PROBLEM_F02,Medium,FALSE,Synthetic NID core anchored in reviewed taxonomy include examples; automated semantic/structural validation only; no REAL provenance claimed.
NIDQ_0689,Could you explain Could you explain the rules for my Smart NID is not working?,NID,NID_SMART_CARD,Smart NID Card,NID_SMART_GENERAL_PROBLEM,General Smart NID Problem,Medium,Informal,FALSE,,PARAPHRASED,NID_SMART_GENERAL_PROBLEM_F02,Medium,FALSE,Synthetic NID core anchored in reviewed taxonomy include examples; automated semantic/structural validation only; no REAL provenance claimed.
NIDQ_0690,Please tell me the correct process: Could you explain the rules for my Smart NID is not working?,NID,NID_SMART_CARD,Smart NID Card,NID_SMART_GENERAL_PROBLEM,General Smart NID Problem,Medium,Informal,FALSE,,PARAPHRASED,NID_SMART_GENERAL_PROBLEM_F02,Medium,FALSE,Synthetic NID core anchored in reviewed taxonomy include examples; automated semantic/structural validation only; no REAL provenance claimed.
NIDQ_0691,Where can I get help with my Smart NID?,NID,NID_SMART_CARD,Smart NID Card,NID_SMART_GENERAL_PROBLEM,General Smart NID Problem,Medium,Mixed,FALSE,,SYNTHETIC,NID_SMART_GENERAL_PROBLEM_F03,Medium,FALSE,Synthetic NID core anchored in reviewed taxonomy include examples; automated semantic/structural validation only; no REAL provenance claimed.
NIDQ_0692,"For my case, Where is it possible to get help with my Smart NID?",NID,NID_SMART_CARD,Smart NID Card,NID_SMART_GENERAL_PROBLEM,General Smart NID Problem,Medium,Mixed,FALSE,,PARAPHRASED,NID_SMART_GENERAL_PROBLEM_F03,Medium,FALSE,Synthetic NID core anchored in reviewed taxonomy include examples; automated semantic/structural validation only; no REAL provenance claimed.
NIDQ_0693,Can you clarify this for me: Where is it possible to get help with my Smart NID?,NID,NID_SMART_CARD,Smart NID Card,NID_SMART_GENERAL_PROBLEM,General Smart NID Problem,Medium,Mixed,FALSE,,PARAPHRASED,NID_SMART_GENERAL_PROBLEM_F03,Medium,FALSE,Synthetic NID core anchored in reviewed taxonomy include examples; automated semantic/structural validation only; no REAL provenance claimed.
NIDQ_0694,How does smart NID information is not displaying correctly work?,NID,NID_SMART_CARD,Smart NID Card,NID_SMART_GENERAL_PROBLEM,General Smart NID Problem,Medium,Mixed,FALSE,,SYNTHETIC,NID_SMART_GENERAL_PROBLEM_F04,Hard,FALSE,Synthetic NID core anchored in reviewed taxonomy include examples; automated semantic/structural validation only; no REAL provenance claimed.
NIDQ_0695,How does smart NID information is not displaying correctly work; what should I do next?,NID,NID_SMART_CARD,Smart NID Card,NID_SMART_GENERAL_PROBLEM,General Smart NID Problem,Medium,Mixed,FALSE,,PARAPHRASED,NID_SMART_GENERAL_PROBLEM_F04,Hard,FALSE,Synthetic NID core anchored in reviewed taxonomy include examples; automated semantic/structural validation only; no REAL provenance claimed.
NIDQ_0696,এই বিষয়ে সহায়তা চাই: How does smart NID information is not displaying correctly work?,NID,NID_SMART_CARD,Smart NID Card,NID_SMART_GENERAL_PROBLEM,General Smart NID Problem,Medium,Mixed,FALSE,,PARAPHRASED,NID_SMART_GENERAL_PROBLEM_F04,Hard,FALSE,Synthetic NID core anchored in reviewed taxonomy include examples; automated semantic/structural validation only; no REAL provenance claimed.
NIDQ_0697,How can I check my NID application status?,NID,NID_STATUS_AND_ACCESS,NID Status and Document Access,NID_STATUS_REGISTRATION_APPLICATION,New NID / Voter Registration Status,Low,Formal,FALSE,,SYNTHETIC,NID_STATUS_REGISTRATION_APPLICATION_F01,Easy,FALSE,Synthetic NID core anchored in reviewed taxonomy include examples; automated semantic/structural validation only; no REAL provenance claimed.
NIDQ_0698,Could you explain what steps should I follow to check my NID application status?,NID,NID_STATUS_AND_ACCESS,NID Status and Document Access,NID_STATUS_REGISTRATION_APPLICATION,New NID / Voter Registration Status,Low,Formal,FALSE,,PARAPHRASED,NID_STATUS_REGISTRATION_APPLICATION_F01,Easy,FALSE,Synthetic NID core anchored in reviewed taxonomy include examples; automated semantic/structural validation only; no REAL provenance claimed.
NIDQ_0699,Please tell me the correct process: what steps should I follow to check my NID application status?,NID,NID_STATUS_AND_ACCESS,NID Status and Document Access,NID_STATUS_REGISTRATION_APPLICATION,New NID / Voter Registration Status,Low,Formal,FALSE,,PARAPHRASED,NID_STATUS_REGISTRATION_APPLICATION_F01,Easy,FALSE,Synthetic NID core anchored in reviewed taxonomy include examples; automated semantic/structural validation only; no REAL provenance claimed.
NIDQ_0700,Where can I track my voter registration?,NID,NID_STATUS_AND_ACCESS,NID Status and Document Access,NID_STATUS_REGISTRATION_APPLICATION,New NID / Voter Registration Status,Low,Informal,FALSE,,SYNTHETIC,NID_STATUS_REGISTRATION_APPLICATION_F02,Medium,FALSE,Synthetic NID core anchored in reviewed taxonomy include examples; automated semantic/structural validation only; no REAL provenance claimed.
NIDQ_0701,"For my case, Where is it possible to track my voter registration?",NID,NID_STATUS_AND_ACCESS,NID Status and Document Access,NID_STATUS_REGISTRATION_APPLICATION,New NID / Voter Registration Status,Low,Informal,FALSE,,PARAPHRASED,NID_STATUS_REGISTRATION_APPLICATION_F02,Medium,FALSE,Synthetic NID core anchored in reviewed taxonomy include examples; automated semantic/structural validation only; no REAL provenance claimed.
NIDQ_0702,Can you clarify this for me: Where is it possible to track my voter registration?,NID,NID_STATUS_AND_ACCESS,NID Status and Document Access,NID_STATUS_REGISTRATION_APPLICATION,New NID / Voter Registration Status,Low,Informal,FALSE,,PARAPHRASED,NID_STATUS_REGISTRATION_APPLICATION_F02,Medium,FALSE,Synthetic NID core anchored in reviewed taxonomy include examples; automated semantic/structural validation only; no REAL provenance claimed.
NIDQ_0703,Has my NID application been approved?,NID,NID_STATUS_AND_ACCESS,NID Status and Document Access,NID_STATUS_REGISTRATION_APPLICATION,New NID / Voter Registration Status,Low,Mixed,FALSE,,SYNTHETIC,NID_STATUS_REGISTRATION_APPLICATION_F03,Medium,FALSE,Synthetic NID core anchored in reviewed taxonomy include examples; automated semantic/structural validation only; no REAL provenance claimed.
NIDQ_0704,Has my NID application been approved; what should I do next?,NID,NID_STATUS_AND_ACCESS,NID Status and Document Access,NID_STATUS_REGISTRATION_APPLICATION,New NID / Voter Registration Status,Low,Mixed,FALSE,,PARAPHRASED,NID_STATUS_REGISTRATION_APPLICATION_F03,Medium,FALSE,Synthetic NID core anchored in reviewed taxonomy include examples; automated semantic/structural validation only; no REAL provenance claimed.
NIDQ_0705,এই বিষয়ে সহায়তা চাই: Has my NID application been approved?,NID,NID_STATUS_AND_ACCESS,NID Status and Document Access,NID_STATUS_REGISTRATION_APPLICATION,New NID / Voter Registration Status,Low,Mixed,FALSE,,PARAPHRASED,NID_STATUS_REGISTRATION_APPLICATION_F03,Medium,FALSE,Synthetic NID core anchored in reviewed taxonomy include examples; automated semantic/structural validation only; no REAL provenance claimed.
NIDQ_0706,Is my application still pending?,NID,NID_STATUS_AND_ACCESS,NID Status and Document Access,NID_STATUS_REGISTRATION_APPLICATION,New NID / Voter Registration Status,Low,Mixed,FALSE,,SYNTHETIC,NID_STATUS_REGISTRATION_APPLICATION_F04,Hard,FALSE,Synthetic NID core anchored in reviewed taxonomy include examples; automated semantic/structural validation only; no REAL provenance claimed.
NIDQ_0707,I am trying to understand this: Is my application still pending?,NID,NID_STATUS_AND_ACCESS,NID Status and Document Access,NID_STATUS_REGISTRATION_APPLICATION,New NID / Voter Registration Status,Low,Mixed,FALSE,,PARAPHRASED,NID_STATUS_REGISTRATION_APPLICATION_F04,Hard,FALSE,Synthetic NID core anchored in reviewed taxonomy include examples; automated semantic/structural validation only; no REAL provenance claimed.
NIDQ_0708,I need guidance on this: Is my application still pending?,NID,NID_STATUS_AND_ACCESS,NID Status and Document Access,NID_STATUS_REGISTRATION_APPLICATION,New NID / Voter Registration Status,Low,Mixed,FALSE,,PARAPHRASED,NID_STATUS_REGISTRATION_APPLICATION_F04,Hard,FALSE,Synthetic NID core anchored in reviewed taxonomy include examples; automated semantic/structural validation only; no REAL provenance claimed.
NIDQ_0709,Can you guide me about my NID application has been pending for a long time?,NID,NID_STATUS_AND_ACCESS,NID Status and Document Access,NID_STATUS_REGISTRATION_DELAY,New NID / Registration Delay,Medium,Formal,FALSE,,SYNTHETIC,NID_STATUS_REGISTRATION_DELAY_F01,Easy,FALSE,Synthetic NID core anchored in reviewed taxonomy include examples; automated semantic/structural validation only; no REAL provenance claimed.
NIDQ_0710,"For my case, Can you guide me about my NID application has been pending for a long time?",NID,NID_STATUS_AND_ACCESS,NID Status and Document Access,NID_STATUS_REGISTRATION_DELAY,New NID / Registration Delay,Medium,Formal,FALSE,,PARAPHRASED,NID_STATUS_REGISTRATION_DELAY_F01,Easy,FALSE,Synthetic NID core anchored in reviewed taxonomy include examples; automated semantic/structural validation only; no REAL provenance claimed.
NIDQ_0711,Can you clarify this for me: Can you guide me about my NID application has been pending for a long time?,NID,NID_STATUS_AND_ACCESS,NID Status and Document Access,NID_STATUS_REGISTRATION_DELAY,New NID / Registration Delay,Medium,Formal,FALSE,,PARAPHRASED,NID_STATUS_REGISTRATION_DELAY_F01,Easy,FALSE,Synthetic NID core anchored in reviewed taxonomy include examples; automated semantic/structural validation only; no REAL provenance claimed.
NIDQ_0712,Why is my registration delayed?,NID,NID_STATUS_AND_ACCESS,NID Status and Document Access,NID_STATUS_REGISTRATION_DELAY,New NID / Registration Delay,Medium,Informal,FALSE,,SYNTHETIC,NID_STATUS_REGISTRATION_DELAY_F02,Medium,FALSE,Synthetic NID core anchored in reviewed taxonomy include examples; automated semantic/structural validation only; no REAL provenance claimed.
NIDQ_0713,Why is my registration delayed; what should I do next?,NID,NID_STATUS_AND_ACCESS,NID Status and Document Access,NID_STATUS_REGISTRATION_DELAY,New NID / Registration Delay,Medium,Informal,FALSE,,PARAPHRASED,NID_STATUS_REGISTRATION_DELAY_F02,Medium,FALSE,Synthetic NID core anchored in reviewed taxonomy include examples; automated semantic/structural validation only; no REAL provenance claimed.
NIDQ_0714,এই বিষয়ে সহায়তা চাই: Why is my registration delayed?,NID,NID_STATUS_AND_ACCESS,NID Status and Document Access,NID_STATUS_REGISTRATION_DELAY,New NID / Registration Delay,Medium,Informal,FALSE,,PARAPHRASED,NID_STATUS_REGISTRATION_DELAY_F02,Medium,FALSE,Synthetic NID core anchored in reviewed taxonomy include examples; automated semantic/structural validation only; no REAL provenance claimed.
NIDQ_0715,What are the next steps for i applied but still have not received any update?,NID,NID_STATUS_AND_ACCESS,NID Status and Document Access,NID_STATUS_REGISTRATION_DELAY,New NID / Registration Delay,Medium,Mixed,FALSE,,SYNTHETIC,NID_STATUS_REGISTRATION_DELAY_F03,Medium,FALSE,Synthetic NID core anchored in reviewed taxonomy include examples; automated semantic/structural validation only; no REAL provenance claimed.
NIDQ_0716,I am trying to understand this: What are the next steps for i applied but still have not received any update?,NID,NID_STATUS_AND_ACCESS,NID Status and Document Access,NID_STATUS_REGISTRATION_DELAY,New NID / Registration Delay,Medium,Mixed,FALSE,,PARAPHRASED,NID_STATUS_REGISTRATION_DELAY_F03,Medium,FALSE,Synthetic NID core anchored in reviewed taxonomy include examples; automated semantic/structural validation only; no REAL provenance claimed.
NIDQ_0717,I need guidance on this: What are the next steps for i applied but still have not received any update?,NID,NID_STATUS_AND_ACCESS,NID Status and Document Access,NID_STATUS_REGISTRATION_DELAY,New NID / Registration Delay,Medium,Mixed,FALSE,,PARAPHRASED,NID_STATUS_REGISTRATION_DELAY_F03,Medium,FALSE,Synthetic NID core anchored in reviewed taxonomy include examples; automated semantic/structural validation only; no REAL provenance claimed.
NIDQ_0718,How should I handle my voter registration is still incomplete?,NID,NID_STATUS_AND_ACCESS,NID Status and Document Access,NID_STATUS_REGISTRATION_DELAY,New NID / Registration Delay,Medium,Mixed,FALSE,,SYNTHETIC,NID_STATUS_REGISTRATION_DELAY_F04,Hard,FALSE,Synthetic NID core anchored in reviewed taxonomy include examples; automated semantic/structural validation only; no REAL provenance claimed.
NIDQ_0719,Could you explain How should I handle my voter registration is still incomplete?,NID,NID_STATUS_AND_ACCESS,NID Status and Document Access,NID_STATUS_REGISTRATION_DELAY,New NID / Registration Delay,Medium,Mixed,FALSE,,PARAPHRASED,NID_STATUS_REGISTRATION_DELAY_F04,Hard,FALSE,Synthetic NID core anchored in reviewed taxonomy include examples; automated semantic/structural validation only; no REAL provenance claimed.
NIDQ_0720,Please tell me the correct process: How should I handle my voter registration is still incomplete?,NID,NID_STATUS_AND_ACCESS,NID Status and Document Access,NID_STATUS_REGISTRATION_DELAY,New NID / Registration Delay,Medium,Mixed,FALSE,,PARAPHRASED,NID_STATUS_REGISTRATION_DELAY_F04,Hard,FALSE,Synthetic NID core anchored in reviewed taxonomy include examples; automated semantic/structural validation only; no REAL provenance claimed.
NIDQ_0721,How can I check my NID reissue status?,NID,NID_STATUS_AND_ACCESS,NID Status and Document Access,NID_STATUS_REPLACEMENT_APPLICATION,NID Replacement / Reissue Status,Low,Formal,FALSE,,SYNTHETIC,NID_STATUS_REPLACEMENT_APPLICATION_F01,Easy,FALSE,Synthetic NID core anchored in reviewed taxonomy include examples; automated semantic/structural validation only; no REAL provenance claimed.
NIDQ_0722,what steps should I follow to check my NID reissue status; what should I do next?,NID,NID_STATUS_AND_ACCESS,NID Status and Document Access,NID_STATUS_REPLACEMENT_APPLICATION,NID Replacement / Reissue Status,Low,Formal,FALSE,,PARAPHRASED,NID_STATUS_REPLACEMENT_APPLICATION_F01,Easy,FALSE,Synthetic NID core anchored in reviewed taxonomy include examples; automated semantic/structural validation only; no REAL provenance claimed.
NIDQ_0723,what steps should I follow to check my NID reissue status?,NID,NID_STATUS_AND_ACCESS,NID Status and Document Access,NID_STATUS_REPLACEMENT_APPLICATION,NID Replacement / Reissue Status,Low,Formal,FALSE,,PARAPHRASED,NID_STATUS_REPLACEMENT_APPLICATION_F01,Easy,FALSE,Synthetic NID core anchored in reviewed taxonomy include examples; automated semantic/structural validation only; no REAL provenance claimed.
NIDQ_0724,Where can I track my replacement application?,NID,NID_STATUS_AND_ACCESS,NID Status and Document Access,NID_STATUS_REPLACEMENT_APPLICATION,NID Replacement / Reissue Status,Low,Informal,FALSE,,SYNTHETIC,NID_STATUS_REPLACEMENT_APPLICATION_F02,Medium,FALSE,Synthetic NID core anchored in reviewed taxonomy include examples; automated semantic/structural validation only; no REAL provenance claimed.
NIDQ_0725,I am trying to understand this: Where is it possible to track my replacement application?,NID,NID_STATUS_AND_ACCESS,NID Status and Document Access,NID_STATUS_REPLACEMENT_APPLICATION,NID Replacement / Reissue Status,Low,Informal,FALSE,,PARAPHRASED,NID_STATUS_REPLACEMENT_APPLICATION_F02,Medium,FALSE,Synthetic NID core anchored in reviewed taxonomy include examples; automated semantic/structural validation only; no REAL provenance claimed.
NIDQ_0726,I need guidance on this: Where is it possible to track my replacement application?,NID,NID_STATUS_AND_ACCESS,NID Status and Document Access,NID_STATUS_REPLACEMENT_APPLICATION,NID Replacement / Reissue Status,Low,Informal,FALSE,,PARAPHRASED,NID_STATUS_REPLACEMENT_APPLICATION_F02,Medium,FALSE,Synthetic NID core anchored in reviewed taxonomy include examples; automated semantic/structural validation only; no REAL provenance claimed.
NIDQ_0727,Is my reissue application still pending?,NID,NID_STATUS_AND_ACCESS,NID Status and Document Access,NID_STATUS_REPLACEMENT_APPLICATION,NID Replacement / Reissue Status,Low,Mixed,FALSE,,SYNTHETIC,NID_STATUS_REPLACEMENT_APPLICATION_F03,Medium,FALSE,Synthetic NID core anchored in reviewed taxonomy include examples; automated semantic/structural validation only; no REAL provenance claimed.
NIDQ_0728,Could you explain Is my reissue application still pending?,NID,NID_STATUS_AND_ACCESS,NID Status and Document Access,NID_STATUS_REPLACEMENT_APPLICATION,NID Replacement / Reissue Status,Low,Mixed,FALSE,,PARAPHRASED,NID_STATUS_REPLACEMENT_APPLICATION_F03,Medium,FALSE,Synthetic NID core anchored in reviewed taxonomy include examples; automated semantic/structural validation only; no REAL provenance claimed.
NIDQ_0729,Please tell me the correct process: Is my reissue application still pending?,NID,NID_STATUS_AND_ACCESS,NID Status and Document Access,NID_STATUS_REPLACEMENT_APPLICATION,NID Replacement / Reissue Status,Low,Mixed,FALSE,,PARAPHRASED,NID_STATUS_REPLACEMENT_APPLICATION_F03,Medium,FALSE,Synthetic NID core anchored in reviewed taxonomy include examples; automated semantic/structural validation only; no REAL provenance claimed.
NIDQ_0730,What stage is my replacement application in?,NID,NID_STATUS_AND_ACCESS,NID Status and Document Access,NID_STATUS_REPLACEMENT_APPLICATION,NID Replacement / Reissue Status,Low,Mixed,FALSE,,SYNTHETIC,NID_STATUS_REPLACEMENT_APPLICATION_F04,Hard,FALSE,Synthetic NID core anchored in reviewed taxonomy include examples; automated semantic/structural validation only; no REAL provenance claimed.
NIDQ_0731,"For my case, What stage is my replacement application in?",NID,NID_STATUS_AND_ACCESS,NID Status and Document Access,NID_STATUS_REPLACEMENT_APPLICATION,NID Replacement / Reissue Status,Low,Mixed,FALSE,,PARAPHRASED,NID_STATUS_REPLACEMENT_APPLICATION_F04,Hard,FALSE,Synthetic NID core anchored in reviewed taxonomy include examples; automated semantic/structural validation only; no REAL provenance claimed.
NIDQ_0732,Can you clarify this for me: What stage is my replacement application in?,NID,NID_STATUS_AND_ACCESS,NID Status and Document Access,NID_STATUS_REPLACEMENT_APPLICATION,NID Replacement / Reissue Status,Low,Mixed,FALSE,,PARAPHRASED,NID_STATUS_REPLACEMENT_APPLICATION_F04,Hard,FALSE,Synthetic NID core anchored in reviewed taxonomy include examples; automated semantic/structural validation only; no REAL provenance claimed.
NIDQ_0733,How can I download my NID?,NID,NID_STATUS_AND_ACCESS,NID Status and Document Access,NID_ACCESS_DOWNLOAD,NID Download / Online Copy,Low,Formal,FALSE,,SYNTHETIC,NID_ACCESS_DOWNLOAD_F01,Easy,FALSE,Synthetic NID core anchored in reviewed taxonomy include examples; automated semantic/structural validation only; no REAL provenance claimed.
NIDQ_0734,I am trying to understand this: what steps should I follow to download my NID?,NID,NID_STATUS_AND_ACCESS,NID Status and Document Access,NID_ACCESS_DOWNLOAD,NID Download / Online Copy,Low,Formal,FALSE,,PARAPHRASED,NID_ACCESS_DOWNLOAD_F01,Easy,FALSE,Synthetic NID core anchored in reviewed taxonomy include examples; automated semantic/structural validation only; no REAL provenance claimed.
NIDQ_0735,I need guidance on this: what steps should I follow to download my NID?,NID,NID_STATUS_AND_ACCESS,NID Status and Document Access,NID_ACCESS_DOWNLOAD,NID Download / Online Copy,Low,Formal,FALSE,,PARAPHRASED,NID_ACCESS_DOWNLOAD_F01,Easy,FALSE,Synthetic NID core anchored in reviewed taxonomy include examples; automated semantic/structural validation only; no REAL provenance claimed.
NIDQ_0736,Where can I get an online NID copy?,NID,NID_STATUS_AND_ACCESS,NID Status and Document Access,NID_ACCESS_DOWNLOAD,NID Download / Online Copy,Low,Informal,FALSE,,SYNTHETIC,NID_ACCESS_DOWNLOAD_F02,Medium,FALSE,Synthetic NID core anchored in reviewed taxonomy include examples; automated semantic/structural validation only; no REAL provenance claimed.
NIDQ_0737,Could you explain Where is it possible to get an online NID copy?,NID,NID_STATUS_AND_ACCESS,NID Status and Document Access,NID_ACCESS_DOWNLOAD,NID Download / Online Copy,Low,Informal,FALSE,,PARAPHRASED,NID_ACCESS_DOWNLOAD_F02,Medium,FALSE,Synthetic NID core anchored in reviewed taxonomy include examples; automated semantic/structural validation only; no REAL provenance claimed.
NIDQ_0738,Please tell me the correct process: Where is it possible to get an online NID copy?,NID,NID_STATUS_AND_ACCESS,NID Status and Document Access,NID_ACCESS_DOWNLOAD,NID Download / Online Copy,Low,Informal,FALSE,,PARAPHRASED,NID_ACCESS_DOWNLOAD_F02,Medium,FALSE,Synthetic NID core anchored in reviewed taxonomy include examples; automated semantic/structural validation only; no REAL provenance claimed.
NIDQ_0739,Can I download a PDF copy of my NID?,NID,NID_STATUS_AND_ACCESS,NID Status and Document Access,NID_ACCESS_DOWNLOAD,NID Download / Online Copy,Low,Mixed,FALSE,,SYNTHETIC,NID_ACCESS_DOWNLOAD_F03,Medium,FALSE,Synthetic NID core anchored in reviewed taxonomy include examples; automated semantic/structural validation only; no REAL provenance claimed.
NIDQ_0740,"For my case, is it possible to download a PDF copy of my NID?",NID,NID_STATUS_AND_ACCESS,NID Status and Document Access,NID_ACCESS_DOWNLOAD,NID Download / Online Copy,Low,Mixed,FALSE,,PARAPHRASED,NID_ACCESS_DOWNLOAD_F03,Medium,FALSE,Synthetic NID core anchored in reviewed taxonomy include examples; automated semantic/structural validation only; no REAL provenance claimed.
NIDQ_0741,Can you clarify this for me: is it possible to download a PDF copy of my NID?,NID,NID_STATUS_AND_ACCESS,NID Status and Document Access,NID_ACCESS_DOWNLOAD,NID Download / Online Copy,Low,Mixed,FALSE,,PARAPHRASED,NID_ACCESS_DOWNLOAD_F03,Medium,FALSE,Synthetic NID core anchored in reviewed taxonomy include examples; automated semantic/structural validation only; no REAL provenance claimed.
NIDQ_0742,How do I obtain a digital NID copy?,NID,NID_STATUS_AND_ACCESS,NID Status and Document Access,NID_ACCESS_DOWNLOAD,NID Download / Online Copy,Low,Mixed,FALSE,,SYNTHETIC,NID_ACCESS_DOWNLOAD_F04,Hard,FALSE,Synthetic NID core anchored in reviewed taxonomy include examples; automated semantic/structural validation only; no REAL provenance claimed.
NIDQ_0743,what is the process to obtain a digital NID copy; what should I do next?,NID,NID_STATUS_AND_ACCESS,NID Status and Document Access,NID_ACCESS_DOWNLOAD,NID Download / Online Copy,Low,Mixed,FALSE,,PARAPHRASED,NID_ACCESS_DOWNLOAD_F04,Hard,FALSE,Synthetic NID core anchored in reviewed taxonomy include examples; automated semantic/structural validation only; no REAL provenance claimed.
NIDQ_0744,what is the process to obtain a digital NID copy?,NID,NID_STATUS_AND_ACCESS,NID Status and Document Access,NID_ACCESS_DOWNLOAD,NID Download / Online Copy,Low,Mixed,FALSE,,PARAPHRASED,NID_ACCESS_DOWNLOAD_F04,Hard,FALSE,Synthetic NID core anchored in reviewed taxonomy include examples; automated semantic/structural validation only; no REAL provenance claimed.
NIDQ_0745,How can I find my NID number?,NID,NID_STATUS_AND_ACCESS,NID Status and Document Access,NID_ACCESS_NUMBER_RETRIEVAL,NID Number Retrieval,Low,Formal,FALSE,,SYNTHETIC,NID_ACCESS_NUMBER_RETRIEVAL_F01,Easy,FALSE,Synthetic NID core anchored in reviewed taxonomy include examples; automated semantic/structural validation only; no REAL provenance claimed.
NIDQ_0746,Could you explain what steps should I follow to find my NID number?,NID,NID_STATUS_AND_ACCESS,NID Status and Document Access,NID_ACCESS_NUMBER_RETRIEVAL,NID Number Retrieval,Low,Formal,FALSE,,PARAPHRASED,NID_ACCESS_NUMBER_RETRIEVAL_F01,Easy,FALSE,Synthetic NID core anchored in reviewed taxonomy include examples; automated semantic/structural validation only; no REAL provenance claimed.
NIDQ_0747,Please tell me the correct process: what steps should I follow to find my NID number?,NID,NID_STATUS_AND_ACCESS,NID Status and Document Access,NID_ACCESS_NUMBER_RETRIEVAL,NID Number Retrieval,Low,Formal,FALSE,,PARAPHRASED,NID_ACCESS_NUMBER_RETRIEVAL_F01,Easy,FALSE,Synthetic NID core anchored in reviewed taxonomy include examples; automated semantic/structural validation only; no REAL provenance claimed.
NIDQ_0748,I have a question about i forgot my NID number. What is the process?,NID,NID_STATUS_AND_ACCESS,NID Status and Document Access,NID_ACCESS_NUMBER_RETRIEVAL,NID Number Retrieval,Low,Informal,FALSE,,SYNTHETIC,NID_ACCESS_NUMBER_RETRIEVAL_F02,Medium,FALSE,Synthetic NID core anchored in reviewed taxonomy include examples; automated semantic/structural validation only; no REAL provenance claimed.
NIDQ_0749,"For my case, I have a question about i forgot my NID number. What is the process?",NID,NID_STATUS_AND_ACCESS,NID Status and Document Access,NID_ACCESS_NUMBER_RETRIEVAL,NID Number Retrieval,Low,Informal,FALSE,,PARAPHRASED,NID_ACCESS_NUMBER_RETRIEVAL_F02,Medium,FALSE,Synthetic NID core anchored in reviewed taxonomy include examples; automated semantic/structural validation only; no REAL provenance claimed.
NIDQ_0750,Can you clarify this for me: I have a question about i forgot my NID number. What is the process?,NID,NID_STATUS_AND_ACCESS,NID Status and Document Access,NID_ACCESS_NUMBER_RETRIEVAL,NID Number Retrieval,Low,Informal,FALSE,,PARAPHRASED,NID_ACCESS_NUMBER_RETRIEVAL_F02,Medium,FALSE,Synthetic NID core anchored in reviewed taxonomy include examples; automated semantic/structural validation only; no REAL provenance claimed.
NIDQ_0751,Where can I retrieve my NID number?,NID,NID_STATUS_AND_ACCESS,NID Status and Document Access,NID_ACCESS_NUMBER_RETRIEVAL,NID Number Retrieval,Low,Mixed,FALSE,,SYNTHETIC,NID_ACCESS_NUMBER_RETRIEVAL_F03,Medium,FALSE,Synthetic NID core anchored in reviewed taxonomy include examples; automated semantic/structural validation only; no REAL provenance claimed.
NIDQ_0752,Where is it possible to retrieve my NID number; what should I do next?,NID,NID_STATUS_AND_ACCESS,NID Status and Document Access,NID_ACCESS_NUMBER_RETRIEVAL,NID Number Retrieval,Low,Mixed,FALSE,,PARAPHRASED,NID_ACCESS_NUMBER_RETRIEVAL_F03,Medium,FALSE,Synthetic NID core anchored in reviewed taxonomy include examples; automated semantic/structural validation only; no REAL provenance claimed.
NIDQ_0753,Where is it possible to retrieve my NID number?,NID,NID_STATUS_AND_ACCESS,NID Status and Document Access,NID_ACCESS_NUMBER_RETRIEVAL,NID Number Retrieval,Low,Mixed,FALSE,,PARAPHRASED,NID_ACCESS_NUMBER_RETRIEVAL_F03,Medium,FALSE,Synthetic NID core anchored in reviewed taxonomy include examples; automated semantic/structural validation only; no REAL provenance claimed.
NIDQ_0754,Can I find my NID number online?,NID,NID_STATUS_AND_ACCESS,NID Status and Document Access,NID_ACCESS_NUMBER_RETRIEVAL,NID Number Retrieval,Low,Mixed,FALSE,,SYNTHETIC,NID_ACCESS_NUMBER_RETRIEVAL_F04,Hard,FALSE,Synthetic NID core anchored in reviewed taxonomy include examples; automated semantic/structural validation only; no REAL provenance claimed.
NIDQ_0755,I am trying to understand this: is it possible to find my NID number online?,NID,NID_STATUS_AND_ACCESS,NID Status and Document Access,NID_ACCESS_NUMBER_RETRIEVAL,NID Number Retrieval,Low,Mixed,FALSE,,PARAPHRASED,NID_ACCESS_NUMBER_RETRIEVAL_F04,Hard,FALSE,Synthetic NID core anchored in reviewed taxonomy include examples; automated semantic/structural validation only; no REAL provenance claimed.
NIDQ_0756,I need guidance on this: is it possible to find my NID number online?,NID,NID_STATUS_AND_ACCESS,NID Status and Document Access,NID_ACCESS_NUMBER_RETRIEVAL,NID Number Retrieval,Low,Mixed,FALSE,,PARAPHRASED,NID_ACCESS_NUMBER_RETRIEVAL_F04,Hard,FALSE,Synthetic NID core anchored in reviewed taxonomy include examples; automated semantic/structural validation only; no REAL provenance claimed.
NIDQ_0757,How do I change my voter area?,NID,NID_VOTER_SERVICES,Voter Record and Electoral Services,NID_VOTER_AREA_TRANSFER,Voter Area Transfer,Low,Formal,FALSE,,SYNTHETIC,NID_VOTER_AREA_TRANSFER_F01,Easy,FALSE,Synthetic NID core anchored in reviewed taxonomy include examples; automated semantic/structural validation only; no REAL provenance claimed.
NIDQ_0758,"For my case, what is the process to change my voter area?",NID,NID_VOTER_SERVICES,Voter Record and Electoral Services,NID_VOTER_AREA_TRANSFER,Voter Area Transfer,Low,Formal,FALSE,,PARAPHRASED,NID_VOTER_AREA_TRANSFER_F01,Easy,FALSE,Synthetic NID core anchored in reviewed taxonomy include examples; automated semantic/structural validation only; no REAL provenance claimed.
NIDQ_0759,Can you clarify this for me: what is the process to change my voter area?,NID,NID_VOTER_SERVICES,Voter Record and Electoral Services,NID_VOTER_AREA_TRANSFER,Voter Area Transfer,Low,Formal,FALSE,,PARAPHRASED,NID_VOTER_AREA_TRANSFER_F01,Easy,FALSE,Synthetic NID core anchored in reviewed taxonomy include examples; automated semantic/structural validation only; no REAL provenance claimed.
NIDQ_0760,I moved to another area; how do I transfer my voter record?,NID,NID_VOTER_SERVICES,Voter Record and Electoral Services,NID_VOTER_AREA_TRANSFER,Voter Area Transfer,Low,Informal,FALSE,,SYNTHETIC,NID_VOTER_AREA_TRANSFER_F02,Medium,FALSE,Synthetic NID core anchored in reviewed taxonomy include examples; automated semantic/structural validation only; no REAL provenance claimed.
NIDQ_0761,I moved to another area; what is the process to transfer my voter record; what should I do next?,NID,NID_VOTER_SERVICES,Voter Record and Electoral Services,NID_VOTER_AREA_TRANSFER,Voter Area Transfer,Low,Informal,FALSE,,PARAPHRASED,NID_VOTER_AREA_TRANSFER_F02,Medium,FALSE,Synthetic NID core anchored in reviewed taxonomy include examples; automated semantic/structural validation only; no REAL provenance claimed.
NIDQ_0762,I moved to another area; what is the process to transfer my voter record?,NID,NID_VOTER_SERVICES,Voter Record and Electoral Services,NID_VOTER_AREA_TRANSFER,Voter Area Transfer,Low,Informal,FALSE,,PARAPHRASED,NID_VOTER_AREA_TRANSFER_F02,Medium,FALSE,Synthetic NID core anchored in reviewed taxonomy include examples; automated semantic/structural validation only; no REAL provenance claimed.
NIDQ_0763,Can I transfer from one upazila to another?,NID,NID_VOTER_SERVICES,Voter Record and Electoral Services,NID_VOTER_AREA_TRANSFER,Voter Area Transfer,Low,Mixed,FALSE,,SYNTHETIC,NID_VOTER_AREA_TRANSFER_F03,Medium,FALSE,Synthetic NID core anchored in reviewed taxonomy include examples; automated semantic/structural validation only; no REAL provenance claimed.
NIDQ_0764,I am trying to understand this: is it possible to transfer from one upazila to another?,NID,NID_VOTER_SERVICES,Voter Record and Electoral Services,NID_VOTER_AREA_TRANSFER,Voter Area Transfer,Low,Mixed,FALSE,,PARAPHRASED,NID_VOTER_AREA_TRANSFER_F03,Medium,FALSE,Synthetic NID core anchored in reviewed taxonomy include examples; automated semantic/structural validation only; no REAL provenance claimed.
NIDQ_0765,I need guidance on this: is it possible to transfer from one upazila to another?,NID,NID_VOTER_SERVICES,Voter Record and Electoral Services,NID_VOTER_AREA_TRANSFER,Voter Area Transfer,Low,Mixed,FALSE,,PARAPHRASED,NID_VOTER_AREA_TRANSFER_F03,Medium,FALSE,Synthetic NID core anchored in reviewed taxonomy include examples; automated semantic/structural validation only; no REAL provenance claimed.
NIDQ_0766,How does my voter area still shows my old location work?,NID,NID_VOTER_SERVICES,Voter Record and Electoral Services,NID_VOTER_AREA_TRANSFER,Voter Area Transfer,Low,Mixed,FALSE,,SYNTHETIC,NID_VOTER_AREA_TRANSFER_F04,Hard,FALSE,Synthetic NID core anchored in reviewed taxonomy include examples; automated semantic/structural validation only; no REAL provenance claimed.
NIDQ_0767,Could you explain How does my voter area still shows my old location work?,NID,NID_VOTER_SERVICES,Voter Record and Electoral Services,NID_VOTER_AREA_TRANSFER,Voter Area Transfer,Low,Mixed,FALSE,,PARAPHRASED,NID_VOTER_AREA_TRANSFER_F04,Hard,FALSE,Synthetic NID core anchored in reviewed taxonomy include examples; automated semantic/structural validation only; no REAL provenance claimed.
NIDQ_0768,Please tell me the correct process: How does my voter area still shows my old location work?,NID,NID_VOTER_SERVICES,Voter Record and Electoral Services,NID_VOTER_AREA_TRANSFER,Voter Area Transfer,Low,Mixed,FALSE,,PARAPHRASED,NID_VOTER_AREA_TRANSFER_F04,Hard,FALSE,Synthetic NID core anchored in reviewed taxonomy include examples; automated semantic/structural validation only; no REAL provenance claimed.
NIDQ_0769,Where is my vote center?,NID,NID_VOTER_SERVICES,Voter Record and Electoral Services,NID_VOTER_CENTER_INFORMATION,Vote Center Information,Low,Formal,FALSE,,SYNTHETIC,NID_VOTER_CENTER_INFORMATION_F01,Easy,FALSE,Synthetic NID core anchored in reviewed taxonomy include examples; automated semantic/structural validation only; no REAL provenance claimed.
NIDQ_0770,Where is my vote center; what should I do next?,NID,NID_VOTER_SERVICES,Voter Record and Electoral Services,NID_VOTER_CENTER_INFORMATION,Vote Center Information,Low,Formal,FALSE,,PARAPHRASED,NID_VOTER_CENTER_INFORMATION_F01,Easy,FALSE,Synthetic NID core anchored in reviewed taxonomy include examples; automated semantic/structural validation only; no REAL provenance claimed.
NIDQ_0771,এই বিষয়ে সহায়তা চাই: Where is my vote center?,NID,NID_VOTER_SERVICES,Voter Record and Electoral Services,NID_VOTER_CENTER_INFORMATION,Vote Center Information,Low,Formal,FALSE,,PARAPHRASED,NID_VOTER_CENTER_INFORMATION_F01,Easy,FALSE,Synthetic NID core anchored in reviewed taxonomy include examples; automated semantic/structural validation only; no REAL provenance claimed.
NIDQ_0772,How can I find my polling center?,NID,NID_VOTER_SERVICES,Voter Record and Electoral Services,NID_VOTER_CENTER_INFORMATION,Vote Center Information,Low,Informal,FALSE,,SYNTHETIC,NID_VOTER_CENTER_INFORMATION_F02,Medium,FALSE,Synthetic NID core anchored in reviewed taxonomy include examples; automated semantic/structural validation only; no REAL provenance claimed.
NIDQ_0773,I am trying to understand this: what steps should I follow to find my polling center?,NID,NID_VOTER_SERVICES,Voter Record and Electoral Services,NID_VOTER_CENTER_INFORMATION,Vote Center Information,Low,Informal,FALSE,,PARAPHRASED,NID_VOTER_CENTER_INFORMATION_F02,Medium,FALSE,Synthetic NID core anchored in reviewed taxonomy include examples; automated semantic/structural validation only; no REAL provenance claimed.
NIDQ_0774,I need guidance on this: what steps should I follow to find my polling center?,NID,NID_VOTER_SERVICES,Voter Record and Electoral Services,NID_VOTER_CENTER_INFORMATION,Vote Center Information,Low,Informal,FALSE,,PARAPHRASED,NID_VOTER_CENTER_INFORMATION_F02,Medium,FALSE,Synthetic NID core anchored in reviewed taxonomy include examples; automated semantic/structural validation only; no REAL provenance claimed.
NIDQ_0775,Which center am I assigned to?,NID,NID_VOTER_SERVICES,Voter Record and Electoral Services,NID_VOTER_CENTER_INFORMATION,Vote Center Information,Low,Mixed,FALSE,,SYNTHETIC,NID_VOTER_CENTER_INFORMATION_F03,Medium,FALSE,Synthetic NID core anchored in reviewed taxonomy include examples; automated semantic/structural validation only; no REAL provenance claimed.
NIDQ_0776,Could you explain Which center am I assigned to?,NID,NID_VOTER_SERVICES,Voter Record and Electoral Services,NID_VOTER_CENTER_INFORMATION,Vote Center Information,Low,Mixed,FALSE,,PARAPHRASED,NID_VOTER_CENTER_INFORMATION_F03,Medium,FALSE,Synthetic NID core anchored in reviewed taxonomy include examples; automated semantic/structural validation only; no REAL provenance claimed.
NIDQ_0777,Please tell me the correct process: Which center am I assigned to?,NID,NID_VOTER_SERVICES,Voter Record and Electoral Services,NID_VOTER_CENTER_INFORMATION,Vote Center Information,Low,Mixed,FALSE,,PARAPHRASED,NID_VOTER_CENTER_INFORMATION_F03,Medium,FALSE,Synthetic NID core anchored in reviewed taxonomy include examples; automated semantic/structural validation only; no REAL provenance claimed.
NIDQ_0778,How can I check my vote-center information?,NID,NID_VOTER_SERVICES,Voter Record and Electoral Services,NID_VOTER_CENTER_INFORMATION,Vote Center Information,Low,Mixed,FALSE,,SYNTHETIC,NID_VOTER_CENTER_INFORMATION_F04,Hard,FALSE,Synthetic NID core anchored in reviewed taxonomy include examples; automated semantic/structural validation only; no REAL provenance claimed.
NIDQ_0779,"For my case, what steps should I follow to check my vote-center information?",NID,NID_VOTER_SERVICES,Voter Record and Electoral Services,NID_VOTER_CENTER_INFORMATION,Vote Center Information,Low,Mixed,FALSE,,PARAPHRASED,NID_VOTER_CENTER_INFORMATION_F04,Hard,FALSE,Synthetic NID core anchored in reviewed taxonomy include examples; automated semantic/structural validation only; no REAL provenance claimed.
NIDQ_0780,Can you clarify this for me: what steps should I follow to check my vote-center information?,NID,NID_VOTER_SERVICES,Voter Record and Electoral Services,NID_VOTER_CENTER_INFORMATION,Vote Center Information,Low,Mixed,FALSE,,PARAPHRASED,NID_VOTER_CENTER_INFORMATION_F04,Hard,FALSE,Synthetic NID core anchored in reviewed taxonomy include examples; automated semantic/structural validation only; no REAL provenance claimed.
NIDQ_0781,How do I report a deceased voter?,NID,NID_VOTER_SERVICES,Voter Record and Electoral Services,NID_VOTER_DECEASED_DELETION,Deceased Voter Record / Voter Deletion,Low,Formal,FALSE,,SYNTHETIC,NID_VOTER_DECEASED_DELETION_F01,Easy,FALSE,Synthetic NID core anchored in reviewed taxonomy include examples; automated semantic/structural validation only; no REAL provenance claimed.
NIDQ_0782,I am trying to understand this: what is the process to report a deceased voter?,NID,NID_VOTER_SERVICES,Voter Record and Electoral Services,NID_VOTER_DECEASED_DELETION,Deceased Voter Record / Voter Deletion,Low,Formal,FALSE,,PARAPHRASED,NID_VOTER_DECEASED_DELETION_F01,Easy,FALSE,Synthetic NID core anchored in reviewed taxonomy include examples; automated semantic/structural validation only; no REAL provenance claimed.
NIDQ_0783,I need guidance on this: what is the process to report a deceased voter?,NID,NID_VOTER_SERVICES,Voter Record and Electoral Services,NID_VOTER_DECEASED_DELETION,Deceased Voter Record / Voter Deletion,Low,Formal,FALSE,,PARAPHRASED,NID_VOTER_DECEASED_DELETION_F01,Easy,FALSE,Synthetic NID core anchored in reviewed taxonomy include examples; automated semantic/structural validation only; no REAL provenance claimed.
NIDQ_0784,How is a deceased person's voter record updated?,NID,NID_VOTER_SERVICES,Voter Record and Electoral Services,NID_VOTER_DECEASED_DELETION,Deceased Voter Record / Voter Deletion,Low,Informal,FALSE,,SYNTHETIC,NID_VOTER_DECEASED_DELETION_F02,Medium,FALSE,Synthetic NID core anchored in reviewed taxonomy include examples; automated semantic/structural validation only; no REAL provenance claimed.
NIDQ_0785,Could you explain How is a deceased person's voter record updated?,NID,NID_VOTER_SERVICES,Voter Record and Electoral Services,NID_VOTER_DECEASED_DELETION,Deceased Voter Record / Voter Deletion,Low,Informal,FALSE,,PARAPHRASED,NID_VOTER_DECEASED_DELETION_F02,Medium,FALSE,Synthetic NID core anchored in reviewed taxonomy include examples; automated semantic/structural validation only; no REAL provenance claimed.
NIDQ_0786,Please tell me the correct process: How is a deceased person's voter record updated?,NID,NID_VOTER_SERVICES,Voter Record and Electoral Services,NID_VOTER_DECEASED_DELETION,Deceased Voter Record / Voter Deletion,Low,Informal,FALSE,,PARAPHRASED,NID_VOTER_DECEASED_DELETION_F02,Medium,FALSE,Synthetic NID core anchored in reviewed taxonomy include examples; automated semantic/structural validation only; no REAL provenance claimed.
NIDQ_0787,How can a deceased voter be removed from the voter list?,NID,NID_VOTER_SERVICES,Voter Record and Electoral Services,NID_VOTER_DECEASED_DELETION,Deceased Voter Record / Voter Deletion,Low,Mixed,FALSE,,SYNTHETIC,NID_VOTER_DECEASED_DELETION_F03,Medium,FALSE,Synthetic NID core anchored in reviewed taxonomy include examples; automated semantic/structural validation only; no REAL provenance claimed.
NIDQ_0788,"For my case, How can a deceased voter be removed from the voter list?",NID,NID_VOTER_SERVICES,Voter Record and Electoral Services,NID_VOTER_DECEASED_DELETION,Deceased Voter Record / Voter Deletion,Low,Mixed,FALSE,,PARAPHRASED,NID_VOTER_DECEASED_DELETION_F03,Medium,FALSE,Synthetic NID core anchored in reviewed taxonomy include examples; automated semantic/structural validation only; no REAL provenance claimed.
NIDQ_0789,Can you clarify this for me: How can a deceased voter be removed from the voter list?,NID,NID_VOTER_SERVICES,Voter Record and Electoral Services,NID_VOTER_DECEASED_DELETION,Deceased Voter Record / Voter Deletion,Low,Mixed,FALSE,,PARAPHRASED,NID_VOTER_DECEASED_DELETION_F03,Medium,FALSE,Synthetic NID core anchored in reviewed taxonomy include examples; automated semantic/structural validation only; no REAL provenance claimed.
NIDQ_0790,What documents are required for deceased-voter record handling?,NID,NID_VOTER_SERVICES,Voter Record and Electoral Services,NID_VOTER_DECEASED_DELETION,Deceased Voter Record / Voter Deletion,Low,Mixed,FALSE,,SYNTHETIC,NID_VOTER_DECEASED_DELETION_F04,Hard,FALSE,Synthetic NID core anchored in reviewed taxonomy include examples; automated semantic/structural validation only; no REAL provenance claimed.
NIDQ_0791,which documents are required for deceased-voter record handling; what should I do next?,NID,NID_VOTER_SERVICES,Voter Record and Electoral Services,NID_VOTER_DECEASED_DELETION,Deceased Voter Record / Voter Deletion,Low,Mixed,FALSE,,PARAPHRASED,NID_VOTER_DECEASED_DELETION_F04,Hard,FALSE,Synthetic NID core anchored in reviewed taxonomy include examples; automated semantic/structural validation only; no REAL provenance claimed.
NIDQ_0792,which documents are required for deceased-voter record handling?,NID,NID_VOTER_SERVICES,Voter Record and Electoral Services,NID_VOTER_DECEASED_DELETION,Deceased Voter Record / Voter Deletion,Low,Mixed,FALSE,,PARAPHRASED,NID_VOTER_DECEASED_DELETION_F04,Hard,FALSE,Synthetic NID core anchored in reviewed taxonomy include examples; automated semantic/structural validation only; no REAL provenance claimed.
NIDQ_0793,Does NID service require a fee?,NID,NID_FEES_AND_PAYMENT,NID Fees and Payment,NID_FEES_GENERAL_INFORMATION,General NID Fee Information,Low,Formal,FALSE,,SYNTHETIC,NID_FEES_GENERAL_INFORMATION_F01,Easy,FALSE,Synthetic NID core anchored in reviewed taxonomy include examples; automated semantic/structural validation only; no REAL provenance claimed.
NIDQ_0794,Could you explain Does NID service require a fee?,NID,NID_FEES_AND_PAYMENT,NID Fees and Payment,NID_FEES_GENERAL_INFORMATION,General NID Fee Information,Low,Formal,FALSE,,PARAPHRASED,NID_FEES_GENERAL_INFORMATION_F01,Easy,FALSE,Synthetic NID core anchored in reviewed taxonomy include examples; automated semantic/structural validation only; no REAL provenance claimed.
NIDQ_0795,Please tell me the correct process: Does NID service require a fee?,NID,NID_FEES_AND_PAYMENT,NID Fees and Payment,NID_FEES_GENERAL_INFORMATION,General NID Fee Information,Low,Formal,FALSE,,PARAPHRASED,NID_FEES_GENERAL_INFORMATION_F01,Easy,FALSE,Synthetic NID core anchored in reviewed taxonomy include examples; automated semantic/structural validation only; no REAL provenance claimed.
NIDQ_0796,What are the NID service fees?,NID,NID_FEES_AND_PAYMENT,NID Fees and Payment,NID_FEES_GENERAL_INFORMATION,General NID Fee Information,Low,Informal,FALSE,,SYNTHETIC,NID_FEES_GENERAL_INFORMATION_F02,Medium,FALSE,Synthetic NID core anchored in reviewed taxonomy include examples; automated semantic/structural validation only; no REAL provenance claimed.
NIDQ_0797,"For my case, What are the NID service fees?",NID,NID_FEES_AND_PAYMENT,NID Fees and Payment,NID_FEES_GENERAL_INFORMATION,General NID Fee Information,Low,Informal,FALSE,,PARAPHRASED,NID_FEES_GENERAL_INFORMATION_F02,Medium,FALSE,Synthetic NID core anchored in reviewed taxonomy include examples; automated semantic/structural validation only; no REAL provenance claimed.
NIDQ_0798,Can you clarify this for me: What are the NID service fees?,NID,NID_FEES_AND_PAYMENT,NID Fees and Payment,NID_FEES_GENERAL_INFORMATION,General NID Fee Information,Low,Informal,FALSE,,PARAPHRASED,NID_FEES_GENERAL_INFORMATION_F02,Medium,FALSE,Synthetic NID core anchored in reviewed taxonomy include examples; automated semantic/structural validation only; no REAL provenance claimed.
NIDQ_0799,Where can I find the NID fee list?,NID,NID_FEES_AND_PAYMENT,NID Fees and Payment,NID_FEES_GENERAL_INFORMATION,General NID Fee Information,Low,Mixed,FALSE,,SYNTHETIC,NID_FEES_GENERAL_INFORMATION_F03,Medium,FALSE,Synthetic NID core anchored in reviewed taxonomy include examples; automated semantic/structural validation only; no REAL provenance claimed.
NIDQ_0800,Where is it possible to find the NID fee list; what should I do next?,NID,NID_FEES_AND_PAYMENT,NID Fees and Payment,NID_FEES_GENERAL_INFORMATION,General NID Fee Information,Low,Mixed,FALSE,,PARAPHRASED,NID_FEES_GENERAL_INFORMATION_F03,Medium,FALSE,Synthetic NID core anchored in reviewed taxonomy include examples; automated semantic/structural validation only; no REAL provenance claimed.
NIDQ_0801,Where is it possible to find the NID fee list?,NID,NID_FEES_AND_PAYMENT,NID Fees and Payment,NID_FEES_GENERAL_INFORMATION,General NID Fee Information,Low,Mixed,FALSE,,PARAPHRASED,NID_FEES_GENERAL_INFORMATION_F03,Medium,FALSE,Synthetic NID core anchored in reviewed taxonomy include examples; automated semantic/structural validation only; no REAL provenance claimed.
NIDQ_0802,How much do NID services cost?,NID,NID_FEES_AND_PAYMENT,NID Fees and Payment,NID_FEES_GENERAL_INFORMATION,General NID Fee Information,Low,Mixed,FALSE,,SYNTHETIC,NID_FEES_GENERAL_INFORMATION_F04,Hard,FALSE,Synthetic NID core anchored in reviewed taxonomy include examples; automated semantic/structural validation only; no REAL provenance claimed.
NIDQ_0803,I am trying to understand this: How much do NID services cost?,NID,NID_FEES_AND_PAYMENT,NID Fees and Payment,NID_FEES_GENERAL_INFORMATION,General NID Fee Information,Low,Mixed,FALSE,,PARAPHRASED,NID_FEES_GENERAL_INFORMATION_F04,Hard,FALSE,Synthetic NID core anchored in reviewed taxonomy include examples; automated semantic/structural validation only; no REAL provenance claimed.
NIDQ_0804,I need guidance on this: How much do NID services cost?,NID,NID_FEES_AND_PAYMENT,NID Fees and Payment,NID_FEES_GENERAL_INFORMATION,General NID Fee Information,Low,Mixed,FALSE,,PARAPHRASED,NID_FEES_GENERAL_INFORMATION_F04,Hard,FALSE,Synthetic NID core anchored in reviewed taxonomy include examples; automated semantic/structural validation only; no REAL provenance claimed.
NIDQ_0805,How much is the new NID registration fee?,NID,NID_FEES_AND_PAYMENT,NID Fees and Payment,NID_FEES_SERVICE_SPECIFIC,Service-Specific NID Fee,Low,Formal,FALSE,,SYNTHETIC,NID_FEES_SERVICE_SPECIFIC_F01,Easy,FALSE,Synthetic NID core anchored in reviewed taxonomy include examples; automated semantic/structural validation only; no REAL provenance claimed.
NIDQ_0806,"For my case, How much is the new NID registration fee?",NID,NID_FEES_AND_PAYMENT,NID Fees and Payment,NID_FEES_SERVICE_SPECIFIC,Service-Specific NID Fee,Low,Formal,FALSE,,PARAPHRASED,NID_FEES_SERVICE_SPECIFIC_F01,Easy,FALSE,Synthetic NID core anchored in reviewed taxonomy include examples; automated semantic/structural validation only; no REAL provenance claimed.
NIDQ_0807,Can you clarify this for me: How much is the new NID registration fee?,NID,NID_FEES_AND_PAYMENT,NID Fees and Payment,NID_FEES_SERVICE_SPECIFIC,Service-Specific NID Fee,Low,Formal,FALSE,,PARAPHRASED,NID_FEES_SERVICE_SPECIFIC_F01,Easy,FALSE,Synthetic NID core anchored in reviewed taxonomy include examples; automated semantic/structural validation only; no REAL provenance claimed.
NIDQ_0808,Is first-time voter registration free?,NID,NID_FEES_AND_PAYMENT,NID Fees and Payment,NID_FEES_SERVICE_SPECIFIC,Service-Specific NID Fee,Low,Informal,FALSE,,SYNTHETIC,NID_FEES_SERVICE_SPECIFIC_F02,Medium,FALSE,Synthetic NID core anchored in reviewed taxonomy include examples; automated semantic/structural validation only; no REAL provenance claimed.
NIDQ_0809,Is first-time voter registration free; what should I do next?,NID,NID_FEES_AND_PAYMENT,NID Fees and Payment,NID_FEES_SERVICE_SPECIFIC,Service-Specific NID Fee,Low,Informal,FALSE,,PARAPHRASED,NID_FEES_SERVICE_SPECIFIC_F02,Medium,FALSE,Synthetic NID core anchored in reviewed taxonomy include examples; automated semantic/structural validation only; no REAL provenance claimed.
NIDQ_0810,এই বিষয়ে সহায়তা চাই: Is first-time voter registration free?,NID,NID_FEES_AND_PAYMENT,NID Fees and Payment,NID_FEES_SERVICE_SPECIFIC,Service-Specific NID Fee,Low,Informal,FALSE,,PARAPHRASED,NID_FEES_SERVICE_SPECIFIC_F02,Medium,FALSE,Synthetic NID core anchored in reviewed taxonomy include examples; automated semantic/structural validation only; no REAL provenance claimed.
NIDQ_0811,How much does NID replacement cost?,NID,NID_FEES_AND_PAYMENT,NID Fees and Payment,NID_FEES_SERVICE_SPECIFIC,Service-Specific NID Fee,Low,Mixed,FALSE,,SYNTHETIC,NID_FEES_SERVICE_SPECIFIC_F03,Medium,FALSE,Synthetic NID core anchored in reviewed taxonomy include examples; automated semantic/structural validation only; no REAL provenance claimed.
NIDQ_0812,I am trying to understand this: How much does NID replacement cost?,NID,NID_FEES_AND_PAYMENT,NID Fees and Payment,NID_FEES_SERVICE_SPECIFIC,Service-Specific NID Fee,Low,Mixed,FALSE,,PARAPHRASED,NID_FEES_SERVICE_SPECIFIC_F03,Medium,FALSE,Synthetic NID core anchored in reviewed taxonomy include examples; automated semantic/structural validation only; no REAL provenance claimed.
NIDQ_0813,I need guidance on this: How much does NID replacement cost?,NID,NID_FEES_AND_PAYMENT,NID Fees and Payment,NID_FEES_SERVICE_SPECIFIC,Service-Specific NID Fee,Low,Mixed,FALSE,,PARAPHRASED,NID_FEES_SERVICE_SPECIFIC_F03,Medium,FALSE,Synthetic NID core anchored in reviewed taxonomy include examples; automated semantic/structural validation only; no REAL provenance claimed.
NIDQ_0814,What is the NID reissue fee?,NID,NID_FEES_AND_PAYMENT,NID Fees and Payment,NID_FEES_SERVICE_SPECIFIC,Service-Specific NID Fee,Low,Mixed,FALSE,,SYNTHETIC,NID_FEES_SERVICE_SPECIFIC_F04,Hard,FALSE,Synthetic NID core anchored in reviewed taxonomy include examples; automated semantic/structural validation only; no REAL provenance claimed.
NIDQ_0815,Could you explain What is the NID reissue fee?,NID,NID_FEES_AND_PAYMENT,NID Fees and Payment,NID_FEES_SERVICE_SPECIFIC,Service-Specific NID Fee,Low,Mixed,FALSE,,PARAPHRASED,NID_FEES_SERVICE_SPECIFIC_F04,Hard,FALSE,Synthetic NID core anchored in reviewed taxonomy include examples; automated semantic/structural validation only; no REAL provenance claimed.
NIDQ_0816,Please tell me the correct process: What is the NID reissue fee?,NID,NID_FEES_AND_PAYMENT,NID Fees and Payment,NID_FEES_SERVICE_SPECIFIC,Service-Specific NID Fee,Low,Mixed,FALSE,,PARAPHRASED,NID_FEES_SERVICE_SPECIFIC_F04,Hard,FALSE,Synthetic NID core anchored in reviewed taxonomy include examples; automated semantic/structural validation only; no REAL provenance claimed.
NIDQ_0817,How do I pay the NID fee?,NID,NID_FEES_AND_PAYMENT,NID Fees and Payment,NID_PAYMENT_METHOD,NID Payment Method,Low,Formal,FALSE,,SYNTHETIC,NID_PAYMENT_METHOD_F01,Easy,FALSE,Synthetic NID core anchored in reviewed taxonomy include examples; automated semantic/structural validation only; no REAL provenance claimed.
NIDQ_0818,what is the process to pay the NID fee; what should I do next?,NID,NID_FEES_AND_PAYMENT,NID Fees and Payment,NID_PAYMENT_METHOD,NID Payment Method,Low,Formal,FALSE,,PARAPHRASED,NID_PAYMENT_METHOD_F01,Easy,FALSE,Synthetic NID core anchored in reviewed taxonomy include examples; automated semantic/structural validation only; no REAL provenance claimed.
NIDQ_0819,what is the process to pay the NID fee?,NID,NID_FEES_AND_PAYMENT,NID Fees and Payment,NID_PAYMENT_METHOD,NID Payment Method,Low,Formal,FALSE,,PARAPHRASED,NID_PAYMENT_METHOD_F01,Easy,FALSE,Synthetic NID core anchored in reviewed taxonomy include examples; automated semantic/structural validation only; no REAL provenance claimed.
NIDQ_0820,Can I pay online?,NID,NID_FEES_AND_PAYMENT,NID Fees and Payment,NID_PAYMENT_METHOD,NID Payment Method,Low,Informal,FALSE,,SYNTHETIC,NID_PAYMENT_METHOD_F02,Medium,FALSE,Synthetic NID core anchored in reviewed taxonomy include examples; automated semantic/structural validation only; no REAL provenance claimed.
NIDQ_0821,I am trying to understand this: is it possible to pay online?,NID,NID_FEES_AND_PAYMENT,NID Fees and Payment,NID_PAYMENT_METHOD,NID Payment Method,Low,Informal,FALSE,,PARAPHRASED,NID_PAYMENT_METHOD_F02,Medium,FALSE,Synthetic NID core anchored in reviewed taxonomy include examples; automated semantic/structural validation only; no REAL provenance claimed.
NIDQ_0822,I need guidance on this: is it possible to pay online?,NID,NID_FEES_AND_PAYMENT,NID Fees and Payment,NID_PAYMENT_METHOD,NID Payment Method,Low,Informal,FALSE,,PARAPHRASED,NID_PAYMENT_METHOD_F02,Medium,FALSE,Synthetic NID core anchored in reviewed taxonomy include examples; automated semantic/structural validation only; no REAL provenance claimed.
NIDQ_0823,Can I use mobile banking?,NID,NID_FEES_AND_PAYMENT,NID Fees and Payment,NID_PAYMENT_METHOD,NID Payment Method,Low,Mixed,FALSE,,SYNTHETIC,NID_PAYMENT_METHOD_F03,Medium,FALSE,Synthetic NID core anchored in reviewed taxonomy include examples; automated semantic/structural validation only; no REAL provenance claimed.
NIDQ_0824,Could you explain is it possible to use mobile banking?,NID,NID_FEES_AND_PAYMENT,NID Fees and Payment,NID_PAYMENT_METHOD,NID Payment Method,Low,Mixed,FALSE,,PARAPHRASED,NID_PAYMENT_METHOD_F03,Medium,FALSE,Synthetic NID core anchored in reviewed taxonomy include examples; automated semantic/structural validation only; no REAL provenance claimed.
NIDQ_0825,Please tell me the correct process: is it possible to use mobile banking?,NID,NID_FEES_AND_PAYMENT,NID Fees and Payment,NID_PAYMENT_METHOD,NID Payment Method,Low,Mixed,FALSE,,PARAPHRASED,NID_PAYMENT_METHOD_F03,Medium,FALSE,Synthetic NID core anchored in reviewed taxonomy include examples; automated semantic/structural validation only; no REAL provenance claimed.
NIDQ_0826,Can the fee be paid through a bank?,NID,NID_FEES_AND_PAYMENT,NID Fees and Payment,NID_PAYMENT_METHOD,NID Payment Method,Low,Mixed,FALSE,,SYNTHETIC,NID_PAYMENT_METHOD_F04,Hard,FALSE,Synthetic NID core anchored in reviewed taxonomy include examples; automated semantic/structural validation only; no REAL provenance claimed.
NIDQ_0827,"For my case, Can the fee be paid through a bank?",NID,NID_FEES_AND_PAYMENT,NID Fees and Payment,NID_PAYMENT_METHOD,NID Payment Method,Low,Mixed,FALSE,,PARAPHRASED,NID_PAYMENT_METHOD_F04,Hard,FALSE,Synthetic NID core anchored in reviewed taxonomy include examples; automated semantic/structural validation only; no REAL provenance claimed.
NIDQ_0828,Can you clarify this for me: Can the fee be paid through a bank?,NID,NID_FEES_AND_PAYMENT,NID Fees and Payment,NID_PAYMENT_METHOD,NID Payment Method,Low,Mixed,FALSE,,PARAPHRASED,NID_PAYMENT_METHOD_F04,Hard,FALSE,Synthetic NID core anchored in reviewed taxonomy include examples; automated semantic/structural validation only; no REAL provenance claimed.
NIDQ_0829,How can I check my NID payment status?,NID,NID_FEES_AND_PAYMENT,NID Fees and Payment,NID_PAYMENT_STATUS,NID Payment Status,Low,Formal,FALSE,,SYNTHETIC,NID_PAYMENT_STATUS_F01,Easy,FALSE,Synthetic NID core anchored in reviewed taxonomy include examples; automated semantic/structural validation only; no REAL provenance claimed.
NIDQ_0830,I am trying to understand this: what steps should I follow to check my NID payment status?,NID,NID_FEES_AND_PAYMENT,NID Fees and Payment,NID_PAYMENT_STATUS,NID Payment Status,Low,Formal,FALSE,,PARAPHRASED,NID_PAYMENT_STATUS_F01,Easy,FALSE,Synthetic NID core anchored in reviewed taxonomy include examples; automated semantic/structural validation only; no REAL provenance claimed.
NIDQ_0831,I need guidance on this: How is it possible to check my NID payment status?,NID,NID_FEES_AND_PAYMENT,NID Fees and Payment,NID_PAYMENT_STATUS,NID Payment Status,Low,Formal,FALSE,,PARAPHRASED,NID_PAYMENT_STATUS_F01,Easy,FALSE,Synthetic NID core anchored in reviewed taxonomy include examples; automated semantic/structural validation only; no REAL provenance claimed.
NIDQ_0832,Could you explain the rules for i paid the fee but it still shows unpaid?,NID,NID_FEES_AND_PAYMENT,NID Fees and Payment,NID_PAYMENT_STATUS,NID Payment Status,Low,Informal,FALSE,,SYNTHETIC,NID_PAYMENT_STATUS_F02,Medium,FALSE,Synthetic NID core anchored in reviewed taxonomy include examples; automated semantic/structural validation only; no REAL provenance claimed.
NIDQ_0833,Could you explain Could you explain the rules for i paid the fee but it still shows unpaid?,NID,NID_FEES_AND_PAYMENT,NID Fees and Payment,NID_PAYMENT_STATUS,NID Payment Status,Low,Informal,FALSE,,PARAPHRASED,NID_PAYMENT_STATUS_F02,Medium,FALSE,Synthetic NID core anchored in reviewed taxonomy include examples; automated semantic/structural validation only; no REAL provenance claimed.
NIDQ_0834,Please tell me the correct process: Could you explain the rules for i paid the fee but it still shows unpaid?,NID,NID_FEES_AND_PAYMENT,NID Fees and Payment,NID_PAYMENT_STATUS,NID Payment Status,Low,Informal,FALSE,,PARAPHRASED,NID_PAYMENT_STATUS_F02,Medium,FALSE,Synthetic NID core anchored in reviewed taxonomy include examples; automated semantic/structural validation only; no REAL provenance claimed.
NIDQ_0835,Was my payment successful?,NID,NID_FEES_AND_PAYMENT,NID Fees and Payment,NID_PAYMENT_STATUS,NID Payment Status,Low,Mixed,FALSE,,SYNTHETIC,NID_PAYMENT_STATUS_F03,Medium,FALSE,Synthetic NID core anchored in reviewed taxonomy include examples; automated semantic/structural validation only; no REAL provenance claimed.
NIDQ_0836,"For my case, Was my payment successful?",NID,NID_FEES_AND_PAYMENT,NID Fees and Payment,NID_PAYMENT_STATUS,NID Payment Status,Low,Mixed,FALSE,,PARAPHRASED,NID_PAYMENT_STATUS_F03,Medium,FALSE,Synthetic NID core anchored in reviewed taxonomy include examples; automated semantic/structural validation only; no REAL provenance claimed.
NIDQ_0837,Can you clarify this for me: Was my payment successful?,NID,NID_FEES_AND_PAYMENT,NID Fees and Payment,NID_PAYMENT_STATUS,NID Payment Status,Low,Mixed,FALSE,,PARAPHRASED,NID_PAYMENT_STATUS_F03,Medium,FALSE,Synthetic NID core anchored in reviewed taxonomy include examples; automated semantic/structural validation only; no REAL provenance claimed.
NIDQ_0838,How does my payment is pending work?,NID,NID_FEES_AND_PAYMENT,NID Fees and Payment,NID_PAYMENT_STATUS,NID Payment Status,Low,Mixed,FALSE,,SYNTHETIC,NID_PAYMENT_STATUS_F04,Hard,FALSE,Synthetic NID core anchored in reviewed taxonomy include examples; automated semantic/structural validation only; no REAL provenance claimed.
NIDQ_0839,How does my payment is pending work; what should I do next?,NID,NID_FEES_AND_PAYMENT,NID Fees and Payment,NID_PAYMENT_STATUS,NID Payment Status,Low,Mixed,FALSE,,PARAPHRASED,NID_PAYMENT_STATUS_F04,Hard,FALSE,Synthetic NID core anchored in reviewed taxonomy include examples; automated semantic/structural validation only; no REAL provenance claimed.
NIDQ_0840,এই বিষয়ে সহায়তা চাই: How does my payment is pending work?,NID,NID_FEES_AND_PAYMENT,NID Fees and Payment,NID_PAYMENT_STATUS,NID Payment Status,Low,Mixed,FALSE,,PARAPHRASED,NID_PAYMENT_STATUS_F04,Hard,FALSE,Synthetic NID core anchored in reviewed taxonomy include examples; automated semantic/structural validation only; no REAL provenance claimed.
NIDQ_0841,How can I get my payment receipt?,NID,NID_FEES_AND_PAYMENT,NID Fees and Payment,NID_PAYMENT_REFUND_RECEIPT,NID Refund and Receipt,Low,Formal,FALSE,,SYNTHETIC,NID_PAYMENT_REFUND_RECEIPT_F01,Easy,FALSE,Synthetic NID core anchored in reviewed taxonomy include examples; automated semantic/structural validation only; no REAL provenance claimed.
NIDQ_0842,Could you explain How is it possible to get my payment receipt?,NID,NID_FEES_AND_PAYMENT,NID Fees and Payment,NID_PAYMENT_REFUND_RECEIPT,NID Refund and Receipt,Low,Formal,FALSE,,PARAPHRASED,NID_PAYMENT_REFUND_RECEIPT_F01,Easy,FALSE,Synthetic NID core anchored in reviewed taxonomy include examples; automated semantic/structural validation only; no REAL provenance claimed.
NIDQ_0843,Please tell me the correct process: what steps should I follow to get my payment receipt?,NID,NID_FEES_AND_PAYMENT,NID Fees and Payment,NID_PAYMENT_REFUND_RECEIPT,NID Refund and Receipt,Low,Formal,FALSE,,PARAPHRASED,NID_PAYMENT_REFUND_RECEIPT_F01,Easy,FALSE,Synthetic NID core anchored in reviewed taxonomy include examples; automated semantic/structural validation only; no REAL provenance claimed.
NIDQ_0844,Where can I download proof of payment?,NID,NID_FEES_AND_PAYMENT,NID Fees and Payment,NID_PAYMENT_REFUND_RECEIPT,NID Refund and Receipt,Low,Informal,FALSE,,SYNTHETIC,NID_PAYMENT_REFUND_RECEIPT_F02,Medium,FALSE,Synthetic NID core anchored in reviewed taxonomy include examples; automated semantic/structural validation only; no REAL provenance claimed.
NIDQ_0845,"For my case, where should I download proof of payment?",NID,NID_FEES_AND_PAYMENT,NID Fees and Payment,NID_PAYMENT_REFUND_RECEIPT,NID Refund and Receipt,Low,Informal,FALSE,,PARAPHRASED,NID_PAYMENT_REFUND_RECEIPT_F02,Medium,FALSE,Synthetic NID core anchored in reviewed taxonomy include examples; automated semantic/structural validation only; no REAL provenance claimed.
NIDQ_0846,Can you clarify this for me: Where is it possible to download proof of payment?,NID,NID_FEES_AND_PAYMENT,NID Fees and Payment,NID_PAYMENT_REFUND_RECEIPT,NID Refund and Receipt,Low,Informal,FALSE,,PARAPHRASED,NID_PAYMENT_REFUND_RECEIPT_F02,Medium,FALSE,Synthetic NID core anchored in reviewed taxonomy include examples; automated semantic/structural validation only; no REAL provenance claimed.
NIDQ_0847,I paid twice; what should I do?,NID,NID_FEES_AND_PAYMENT,NID Fees and Payment,NID_PAYMENT_REFUND_RECEIPT,NID Refund and Receipt,Low,Mixed,FALSE,,SYNTHETIC,NID_PAYMENT_REFUND_RECEIPT_F03,Medium,FALSE,Synthetic NID core anchored in reviewed taxonomy include examples; automated semantic/structural validation only; no REAL provenance claimed.
NIDQ_0848,I paid twice; what should I do; what should I do next?,NID,NID_FEES_AND_PAYMENT,NID Fees and Payment,NID_PAYMENT_REFUND_RECEIPT,NID Refund and Receipt,Low,Mixed,FALSE,,PARAPHRASED,NID_PAYMENT_REFUND_RECEIPT_F03,Medium,FALSE,Synthetic NID core anchored in reviewed taxonomy include examples; automated semantic/structural validation only; no REAL provenance claimed.
NIDQ_0849,এই বিষয়ে সহায়তা চাই: I paid twice; what should I do?,NID,NID_FEES_AND_PAYMENT,NID Fees and Payment,NID_PAYMENT_REFUND_RECEIPT,NID Refund and Receipt,Low,Mixed,FALSE,,PARAPHRASED,NID_PAYMENT_REFUND_RECEIPT_F03,Medium,FALSE,Synthetic NID core anchored in reviewed taxonomy include examples; automated semantic/structural validation only; no REAL provenance claimed.
NIDQ_0850,Can I get a refund?,NID,NID_FEES_AND_PAYMENT,NID Fees and Payment,NID_PAYMENT_REFUND_RECEIPT,NID Refund and Receipt,Low,Mixed,FALSE,,SYNTHETIC,NID_PAYMENT_REFUND_RECEIPT_F04,Hard,FALSE,Synthetic NID core anchored in reviewed taxonomy include examples; automated semantic/structural validation only; no REAL provenance claimed.
NIDQ_0851,I am trying to understand this: is it possible to get a refund?,NID,NID_FEES_AND_PAYMENT,NID Fees and Payment,NID_PAYMENT_REFUND_RECEIPT,NID Refund and Receipt,Low,Mixed,FALSE,,PARAPHRASED,NID_PAYMENT_REFUND_RECEIPT_F04,Hard,FALSE,Synthetic NID core anchored in reviewed taxonomy include examples; automated semantic/structural validation only; no REAL provenance claimed.
NIDQ_0852,I need guidance on this: is it possible to get a refund?,NID,NID_FEES_AND_PAYMENT,NID Fees and Payment,NID_PAYMENT_REFUND_RECEIPT,NID Refund and Receipt,Low,Mixed,FALSE,,PARAPHRASED,NID_PAYMENT_REFUND_RECEIPT_F04,Hard,FALSE,Synthetic NID core anchored in reviewed taxonomy include examples; automated semantic/structural validation only; no REAL provenance claimed.
NIDQ_0853,What is an NID?,NID,NID_GENERAL_INFORMATION,General NID Information,NID_GENERAL_PURPOSE_AND_USE,NID Purpose and General Use,Low,Formal,FALSE,,SYNTHETIC,NID_GENERAL_PURPOSE_AND_USE_F01,Easy,FALSE,Synthetic NID core anchored in reviewed taxonomy include examples; automated semantic/structural validation only; no REAL provenance claimed.
NIDQ_0854,"For my case, What is an NID?",NID,NID_GENERAL_INFORMATION,General NID Information,NID_GENERAL_PURPOSE_AND_USE,NID Purpose and General Use,Low,Formal,FALSE,,PARAPHRASED,NID_GENERAL_PURPOSE_AND_USE_F01,Easy,FALSE,Synthetic NID core anchored in reviewed taxonomy include examples; automated semantic/structural validation only; no REAL provenance claimed.
NIDQ_0855,Can you clarify this for me: What is an NID?,NID,NID_GENERAL_INFORMATION,General NID Information,NID_GENERAL_PURPOSE_AND_USE,NID Purpose and General Use,Low,Formal,FALSE,,PARAPHRASED,NID_GENERAL_PURPOSE_AND_USE_F01,Easy,FALSE,Synthetic NID core anchored in reviewed taxonomy include examples; automated semantic/structural validation only; no REAL provenance claimed.
NIDQ_0856,Why do I need an NID?,NID,NID_GENERAL_INFORMATION,General NID Information,NID_GENERAL_PURPOSE_AND_USE,NID Purpose and General Use,Low,Informal,FALSE,,SYNTHETIC,NID_GENERAL_PURPOSE_AND_USE_F02,Medium,FALSE,Synthetic NID core anchored in reviewed taxonomy include examples; automated semantic/structural validation only; no REAL provenance claimed.
NIDQ_0857,Why do I need an NID; what should I do next?,NID,NID_GENERAL_INFORMATION,General NID Information,NID_GENERAL_PURPOSE_AND_USE,NID Purpose and General Use,Low,Informal,FALSE,,PARAPHRASED,NID_GENERAL_PURPOSE_AND_USE_F02,Medium,FALSE,Synthetic NID core anchored in reviewed taxonomy include examples; automated semantic/structural validation only; no REAL provenance claimed.
NIDQ_0858,এই বিষয়ে সহায়তা চাই: Why do I need an NID?,NID,NID_GENERAL_INFORMATION,General NID Information,NID_GENERAL_PURPOSE_AND_USE,NID Purpose and General Use,Low,Informal,FALSE,,PARAPHRASED,NID_GENERAL_PURPOSE_AND_USE_F02,Medium,FALSE,Synthetic NID core anchored in reviewed taxonomy include examples; automated semantic/structural validation only; no REAL provenance claimed.
NIDQ_0859,What is an NID used for?,NID,NID_GENERAL_INFORMATION,General NID Information,NID_GENERAL_PURPOSE_AND_USE,NID Purpose and General Use,Low,Mixed,FALSE,,SYNTHETIC,NID_GENERAL_PURPOSE_AND_USE_F03,Medium,FALSE,Synthetic NID core anchored in reviewed taxonomy include examples; automated semantic/structural validation only; no REAL provenance claimed.
NIDQ_0860,I am trying to understand this: What is an NID used for?,NID,NID_GENERAL_INFORMATION,General NID Information,NID_GENERAL_PURPOSE_AND_USE,NID Purpose and General Use,Low,Mixed,FALSE,,PARAPHRASED,NID_GENERAL_PURPOSE_AND_USE_F03,Medium,FALSE,Synthetic NID core anchored in reviewed taxonomy include examples; automated semantic/structural validation only; no REAL provenance claimed.
NIDQ_0861,I need guidance on this: What is an NID used for?,NID,NID_GENERAL_INFORMATION,General NID Information,NID_GENERAL_PURPOSE_AND_USE,NID Purpose and General Use,Low,Mixed,FALSE,,PARAPHRASED,NID_GENERAL_PURPOSE_AND_USE_F03,Medium,FALSE,Synthetic NID core anchored in reviewed taxonomy include examples; automated semantic/structural validation only; no REAL provenance claimed.
NIDQ_0862,What services require an NID?,NID,NID_GENERAL_INFORMATION,General NID Information,NID_GENERAL_PURPOSE_AND_USE,NID Purpose and General Use,Low,Mixed,FALSE,,SYNTHETIC,NID_GENERAL_PURPOSE_AND_USE_F04,Hard,FALSE,Synthetic NID core anchored in reviewed taxonomy include examples; automated semantic/structural validation only; no REAL provenance claimed.
NIDQ_0863,Could you explain What services require an NID?,NID,NID_GENERAL_INFORMATION,General NID Information,NID_GENERAL_PURPOSE_AND_USE,NID Purpose and General Use,Low,Mixed,FALSE,,PARAPHRASED,NID_GENERAL_PURPOSE_AND_USE_F04,Hard,FALSE,Synthetic NID core anchored in reviewed taxonomy include examples; automated semantic/structural validation only; no REAL provenance claimed.
NIDQ_0864,Please tell me the correct process: What services require an NID?,NID,NID_GENERAL_INFORMATION,General NID Information,NID_GENERAL_PURPOSE_AND_USE,NID Purpose and General Use,Low,Mixed,FALSE,,PARAPHRASED,NID_GENERAL_PURPOSE_AND_USE_F04,Hard,FALSE,Synthetic NID core anchored in reviewed taxonomy include examples; automated semantic/structural validation only; no REAL provenance claimed.
NIDQ_0865,Does an NID expire?,NID,NID_GENERAL_INFORMATION,General NID Information,NID_GENERAL_VALIDITY_REREGISTRATION,NID Validity and Re-registration,Low,Formal,FALSE,,SYNTHETIC,NID_GENERAL_VALIDITY_REREGISTRATION_F01,Easy,FALSE,Synthetic NID core anchored in reviewed taxonomy include examples; automated semantic/structural validation only; no REAL provenance claimed.
NIDQ_0866,Does an NID expire; what should I do next?,NID,NID_GENERAL_INFORMATION,General NID Information,NID_GENERAL_VALIDITY_REREGISTRATION,NID Validity and Re-registration,Low,Formal,FALSE,,PARAPHRASED,NID_GENERAL_VALIDITY_REREGISTRATION_F01,Easy,FALSE,Synthetic NID core anchored in reviewed taxonomy include examples; automated semantic/structural validation only; no REAL provenance claimed.
NIDQ_0867,এই বিষয়ে সহায়তা চাই: Does an NID expire?,NID,NID_GENERAL_INFORMATION,General NID Information,NID_GENERAL_VALIDITY_REREGISTRATION,NID Validity and Re-registration,Low,Formal,FALSE,,PARAPHRASED,NID_GENERAL_VALIDITY_REREGISTRATION_F01,Easy,FALSE,Synthetic NID core anchored in reviewed taxonomy include examples; automated semantic/structural validation only; no REAL provenance claimed.
NIDQ_0868,How long is my NID valid?,NID,NID_GENERAL_INFORMATION,General NID Information,NID_GENERAL_VALIDITY_REREGISTRATION,NID Validity and Re-registration,Low,Informal,FALSE,,SYNTHETIC,NID_GENERAL_VALIDITY_REREGISTRATION_F02,Medium,FALSE,Synthetic NID core anchored in reviewed taxonomy include examples; automated semantic/structural validation only; no REAL provenance claimed.
NIDQ_0869,I am trying to understand this: How long is my NID valid?,NID,NID_GENERAL_INFORMATION,General NID Information,NID_GENERAL_VALIDITY_REREGISTRATION,NID Validity and Re-registration,Low,Informal,FALSE,,PARAPHRASED,NID_GENERAL_VALIDITY_REREGISTRATION_F02,Medium,FALSE,Synthetic NID core anchored in reviewed taxonomy include examples; automated semantic/structural validation only; no REAL provenance claimed.
NIDQ_0870,I need guidance on this: How long is my NID valid?,NID,NID_GENERAL_INFORMATION,General NID Information,NID_GENERAL_VALIDITY_REREGISTRATION,NID Validity and Re-registration,Low,Informal,FALSE,,PARAPHRASED,NID_GENERAL_VALIDITY_REREGISTRATION_F02,Medium,FALSE,Synthetic NID core anchored in reviewed taxonomy include examples; automated semantic/structural validation only; no REAL provenance claimed.
NIDQ_0871,Do I need to register again?,NID,NID_GENERAL_INFORMATION,General NID Information,NID_GENERAL_VALIDITY_REREGISTRATION,NID Validity and Re-registration,Low,Mixed,FALSE,,SYNTHETIC,NID_GENERAL_VALIDITY_REREGISTRATION_F03,Medium,FALSE,Synthetic NID core anchored in reviewed taxonomy include examples; automated semantic/structural validation only; no REAL provenance claimed.
NIDQ_0872,Could you explain Do I need to register again?,NID,NID_GENERAL_INFORMATION,General NID Information,NID_GENERAL_VALIDITY_REREGISTRATION,NID Validity and Re-registration,Low,Mixed,FALSE,,PARAPHRASED,NID_GENERAL_VALIDITY_REREGISTRATION_F03,Medium,FALSE,Synthetic NID core anchored in reviewed taxonomy include examples; automated semantic/structural validation only; no REAL provenance claimed.
NIDQ_0873,Please tell me the correct process: Do I need to register again?,NID,NID_GENERAL_INFORMATION,General NID Information,NID_GENERAL_VALIDITY_REREGISTRATION,NID Validity and Re-registration,Low,Mixed,FALSE,,PARAPHRASED,NID_GENERAL_VALIDITY_REREGISTRATION_F03,Medium,FALSE,Synthetic NID core anchored in reviewed taxonomy include examples; automated semantic/structural validation only; no REAL provenance claimed.
NIDQ_0874,Is my old NID still valid?,NID,NID_GENERAL_INFORMATION,General NID Information,NID_GENERAL_VALIDITY_REREGISTRATION,NID Validity and Re-registration,Low,Mixed,FALSE,,SYNTHETIC,NID_GENERAL_VALIDITY_REREGISTRATION_F04,Hard,FALSE,Synthetic NID core anchored in reviewed taxonomy include examples; automated semantic/structural validation only; no REAL provenance claimed.
NIDQ_0875,"For my case, Is my old NID still valid?",NID,NID_GENERAL_INFORMATION,General NID Information,NID_GENERAL_VALIDITY_REREGISTRATION,NID Validity and Re-registration,Low,Mixed,FALSE,,PARAPHRASED,NID_GENERAL_VALIDITY_REREGISTRATION_F04,Hard,FALSE,Synthetic NID core anchored in reviewed taxonomy include examples; automated semantic/structural validation only; no REAL provenance claimed.
NIDQ_0876,Can you clarify this for me: Is my old NID still valid?,NID,NID_GENERAL_INFORMATION,General NID Information,NID_GENERAL_VALIDITY_REREGISTRATION,NID Validity and Re-registration,Low,Mixed,FALSE,,PARAPHRASED,NID_GENERAL_VALIDITY_REREGISTRATION_F04,Hard,FALSE,Synthetic NID core anchored in reviewed taxonomy include examples; automated semantic/structural validation only; no REAL provenance claimed.
