id,text,service,parent_topic_id,parent_topic,query_topic_id,query_topic,priority,language_style,privacy_present,privacy_types,source_type,parent_query_id,difficulty,is_ood,annotation_notes
PASSX_0001,নতুন ই-পাসপোর্টের জন্য আবেদন করার পুরো প্রক্রিয়াটি কী?,PASSPORT,PASSPORT_APPLICATION,New Passport Application,PASSPORT_APPLICATION_PROCESS,New Passport Application Process,Low,Formal,FALSE,,SYNTHETIC,PASSPORT_APPLICATION_PROCESS_F01,Easy,FALSE,Reviewed independent pilot seed retained for canonical expansion.
PASSX_0002,আমার ক্ষেত্রে নতুন ই-পাসপোর্টের জন্য আবেদন করার পুরো প্রক্রিয়াটি কী?,PASSPORT,PASSPORT_APPLICATION,New Passport Application,PASSPORT_APPLICATION_PROCESS,New Passport Application Process,Low,Formal,FALSE,,PARAPHRASED,PASSPORT_APPLICATION_PROCESS_F01,Easy,FALSE,Controlled paraphrase 1 of reviewed independent seed; family preserved; automated validation complete.
PASSX_0003,নতুন ই-পাসপোর্টের জন্য আবেদন করার পুরো প্রক্রিয়াটি কী; পরের ধাপটা কী?,PASSPORT,PASSPORT_APPLICATION,New Passport Application,PASSPORT_APPLICATION_PROCESS,New Passport Application Process,Low,Formal,FALSE,,PARAPHRASED,PASSPORT_APPLICATION_PROCESS_F01,Easy,FALSE,Controlled paraphrase 2 of reviewed independent seed; family preserved; automated validation complete.
PASSX_0004,"প্রথমবার passport করতে চাই, শুরুটা কীভাবে করব?",PASSPORT,PASSPORT_APPLICATION,New Passport Application,PASSPORT_APPLICATION_PROCESS,New Passport Application Process,Low,Informal,FALSE,,SYNTHETIC,PASSPORT_APPLICATION_PROCESS_F02,Medium,FALSE,Reviewed independent pilot seed retained for canonical expansion.
PASSX_0005,"এটা নিয়ে সাহায্য দরকার: প্রথমবার passport করতে চাই, শুরুটা কীভাবে করতে হবে?",PASSPORT,PASSPORT_APPLICATION,New Passport Application,PASSPORT_APPLICATION_PROCESS,New Passport Application Process,Low,Informal,FALSE,,PARAPHRASED,PASSPORT_APPLICATION_PROCESS_F02,Medium,FALSE,Controlled paraphrase 1 of reviewed independent seed; family preserved; automated validation complete.
PASSX_0006,"প্রথমবার passport করতে চাই, শুরুটা কীভাবে করতে হবে?",PASSPORT,PASSPORT_APPLICATION,New Passport Application,PASSPORT_APPLICATION_PROCESS,New Passport Application Process,Low,Informal,FALSE,,PARAPHRASED,PASSPORT_APPLICATION_PROCESS_F02,Medium,FALSE,Controlled paraphrase 2 of reviewed independent seed; family preserved; automated validation complete.
PASSX_0007,new e-passport apply korar process ta ki?,PASSPORT,PASSPORT_APPLICATION,New Passport Application,PASSPORT_APPLICATION_PROCESS,New Passport Application Process,Low,Mixed,FALSE,,SYNTHETIC,PASSPORT_APPLICATION_PROCESS_F03,Medium,FALSE,Reviewed independent pilot seed retained for canonical expansion.
PASSX_0008,I am trying to understand this: new e-passport apply korar process ta ki?,PASSPORT,PASSPORT_APPLICATION,New Passport Application,PASSPORT_APPLICATION_PROCESS,New Passport Application Process,Low,Mixed,FALSE,,PARAPHRASED,PASSPORT_APPLICATION_PROCESS_F03,Medium,FALSE,Controlled paraphrase 1 of reviewed independent seed; family preserved; automated validation complete.
PASSX_0009,I need guidance on this: new e-passport apply korar process ta ki?,PASSPORT,PASSPORT_APPLICATION,New Passport Application,PASSPORT_APPLICATION_PROCESS,New Passport Application Process,Low,Mixed,FALSE,,PARAPHRASED,PASSPORT_APPLICATION_PROCESS_F03,Medium,FALSE,Controlled paraphrase 2 of reviewed independent seed; family preserved; automated validation complete.
PASSX_0010,আগে কখনো passport করিনি—কোন step থেকে application শুরু করব?,PASSPORT,PASSPORT_APPLICATION,New Passport Application,PASSPORT_APPLICATION_PROCESS,New Passport Application Process,Low,Mixed,FALSE,,SYNTHETIC,PASSPORT_APPLICATION_PROCESS_F04,Hard,FALSE,Reviewed independent pilot seed retained for canonical expansion.
PASSX_0011,আগে কখনো passport করিনি—কোন step থেকে application শুরু করতে হবে—নিয়মটা জানাবেন?,PASSPORT,PASSPORT_APPLICATION,New Passport Application,PASSPORT_APPLICATION_PROCESS,New Passport Application Process,Low,Mixed,FALSE,,PARAPHRASED,PASSPORT_APPLICATION_PROCESS_F04,Hard,FALSE,Controlled paraphrase 1 of reviewed independent seed; family preserved; automated validation complete.
PASSX_0012,"আগে কখনো passport করিনি—কোন step থেকে application শুরু করতে হবে, একটু বুঝিয়ে বলবেন?",PASSPORT,PASSPORT_APPLICATION,New Passport Application,PASSPORT_APPLICATION_PROCESS,New Passport Application Process,Low,Mixed,FALSE,,PARAPHRASED,PASSPORT_APPLICATION_PROCESS_F04,Hard,FALSE,Controlled paraphrase 2 of reviewed independent seed; family preserved; automated validation complete.
PASSX_0013,অনলাইনে ই-পাসপোর্টের আবেদন কীভাবে জমা দেব?,PASSPORT,PASSPORT_APPLICATION,New Passport Application,PASSPORT_APPLICATION_ONLINE,Online Passport Application,Low,Formal,FALSE,,SYNTHETIC,PASSPORT_APPLICATION_ONLINE_F01,Easy,FALSE,Reviewed independent pilot seed retained for canonical expansion.
PASSX_0014,আমার ক্ষেত্রে অনলাইনে ই-পাসপোর্টের আবেদন কোন প্রক্রিয়ায় জমা দেব?,PASSPORT,PASSPORT_APPLICATION,New Passport Application,PASSPORT_APPLICATION_ONLINE,Online Passport Application,Low,Formal,FALSE,,PARAPHRASED,PASSPORT_APPLICATION_ONLINE_F01,Easy,FALSE,Controlled paraphrase 1 of reviewed independent seed; family preserved; automated validation complete.
PASSX_0015,অনলাইনে ই-পাসপোর্টের আবেদন কোন প্রক্রিয়ায় জমা দেব; পরের ধাপটা কী?,PASSPORT,PASSPORT_APPLICATION,New Passport Application,PASSPORT_APPLICATION_ONLINE,Online Passport Application,Low,Formal,FALSE,,PARAPHRASED,PASSPORT_APPLICATION_ONLINE_F01,Easy,FALSE,Controlled paraphrase 2 of reviewed independent seed; family preserved; automated validation complete.
PASSX_0016,passport application online এ fill up করে submit করব কীভাবে?,PASSPORT,PASSPORT_APPLICATION,New Passport Application,PASSPORT_APPLICATION_ONLINE,Online Passport Application,Low,Informal,FALSE,,SYNTHETIC,PASSPORT_APPLICATION_ONLINE_F02,Medium,FALSE,Reviewed independent pilot seed retained for canonical expansion.
PASSX_0017,এটা নিয়ে সাহায্য দরকার: passport application online এ fill up করে submit করব কোন প্রক্রিয়ায়?,PASSPORT,PASSPORT_APPLICATION,New Passport Application,PASSPORT_APPLICATION_ONLINE,Online Passport Application,Low,Informal,FALSE,,PARAPHRASED,PASSPORT_APPLICATION_ONLINE_F02,Medium,FALSE,Controlled paraphrase 1 of reviewed independent seed; family preserved; automated validation complete.
PASSX_0018,passport application online এ fill up করে submit করব কোন প্রক্রিয়ায়?,PASSPORT,PASSPORT_APPLICATION,New Passport Application,PASSPORT_APPLICATION_ONLINE,Online Passport Application,Low,Informal,FALSE,,PARAPHRASED,PASSPORT_APPLICATION_ONLINE_F02,Medium,FALSE,Controlled paraphrase 2 of reviewed independent seed; family preserved; automated validation complete.
PASSX_0019,e-passport er online application kothay korte hoy?,PASSPORT,PASSPORT_APPLICATION,New Passport Application,PASSPORT_APPLICATION_ONLINE,Online Passport Application,Low,Mixed,FALSE,,SYNTHETIC,PASSPORT_APPLICATION_ONLINE_F03,Medium,FALSE,Reviewed independent pilot seed retained for canonical expansion.
PASSX_0020,I am trying to understand this: e-passport er online application kon jaygay korte hoy?,PASSPORT,PASSPORT_APPLICATION,New Passport Application,PASSPORT_APPLICATION_ONLINE,Online Passport Application,Low,Mixed,FALSE,,PARAPHRASED,PASSPORT_APPLICATION_ONLINE_F03,Medium,FALSE,Controlled paraphrase 1 of reviewed independent seed; family preserved; automated validation complete.
PASSX_0021,I need guidance on this: e-passport er online application kon jaygay korte hoy?,PASSPORT,PASSPORT_APPLICATION,New Passport Application,PASSPORT_APPLICATION_ONLINE,Online Passport Application,Low,Mixed,FALSE,,PARAPHRASED,PASSPORT_APPLICATION_ONLINE_F03,Medium,FALSE,Controlled paraphrase 2 of reviewed independent seed; family preserved; automated validation complete.
PASSX_0022,"portal account আছে, এখন online passport applicationটা complete করব কীভাবে?",PASSPORT,PASSPORT_APPLICATION,New Passport Application,PASSPORT_APPLICATION_ONLINE,Online Passport Application,Low,Mixed,FALSE,,SYNTHETIC,PASSPORT_APPLICATION_ONLINE_F04,Hard,FALSE,Reviewed independent pilot seed retained for canonical expansion.
PASSX_0023,"portal account আছে, এখন online passport applicationটা complete করব কোন প্রক্রিয়ায়—নিয়মটা জানাবেন?",PASSPORT,PASSPORT_APPLICATION,New Passport Application,PASSPORT_APPLICATION_ONLINE,Online Passport Application,Low,Mixed,FALSE,,PARAPHRASED,PASSPORT_APPLICATION_ONLINE_F04,Hard,FALSE,Controlled paraphrase 1 of reviewed independent seed; family preserved; automated validation complete.
PASSX_0024,"portal account আছে, এখন online passport applicationটা complete করব কোন প্রক্রিয়ায়, একটু বুঝিয়ে বলবেন?",PASSPORT,PASSPORT_APPLICATION,New Passport Application,PASSPORT_APPLICATION_ONLINE,Online Passport Application,Low,Mixed,FALSE,,PARAPHRASED,PASSPORT_APPLICATION_ONLINE_F04,Hard,FALSE,Controlled paraphrase 2 of reviewed independent seed; family preserved; automated validation complete.
PASSX_0025,ই-পাসপোর্টের আবেদন করার সময় কোন পাসপোর্ট অফিস নির্বাচন করব?,PASSPORT,PASSPORT_APPLICATION,New Passport Application,PASSPORT_APPLICATION_OFFICE_SELECTION,Passport Office Selection,Low,Formal,FALSE,,SYNTHETIC,PASSPORT_APPLICATION_OFFICE_SELECTION_F01,Easy,FALSE,Reviewed independent pilot seed retained for canonical expansion.
PASSX_0026,আমার ক্ষেত্রে ই-পাসপোর্টের আবেদন করার সময় কোন পাসপোর্ট অফিস নির্বাচন করতে হবে?,PASSPORT,PASSPORT_APPLICATION,New Passport Application,PASSPORT_APPLICATION_OFFICE_SELECTION,Passport Office Selection,Low,Formal,FALSE,,PARAPHRASED,PASSPORT_APPLICATION_OFFICE_SELECTION_F01,Easy,FALSE,Controlled paraphrase 1 of reviewed independent seed; family preserved; automated validation complete.
PASSX_0027,ই-পাসপোর্টের আবেদন করার সময় কোন পাসপোর্ট অফিস নির্বাচন করতে হবে; পরের ধাপটা কী?,PASSPORT,PASSPORT_APPLICATION,New Passport Application,PASSPORT_APPLICATION_OFFICE_SELECTION,Passport Office Selection,Low,Formal,FALSE,,PARAPHRASED,PASSPORT_APPLICATION_OFFICE_SELECTION_F01,Easy,FALSE,Controlled paraphrase 2 of reviewed independent seed; family preserved; automated validation complete.
PASSX_0028,আমার এলাকার জন্য কোন passport office select করতে হবে বুঝছি না।,PASSPORT,PASSPORT_APPLICATION,New Passport Application,PASSPORT_APPLICATION_OFFICE_SELECTION,Passport Office Selection,Low,Informal,FALSE,,SYNTHETIC,PASSPORT_APPLICATION_OFFICE_SELECTION_F02,Medium,FALSE,Reviewed independent pilot seed retained for canonical expansion.
PASSX_0029,এটা নিয়ে সাহায্য দরকার: আমার এলাকার জন্য কোন passport office select করতে হবে বুঝছি না?,PASSPORT,PASSPORT_APPLICATION,New Passport Application,PASSPORT_APPLICATION_OFFICE_SELECTION,Passport Office Selection,Low,Informal,FALSE,,PARAPHRASED,PASSPORT_APPLICATION_OFFICE_SELECTION_F02,Medium,FALSE,Controlled paraphrase 1 of reviewed independent seed; family preserved; automated validation complete.
PASSX_0030,আমার এলাকার জন্য কোন passport office select করতে হবে বুঝছি না?,PASSPORT,PASSPORT_APPLICATION,New Passport Application,PASSPORT_APPLICATION_OFFICE_SELECTION,Passport Office Selection,Low,Informal,FALSE,,PARAPHRASED,PASSPORT_APPLICATION_OFFICE_SELECTION_F02,Medium,FALSE,Controlled paraphrase 2 of reviewed independent seed; family preserved; automated validation complete.
PASSX_0031,amar address onujayi kon passport office select korbo?,PASSPORT,PASSPORT_APPLICATION,New Passport Application,PASSPORT_APPLICATION_OFFICE_SELECTION,Passport Office Selection,Low,Mixed,FALSE,,SYNTHETIC,PASSPORT_APPLICATION_OFFICE_SELECTION_F03,Medium,FALSE,Reviewed independent pilot seed retained for canonical expansion.
PASSX_0032,I am trying to understand this: amar address onujayi kon passport office select korte hobe?,PASSPORT,PASSPORT_APPLICATION,New Passport Application,PASSPORT_APPLICATION_OFFICE_SELECTION,Passport Office Selection,Low,Mixed,FALSE,,PARAPHRASED,PASSPORT_APPLICATION_OFFICE_SELECTION_F03,Medium,FALSE,Controlled paraphrase 1 of reviewed independent seed; family preserved; automated validation complete.
PASSX_0033,I need guidance on this: amar address onujayi kon passport office select korte hobe?,PASSPORT,PASSPORT_APPLICATION,New Passport Application,PASSPORT_APPLICATION_OFFICE_SELECTION,Passport Office Selection,Low,Mixed,FALSE,,PARAPHRASED,PASSPORT_APPLICATION_OFFICE_SELECTION_F03,Medium,FALSE,Controlled paraphrase 2 of reviewed independent seed; family preserved; automated validation complete.
PASSX_0034,application submit করার আগে responsible passport officeটা কীভাবে নির্ধারণ করব?,PASSPORT,PASSPORT_APPLICATION,New Passport Application,PASSPORT_APPLICATION_OFFICE_SELECTION,Passport Office Selection,Low,Mixed,FALSE,,SYNTHETIC,PASSPORT_APPLICATION_OFFICE_SELECTION_F04,Hard,FALSE,Reviewed independent pilot seed retained for canonical expansion.
PASSX_0035,application submit করার আগে responsible passport officeটা কোন প্রক্রিয়ায় নির্ধারণ করব—নিয়মটা জানাবেন?,PASSPORT,PASSPORT_APPLICATION,New Passport Application,PASSPORT_APPLICATION_OFFICE_SELECTION,Passport Office Selection,Low,Mixed,FALSE,,PARAPHRASED,PASSPORT_APPLICATION_OFFICE_SELECTION_F04,Hard,FALSE,Controlled paraphrase 1 of reviewed independent seed; family preserved; automated validation complete.
PASSX_0036,"application submit করার আগে responsible passport officeটা কোন প্রক্রিয়ায় নির্ধারণ করব, একটু বুঝিয়ে বলবেন?",PASSPORT,PASSPORT_APPLICATION,New Passport Application,PASSPORT_APPLICATION_OFFICE_SELECTION,Passport Office Selection,Low,Mixed,FALSE,,PARAPHRASED,PASSPORT_APPLICATION_OFFICE_SELECTION_F04,Hard,FALSE,Controlled paraphrase 2 of reviewed independent seed; family preserved; automated validation complete.
PASSX_0037,ই-পাসপোর্ট আবেদনপত্রে কী কী ব্যক্তিগত তথ্য দিতে হয়?,PASSPORT,PASSPORT_APPLICATION,New Passport Application,PASSPORT_APPLICATION_INFORMATION,Passport Application Information,Low,Formal,FALSE,,SYNTHETIC,PASSPORT_APPLICATION_INFORMATION_F01,Easy,FALSE,Reviewed independent pilot seed retained for canonical expansion.
PASSX_0038,আমার ক্ষেত্রে ই-পাসপোর্ট আবেদনপত্রে কোন কোন ব্যক্তিগত তথ্য দিতে হয়?,PASSPORT,PASSPORT_APPLICATION,New Passport Application,PASSPORT_APPLICATION_INFORMATION,Passport Application Information,Low,Formal,FALSE,,PARAPHRASED,PASSPORT_APPLICATION_INFORMATION_F01,Easy,FALSE,Controlled paraphrase 1 of reviewed independent seed; family preserved; automated validation complete.
PASSX_0039,ই-পাসপোর্ট আবেদনপত্রে কোন কোন ব্যক্তিগত তথ্য দিতে হয়; পরের ধাপটা কী?,PASSPORT,PASSPORT_APPLICATION,New Passport Application,PASSPORT_APPLICATION_INFORMATION,Passport Application Information,Low,Formal,FALSE,,PARAPHRASED,PASSPORT_APPLICATION_INFORMATION_F01,Easy,FALSE,Controlled paraphrase 2 of reviewed independent seed; family preserved; automated validation complete.
PASSX_0040,passport form fill up করতে কোন কোন information লাগবে?,PASSPORT,PASSPORT_APPLICATION,New Passport Application,PASSPORT_APPLICATION_INFORMATION,Passport Application Information,Low,Informal,FALSE,,SYNTHETIC,PASSPORT_APPLICATION_INFORMATION_F02,Medium,FALSE,Reviewed independent pilot seed retained for canonical expansion.
PASSX_0041,এটা নিয়ে সাহায্য দরকার: passport form fill up করতে কোন কোন information দরকার হবে?,PASSPORT,PASSPORT_APPLICATION,New Passport Application,PASSPORT_APPLICATION_INFORMATION,Passport Application Information,Low,Informal,FALSE,,PARAPHRASED,PASSPORT_APPLICATION_INFORMATION_F02,Medium,FALSE,Controlled paraphrase 1 of reviewed independent seed; family preserved; automated validation complete.
PASSX_0042,passport form fill up করতে কোন কোন information দরকার হবে?,PASSPORT,PASSPORT_APPLICATION,New Passport Application,PASSPORT_APPLICATION_INFORMATION,Passport Application Information,Low,Informal,FALSE,,PARAPHRASED,PASSPORT_APPLICATION_INFORMATION_F02,Medium,FALSE,Controlled paraphrase 2 of reviewed independent seed; family preserved; automated validation complete.
PASSX_0043,e-passport application e ki ki info dite hoy?,PASSPORT,PASSPORT_APPLICATION,New Passport Application,PASSPORT_APPLICATION_INFORMATION,Passport Application Information,Low,Mixed,FALSE,,SYNTHETIC,PASSPORT_APPLICATION_INFORMATION_F03,Medium,FALSE,Reviewed independent pilot seed retained for canonical expansion.
PASSX_0044,I am trying to understand this: e-passport application e kon kon jinis info dite hoy?,PASSPORT,PASSPORT_APPLICATION,New Passport Application,PASSPORT_APPLICATION_INFORMATION,Passport Application Information,Low,Mixed,FALSE,,PARAPHRASED,PASSPORT_APPLICATION_INFORMATION_F03,Medium,FALSE,Controlled paraphrase 1 of reviewed independent seed; family preserved; automated validation complete.
PASSX_0045,I need guidance on this: e-passport application e kon kon jinis info dite hoy?,PASSPORT,PASSPORT_APPLICATION,New Passport Application,PASSPORT_APPLICATION_INFORMATION,Passport Application Information,Low,Mixed,FALSE,,PARAPHRASED,PASSPORT_APPLICATION_INFORMATION_F03,Medium,FALSE,Controlled paraphrase 2 of reviewed independent seed; family preserved; automated validation complete.
PASSX_0046,passport form fill up করার সময় কোন কোন information দিতে হবে?,PASSPORT,PASSPORT_APPLICATION,New Passport Application,PASSPORT_APPLICATION_INFORMATION,Passport Application Information,Low,Mixed,FALSE,,SYNTHETIC,PASSPORT_APPLICATION_INFORMATION_F04,Hard,FALSE,Reviewed independent pilot seed retained for canonical expansion.
PASSX_0047,passport form fill up করার সময় কোন কোন information দিতে হবে—নিয়মটা জানাবেন?,PASSPORT,PASSPORT_APPLICATION,New Passport Application,PASSPORT_APPLICATION_INFORMATION,Passport Application Information,Low,Mixed,FALSE,,PARAPHRASED,PASSPORT_APPLICATION_INFORMATION_F04,Hard,FALSE,Controlled paraphrase 1 of reviewed independent seed; family preserved; automated validation complete.
PASSX_0048,"passport form fill up করার সময় কোন কোন information দিতে হবে, একটু বুঝিয়ে বলবেন?",PASSPORT,PASSPORT_APPLICATION,New Passport Application,PASSPORT_APPLICATION_INFORMATION,Passport Application Information,Low,Mixed,FALSE,,PARAPHRASED,PASSPORT_APPLICATION_INFORMATION_F04,Hard,FALSE,Controlled paraphrase 2 of reviewed independent seed; family preserved; automated validation complete.
PASSX_0049,ই-পাসপোর্ট আবেদনে কী কী মেয়াদ ও পৃষ্ঠাসংখ্যার অপশন পাওয়া যায়?,PASSPORT,PASSPORT_APPLICATION,New Passport Application,PASSPORT_APPLICATION_PASSPORT_OPTIONS,"Passport Type, Validity and Page Options",Low,Formal,FALSE,,SYNTHETIC,PASSPORT_APPLICATION_PASSPORT_OPTIONS_F01,Easy,FALSE,Reviewed independent pilot seed retained for canonical expansion.
PASSX_0050,আমার ক্ষেত্রে ই-পাসপোর্ট আবেদনে কোন কোন মেয়াদ ও পৃষ্ঠাসংখ্যার অপশন পাওয়া যায়?,PASSPORT,PASSPORT_APPLICATION,New Passport Application,PASSPORT_APPLICATION_PASSPORT_OPTIONS,"Passport Type, Validity and Page Options",Low,Formal,FALSE,,PARAPHRASED,PASSPORT_APPLICATION_PASSPORT_OPTIONS_F01,Easy,FALSE,Controlled paraphrase 1 of reviewed independent seed; family preserved; automated validation complete.
PASSX_0051,ই-পাসপোর্ট আবেদনে কোন কোন মেয়াদ ও পৃষ্ঠাসংখ্যার অপশন পাওয়া যায়; পরের ধাপটা কী?,PASSPORT,PASSPORT_APPLICATION,New Passport Application,PASSPORT_APPLICATION_PASSPORT_OPTIONS,"Passport Type, Validity and Page Options",Low,Formal,FALSE,,PARAPHRASED,PASSPORT_APPLICATION_PASSPORT_OPTIONS_F01,Easy,FALSE,Controlled paraphrase 2 of reviewed independent seed; family preserved; automated validation complete.
PASSX_0052,passport apply করার সময় validity আর page option কীভাবে choose করব?,PASSPORT,PASSPORT_APPLICATION,New Passport Application,PASSPORT_APPLICATION_PASSPORT_OPTIONS,"Passport Type, Validity and Page Options",Low,Informal,FALSE,,SYNTHETIC,PASSPORT_APPLICATION_PASSPORT_OPTIONS_F02,Medium,FALSE,Reviewed independent pilot seed retained for canonical expansion.
PASSX_0053,এটা নিয়ে সাহায্য দরকার: passport apply করার সময় validity আর page option কীভাবে choose করতে হবে?,PASSPORT,PASSPORT_APPLICATION,New Passport Application,PASSPORT_APPLICATION_PASSPORT_OPTIONS,"Passport Type, Validity and Page Options",Low,Informal,FALSE,,PARAPHRASED,PASSPORT_APPLICATION_PASSPORT_OPTIONS_F02,Medium,FALSE,Controlled paraphrase 1 of reviewed independent seed; family preserved; automated validation complete.
PASSX_0054,passport apply করার সময় validity আর page option কোন প্রক্রিয়ায় choose করব?,PASSPORT,PASSPORT_APPLICATION,New Passport Application,PASSPORT_APPLICATION_PASSPORT_OPTIONS,"Passport Type, Validity and Page Options",Low,Informal,FALSE,,PARAPHRASED,PASSPORT_APPLICATION_PASSPORT_OPTIONS_F02,Medium,FALSE,Controlled paraphrase 2 of reviewed independent seed; family preserved; automated validation complete.
PASSX_0055,passport er validity o page option gulo ki?,PASSPORT,PASSPORT_APPLICATION,New Passport Application,PASSPORT_APPLICATION_PASSPORT_OPTIONS,"Passport Type, Validity and Page Options",Low,Mixed,FALSE,,SYNTHETIC,PASSPORT_APPLICATION_PASSPORT_OPTIONS_F03,Medium,FALSE,Reviewed independent pilot seed retained for canonical expansion.
PASSX_0056,I am trying to understand this: passport er validity o page option gulo ki?,PASSPORT,PASSPORT_APPLICATION,New Passport Application,PASSPORT_APPLICATION_PASSPORT_OPTIONS,"Passport Type, Validity and Page Options",Low,Mixed,FALSE,,PARAPHRASED,PASSPORT_APPLICATION_PASSPORT_OPTIONS_F03,Medium,FALSE,Controlled paraphrase 1 of reviewed independent seed; family preserved; automated validation complete.
PASSX_0057,I need guidance on this: passport er validity o page option gulo ki?,PASSPORT,PASSPORT_APPLICATION,New Passport Application,PASSPORT_APPLICATION_PASSPORT_OPTIONS,"Passport Type, Validity and Page Options",Low,Mixed,FALSE,,PARAPHRASED,PASSPORT_APPLICATION_PASSPORT_OPTIONS_F03,Medium,FALSE,Controlled paraphrase 2 of reviewed independent seed; family preserved; automated validation complete.
PASSX_0058,passport application-এর সময় validity আর page-এর কোন কোন option থেকে choose করা যায়?,PASSPORT,PASSPORT_APPLICATION,New Passport Application,PASSPORT_APPLICATION_PASSPORT_OPTIONS,"Passport Type, Validity and Page Options",Low,Mixed,FALSE,,SYNTHETIC,PASSPORT_APPLICATION_PASSPORT_OPTIONS_F04,Hard,FALSE,Reviewed independent pilot seed retained for canonical expansion.
PASSX_0059,passport application-এর সময় validity আর page-এর কোন কোন option থেকে choose করা যায়—নিয়মটা জানাবেন?,PASSPORT,PASSPORT_APPLICATION,New Passport Application,PASSPORT_APPLICATION_PASSPORT_OPTIONS,"Passport Type, Validity and Page Options",Low,Mixed,FALSE,,PARAPHRASED,PASSPORT_APPLICATION_PASSPORT_OPTIONS_F04,Hard,FALSE,Controlled paraphrase 1 of reviewed independent seed; family preserved; automated validation complete.
PASSX_0060,"passport application-এর সময় validity আর page-এর কোন কোন option থেকে choose করা যায়, একটু বুঝিয়ে বলবেন?",PASSPORT,PASSPORT_APPLICATION,New Passport Application,PASSPORT_APPLICATION_PASSPORT_OPTIONS,"Passport Type, Validity and Page Options",Low,Mixed,FALSE,,PARAPHRASED,PASSPORT_APPLICATION_PASSPORT_OPTIONS_F04,Hard,FALSE,Controlled paraphrase 2 of reviewed independent seed; family preserved; automated validation complete.
PASSX_0061,বিদেশে অবস্থান করে নতুন বাংলাদেশি ই-পাসপোর্টের আবেদন কীভাবে করব?,PASSPORT,PASSPORT_APPLICATION,New Passport Application,PASSPORT_APPLICATION_OVERSEAS,New Passport Application From Abroad,Low,Formal,FALSE,,SYNTHETIC,PASSPORT_APPLICATION_OVERSEAS_F01,Easy,FALSE,Reviewed independent pilot seed retained for canonical expansion.
PASSX_0062,আমার ক্ষেত্রে বিদেশে অবস্থান করে নতুন বাংলাদেশি ই-পাসপোর্টের আবেদন কোন প্রক্রিয়ায় করব?,PASSPORT,PASSPORT_APPLICATION,New Passport Application,PASSPORT_APPLICATION_OVERSEAS,New Passport Application From Abroad,Low,Formal,FALSE,,PARAPHRASED,PASSPORT_APPLICATION_OVERSEAS_F01,Easy,FALSE,Controlled paraphrase 1 of reviewed independent seed; family preserved; automated validation complete.
PASSX_0063,বিদেশে অবস্থান করে নতুন বাংলাদেশি ই-পাসপোর্টের আবেদন কোন প্রক্রিয়ায় করব; পরের ধাপটা কী?,PASSPORT,PASSPORT_APPLICATION,New Passport Application,PASSPORT_APPLICATION_OVERSEAS,New Passport Application From Abroad,Low,Formal,FALSE,,PARAPHRASED,PASSPORT_APPLICATION_OVERSEAS_F01,Easy,FALSE,Controlled paraphrase 2 of reviewed independent seed; family preserved; automated validation complete.
PASSX_0064,"আমি abroad থাকি, first passport embassy দিয়ে করতে পারব?",PASSPORT,PASSPORT_APPLICATION,New Passport Application,PASSPORT_APPLICATION_OVERSEAS,New Passport Application From Abroad,Low,Informal,FALSE,,SYNTHETIC,PASSPORT_APPLICATION_OVERSEAS_F02,Medium,FALSE,Reviewed independent pilot seed retained for canonical expansion.
PASSX_0065,"এটা নিয়ে সাহায্য দরকার: আমি abroad থাকি, first passport embassy দিয়ে করতে পারব?",PASSPORT,PASSPORT_APPLICATION,New Passport Application,PASSPORT_APPLICATION_OVERSEAS,New Passport Application From Abroad,Low,Informal,FALSE,,PARAPHRASED,PASSPORT_APPLICATION_OVERSEAS_F02,Medium,FALSE,Controlled paraphrase 1 of reviewed independent seed; family preserved; automated validation complete.
PASSX_0066,"এই বিষয়ে সহায়তা চাই: আমি abroad থাকি, first passport embassy দিয়ে করতে পারব?",PASSPORT,PASSPORT_APPLICATION,New Passport Application,PASSPORT_APPLICATION_OVERSEAS,New Passport Application From Abroad,Low,Informal,FALSE,,PARAPHRASED,PASSPORT_APPLICATION_OVERSEAS_F02,Medium,FALSE,Controlled paraphrase 2 of reviewed independent seed; family preserved; automated validation complete.
PASSX_0067,bidesh theke new Bangladesh passport apply korbo kivabe?,PASSPORT,PASSPORT_APPLICATION,New Passport Application,PASSPORT_APPLICATION_OVERSEAS,New Passport Application From Abroad,Low,Mixed,FALSE,,SYNTHETIC,PASSPORT_APPLICATION_OVERSEAS_F03,Medium,FALSE,Reviewed independent pilot seed retained for canonical expansion.
PASSX_0068,I am trying to understand this: bidesh theke new Bangladesh passport apply korte hobe kivabe?,PASSPORT,PASSPORT_APPLICATION,New Passport Application,PASSPORT_APPLICATION_OVERSEAS,New Passport Application From Abroad,Low,Mixed,FALSE,,PARAPHRASED,PASSPORT_APPLICATION_OVERSEAS_F03,Medium,FALSE,Controlled paraphrase 1 of reviewed independent seed; family preserved; automated validation complete.
PASSX_0069,I need guidance on this: bidesh theke new Bangladesh passport apply korbo kon process e?,PASSPORT,PASSPORT_APPLICATION,New Passport Application,PASSPORT_APPLICATION_OVERSEAS,New Passport Application From Abroad,Low,Mixed,FALSE,,PARAPHRASED,PASSPORT_APPLICATION_OVERSEAS_F03,Medium,FALSE,Controlled paraphrase 2 of reviewed independent seed; family preserved; automated validation complete.
PASSX_0070,আগে passport ছিল না; overseas থেকে new application কোন mission-এর মাধ্যমে করব?,PASSPORT,PASSPORT_APPLICATION,New Passport Application,PASSPORT_APPLICATION_OVERSEAS,New Passport Application From Abroad,Low,Mixed,FALSE,,SYNTHETIC,PASSPORT_APPLICATION_OVERSEAS_F04,Hard,FALSE,Reviewed independent pilot seed retained for canonical expansion.
PASSX_0071,আগে passport ছিল না; overseas থেকে new application কোন mission-এর মাধ্যমে করতে হবে—নিয়মটা জানাবেন?,PASSPORT,PASSPORT_APPLICATION,New Passport Application,PASSPORT_APPLICATION_OVERSEAS,New Passport Application From Abroad,Low,Mixed,FALSE,,PARAPHRASED,PASSPORT_APPLICATION_OVERSEAS_F04,Hard,FALSE,Controlled paraphrase 1 of reviewed independent seed; family preserved; automated validation complete.
PASSX_0072,"আগে passport ছিল না; overseas থেকে new application কোন mission-এর মাধ্যমে করতে হবে, একটু বুঝিয়ে বলবেন?",PASSPORT,PASSPORT_APPLICATION,New Passport Application,PASSPORT_APPLICATION_OVERSEAS,New Passport Application From Abroad,Low,Mixed,FALSE,,PARAPHRASED,PASSPORT_APPLICATION_OVERSEAS_F04,Hard,FALSE,Controlled paraphrase 2 of reviewed independent seed; family preserved; automated validation complete.
PASSX_0073,অফিশিয়াল বা ডিপ্লোম্যাটিক পাসপোর্টের জন্য আবেদন প্রক্রিয়া কী?,PASSPORT,PASSPORT_APPLICATION,New Passport Application,PASSPORT_APPLICATION_OFFICIAL_DIPLOMATIC,Official or Diplomatic Passport Application,Low,Formal,FALSE,,SYNTHETIC,PASSPORT_APPLICATION_OFFICIAL_DIPLOMATIC_F01,Easy,FALSE,Reviewed independent pilot seed retained for canonical expansion.
PASSX_0074,আমার ক্ষেত্রে অফিশিয়াল বা ডিপ্লোম্যাটিক পাসপোর্টের জন্য আবেদন প্রক্রিয়া কী?,PASSPORT,PASSPORT_APPLICATION,New Passport Application,PASSPORT_APPLICATION_OFFICIAL_DIPLOMATIC,Official or Diplomatic Passport Application,Low,Formal,FALSE,,PARAPHRASED,PASSPORT_APPLICATION_OFFICIAL_DIPLOMATIC_F01,Easy,FALSE,Controlled paraphrase 1 of reviewed independent seed; family preserved; automated validation complete.
PASSX_0075,অফিশিয়াল বা ডিপ্লোম্যাটিক পাসপোর্টের জন্য আবেদন প্রক্রিয়া কী; পরের ধাপটা কী?,PASSPORT,PASSPORT_APPLICATION,New Passport Application,PASSPORT_APPLICATION_OFFICIAL_DIPLOMATIC,Official or Diplomatic Passport Application,Low,Formal,FALSE,,PARAPHRASED,PASSPORT_APPLICATION_OFFICIAL_DIPLOMATIC_F01,Easy,FALSE,Controlled paraphrase 2 of reviewed independent seed; family preserved; automated validation complete.
PASSX_0076,government employee হিসেবে official passport apply করব কীভাবে?,PASSPORT,PASSPORT_APPLICATION,New Passport Application,PASSPORT_APPLICATION_OFFICIAL_DIPLOMATIC,Official or Diplomatic Passport Application,Low,Informal,FALSE,,SYNTHETIC,PASSPORT_APPLICATION_OFFICIAL_DIPLOMATIC_F02,Medium,FALSE,Reviewed independent pilot seed retained for canonical expansion.
PASSX_0077,এটা নিয়ে সাহায্য দরকার: government employee হিসেবে official passport apply করব কোন প্রক্রিয়ায়?,PASSPORT,PASSPORT_APPLICATION,New Passport Application,PASSPORT_APPLICATION_OFFICIAL_DIPLOMATIC,Official or Diplomatic Passport Application,Low,Informal,FALSE,,PARAPHRASED,PASSPORT_APPLICATION_OFFICIAL_DIPLOMATIC_F02,Medium,FALSE,Controlled paraphrase 1 of reviewed independent seed; family preserved; automated validation complete.
PASSX_0078,government employee হিসেবে official passport apply করব কোন প্রক্রিয়ায়?,PASSPORT,PASSPORT_APPLICATION,New Passport Application,PASSPORT_APPLICATION_OFFICIAL_DIPLOMATIC,Official or Diplomatic Passport Application,Low,Informal,FALSE,,PARAPHRASED,PASSPORT_APPLICATION_OFFICIAL_DIPLOMATIC_F02,Medium,FALSE,Controlled paraphrase 2 of reviewed independent seed; family preserved; automated validation complete.
PASSX_0079,diplomatic passport application process ta ki?,PASSPORT,PASSPORT_APPLICATION,New Passport Application,PASSPORT_APPLICATION_OFFICIAL_DIPLOMATIC,Official or Diplomatic Passport Application,Low,Mixed,FALSE,,SYNTHETIC,PASSPORT_APPLICATION_OFFICIAL_DIPLOMATIC_F03,Medium,FALSE,Reviewed independent pilot seed retained for canonical expansion.
PASSX_0080,I am trying to understand this: diplomatic passport application process ta ki?,PASSPORT,PASSPORT_APPLICATION,New Passport Application,PASSPORT_APPLICATION_OFFICIAL_DIPLOMATIC,Official or Diplomatic Passport Application,Low,Mixed,FALSE,,PARAPHRASED,PASSPORT_APPLICATION_OFFICIAL_DIPLOMATIC_F03,Medium,FALSE,Controlled paraphrase 1 of reviewed independent seed; family preserved; automated validation complete.
PASSX_0081,I need guidance on this: diplomatic passport application process ta ki?,PASSPORT,PASSPORT_APPLICATION,New Passport Application,PASSPORT_APPLICATION_OFFICIAL_DIPLOMATIC,Official or Diplomatic Passport Application,Low,Mixed,FALSE,,PARAPHRASED,PASSPORT_APPLICATION_OFFICIAL_DIPLOMATIC_F03,Medium,FALSE,Controlled paraphrase 2 of reviewed independent seed; family preserved; automated validation complete.
PASSX_0082,"official passport-এর documents আমার জানা আছে, এখন application processটা কীভাবে করব?",PASSPORT,PASSPORT_APPLICATION,New Passport Application,PASSPORT_APPLICATION_OFFICIAL_DIPLOMATIC,Official or Diplomatic Passport Application,Low,Mixed,FALSE,,SYNTHETIC,PASSPORT_APPLICATION_OFFICIAL_DIPLOMATIC_F04,Hard,FALSE,Reviewed independent pilot seed retained for canonical expansion.
PASSX_0083,"official passport-এর documents আমার জানা আছে, এখন application processটা কোন প্রক্রিয়ায় করব—নিয়মটা জানাবেন?",PASSPORT,PASSPORT_APPLICATION,New Passport Application,PASSPORT_APPLICATION_OFFICIAL_DIPLOMATIC,Official or Diplomatic Passport Application,Low,Mixed,FALSE,,PARAPHRASED,PASSPORT_APPLICATION_OFFICIAL_DIPLOMATIC_F04,Hard,FALSE,Controlled paraphrase 1 of reviewed independent seed; family preserved; automated validation complete.
PASSX_0084,"official passport-এর documents আমার জানা আছে, এখন application processটা কোন প্রক্রিয়ায় করব, একটু বুঝিয়ে বলবেন?",PASSPORT,PASSPORT_APPLICATION,New Passport Application,PASSPORT_APPLICATION_OFFICIAL_DIPLOMATIC,Official or Diplomatic Passport Application,Low,Mixed,FALSE,,PARAPHRASED,PASSPORT_APPLICATION_OFFICIAL_DIPLOMATIC_F04,Hard,FALSE,Controlled paraphrase 2 of reviewed independent seed; family preserved; automated validation complete.
PASSX_0085,ই-পাসপোর্ট আবেদনের জন্য সাধারণভাবে কী কী কাগজপত্র প্রয়োজন?,PASSPORT,PASSPORT_DOCUMENTS,Passport Documents and Requirements,PASSPORT_DOCUMENTS_REQUIRED,General Passport Required Documents,Low,Formal,FALSE,,SYNTHETIC,PASSPORT_DOCUMENTS_REQUIRED_F01,Easy,FALSE,Reviewed independent pilot seed retained for canonical expansion.
PASSX_0086,আমার ক্ষেত্রে ই-পাসপোর্ট আবেদনের জন্য সাধারণভাবে কোন কোন কাগজপত্র প্রয়োজন?,PASSPORT,PASSPORT_DOCUMENTS,Passport Documents and Requirements,PASSPORT_DOCUMENTS_REQUIRED,General Passport Required Documents,Low,Formal,FALSE,,PARAPHRASED,PASSPORT_DOCUMENTS_REQUIRED_F01,Easy,FALSE,Controlled paraphrase 1 of reviewed independent seed; family preserved; automated validation complete.
PASSX_0087,ই-পাসপোর্ট আবেদনের জন্য সাধারণভাবে কোন কোন কাগজপত্র প্রয়োজন; পরের ধাপটা কী?,PASSPORT,PASSPORT_DOCUMENTS,Passport Documents and Requirements,PASSPORT_DOCUMENTS_REQUIRED,General Passport Required Documents,Low,Formal,FALSE,,PARAPHRASED,PASSPORT_DOCUMENTS_REQUIRED_F01,Easy,FALSE,Controlled paraphrase 2 of reviewed independent seed; family preserved; automated validation complete.
PASSX_0088,passport করতে overall কোন documents লাগবে?,PASSPORT,PASSPORT_DOCUMENTS,Passport Documents and Requirements,PASSPORT_DOCUMENTS_REQUIRED,General Passport Required Documents,Low,Informal,FALSE,,SYNTHETIC,PASSPORT_DOCUMENTS_REQUIRED_F02,Medium,FALSE,Reviewed independent pilot seed retained for canonical expansion.
PASSX_0089,এটা নিয়ে সাহায্য দরকার: passport করতে overall কোন documents দরকার হবে?,PASSPORT,PASSPORT_DOCUMENTS,Passport Documents and Requirements,PASSPORT_DOCUMENTS_REQUIRED,General Passport Required Documents,Low,Informal,FALSE,,PARAPHRASED,PASSPORT_DOCUMENTS_REQUIRED_F02,Medium,FALSE,Controlled paraphrase 1 of reviewed independent seed; family preserved; automated validation complete.
PASSX_0090,passport করতে overall কোন documents দরকার হবে?,PASSPORT,PASSPORT_DOCUMENTS,Passport Documents and Requirements,PASSPORT_DOCUMENTS_REQUIRED,General Passport Required Documents,Low,Informal,FALSE,,PARAPHRASED,PASSPORT_DOCUMENTS_REQUIRED_F02,Medium,FALSE,Controlled paraphrase 2 of reviewed independent seed; family preserved; automated validation complete.
PASSX_0091,passport application er required documents ki ki?,PASSPORT,PASSPORT_DOCUMENTS,Passport Documents and Requirements,PASSPORT_DOCUMENTS_REQUIRED,General Passport Required Documents,Low,Mixed,FALSE,,SYNTHETIC,PASSPORT_DOCUMENTS_REQUIRED_F03,Medium,FALSE,Reviewed independent pilot seed retained for canonical expansion.
PASSX_0092,I am trying to understand this: passport application er required documents kon kon jinis?,PASSPORT,PASSPORT_DOCUMENTS,Passport Documents and Requirements,PASSPORT_DOCUMENTS_REQUIRED,General Passport Required Documents,Low,Mixed,FALSE,,PARAPHRASED,PASSPORT_DOCUMENTS_REQUIRED_F03,Medium,FALSE,Controlled paraphrase 1 of reviewed independent seed; family preserved; automated validation complete.
PASSX_0093,I need guidance on this: passport application er required documents kon kon jinis?,PASSPORT,PASSPORT_DOCUMENTS,Passport Documents and Requirements,PASSPORT_DOCUMENTS_REQUIRED,General Passport Required Documents,Low,Mixed,FALSE,,PARAPHRASED,PASSPORT_DOCUMENTS_REQUIRED_F03,Medium,FALSE,Controlled paraphrase 2 of reviewed independent seed; family preserved; automated validation complete.
PASSX_0094,passport application-এর জন্য সব মিলিয়ে কী কী documents লাগবে?,PASSPORT,PASSPORT_DOCUMENTS,Passport Documents and Requirements,PASSPORT_DOCUMENTS_REQUIRED,General Passport Required Documents,Low,Mixed,FALSE,,SYNTHETIC,PASSPORT_DOCUMENTS_REQUIRED_F04,Hard,FALSE,Reviewed independent pilot seed retained for canonical expansion.
PASSX_0095,passport application-এর জন্য সব মিলিয়ে কোন কোন documents লাগবে—নিয়মটা জানাবেন?,PASSPORT,PASSPORT_DOCUMENTS,Passport Documents and Requirements,PASSPORT_DOCUMENTS_REQUIRED,General Passport Required Documents,Low,Mixed,FALSE,,PARAPHRASED,PASSPORT_DOCUMENTS_REQUIRED_F04,Hard,FALSE,Controlled paraphrase 1 of reviewed independent seed; family preserved; automated validation complete.
PASSX_0096,"passport application-এর জন্য সব মিলিয়ে কী কী documents দরকার হবে, একটু বুঝিয়ে বলবেন?",PASSPORT,PASSPORT_DOCUMENTS,Passport Documents and Requirements,PASSPORT_DOCUMENTS_REQUIRED,General Passport Required Documents,Low,Mixed,FALSE,,PARAPHRASED,PASSPORT_DOCUMENTS_REQUIRED_F04,Hard,FALSE,Controlled paraphrase 2 of reviewed independent seed; family preserved; automated validation complete.
PASSX_0097,ই-পাসপোর্ট করতে জাতীয় পরিচয়পত্র প্রয়োজন কি?,PASSPORT,PASSPORT_DOCUMENTS,Passport Documents and Requirements,PASSPORT_DOCUMENTS_NID_REQUIREMENT,NID Requirement for Passport,Low,Formal,FALSE,,SYNTHETIC,PASSPORT_DOCUMENTS_NID_REQUIREMENT_F01,Easy,FALSE,Reviewed independent pilot seed retained for canonical expansion.
PASSX_0098,আমার ক্ষেত্রে ই-পাসপোর্ট করতে জাতীয় পরিচয়পত্র প্রয়োজন কি?,PASSPORT,PASSPORT_DOCUMENTS,Passport Documents and Requirements,PASSPORT_DOCUMENTS_NID_REQUIREMENT,NID Requirement for Passport,Low,Formal,FALSE,,PARAPHRASED,PASSPORT_DOCUMENTS_NID_REQUIREMENT_F01,Easy,FALSE,Controlled paraphrase 1 of reviewed independent seed; family preserved; automated validation complete.
PASSX_0099,ই-পাসপোর্ট করতে জাতীয় পরিচয়পত্র প্রয়োজন কি; পরের ধাপটা কী?,PASSPORT,PASSPORT_DOCUMENTS,Passport Documents and Requirements,PASSPORT_DOCUMENTS_NID_REQUIREMENT,NID Requirement for Passport,Low,Formal,FALSE,,PARAPHRASED,PASSPORT_DOCUMENTS_NID_REQUIREMENT_F01,Easy,FALSE,Controlled paraphrase 2 of reviewed independent seed; family preserved; automated validation complete.
PASSX_0100,passport application-এর জন্য NID mandatory নাকি?,PASSPORT,PASSPORT_DOCUMENTS,Passport Documents and Requirements,PASSPORT_DOCUMENTS_NID_REQUIREMENT,NID Requirement for Passport,Low,Informal,FALSE,,SYNTHETIC,PASSPORT_DOCUMENTS_NID_REQUIREMENT_F02,Medium,FALSE,Reviewed independent pilot seed retained for canonical expansion.
PASSX_0101,এটা নিয়ে সাহায্য দরকার: passport application-এর জন্য NID mandatory নাকি?,PASSPORT,PASSPORT_DOCUMENTS,Passport Documents and Requirements,PASSPORT_DOCUMENTS_NID_REQUIREMENT,NID Requirement for Passport,Low,Informal,FALSE,,PARAPHRASED,PASSPORT_DOCUMENTS_NID_REQUIREMENT_F02,Medium,FALSE,Controlled paraphrase 1 of reviewed independent seed; family preserved; automated validation complete.
PASSX_0102,এই বিষয়ে সহায়তা চাই: passport application-এর জন্য NID mandatory নাকি?,PASSPORT,PASSPORT_DOCUMENTS,Passport Documents and Requirements,PASSPORT_DOCUMENTS_NID_REQUIREMENT,NID Requirement for Passport,Low,Informal,FALSE,,PARAPHRASED,PASSPORT_DOCUMENTS_NID_REQUIREMENT_F02,Medium,FALSE,Controlled paraphrase 2 of reviewed independent seed; family preserved; automated validation complete.
PASSX_0103,passport korte NID lagbe ki?,PASSPORT,PASSPORT_DOCUMENTS,Passport Documents and Requirements,PASSPORT_DOCUMENTS_NID_REQUIREMENT,NID Requirement for Passport,Low,Mixed,FALSE,,SYNTHETIC,PASSPORT_DOCUMENTS_NID_REQUIREMENT_F03,Medium,FALSE,Reviewed independent pilot seed retained for canonical expansion.
PASSX_0104,I am trying to understand this: passport korte NID lagbe ki?,PASSPORT,PASSPORT_DOCUMENTS,Passport Documents and Requirements,PASSPORT_DOCUMENTS_NID_REQUIREMENT,NID Requirement for Passport,Low,Mixed,FALSE,,PARAPHRASED,PASSPORT_DOCUMENTS_NID_REQUIREMENT_F03,Medium,FALSE,Controlled paraphrase 1 of reviewed independent seed; family preserved; automated validation complete.
PASSX_0105,I need guidance on this: passport korte NID lagbe ki?,PASSPORT,PASSPORT_DOCUMENTS,Passport Documents and Requirements,PASSPORT_DOCUMENTS_NID_REQUIREMENT,NID Requirement for Passport,Low,Mixed,FALSE,,PARAPHRASED,PASSPORT_DOCUMENTS_NID_REQUIREMENT_F03,Medium,FALSE,Controlled paraphrase 2 of reviewed independent seed; family preserved; automated validation complete.
PASSX_0106,passport করতে কি NID অবশ্যই লাগবে?,PASSPORT,PASSPORT_DOCUMENTS,Passport Documents and Requirements,PASSPORT_DOCUMENTS_NID_REQUIREMENT,NID Requirement for Passport,Low,Mixed,FALSE,,SYNTHETIC,PASSPORT_DOCUMENTS_NID_REQUIREMENT_F04,Hard,FALSE,Reviewed independent pilot seed retained for canonical expansion.
PASSX_0107,passport করতে কি NID অবশ্যই দরকার হবে—নিয়মটা জানাবেন?,PASSPORT,PASSPORT_DOCUMENTS,Passport Documents and Requirements,PASSPORT_DOCUMENTS_NID_REQUIREMENT,NID Requirement for Passport,Low,Mixed,FALSE,,PARAPHRASED,PASSPORT_DOCUMENTS_NID_REQUIREMENT_F04,Hard,FALSE,Controlled paraphrase 1 of reviewed independent seed; family preserved; automated validation complete.
PASSX_0108,"passport করতে কি NID অবশ্যই দরকার হবে, একটু বুঝিয়ে বলবেন?",PASSPORT,PASSPORT_DOCUMENTS,Passport Documents and Requirements,PASSPORT_DOCUMENTS_NID_REQUIREMENT,NID Requirement for Passport,Low,Mixed,FALSE,,PARAPHRASED,PASSPORT_DOCUMENTS_NID_REQUIREMENT_F04,Hard,FALSE,Controlled paraphrase 2 of reviewed independent seed; family preserved; automated validation complete.
PASSX_0109,ই-পাসপোর্ট আবেদনে জন্মনিবন্ধন সনদ ব্যবহার করা যায় কি?,PASSPORT,PASSPORT_DOCUMENTS,Passport Documents and Requirements,PASSPORT_DOCUMENTS_BIRTH_REGISTRATION_REQUIREMENT,Birth Registration Requirement for Passport,Low,Formal,FALSE,,SYNTHETIC,PASSPORT_DOCUMENTS_BIRTH_REGISTRATION_REQUIREMENT_F01,Easy,FALSE,Reviewed independent pilot seed retained for canonical expansion.
PASSX_0110,আমার ক্ষেত্রে ই-পাসপোর্ট আবেদনে জন্মনিবন্ধন সনদ ব্যবহার করা যায় কি?,PASSPORT,PASSPORT_DOCUMENTS,Passport Documents and Requirements,PASSPORT_DOCUMENTS_BIRTH_REGISTRATION_REQUIREMENT,Birth Registration Requirement for Passport,Low,Formal,FALSE,,PARAPHRASED,PASSPORT_DOCUMENTS_BIRTH_REGISTRATION_REQUIREMENT_F01,Easy,FALSE,Controlled paraphrase 1 of reviewed independent seed; family preserved; automated validation complete.
PASSX_0111,ই-পাসপোর্ট আবেদনে জন্মনিবন্ধন সনদ ব্যবহার করা যায় কি; পরের ধাপটা কী?,PASSPORT,PASSPORT_DOCUMENTS,Passport Documents and Requirements,PASSPORT_DOCUMENTS_BIRTH_REGISTRATION_REQUIREMENT,Birth Registration Requirement for Passport,Low,Formal,FALSE,,PARAPHRASED,PASSPORT_DOCUMENTS_BIRTH_REGISTRATION_REQUIREMENT_F01,Easy,FALSE,Controlled paraphrase 2 of reviewed independent seed; family preserved; automated validation complete.
PASSX_0112,passport করতে birth registration লাগবে?,PASSPORT,PASSPORT_DOCUMENTS,Passport Documents and Requirements,PASSPORT_DOCUMENTS_BIRTH_REGISTRATION_REQUIREMENT,Birth Registration Requirement for Passport,Low,Informal,FALSE,,SYNTHETIC,PASSPORT_DOCUMENTS_BIRTH_REGISTRATION_REQUIREMENT_F02,Medium,FALSE,Reviewed independent pilot seed retained for canonical expansion.
PASSX_0113,এটা নিয়ে সাহায্য দরকার: passport করতে birth registration দরকার হবে?,PASSPORT,PASSPORT_DOCUMENTS,Passport Documents and Requirements,PASSPORT_DOCUMENTS_BIRTH_REGISTRATION_REQUIREMENT,Birth Registration Requirement for Passport,Low,Informal,FALSE,,PARAPHRASED,PASSPORT_DOCUMENTS_BIRTH_REGISTRATION_REQUIREMENT_F02,Medium,FALSE,Controlled paraphrase 1 of reviewed independent seed; family preserved; automated validation complete.
PASSX_0114,passport করতে birth registration দরকার হবে?,PASSPORT,PASSPORT_DOCUMENTS,Passport Documents and Requirements,PASSPORT_DOCUMENTS_BIRTH_REGISTRATION_REQUIREMENT,Birth Registration Requirement for Passport,Low,Informal,FALSE,,PARAPHRASED,PASSPORT_DOCUMENTS_BIRTH_REGISTRATION_REQUIREMENT_F02,Medium,FALSE,Controlled paraphrase 2 of reviewed independent seed; family preserved; automated validation complete.
PASSX_0115,birth certificate diye passport apply kora jabe?,PASSPORT,PASSPORT_DOCUMENTS,Passport Documents and Requirements,PASSPORT_DOCUMENTS_BIRTH_REGISTRATION_REQUIREMENT,Birth Registration Requirement for Passport,Low,Mixed,FALSE,,SYNTHETIC,PASSPORT_DOCUMENTS_BIRTH_REGISTRATION_REQUIREMENT_F03,Medium,FALSE,Reviewed independent pilot seed retained for canonical expansion.
PASSX_0116,I am trying to understand this: birth certificate diye passport apply kora jabe?,PASSPORT,PASSPORT_DOCUMENTS,Passport Documents and Requirements,PASSPORT_DOCUMENTS_BIRTH_REGISTRATION_REQUIREMENT,Birth Registration Requirement for Passport,Low,Mixed,FALSE,,PARAPHRASED,PASSPORT_DOCUMENTS_BIRTH_REGISTRATION_REQUIREMENT_F03,Medium,FALSE,Controlled paraphrase 1 of reviewed independent seed; family preserved; automated validation complete.
PASSX_0117,I need guidance on this: birth certificate diye passport apply kora jabe?,PASSPORT,PASSPORT_DOCUMENTS,Passport Documents and Requirements,PASSPORT_DOCUMENTS_BIRTH_REGISTRATION_REQUIREMENT,Birth Registration Requirement for Passport,Low,Mixed,FALSE,,PARAPHRASED,PASSPORT_DOCUMENTS_BIRTH_REGISTRATION_REQUIREMENT_F03,Medium,FALSE,Controlled paraphrase 2 of reviewed independent seed; family preserved; automated validation complete.
PASSX_0118,NID না থাকলে passport-এর জন্য Birth Registration গ্রহণ করা হয় কি?,PASSPORT,PASSPORT_DOCUMENTS,Passport Documents and Requirements,PASSPORT_DOCUMENTS_BIRTH_REGISTRATION_REQUIREMENT,Birth Registration Requirement for Passport,Low,Mixed,FALSE,,SYNTHETIC,PASSPORT_DOCUMENTS_BIRTH_REGISTRATION_REQUIREMENT_F04,Hard,FALSE,Reviewed independent pilot seed retained for canonical expansion.
PASSX_0119,NID না থাকলে passport-এর জন্য Birth Registration গ্রহণ করা হয় কি—নিয়মটা জানাবেন?,PASSPORT,PASSPORT_DOCUMENTS,Passport Documents and Requirements,PASSPORT_DOCUMENTS_BIRTH_REGISTRATION_REQUIREMENT,Birth Registration Requirement for Passport,Low,Mixed,FALSE,,PARAPHRASED,PASSPORT_DOCUMENTS_BIRTH_REGISTRATION_REQUIREMENT_F04,Hard,FALSE,Controlled paraphrase 1 of reviewed independent seed; family preserved; automated validation complete.
PASSX_0120,"NID না থাকলে passport-এর জন্য Birth Registration গ্রহণ করা হয় কি, একটু বুঝিয়ে বলবেন?",PASSPORT,PASSPORT_DOCUMENTS,Passport Documents and Requirements,PASSPORT_DOCUMENTS_BIRTH_REGISTRATION_REQUIREMENT,Birth Registration Requirement for Passport,Low,Mixed,FALSE,,PARAPHRASED,PASSPORT_DOCUMENTS_BIRTH_REGISTRATION_REQUIREMENT_F04,Hard,FALSE,Controlled paraphrase 2 of reviewed independent seed; family preserved; automated validation complete.
PASSX_0121,পাসপোর্ট পুনরায় ইস্যুর সময় আগের পাসপোর্টটি কি সঙ্গে দিতে হবে?,PASSPORT,PASSPORT_DOCUMENTS,Passport Documents and Requirements,PASSPORT_DOCUMENTS_PREVIOUS_PASSPORT,Previous Passport Document Requirement,Low,Formal,FALSE,,SYNTHETIC,PASSPORT_DOCUMENTS_PREVIOUS_PASSPORT_F01,Easy,FALSE,Reviewed independent pilot seed retained for canonical expansion.
PASSX_0122,আমার ক্ষেত্রে পাসপোর্ট পুনরায় ইস্যুর সময় আগের পাসপোর্টটি কি সঙ্গে দিতে হবে?,PASSPORT,PASSPORT_DOCUMENTS,Passport Documents and Requirements,PASSPORT_DOCUMENTS_PREVIOUS_PASSPORT,Previous Passport Document Requirement,Low,Formal,FALSE,,PARAPHRASED,PASSPORT_DOCUMENTS_PREVIOUS_PASSPORT_F01,Easy,FALSE,Controlled paraphrase 1 of reviewed independent seed; family preserved; automated validation complete.
PASSX_0123,পাসপোর্ট পুনরায় ইস্যুর সময় আগের পাসপোর্টটি কি সঙ্গে দিতে হবে; পরের ধাপটা কী?,PASSPORT,PASSPORT_DOCUMENTS,Passport Documents and Requirements,PASSPORT_DOCUMENTS_PREVIOUS_PASSPORT,Previous Passport Document Requirement,Low,Formal,FALSE,,PARAPHRASED,PASSPORT_DOCUMENTS_PREVIOUS_PASSPORT_F01,Easy,FALSE,Controlled paraphrase 2 of reviewed independent seed; family preserved; automated validation complete.
PASSX_0124,reissue করতে old passport নিয়ে যেতে হবে?,PASSPORT,PASSPORT_DOCUMENTS,Passport Documents and Requirements,PASSPORT_DOCUMENTS_PREVIOUS_PASSPORT,Previous Passport Document Requirement,Low,Informal,FALSE,,SYNTHETIC,PASSPORT_DOCUMENTS_PREVIOUS_PASSPORT_F02,Medium,FALSE,Reviewed independent pilot seed retained for canonical expansion.
PASSX_0125,এটা নিয়ে সাহায্য দরকার: reissue করতে old passport নিয়ে যেতে হবে?,PASSPORT,PASSPORT_DOCUMENTS,Passport Documents and Requirements,PASSPORT_DOCUMENTS_PREVIOUS_PASSPORT,Previous Passport Document Requirement,Low,Informal,FALSE,,PARAPHRASED,PASSPORT_DOCUMENTS_PREVIOUS_PASSPORT_F02,Medium,FALSE,Controlled paraphrase 1 of reviewed independent seed; family preserved; automated validation complete.
PASSX_0126,এই বিষয়ে সহায়তা চাই: reissue করতে old passport নিয়ে যেতে হবে?,PASSPORT,PASSPORT_DOCUMENTS,Passport Documents and Requirements,PASSPORT_DOCUMENTS_PREVIOUS_PASSPORT,Previous Passport Document Requirement,Low,Informal,FALSE,,PARAPHRASED,PASSPORT_DOCUMENTS_PREVIOUS_PASSPORT_F02,Medium,FALSE,Controlled paraphrase 2 of reviewed independent seed; family preserved; automated validation complete.
PASSX_0127,previous passport document hisebe lagbe ki?,PASSPORT,PASSPORT_DOCUMENTS,Passport Documents and Requirements,PASSPORT_DOCUMENTS_PREVIOUS_PASSPORT,Previous Passport Document Requirement,Low,Mixed,FALSE,,SYNTHETIC,PASSPORT_DOCUMENTS_PREVIOUS_PASSPORT_F03,Medium,FALSE,Reviewed independent pilot seed retained for canonical expansion.
PASSX_0128,I am trying to understand this: previous passport document hisebe lagbe ki?,PASSPORT,PASSPORT_DOCUMENTS,Passport Documents and Requirements,PASSPORT_DOCUMENTS_PREVIOUS_PASSPORT,Previous Passport Document Requirement,Low,Mixed,FALSE,,PARAPHRASED,PASSPORT_DOCUMENTS_PREVIOUS_PASSPORT_F03,Medium,FALSE,Controlled paraphrase 1 of reviewed independent seed; family preserved; automated validation complete.
PASSX_0129,I need guidance on this: previous passport document hisebe lagbe ki?,PASSPORT,PASSPORT_DOCUMENTS,Passport Documents and Requirements,PASSPORT_DOCUMENTS_PREVIOUS_PASSPORT,Previous Passport Document Requirement,Low,Mixed,FALSE,,PARAPHRASED,PASSPORT_DOCUMENTS_PREVIOUS_PASSPORT_F03,Medium,FALSE,Controlled paraphrase 2 of reviewed independent seed; family preserved; automated validation complete.
PASSX_0130,passport reissue-এর সময় আগের passportটা সঙ্গে দিতে হবে কি?,PASSPORT,PASSPORT_DOCUMENTS,Passport Documents and Requirements,PASSPORT_DOCUMENTS_PREVIOUS_PASSPORT,Previous Passport Document Requirement,Low,Mixed,FALSE,,SYNTHETIC,PASSPORT_DOCUMENTS_PREVIOUS_PASSPORT_F04,Hard,FALSE,Reviewed independent pilot seed retained for canonical expansion.
PASSX_0131,passport reissue-এর সময় আগের passportটা সঙ্গে দিতে হবে কি—নিয়মটা জানাবেন?,PASSPORT,PASSPORT_DOCUMENTS,Passport Documents and Requirements,PASSPORT_DOCUMENTS_PREVIOUS_PASSPORT,Previous Passport Document Requirement,Low,Mixed,FALSE,,PARAPHRASED,PASSPORT_DOCUMENTS_PREVIOUS_PASSPORT_F04,Hard,FALSE,Controlled paraphrase 1 of reviewed independent seed; family preserved; automated validation complete.
PASSX_0132,"passport reissue-এর সময় আগের passportটা সঙ্গে দিতে হবে কি, একটু বুঝিয়ে বলবেন?",PASSPORT,PASSPORT_DOCUMENTS,Passport Documents and Requirements,PASSPORT_DOCUMENTS_PREVIOUS_PASSPORT,Previous Passport Document Requirement,Low,Mixed,FALSE,,PARAPHRASED,PASSPORT_DOCUMENTS_PREVIOUS_PASSPORT_F04,Hard,FALSE,Controlled paraphrase 2 of reviewed independent seed; family preserved; automated validation complete.
PASSX_0133,অপ্রাপ্তবয়স্ক শিশুর পাসপোর্টের জন্য কী কী কাগজপত্র লাগে?,PASSPORT,PASSPORT_DOCUMENTS,Passport Documents and Requirements,PASSPORT_DOCUMENTS_MINOR_APPLICANT,Documents for Minor Passport Applicant,Low,Formal,FALSE,,SYNTHETIC,PASSPORT_DOCUMENTS_MINOR_APPLICANT_F01,Easy,FALSE,Reviewed independent pilot seed retained for canonical expansion.
PASSX_0134,আমার ক্ষেত্রে অপ্রাপ্তবয়স্ক শিশুর পাসপোর্টের জন্য কোন কোন কাগজপত্র লাগে?,PASSPORT,PASSPORT_DOCUMENTS,Passport Documents and Requirements,PASSPORT_DOCUMENTS_MINOR_APPLICANT,Documents for Minor Passport Applicant,Low,Formal,FALSE,,PARAPHRASED,PASSPORT_DOCUMENTS_MINOR_APPLICANT_F01,Easy,FALSE,Controlled paraphrase 1 of reviewed independent seed; family preserved; automated validation complete.
PASSX_0135,অপ্রাপ্তবয়স্ক শিশুর পাসপোর্টের জন্য কোন কোন কাগজপত্র লাগে; পরের ধাপটা কী?,PASSPORT,PASSPORT_DOCUMENTS,Passport Documents and Requirements,PASSPORT_DOCUMENTS_MINOR_APPLICANT,Documents for Minor Passport Applicant,Low,Formal,FALSE,,PARAPHRASED,PASSPORT_DOCUMENTS_MINOR_APPLICANT_F01,Easy,FALSE,Controlled paraphrase 2 of reviewed independent seed; family preserved; automated validation complete.
PASSX_0136,আমার বাচ্চার passport করতে কোন documents লাগবে?,PASSPORT,PASSPORT_DOCUMENTS,Passport Documents and Requirements,PASSPORT_DOCUMENTS_MINOR_APPLICANT,Documents for Minor Passport Applicant,Low,Informal,FALSE,,SYNTHETIC,PASSPORT_DOCUMENTS_MINOR_APPLICANT_F02,Medium,FALSE,Reviewed independent pilot seed retained for canonical expansion.
PASSX_0137,এটা নিয়ে সাহায্য দরকার: আমার বাচ্চার passport করতে কোন documents দরকার হবে?,PASSPORT,PASSPORT_DOCUMENTS,Passport Documents and Requirements,PASSPORT_DOCUMENTS_MINOR_APPLICANT,Documents for Minor Passport Applicant,Low,Informal,FALSE,,PARAPHRASED,PASSPORT_DOCUMENTS_MINOR_APPLICANT_F02,Medium,FALSE,Controlled paraphrase 1 of reviewed independent seed; family preserved; automated validation complete.
PASSX_0138,আমার বাচ্চার passport করতে কোন documents দরকার হবে?,PASSPORT,PASSPORT_DOCUMENTS,Passport Documents and Requirements,PASSPORT_DOCUMENTS_MINOR_APPLICANT,Documents for Minor Passport Applicant,Low,Informal,FALSE,,PARAPHRASED,PASSPORT_DOCUMENTS_MINOR_APPLICANT_F02,Medium,FALSE,Controlled paraphrase 2 of reviewed independent seed; family preserved; automated validation complete.
PASSX_0139,minor applicant er passport documents ki ki?,PASSPORT,PASSPORT_DOCUMENTS,Passport Documents and Requirements,PASSPORT_DOCUMENTS_MINOR_APPLICANT,Documents for Minor Passport Applicant,Low,Mixed,FALSE,,SYNTHETIC,PASSPORT_DOCUMENTS_MINOR_APPLICANT_F03,Medium,FALSE,Reviewed independent pilot seed retained for canonical expansion.
PASSX_0140,I am trying to understand this: minor applicant er passport documents kon kon jinis?,PASSPORT,PASSPORT_DOCUMENTS,Passport Documents and Requirements,PASSPORT_DOCUMENTS_MINOR_APPLICANT,Documents for Minor Passport Applicant,Low,Mixed,FALSE,,PARAPHRASED,PASSPORT_DOCUMENTS_MINOR_APPLICANT_F03,Medium,FALSE,Controlled paraphrase 1 of reviewed independent seed; family preserved; automated validation complete.
PASSX_0141,I need guidance on this: minor applicant er passport documents kon kon jinis?,PASSPORT,PASSPORT_DOCUMENTS,Passport Documents and Requirements,PASSPORT_DOCUMENTS_MINOR_APPLICANT,Documents for Minor Passport Applicant,Low,Mixed,FALSE,,PARAPHRASED,PASSPORT_DOCUMENTS_MINOR_APPLICANT_F03,Medium,FALSE,Controlled paraphrase 2 of reviewed independent seed; family preserved; automated validation complete.
PASSX_0142,আমার বাচ্চার passport করতে কী কী supporting documents লাগবে?,PASSPORT,PASSPORT_DOCUMENTS,Passport Documents and Requirements,PASSPORT_DOCUMENTS_MINOR_APPLICANT,Documents for Minor Passport Applicant,Low,Mixed,FALSE,,SYNTHETIC,PASSPORT_DOCUMENTS_MINOR_APPLICANT_F04,Hard,FALSE,Reviewed independent pilot seed retained for canonical expansion.
PASSX_0143,আমার বাচ্চার passport করতে কী কী supporting documents দরকার হবে—নিয়মটা জানাবেন?,PASSPORT,PASSPORT_DOCUMENTS,Passport Documents and Requirements,PASSPORT_DOCUMENTS_MINOR_APPLICANT,Documents for Minor Passport Applicant,Low,Mixed,FALSE,,PARAPHRASED,PASSPORT_DOCUMENTS_MINOR_APPLICANT_F04,Hard,FALSE,Controlled paraphrase 1 of reviewed independent seed; family preserved; automated validation complete.
PASSX_0144,"আমার বাচ্চার passport করতে কী কী supporting documents দরকার হবে, একটু বুঝিয়ে বলবেন?",PASSPORT,PASSPORT_DOCUMENTS,Passport Documents and Requirements,PASSPORT_DOCUMENTS_MINOR_APPLICANT,Documents for Minor Passport Applicant,Low,Mixed,FALSE,,PARAPHRASED,PASSPORT_DOCUMENTS_MINOR_APPLICANT_F04,Hard,FALSE,Controlled paraphrase 2 of reviewed independent seed; family preserved; automated validation complete.
PASSX_0145,ই-পাসপোর্ট এনরোলমেন্টের দিনে কোন কোন কাগজপত্র সঙ্গে নিতে হবে?,PASSPORT,PASSPORT_DOCUMENTS,Passport Documents and Requirements,PASSPORT_DOCUMENTS_ENROLMENT,Documents Required for Passport Enrolment,Low,Formal,FALSE,,SYNTHETIC,PASSPORT_DOCUMENTS_ENROLMENT_F01,Easy,FALSE,Reviewed independent pilot seed retained for canonical expansion.
PASSX_0146,আমার ক্ষেত্রে ই-পাসপোর্ট এনরোলমেন্টের দিনে কোন কোন কাগজপত্র সঙ্গে নিতে হবে?,PASSPORT,PASSPORT_DOCUMENTS,Passport Documents and Requirements,PASSPORT_DOCUMENTS_ENROLMENT,Documents Required for Passport Enrolment,Low,Formal,FALSE,,PARAPHRASED,PASSPORT_DOCUMENTS_ENROLMENT_F01,Easy,FALSE,Controlled paraphrase 1 of reviewed independent seed; family preserved; automated validation complete.
PASSX_0147,ই-পাসপোর্ট এনরোলমেন্টের দিনে কোন কোন কাগজপত্র সঙ্গে নিতে হবে; পরের ধাপটা কী?,PASSPORT,PASSPORT_DOCUMENTS,Passport Documents and Requirements,PASSPORT_DOCUMENTS_ENROLMENT,Documents Required for Passport Enrolment,Low,Formal,FALSE,,PARAPHRASED,PASSPORT_DOCUMENTS_ENROLMENT_F01,Easy,FALSE,Controlled paraphrase 2 of reviewed independent seed; family preserved; automated validation complete.
PASSX_0148,biometric দিতে গেলে কী documents নিয়ে যাব?,PASSPORT,PASSPORT_DOCUMENTS,Passport Documents and Requirements,PASSPORT_DOCUMENTS_ENROLMENT,Documents Required for Passport Enrolment,Low,Informal,FALSE,,SYNTHETIC,PASSPORT_DOCUMENTS_ENROLMENT_F02,Medium,FALSE,Reviewed independent pilot seed retained for canonical expansion.
PASSX_0149,এটা নিয়ে সাহায্য দরকার: biometric দিতে গেলে কী documents নিয়ে যাব?,PASSPORT,PASSPORT_DOCUMENTS,Passport Documents and Requirements,PASSPORT_DOCUMENTS_ENROLMENT,Documents Required for Passport Enrolment,Low,Informal,FALSE,,PARAPHRASED,PASSPORT_DOCUMENTS_ENROLMENT_F02,Medium,FALSE,Controlled paraphrase 1 of reviewed independent seed; family preserved; automated validation complete.
PASSX_0150,এই বিষয়ে সহায়তা চাই: biometric দিতে গেলে কী documents নিয়ে যাব?,PASSPORT,PASSPORT_DOCUMENTS,Passport Documents and Requirements,PASSPORT_DOCUMENTS_ENROLMENT,Documents Required for Passport Enrolment,Low,Informal,FALSE,,PARAPHRASED,PASSPORT_DOCUMENTS_ENROLMENT_F02,Medium,FALSE,Controlled paraphrase 2 of reviewed independent seed; family preserved; automated validation complete.
PASSX_0151,passport enrolment er din kon papers carry korte hoy?,PASSPORT,PASSPORT_DOCUMENTS,Passport Documents and Requirements,PASSPORT_DOCUMENTS_ENROLMENT,Documents Required for Passport Enrolment,Low,Mixed,FALSE,,SYNTHETIC,PASSPORT_DOCUMENTS_ENROLMENT_F03,Medium,FALSE,Reviewed independent pilot seed retained for canonical expansion.
PASSX_0152,I am trying to understand this: passport enrolment er din kon papers carry korte hoy?,PASSPORT,PASSPORT_DOCUMENTS,Passport Documents and Requirements,PASSPORT_DOCUMENTS_ENROLMENT,Documents Required for Passport Enrolment,Low,Mixed,FALSE,,PARAPHRASED,PASSPORT_DOCUMENTS_ENROLMENT_F03,Medium,FALSE,Controlled paraphrase 1 of reviewed independent seed; family preserved; automated validation complete.
PASSX_0153,I need guidance on this: passport enrolment er din kon papers carry korte hoy?,PASSPORT,PASSPORT_DOCUMENTS,Passport Documents and Requirements,PASSPORT_DOCUMENTS_ENROLMENT,Documents Required for Passport Enrolment,Low,Mixed,FALSE,,PARAPHRASED,PASSPORT_DOCUMENTS_ENROLMENT_F03,Medium,FALSE,Controlled paraphrase 2 of reviewed independent seed; family preserved; automated validation complete.
PASSX_0154,passport biometric বা enrolment-এর দিন কী কী documents সঙ্গে নিতে হবে?,PASSPORT,PASSPORT_DOCUMENTS,Passport Documents and Requirements,PASSPORT_DOCUMENTS_ENROLMENT,Documents Required for Passport Enrolment,Low,Mixed,FALSE,,SYNTHETIC,PASSPORT_DOCUMENTS_ENROLMENT_F04,Hard,FALSE,Reviewed independent pilot seed retained for canonical expansion.
PASSX_0155,passport biometric বা enrolment-এর দিন কোন কোন documents সঙ্গে নিতে হবে—নিয়মটা জানাবেন?,PASSPORT,PASSPORT_DOCUMENTS,Passport Documents and Requirements,PASSPORT_DOCUMENTS_ENROLMENT,Documents Required for Passport Enrolment,Low,Mixed,FALSE,,PARAPHRASED,PASSPORT_DOCUMENTS_ENROLMENT_F04,Hard,FALSE,Controlled paraphrase 1 of reviewed independent seed; family preserved; automated validation complete.
PASSX_0156,"passport biometric বা enrolment-এর দিন কোন কোন documents সঙ্গে নিতে হবে, একটু বুঝিয়ে বলবেন?",PASSPORT,PASSPORT_DOCUMENTS,Passport Documents and Requirements,PASSPORT_DOCUMENTS_ENROLMENT,Documents Required for Passport Enrolment,Low,Mixed,FALSE,,PARAPHRASED,PASSPORT_DOCUMENTS_ENROLMENT_F04,Hard,FALSE,Controlled paraphrase 2 of reviewed independent seed; family preserved; automated validation complete.
PASSX_0157,পাসপোর্ট আবেদনের প্রয়োজনীয় একটি কাগজ আমার কাছে নেই; কী করব?,PASSPORT,PASSPORT_DOCUMENTS,Passport Documents and Requirements,PASSPORT_DOCUMENTS_MISSING,Missing or Unavailable Passport Document,Medium,Formal,FALSE,,SYNTHETIC,PASSPORT_DOCUMENTS_MISSING_F01,Easy,FALSE,Reviewed independent pilot seed retained for canonical expansion.
PASSX_0158,আমার ক্ষেত্রে পাসপোর্ট আবেদনের প্রয়োজনীয় একটি কাগজ আমার কাছে নেই; কী করতে হবে?,PASSPORT,PASSPORT_DOCUMENTS,Passport Documents and Requirements,PASSPORT_DOCUMENTS_MISSING,Missing or Unavailable Passport Document,Medium,Formal,FALSE,,PARAPHRASED,PASSPORT_DOCUMENTS_MISSING_F01,Easy,FALSE,Controlled paraphrase 1 of reviewed independent seed; family preserved; automated validation complete.
PASSX_0159,পাসপোর্ট আবেদনের প্রয়োজনীয় একটি কাগজ আমার কাছে নেই; কী করতে হবে; পরের ধাপটা কী?,PASSPORT,PASSPORT_DOCUMENTS,Passport Documents and Requirements,PASSPORT_DOCUMENTS_MISSING,Missing or Unavailable Passport Document,Medium,Formal,FALSE,,PARAPHRASED,PASSPORT_DOCUMENTS_MISSING_F01,Easy,FALSE,Controlled paraphrase 2 of reviewed independent seed; family preserved; automated validation complete.
PASSX_0160,"required passport document একটা missing, এখন application কীভাবে এগোব?",PASSPORT,PASSPORT_DOCUMENTS,Passport Documents and Requirements,PASSPORT_DOCUMENTS_MISSING,Missing or Unavailable Passport Document,Medium,Informal,FALSE,,SYNTHETIC,PASSPORT_DOCUMENTS_MISSING_F02,Medium,FALSE,Reviewed independent pilot seed retained for canonical expansion.
PASSX_0161,"এটা নিয়ে সাহায্য দরকার: required passport document একটা missing, এখন application কোন প্রক্রিয়ায় এগোব?",PASSPORT,PASSPORT_DOCUMENTS,Passport Documents and Requirements,PASSPORT_DOCUMENTS_MISSING,Missing or Unavailable Passport Document,Medium,Informal,FALSE,,PARAPHRASED,PASSPORT_DOCUMENTS_MISSING_F02,Medium,FALSE,Controlled paraphrase 1 of reviewed independent seed; family preserved; automated validation complete.
PASSX_0162,"required passport document একটা missing, এখন application কোন প্রক্রিয়ায় এগোব?",PASSPORT,PASSPORT_DOCUMENTS,Passport Documents and Requirements,PASSPORT_DOCUMENTS_MISSING,Missing or Unavailable Passport Document,Medium,Informal,FALSE,,PARAPHRASED,PASSPORT_DOCUMENTS_MISSING_F02,Medium,FALSE,Controlled paraphrase 2 of reviewed independent seed; family preserved; automated validation complete.
PASSX_0163,"passport er ekta dorkarer document nai, ki korbo?",PASSPORT,PASSPORT_DOCUMENTS,Passport Documents and Requirements,PASSPORT_DOCUMENTS_MISSING,Missing or Unavailable Passport Document,Medium,Mixed,FALSE,,SYNTHETIC,PASSPORT_DOCUMENTS_MISSING_F03,Medium,FALSE,Reviewed independent pilot seed retained for canonical expansion.
PASSX_0164,"I am trying to understand this: passport er ekta dorkarer document nai, ki korte hobe?",PASSPORT,PASSPORT_DOCUMENTS,Passport Documents and Requirements,PASSPORT_DOCUMENTS_MISSING,Missing or Unavailable Passport Document,Medium,Mixed,FALSE,,PARAPHRASED,PASSPORT_DOCUMENTS_MISSING_F03,Medium,FALSE,Controlled paraphrase 1 of reviewed independent seed; family preserved; automated validation complete.
PASSX_0165,"I need guidance on this: passport er ekta dorkarer document nai, ki korte hobe?",PASSPORT,PASSPORT_DOCUMENTS,Passport Documents and Requirements,PASSPORT_DOCUMENTS_MISSING,Missing or Unavailable Passport Document,Medium,Mixed,FALSE,,PARAPHRASED,PASSPORT_DOCUMENTS_MISSING_F03,Medium,FALSE,Controlled paraphrase 2 of reviewed independent seed; family preserved; automated validation complete.
PASSX_0166,"passport application-এর একটা দরকারি supporting paper আমার কাছে নেই, এখন কীভাবে proceed করব?",PASSPORT,PASSPORT_DOCUMENTS,Passport Documents and Requirements,PASSPORT_DOCUMENTS_MISSING,Missing or Unavailable Passport Document,Medium,Mixed,FALSE,,SYNTHETIC,PASSPORT_DOCUMENTS_MISSING_F04,Hard,FALSE,Reviewed independent pilot seed retained for canonical expansion.
PASSX_0167,"passport application-এর একটা দরকারি supporting paper আমার কাছে নেই, এখন কোন প্রক্রিয়ায় proceed করব—নিয়মটা জানাবেন?",PASSPORT,PASSPORT_DOCUMENTS,Passport Documents and Requirements,PASSPORT_DOCUMENTS_MISSING,Missing or Unavailable Passport Document,Medium,Mixed,FALSE,,PARAPHRASED,PASSPORT_DOCUMENTS_MISSING_F04,Hard,FALSE,Controlled paraphrase 1 of reviewed independent seed; family preserved; automated validation complete.
PASSX_0168,"passport application-এর একটা দরকারি supporting paper আমার কাছে নেই, এখন কোন প্রক্রিয়ায় proceed করব, একটু বুঝিয়ে বলবেন?",PASSPORT,PASSPORT_DOCUMENTS,Passport Documents and Requirements,PASSPORT_DOCUMENTS_MISSING,Missing or Unavailable Passport Document,Medium,Mixed,FALSE,,PARAPHRASED,PASSPORT_DOCUMENTS_MISSING_F04,Hard,FALSE,Controlled paraphrase 2 of reviewed independent seed; family preserved; automated validation complete.
PASSX_0169,অফিশিয়াল বা ডিপ্লোম্যাটিক পাসপোর্টের জন্য কী কী সহায়ক কাগজপত্র লাগে?,PASSPORT,PASSPORT_DOCUMENTS,Passport Documents and Requirements,PASSPORT_DOCUMENTS_OFFICIAL_DIPLOMATIC,Official or Diplomatic Passport Documents,Low,Formal,FALSE,,SYNTHETIC,PASSPORT_DOCUMENTS_OFFICIAL_DIPLOMATIC_F01,Easy,FALSE,Reviewed independent pilot seed retained for canonical expansion.
PASSX_0170,আমার ক্ষেত্রে অফিশিয়াল বা ডিপ্লোম্যাটিক পাসপোর্টের জন্য কোন কোন সহায়ক কাগজপত্র লাগে?,PASSPORT,PASSPORT_DOCUMENTS,Passport Documents and Requirements,PASSPORT_DOCUMENTS_OFFICIAL_DIPLOMATIC,Official or Diplomatic Passport Documents,Low,Formal,FALSE,,PARAPHRASED,PASSPORT_DOCUMENTS_OFFICIAL_DIPLOMATIC_F01,Easy,FALSE,Controlled paraphrase 1 of reviewed independent seed; family preserved; automated validation complete.
PASSX_0171,অফিশিয়াল বা ডিপ্লোম্যাটিক পাসপোর্টের জন্য কোন কোন সহায়ক কাগজপত্র লাগে; পরের ধাপটা কী?,PASSPORT,PASSPORT_DOCUMENTS,Passport Documents and Requirements,PASSPORT_DOCUMENTS_OFFICIAL_DIPLOMATIC,Official or Diplomatic Passport Documents,Low,Formal,FALSE,,PARAPHRASED,PASSPORT_DOCUMENTS_OFFICIAL_DIPLOMATIC_F01,Easy,FALSE,Controlled paraphrase 2 of reviewed independent seed; family preserved; automated validation complete.
PASSX_0172,official passport-এর জন্য GO বা NOC লাগবে কিনা জানতে চাই।,PASSPORT,PASSPORT_DOCUMENTS,Passport Documents and Requirements,PASSPORT_DOCUMENTS_OFFICIAL_DIPLOMATIC,Official or Diplomatic Passport Documents,Low,Informal,FALSE,,SYNTHETIC,PASSPORT_DOCUMENTS_OFFICIAL_DIPLOMATIC_F02,Medium,FALSE,Reviewed independent pilot seed retained for canonical expansion.
PASSX_0173,এটা নিয়ে সাহায্য দরকার: official passport-এর জন্য GO বা NOC লাগবে কিনা জানতে প্রয়োজন?,PASSPORT,PASSPORT_DOCUMENTS,Passport Documents and Requirements,PASSPORT_DOCUMENTS_OFFICIAL_DIPLOMATIC,Official or Diplomatic Passport Documents,Low,Informal,FALSE,,PARAPHRASED,PASSPORT_DOCUMENTS_OFFICIAL_DIPLOMATIC_F02,Medium,FALSE,Controlled paraphrase 1 of reviewed independent seed; family preserved; automated validation complete.
PASSX_0174,official passport-এর জন্য GO বা NOC লাগবে কিনা জানতে প্রয়োজন?,PASSPORT,PASSPORT_DOCUMENTS,Passport Documents and Requirements,PASSPORT_DOCUMENTS_OFFICIAL_DIPLOMATIC,Official or Diplomatic Passport Documents,Low,Informal,FALSE,,PARAPHRASED,PASSPORT_DOCUMENTS_OFFICIAL_DIPLOMATIC_F02,Medium,FALSE,Controlled paraphrase 2 of reviewed independent seed; family preserved; automated validation complete.
PASSX_0175,diplomatic passport er supporting documents ki?,PASSPORT,PASSPORT_DOCUMENTS,Passport Documents and Requirements,PASSPORT_DOCUMENTS_OFFICIAL_DIPLOMATIC,Official or Diplomatic Passport Documents,Low,Mixed,FALSE,,SYNTHETIC,PASSPORT_DOCUMENTS_OFFICIAL_DIPLOMATIC_F03,Medium,FALSE,Reviewed independent pilot seed retained for canonical expansion.
PASSX_0176,I am trying to understand this: diplomatic passport er supporting documents ki?,PASSPORT,PASSPORT_DOCUMENTS,Passport Documents and Requirements,PASSPORT_DOCUMENTS_OFFICIAL_DIPLOMATIC,Official or Diplomatic Passport Documents,Low,Mixed,FALSE,,PARAPHRASED,PASSPORT_DOCUMENTS_OFFICIAL_DIPLOMATIC_F03,Medium,FALSE,Controlled paraphrase 1 of reviewed independent seed; family preserved; automated validation complete.
PASSX_0177,I need guidance on this: diplomatic passport er supporting documents ki?,PASSPORT,PASSPORT_DOCUMENTS,Passport Documents and Requirements,PASSPORT_DOCUMENTS_OFFICIAL_DIPLOMATIC,Official or Diplomatic Passport Documents,Low,Mixed,FALSE,,PARAPHRASED,PASSPORT_DOCUMENTS_OFFICIAL_DIPLOMATIC_F03,Medium,FALSE,Controlled paraphrase 2 of reviewed independent seed; family preserved; automated validation complete.
PASSX_0178,official passport করতে কী কী administrative papers জমা দিতে হবে?,PASSPORT,PASSPORT_DOCUMENTS,Passport Documents and Requirements,PASSPORT_DOCUMENTS_OFFICIAL_DIPLOMATIC,Official or Diplomatic Passport Documents,Low,Mixed,FALSE,,SYNTHETIC,PASSPORT_DOCUMENTS_OFFICIAL_DIPLOMATIC_F04,Hard,FALSE,Reviewed independent pilot seed retained for canonical expansion.
PASSX_0179,official passport করতে কোন কোন administrative papers জমা দিতে হবে—নিয়মটা জানাবেন?,PASSPORT,PASSPORT_DOCUMENTS,Passport Documents and Requirements,PASSPORT_DOCUMENTS_OFFICIAL_DIPLOMATIC,Official or Diplomatic Passport Documents,Low,Mixed,FALSE,,PARAPHRASED,PASSPORT_DOCUMENTS_OFFICIAL_DIPLOMATIC_F04,Hard,FALSE,Controlled paraphrase 1 of reviewed independent seed; family preserved; automated validation complete.
PASSX_0180,"official passport করতে কোন কোন administrative papers জমা দিতে হবে, একটু বুঝিয়ে বলবেন?",PASSPORT,PASSPORT_DOCUMENTS,Passport Documents and Requirements,PASSPORT_DOCUMENTS_OFFICIAL_DIPLOMATIC,Official or Diplomatic Passport Documents,Low,Mixed,FALSE,,PARAPHRASED,PASSPORT_DOCUMENTS_OFFICIAL_DIPLOMATIC_F04,Hard,FALSE,Controlled paraphrase 2 of reviewed independent seed; family preserved; automated validation complete.
PASSX_0181,ই-পাসপোর্ট অনলাইন সেবার জন্য নতুন অ্যাকাউন্ট কীভাবে তৈরি করব?,PASSPORT,PASSPORT_ONLINE_ACCOUNT,Passport Online Account,PASSPORT_ONLINE_ACCOUNT_REGISTRATION,Passport Online Account Registration,Low,Formal,FALSE,,SYNTHETIC,PASSPORT_ONLINE_ACCOUNT_REGISTRATION_F01,Easy,FALSE,Reviewed independent pilot seed retained for canonical expansion.
PASSX_0182,আমার ক্ষেত্রে ই-পাসপোর্ট অনলাইন সেবার জন্য নতুন অ্যাকাউন্ট কীভাবে তৈরি করতে হবে?,PASSPORT,PASSPORT_ONLINE_ACCOUNT,Passport Online Account,PASSPORT_ONLINE_ACCOUNT_REGISTRATION,Passport Online Account Registration,Low,Formal,FALSE,,PARAPHRASED,PASSPORT_ONLINE_ACCOUNT_REGISTRATION_F01,Easy,FALSE,Controlled paraphrase 1 of reviewed independent seed; family preserved; automated validation complete.
PASSX_0183,ই-পাসপোর্ট অনলাইন সেবার জন্য নতুন অ্যাকাউন্ট কীভাবে তৈরি করতে হবে; পরের ধাপটা কী?,PASSPORT,PASSPORT_ONLINE_ACCOUNT,Passport Online Account,PASSPORT_ONLINE_ACCOUNT_REGISTRATION,Passport Online Account Registration,Low,Formal,FALSE,,PARAPHRASED,PASSPORT_ONLINE_ACCOUNT_REGISTRATION_F01,Easy,FALSE,Controlled paraphrase 2 of reviewed independent seed; family preserved; automated validation complete.
PASSX_0184,"passport portal-এ account খুলতে চাই, কী করতে হবে?",PASSPORT,PASSPORT_ONLINE_ACCOUNT,Passport Online Account,PASSPORT_ONLINE_ACCOUNT_REGISTRATION,Passport Online Account Registration,Low,Informal,FALSE,,SYNTHETIC,PASSPORT_ONLINE_ACCOUNT_REGISTRATION_F02,Medium,FALSE,Reviewed independent pilot seed retained for canonical expansion.
PASSX_0185,"এটা নিয়ে সাহায্য দরকার: passport portal-এ account খুলতে প্রয়োজন, কী করতে হবে?",PASSPORT,PASSPORT_ONLINE_ACCOUNT,Passport Online Account,PASSPORT_ONLINE_ACCOUNT_REGISTRATION,Passport Online Account Registration,Low,Informal,FALSE,,PARAPHRASED,PASSPORT_ONLINE_ACCOUNT_REGISTRATION_F02,Medium,FALSE,Controlled paraphrase 1 of reviewed independent seed; family preserved; automated validation complete.
PASSX_0186,"passport portal-এ account খুলতে প্রয়োজন, কী করতে হবে?",PASSPORT,PASSPORT_ONLINE_ACCOUNT,Passport Online Account,PASSPORT_ONLINE_ACCOUNT_REGISTRATION,Passport Online Account Registration,Low,Informal,FALSE,,PARAPHRASED,PASSPORT_ONLINE_ACCOUNT_REGISTRATION_F02,Medium,FALSE,Controlled paraphrase 2 of reviewed independent seed; family preserved; automated validation complete.
PASSX_0187,e-passport account register korbo kivabe?,PASSPORT,PASSPORT_ONLINE_ACCOUNT,Passport Online Account,PASSPORT_ONLINE_ACCOUNT_REGISTRATION,Passport Online Account Registration,Low,Mixed,FALSE,,SYNTHETIC,PASSPORT_ONLINE_ACCOUNT_REGISTRATION_F03,Medium,FALSE,Reviewed independent pilot seed retained for canonical expansion.
PASSX_0188,I am trying to understand this: e-passport account register korbo kon process e?,PASSPORT,PASSPORT_ONLINE_ACCOUNT,Passport Online Account,PASSPORT_ONLINE_ACCOUNT_REGISTRATION,Passport Online Account Registration,Low,Mixed,FALSE,,PARAPHRASED,PASSPORT_ONLINE_ACCOUNT_REGISTRATION_F03,Medium,FALSE,Controlled paraphrase 1 of reviewed independent seed; family preserved; automated validation complete.
PASSX_0189,I need guidance on this: e-passport account register korbo kon process e?,PASSPORT,PASSPORT_ONLINE_ACCOUNT,Passport Online Account,PASSPORT_ONLINE_ACCOUNT_REGISTRATION,Passport Online Account Registration,Low,Mixed,FALSE,,PARAPHRASED,PASSPORT_ONLINE_ACCOUNT_REGISTRATION_F03,Medium,FALSE,Controlled paraphrase 2 of reviewed independent seed; family preserved; automated validation complete.
PASSX_0190,e-passport portal-এ নতুন account create করব কীভাবে?,PASSPORT,PASSPORT_ONLINE_ACCOUNT,Passport Online Account,PASSPORT_ONLINE_ACCOUNT_REGISTRATION,Passport Online Account Registration,Low,Mixed,FALSE,,SYNTHETIC,PASSPORT_ONLINE_ACCOUNT_REGISTRATION_F04,Hard,FALSE,Reviewed independent pilot seed retained for canonical expansion.
PASSX_0191,e-passport portal-এ নতুন account create করব কোন প্রক্রিয়ায়—নিয়মটা জানাবেন?,PASSPORT,PASSPORT_ONLINE_ACCOUNT,Passport Online Account,PASSPORT_ONLINE_ACCOUNT_REGISTRATION,Passport Online Account Registration,Low,Mixed,FALSE,,PARAPHRASED,PASSPORT_ONLINE_ACCOUNT_REGISTRATION_F04,Hard,FALSE,Controlled paraphrase 1 of reviewed independent seed; family preserved; automated validation complete.
PASSX_0192,"e-passport portal-এ নতুন account create করব কোন প্রক্রিয়ায়, একটু বুঝিয়ে বলবেন?",PASSPORT,PASSPORT_ONLINE_ACCOUNT,Passport Online Account,PASSPORT_ONLINE_ACCOUNT_REGISTRATION,Passport Online Account Registration,Low,Mixed,FALSE,,PARAPHRASED,PASSPORT_ONLINE_ACCOUNT_REGISTRATION_F04,Hard,FALSE,Controlled paraphrase 2 of reviewed independent seed; family preserved; automated validation complete.
PASSX_0193,আমার বিদ্যমান ই-পাসপোর্ট অ্যাকাউন্টে কীভাবে লগইন করব?,PASSPORT,PASSPORT_ONLINE_ACCOUNT,Passport Online Account,PASSPORT_ONLINE_ACCOUNT_LOGIN,Passport Online Account Login,Low,Formal,FALSE,,SYNTHETIC,PASSPORT_ONLINE_ACCOUNT_LOGIN_F01,Easy,FALSE,Reviewed independent pilot seed retained for canonical expansion.
PASSX_0194,আমার ক্ষেত্রে আমার বিদ্যমান ই-পাসপোর্ট অ্যাকাউন্টে কোন প্রক্রিয়ায় লগইন করব?,PASSPORT,PASSPORT_ONLINE_ACCOUNT,Passport Online Account,PASSPORT_ONLINE_ACCOUNT_LOGIN,Passport Online Account Login,Low,Formal,FALSE,,PARAPHRASED,PASSPORT_ONLINE_ACCOUNT_LOGIN_F01,Easy,FALSE,Controlled paraphrase 1 of reviewed independent seed; family preserved; automated validation complete.
PASSX_0195,আমার বিদ্যমান ই-পাসপোর্ট অ্যাকাউন্টে কোন প্রক্রিয়ায় লগইন করব; পরের ধাপটা কী?,PASSPORT,PASSPORT_ONLINE_ACCOUNT,Passport Online Account,PASSPORT_ONLINE_ACCOUNT_LOGIN,Passport Online Account Login,Low,Formal,FALSE,,PARAPHRASED,PASSPORT_ONLINE_ACCOUNT_LOGIN_F01,Easy,FALSE,Controlled paraphrase 2 of reviewed independent seed; family preserved; automated validation complete.
PASSX_0196,passport portal login কোথা থেকে করব?,PASSPORT,PASSPORT_ONLINE_ACCOUNT,Passport Online Account,PASSPORT_ONLINE_ACCOUNT_LOGIN,Passport Online Account Login,Low,Informal,FALSE,,SYNTHETIC,PASSPORT_ONLINE_ACCOUNT_LOGIN_F02,Medium,FALSE,Reviewed independent pilot seed retained for canonical expansion.
PASSX_0197,এটা নিয়ে সাহায্য দরকার: passport portal login কোথা থেকে করতে হবে?,PASSPORT,PASSPORT_ONLINE_ACCOUNT,Passport Online Account,PASSPORT_ONLINE_ACCOUNT_LOGIN,Passport Online Account Login,Low,Informal,FALSE,,PARAPHRASED,PASSPORT_ONLINE_ACCOUNT_LOGIN_F02,Medium,FALSE,Controlled paraphrase 1 of reviewed independent seed; family preserved; automated validation complete.
PASSX_0198,passport portal login কোথা থেকে করতে হবে?,PASSPORT,PASSPORT_ONLINE_ACCOUNT,Passport Online Account,PASSPORT_ONLINE_ACCOUNT_LOGIN,Passport Online Account Login,Low,Informal,FALSE,,PARAPHRASED,PASSPORT_ONLINE_ACCOUNT_LOGIN_F02,Medium,FALSE,Controlled paraphrase 2 of reviewed independent seed; family preserved; automated validation complete.
PASSX_0199,e-passport account e sign in korbo kivabe?,PASSPORT,PASSPORT_ONLINE_ACCOUNT,Passport Online Account,PASSPORT_ONLINE_ACCOUNT_LOGIN,Passport Online Account Login,Low,Mixed,FALSE,,SYNTHETIC,PASSPORT_ONLINE_ACCOUNT_LOGIN_F03,Medium,FALSE,Reviewed independent pilot seed retained for canonical expansion.
PASSX_0200,I am trying to understand this: e-passport account e sign in korte hobe kivabe?,PASSPORT,PASSPORT_ONLINE_ACCOUNT,Passport Online Account,PASSPORT_ONLINE_ACCOUNT_LOGIN,Passport Online Account Login,Low,Mixed,FALSE,,PARAPHRASED,PASSPORT_ONLINE_ACCOUNT_LOGIN_F03,Medium,FALSE,Controlled paraphrase 1 of reviewed independent seed; family preserved; automated validation complete.
PASSX_0201,I need guidance on this: e-passport account e sign in korte hobe kivabe?,PASSPORT,PASSPORT_ONLINE_ACCOUNT,Passport Online Account,PASSPORT_ONLINE_ACCOUNT_LOGIN,Passport Online Account Login,Low,Mixed,FALSE,,PARAPHRASED,PASSPORT_ONLINE_ACCOUNT_LOGIN_F03,Medium,FALSE,Controlled paraphrase 2 of reviewed independent seed; family preserved; automated validation complete.
PASSX_0202,আমার existing e-passport account-এ login করব কীভাবে?,PASSPORT,PASSPORT_ONLINE_ACCOUNT,Passport Online Account,PASSPORT_ONLINE_ACCOUNT_LOGIN,Passport Online Account Login,Low,Mixed,FALSE,,SYNTHETIC,PASSPORT_ONLINE_ACCOUNT_LOGIN_F04,Hard,FALSE,Reviewed independent pilot seed retained for canonical expansion.
PASSX_0203,আমার existing e-passport account-এ login করব কোন প্রক্রিয়ায়—নিয়মটা জানাবেন?,PASSPORT,PASSPORT_ONLINE_ACCOUNT,Passport Online Account,PASSPORT_ONLINE_ACCOUNT_LOGIN,Passport Online Account Login,Low,Mixed,FALSE,,PARAPHRASED,PASSPORT_ONLINE_ACCOUNT_LOGIN_F04,Hard,FALSE,Controlled paraphrase 1 of reviewed independent seed; family preserved; automated validation complete.
PASSX_0204,"আমার existing e-passport account-এ login করব কোন প্রক্রিয়ায়, একটু বুঝিয়ে বলবেন?",PASSPORT,PASSPORT_ONLINE_ACCOUNT,Passport Online Account,PASSPORT_ONLINE_ACCOUNT_LOGIN,Passport Online Account Login,Low,Mixed,FALSE,,PARAPHRASED,PASSPORT_ONLINE_ACCOUNT_LOGIN_F04,Hard,FALSE,Controlled paraphrase 2 of reviewed independent seed; family preserved; automated validation complete.
PASSX_0205,ই-পাসপোর্ট অ্যাকাউন্টের পাসওয়ার্ড ভুলে গেলে কীভাবে রিসেট করব?,PASSPORT,PASSPORT_ONLINE_ACCOUNT,Passport Online Account,PASSPORT_ONLINE_ACCOUNT_PASSWORD_RESET,Forgotten Password and Password Reset,Low,Formal,FALSE,,SYNTHETIC,PASSPORT_ONLINE_ACCOUNT_PASSWORD_RESET_F01,Easy,FALSE,Reviewed independent pilot seed retained for canonical expansion.
PASSX_0206,আমার ক্ষেত্রে ই-পাসপোর্ট অ্যাকাউন্টের পাসওয়ার্ড ভুলে গেলে কোন প্রক্রিয়ায় রিসেট করব?,PASSPORT,PASSPORT_ONLINE_ACCOUNT,Passport Online Account,PASSPORT_ONLINE_ACCOUNT_PASSWORD_RESET,Forgotten Password and Password Reset,Low,Formal,FALSE,,PARAPHRASED,PASSPORT_ONLINE_ACCOUNT_PASSWORD_RESET_F01,Easy,FALSE,Controlled paraphrase 1 of reviewed independent seed; family preserved; automated validation complete.
PASSX_0207,ই-পাসপোর্ট অ্যাকাউন্টের পাসওয়ার্ড ভুলে গেলে কোন প্রক্রিয়ায় রিসেট করব; পরের ধাপটা কী?,PASSPORT,PASSPORT_ONLINE_ACCOUNT,Passport Online Account,PASSPORT_ONLINE_ACCOUNT_PASSWORD_RESET,Forgotten Password and Password Reset,Low,Formal,FALSE,,PARAPHRASED,PASSPORT_ONLINE_ACCOUNT_PASSWORD_RESET_F01,Easy,FALSE,Controlled paraphrase 2 of reviewed independent seed; family preserved; automated validation complete.
PASSX_0208,"passport portal-এর password মনে নেই, recover করব কীভাবে?",PASSPORT,PASSPORT_ONLINE_ACCOUNT,Passport Online Account,PASSPORT_ONLINE_ACCOUNT_PASSWORD_RESET,Forgotten Password and Password Reset,Low,Informal,FALSE,,SYNTHETIC,PASSPORT_ONLINE_ACCOUNT_PASSWORD_RESET_F02,Medium,FALSE,Reviewed independent pilot seed retained for canonical expansion.
PASSX_0209,"এটা নিয়ে সাহায্য দরকার: passport portal-এর password মনে নেই, recover করব কোন প্রক্রিয়ায়?",PASSPORT,PASSPORT_ONLINE_ACCOUNT,Passport Online Account,PASSPORT_ONLINE_ACCOUNT_PASSWORD_RESET,Forgotten Password and Password Reset,Low,Informal,FALSE,,PARAPHRASED,PASSPORT_ONLINE_ACCOUNT_PASSWORD_RESET_F02,Medium,FALSE,Controlled paraphrase 1 of reviewed independent seed; family preserved; automated validation complete.
PASSX_0210,"passport portal-এর password মনে নেই, recover করব কোন প্রক্রিয়ায়?",PASSPORT,PASSPORT_ONLINE_ACCOUNT,Passport Online Account,PASSPORT_ONLINE_ACCOUNT_PASSWORD_RESET,Forgotten Password and Password Reset,Low,Informal,FALSE,,PARAPHRASED,PASSPORT_ONLINE_ACCOUNT_PASSWORD_RESET_F02,Medium,FALSE,Controlled paraphrase 2 of reviewed independent seed; family preserved; automated validation complete.
PASSX_0211,e-passport password reset korar niyom ki?,PASSPORT,PASSPORT_ONLINE_ACCOUNT,Passport Online Account,PASSPORT_ONLINE_ACCOUNT_PASSWORD_RESET,Forgotten Password and Password Reset,Low,Mixed,FALSE,,SYNTHETIC,PASSPORT_ONLINE_ACCOUNT_PASSWORD_RESET_F03,Medium,FALSE,Reviewed independent pilot seed retained for canonical expansion.
PASSX_0212,I am trying to understand this: e-passport password reset korar niyom ki?,PASSPORT,PASSPORT_ONLINE_ACCOUNT,Passport Online Account,PASSPORT_ONLINE_ACCOUNT_PASSWORD_RESET,Forgotten Password and Password Reset,Low,Mixed,FALSE,,PARAPHRASED,PASSPORT_ONLINE_ACCOUNT_PASSWORD_RESET_F03,Medium,FALSE,Controlled paraphrase 1 of reviewed independent seed; family preserved; automated validation complete.
PASSX_0213,I need guidance on this: e-passport password reset korar niyom ki?,PASSPORT,PASSPORT_ONLINE_ACCOUNT,Passport Online Account,PASSPORT_ONLINE_ACCOUNT_PASSWORD_RESET,Forgotten Password and Password Reset,Low,Mixed,FALSE,,PARAPHRASED,PASSPORT_ONLINE_ACCOUNT_PASSWORD_RESET_F03,Medium,FALSE,Controlled paraphrase 2 of reviewed independent seed; family preserved; automated validation complete.
PASSX_0214,account আছে কিন্তু password ভুলে গেছি—access ফেরত পেতে কী করব?,PASSPORT,PASSPORT_ONLINE_ACCOUNT,Passport Online Account,PASSPORT_ONLINE_ACCOUNT_PASSWORD_RESET,Forgotten Password and Password Reset,Low,Mixed,FALSE,,SYNTHETIC,PASSPORT_ONLINE_ACCOUNT_PASSWORD_RESET_F04,Hard,FALSE,Reviewed independent pilot seed retained for canonical expansion.
PASSX_0215,account আছে কিন্তু password ভুলে গেছি—access ফেরত পেতে কী করতে হবে—নিয়মটা জানাবেন?,PASSPORT,PASSPORT_ONLINE_ACCOUNT,Passport Online Account,PASSPORT_ONLINE_ACCOUNT_PASSWORD_RESET,Forgotten Password and Password Reset,Low,Mixed,FALSE,,PARAPHRASED,PASSPORT_ONLINE_ACCOUNT_PASSWORD_RESET_F04,Hard,FALSE,Controlled paraphrase 1 of reviewed independent seed; family preserved; automated validation complete.
PASSX_0216,"account আছে কিন্তু password ভুলে গেছি—access ফেরত পেতে কী করতে হবে, একটু বুঝিয়ে বলবেন?",PASSPORT,PASSPORT_ONLINE_ACCOUNT,Passport Online Account,PASSPORT_ONLINE_ACCOUNT_PASSWORD_RESET,Forgotten Password and Password Reset,Low,Mixed,FALSE,,PARAPHRASED,PASSPORT_ONLINE_ACCOUNT_PASSWORD_RESET_F04,Hard,FALSE,Controlled paraphrase 2 of reviewed independent seed; family preserved; automated validation complete.
PASSX_0217,নতুন ই-পাসপোর্ট অ্যাকাউন্ট কীভাবে সক্রিয় করব?,PASSPORT,PASSPORT_ONLINE_ACCOUNT,Passport Online Account,PASSPORT_ONLINE_ACCOUNT_ACTIVATION,Passport Account Activation,Low,Formal,FALSE,,SYNTHETIC,PASSPORT_ONLINE_ACCOUNT_ACTIVATION_F01,Easy,FALSE,Reviewed independent pilot seed retained for canonical expansion.
PASSX_0218,আমার ক্ষেত্রে নতুন ই-পাসপোর্ট অ্যাকাউন্ট কোন প্রক্রিয়ায় সক্রিয় করব?,PASSPORT,PASSPORT_ONLINE_ACCOUNT,Passport Online Account,PASSPORT_ONLINE_ACCOUNT_ACTIVATION,Passport Account Activation,Low,Formal,FALSE,,PARAPHRASED,PASSPORT_ONLINE_ACCOUNT_ACTIVATION_F01,Easy,FALSE,Controlled paraphrase 1 of reviewed independent seed; family preserved; automated validation complete.
PASSX_0219,নতুন ই-পাসপোর্ট অ্যাকাউন্ট কোন প্রক্রিয়ায় সক্রিয় করব; পরের ধাপটা কী?,PASSPORT,PASSPORT_ONLINE_ACCOUNT,Passport Online Account,PASSPORT_ONLINE_ACCOUNT_ACTIVATION,Passport Account Activation,Low,Formal,FALSE,,PARAPHRASED,PASSPORT_ONLINE_ACCOUNT_ACTIVATION_F01,Easy,FALSE,Controlled paraphrase 2 of reviewed independent seed; family preserved; automated validation complete.
PASSX_0220,"passport account create করেছি, activate করব কীভাবে?",PASSPORT,PASSPORT_ONLINE_ACCOUNT,Passport Online Account,PASSPORT_ONLINE_ACCOUNT_ACTIVATION,Passport Account Activation,Low,Informal,FALSE,,SYNTHETIC,PASSPORT_ONLINE_ACCOUNT_ACTIVATION_F02,Medium,FALSE,Reviewed independent pilot seed retained for canonical expansion.
PASSX_0221,"এটা নিয়ে সাহায্য দরকার: passport account create করেছি, activate করব কোন প্রক্রিয়ায়?",PASSPORT,PASSPORT_ONLINE_ACCOUNT,Passport Online Account,PASSPORT_ONLINE_ACCOUNT_ACTIVATION,Passport Account Activation,Low,Informal,FALSE,,PARAPHRASED,PASSPORT_ONLINE_ACCOUNT_ACTIVATION_F02,Medium,FALSE,Controlled paraphrase 1 of reviewed independent seed; family preserved; automated validation complete.
PASSX_0222,"passport account create করেছি, activate করব কোন প্রক্রিয়ায়?",PASSPORT,PASSPORT_ONLINE_ACCOUNT,Passport Online Account,PASSPORT_ONLINE_ACCOUNT_ACTIVATION,Passport Account Activation,Low,Informal,FALSE,,PARAPHRASED,PASSPORT_ONLINE_ACCOUNT_ACTIVATION_F02,Medium,FALSE,Controlled paraphrase 2 of reviewed independent seed; family preserved; automated validation complete.
PASSX_0223,e-passport account activation process ta ki?,PASSPORT,PASSPORT_ONLINE_ACCOUNT,Passport Online Account,PASSPORT_ONLINE_ACCOUNT_ACTIVATION,Passport Account Activation,Low,Mixed,FALSE,,SYNTHETIC,PASSPORT_ONLINE_ACCOUNT_ACTIVATION_F03,Medium,FALSE,Reviewed independent pilot seed retained for canonical expansion.
PASSX_0224,I am trying to understand this: e-passport account activation process ta ki?,PASSPORT,PASSPORT_ONLINE_ACCOUNT,Passport Online Account,PASSPORT_ONLINE_ACCOUNT_ACTIVATION,Passport Account Activation,Low,Mixed,FALSE,,PARAPHRASED,PASSPORT_ONLINE_ACCOUNT_ACTIVATION_F03,Medium,FALSE,Controlled paraphrase 1 of reviewed independent seed; family preserved; automated validation complete.
PASSX_0225,I need guidance on this: e-passport account activation process ta ki?,PASSPORT,PASSPORT_ONLINE_ACCOUNT,Passport Online Account,PASSPORT_ONLINE_ACCOUNT_ACTIVATION,Passport Account Activation,Low,Mixed,FALSE,,PARAPHRASED,PASSPORT_ONLINE_ACCOUNT_ACTIVATION_F03,Medium,FALSE,Controlled paraphrase 2 of reviewed independent seed; family preserved; automated validation complete.
PASSX_0226,activation email পেয়েছি; এখন account activate করার next step কী?,PASSPORT,PASSPORT_ONLINE_ACCOUNT,Passport Online Account,PASSPORT_ONLINE_ACCOUNT_ACTIVATION,Passport Account Activation,Low,Mixed,FALSE,,SYNTHETIC,PASSPORT_ONLINE_ACCOUNT_ACTIVATION_F04,Hard,FALSE,Reviewed independent pilot seed retained for canonical expansion.
PASSX_0227,activation email পেয়েছি; এখন account activate করার next step কী—নিয়মটা জানাবেন?,PASSPORT,PASSPORT_ONLINE_ACCOUNT,Passport Online Account,PASSPORT_ONLINE_ACCOUNT_ACTIVATION,Passport Account Activation,Low,Mixed,FALSE,,PARAPHRASED,PASSPORT_ONLINE_ACCOUNT_ACTIVATION_F04,Hard,FALSE,Controlled paraphrase 1 of reviewed independent seed; family preserved; automated validation complete.
PASSX_0228,"activation email পেয়েছি; এখন account activate করার next step কী, একটু বুঝিয়ে বলবেন?",PASSPORT,PASSPORT_ONLINE_ACCOUNT,Passport Online Account,PASSPORT_ONLINE_ACCOUNT_ACTIVATION,Passport Account Activation,Low,Mixed,FALSE,,PARAPHRASED,PASSPORT_ONLINE_ACCOUNT_ACTIVATION_F04,Hard,FALSE,Controlled paraphrase 2 of reviewed independent seed; family preserved; automated validation complete.
PASSX_0229,ই-পাসপোর্ট অ্যাকাউন্ট খোলার পর activation email পাইনি; কী করব?,PASSPORT,PASSPORT_ONLINE_ACCOUNT,Passport Online Account,PASSPORT_ONLINE_ACCOUNT_ACTIVATION_EMAIL_NOT_RECEIVED,Passport Account Activation Email Not Received,Medium,Formal,FALSE,,SYNTHETIC,PASSPORT_ONLINE_ACCOUNT_ACTIVATION_EMAIL_NOT_RECEIVED_F01,Easy,FALSE,Reviewed independent pilot seed retained for canonical expansion.
PASSX_0230,আমার ক্ষেত্রে ই-পাসপোর্ট অ্যাকাউন্ট খোলার পর activation email পাইনি; কী করতে হবে?,PASSPORT,PASSPORT_ONLINE_ACCOUNT,Passport Online Account,PASSPORT_ONLINE_ACCOUNT_ACTIVATION_EMAIL_NOT_RECEIVED,Passport Account Activation Email Not Received,Medium,Formal,FALSE,,PARAPHRASED,PASSPORT_ONLINE_ACCOUNT_ACTIVATION_EMAIL_NOT_RECEIVED_F01,Easy,FALSE,Controlled paraphrase 1 of reviewed independent seed; family preserved; automated validation complete.
PASSX_0231,ই-পাসপোর্ট অ্যাকাউন্ট খোলার পর activation email পাইনি; কী করতে হবে; পরের ধাপটা কী?,PASSPORT,PASSPORT_ONLINE_ACCOUNT,Passport Online Account,PASSPORT_ONLINE_ACCOUNT_ACTIVATION_EMAIL_NOT_RECEIVED,Passport Account Activation Email Not Received,Medium,Formal,FALSE,,PARAPHRASED,PASSPORT_ONLINE_ACCOUNT_ACTIVATION_EMAIL_NOT_RECEIVED_F01,Easy,FALSE,Controlled paraphrase 2 of reviewed independent seed; family preserved; automated validation complete.
PASSX_0232,passport portal-এ register করেছি কিন্তু verification mail আসেনি।,PASSPORT,PASSPORT_ONLINE_ACCOUNT,Passport Online Account,PASSPORT_ONLINE_ACCOUNT_ACTIVATION_EMAIL_NOT_RECEIVED,Passport Account Activation Email Not Received,Medium,Informal,FALSE,,SYNTHETIC,PASSPORT_ONLINE_ACCOUNT_ACTIVATION_EMAIL_NOT_RECEIVED_F02,Medium,FALSE,Reviewed independent pilot seed retained for canonical expansion.
PASSX_0233,এটা নিয়ে সাহায্য দরকার: passport portal-এ register করেছি কিন্তু verification mail আসেনি?,PASSPORT,PASSPORT_ONLINE_ACCOUNT,Passport Online Account,PASSPORT_ONLINE_ACCOUNT_ACTIVATION_EMAIL_NOT_RECEIVED,Passport Account Activation Email Not Received,Medium,Informal,FALSE,,PARAPHRASED,PASSPORT_ONLINE_ACCOUNT_ACTIVATION_EMAIL_NOT_RECEIVED_F02,Medium,FALSE,Controlled paraphrase 1 of reviewed independent seed; family preserved; automated validation complete.
PASSX_0234,passport portal-এ register করেছি কিন্তু verification mail আসেনি?,PASSPORT,PASSPORT_ONLINE_ACCOUNT,Passport Online Account,PASSPORT_ONLINE_ACCOUNT_ACTIVATION_EMAIL_NOT_RECEIVED,Passport Account Activation Email Not Received,Medium,Informal,FALSE,,PARAPHRASED,PASSPORT_ONLINE_ACCOUNT_ACTIVATION_EMAIL_NOT_RECEIVED_F02,Medium,FALSE,Controlled paraphrase 2 of reviewed independent seed; family preserved; automated validation complete.
PASSX_0235,"account khulsi but activation email paini, ki korbo?",PASSPORT,PASSPORT_ONLINE_ACCOUNT,Passport Online Account,PASSPORT_ONLINE_ACCOUNT_ACTIVATION_EMAIL_NOT_RECEIVED,Passport Account Activation Email Not Received,Medium,Mixed,FALSE,,SYNTHETIC,PASSPORT_ONLINE_ACCOUNT_ACTIVATION_EMAIL_NOT_RECEIVED_F03,Medium,FALSE,Reviewed independent pilot seed retained for canonical expansion.
PASSX_0236,"I am trying to understand this: account khulsi but activation email paini, ki korte hobe?",PASSPORT,PASSPORT_ONLINE_ACCOUNT,Passport Online Account,PASSPORT_ONLINE_ACCOUNT_ACTIVATION_EMAIL_NOT_RECEIVED,Passport Account Activation Email Not Received,Medium,Mixed,FALSE,,PARAPHRASED,PASSPORT_ONLINE_ACCOUNT_ACTIVATION_EMAIL_NOT_RECEIVED_F03,Medium,FALSE,Controlled paraphrase 1 of reviewed independent seed; family preserved; automated validation complete.
PASSX_0237,"I need guidance on this: account khulsi but activation email paini, ki korte hobe?",PASSPORT,PASSPORT_ONLINE_ACCOUNT,Passport Online Account,PASSPORT_ONLINE_ACCOUNT_ACTIVATION_EMAIL_NOT_RECEIVED,Passport Account Activation Email Not Received,Medium,Mixed,FALSE,,PARAPHRASED,PASSPORT_ONLINE_ACCOUNT_ACTIVATION_EMAIL_NOT_RECEIVED_F03,Medium,FALSE,Controlled paraphrase 2 of reviewed independent seed; family preserved; automated validation complete.
PASSX_0238,"e-passport account register করেছি, কিন্তু activation link-এর email আসছে না।",PASSPORT,PASSPORT_ONLINE_ACCOUNT,Passport Online Account,PASSPORT_ONLINE_ACCOUNT_ACTIVATION_EMAIL_NOT_RECEIVED,Passport Account Activation Email Not Received,Medium,Mixed,FALSE,,SYNTHETIC,PASSPORT_ONLINE_ACCOUNT_ACTIVATION_EMAIL_NOT_RECEIVED_F04,Hard,FALSE,Reviewed independent pilot seed retained for canonical expansion.
PASSX_0239,"e-passport account register করেছি, কিন্তু activation link-এর email আসছে না—নিয়মটা জানাবেন?",PASSPORT,PASSPORT_ONLINE_ACCOUNT,Passport Online Account,PASSPORT_ONLINE_ACCOUNT_ACTIVATION_EMAIL_NOT_RECEIVED,Passport Account Activation Email Not Received,Medium,Mixed,FALSE,,PARAPHRASED,PASSPORT_ONLINE_ACCOUNT_ACTIVATION_EMAIL_NOT_RECEIVED_F04,Hard,FALSE,Controlled paraphrase 1 of reviewed independent seed; family preserved; automated validation complete.
PASSX_0240,"e-passport account register করেছি, কিন্তু activation link-এর email আসছে না, একটু বুঝিয়ে বলবেন?",PASSPORT,PASSPORT_ONLINE_ACCOUNT,Passport Online Account,PASSPORT_ONLINE_ACCOUNT_ACTIVATION_EMAIL_NOT_RECEIVED,Passport Account Activation Email Not Received,Medium,Mixed,FALSE,,PARAPHRASED,PASSPORT_ONLINE_ACCOUNT_ACTIVATION_EMAIL_NOT_RECEIVED_F04,Hard,FALSE,Controlled paraphrase 2 of reviewed independent seed; family preserved; automated validation complete.
PASSX_0241,ই-পাসপোর্ট অ্যাকাউন্টে নিবন্ধিত ইমেইল ঠিকানা কীভাবে পরিবর্তন করব?,PASSPORT,PASSPORT_ONLINE_ACCOUNT,Passport Online Account,PASSPORT_ONLINE_ACCOUNT_EMAIL_CHANGE,Change Registered Passport Account Email,Low,Formal,FALSE,,SYNTHETIC,PASSPORT_ONLINE_ACCOUNT_EMAIL_CHANGE_F01,Easy,FALSE,Reviewed independent pilot seed retained for canonical expansion.
PASSX_0242,আমার ক্ষেত্রে ই-পাসপোর্ট অ্যাকাউন্টে নিবন্ধিত ইমেইল ঠিকানা কোন প্রক্রিয়ায় পরিবর্তন করব?,PASSPORT,PASSPORT_ONLINE_ACCOUNT,Passport Online Account,PASSPORT_ONLINE_ACCOUNT_EMAIL_CHANGE,Change Registered Passport Account Email,Low,Formal,FALSE,,PARAPHRASED,PASSPORT_ONLINE_ACCOUNT_EMAIL_CHANGE_F01,Easy,FALSE,Controlled paraphrase 1 of reviewed independent seed; family preserved; automated validation complete.
PASSX_0243,ই-পাসপোর্ট অ্যাকাউন্টে নিবন্ধিত ইমেইল ঠিকানা কোন প্রক্রিয়ায় পরিবর্তন করব; পরের ধাপটা কী?,PASSPORT,PASSPORT_ONLINE_ACCOUNT,Passport Online Account,PASSPORT_ONLINE_ACCOUNT_EMAIL_CHANGE,Change Registered Passport Account Email,Low,Formal,FALSE,,PARAPHRASED,PASSPORT_ONLINE_ACCOUNT_EMAIL_CHANGE_F01,Easy,FALSE,Controlled paraphrase 2 of reviewed independent seed; family preserved; automated validation complete.
PASSX_0244,passport account-এর old email change করতে চাই।,PASSPORT,PASSPORT_ONLINE_ACCOUNT,Passport Online Account,PASSPORT_ONLINE_ACCOUNT_EMAIL_CHANGE,Change Registered Passport Account Email,Low,Informal,FALSE,,SYNTHETIC,PASSPORT_ONLINE_ACCOUNT_EMAIL_CHANGE_F02,Medium,FALSE,Reviewed independent pilot seed retained for canonical expansion.
PASSX_0245,এটা নিয়ে সাহায্য দরকার: passport account-এর old email change করতে প্রয়োজন?,PASSPORT,PASSPORT_ONLINE_ACCOUNT,Passport Online Account,PASSPORT_ONLINE_ACCOUNT_EMAIL_CHANGE,Change Registered Passport Account Email,Low,Informal,FALSE,,PARAPHRASED,PASSPORT_ONLINE_ACCOUNT_EMAIL_CHANGE_F02,Medium,FALSE,Controlled paraphrase 1 of reviewed independent seed; family preserved; automated validation complete.
PASSX_0246,passport account-এর old email change করতে প্রয়োজন?,PASSPORT,PASSPORT_ONLINE_ACCOUNT,Passport Online Account,PASSPORT_ONLINE_ACCOUNT_EMAIL_CHANGE,Change Registered Passport Account Email,Low,Informal,FALSE,,PARAPHRASED,PASSPORT_ONLINE_ACCOUNT_EMAIL_CHANGE_F02,Medium,FALSE,Controlled paraphrase 2 of reviewed independent seed; family preserved; automated validation complete.
PASSX_0247,registered email update korbo kivabe passport portal e?,PASSPORT,PASSPORT_ONLINE_ACCOUNT,Passport Online Account,PASSPORT_ONLINE_ACCOUNT_EMAIL_CHANGE,Change Registered Passport Account Email,Low,Mixed,FALSE,,SYNTHETIC,PASSPORT_ONLINE_ACCOUNT_EMAIL_CHANGE_F03,Medium,FALSE,Reviewed independent pilot seed retained for canonical expansion.
PASSX_0248,I am trying to understand this: registered email update korte hobe kivabe passport portal e?,PASSPORT,PASSPORT_ONLINE_ACCOUNT,Passport Online Account,PASSPORT_ONLINE_ACCOUNT_EMAIL_CHANGE,Change Registered Passport Account Email,Low,Mixed,FALSE,,PARAPHRASED,PASSPORT_ONLINE_ACCOUNT_EMAIL_CHANGE_F03,Medium,FALSE,Controlled paraphrase 1 of reviewed independent seed; family preserved; automated validation complete.
PASSX_0249,I need guidance on this: registered email update korbo kon process e passport portal e?,PASSPORT,PASSPORT_ONLINE_ACCOUNT,Passport Online Account,PASSPORT_ONLINE_ACCOUNT_EMAIL_CHANGE,Change Registered Passport Account Email,Low,Mixed,FALSE,,PARAPHRASED,PASSPORT_ONLINE_ACCOUNT_EMAIL_CHANGE_F03,Medium,FALSE,Controlled paraphrase 2 of reviewed independent seed; family preserved; automated validation complete.
PASSX_0250,passport account-এর registered email addressটা change করতে চাই।,PASSPORT,PASSPORT_ONLINE_ACCOUNT,Passport Online Account,PASSPORT_ONLINE_ACCOUNT_EMAIL_CHANGE,Change Registered Passport Account Email,Low,Mixed,FALSE,,SYNTHETIC,PASSPORT_ONLINE_ACCOUNT_EMAIL_CHANGE_F04,Hard,FALSE,Reviewed independent pilot seed retained for canonical expansion.
PASSX_0251,passport account-এর registered email addressটা change করতে প্রয়োজন—নিয়মটা জানাবেন?,PASSPORT,PASSPORT_ONLINE_ACCOUNT,Passport Online Account,PASSPORT_ONLINE_ACCOUNT_EMAIL_CHANGE,Change Registered Passport Account Email,Low,Mixed,FALSE,,PARAPHRASED,PASSPORT_ONLINE_ACCOUNT_EMAIL_CHANGE_F04,Hard,FALSE,Controlled paraphrase 1 of reviewed independent seed; family preserved; automated validation complete.
PASSX_0252,"passport account-এর registered email addressটা change করতে প্রয়োজন, একটু বুঝিয়ে বলবেন?",PASSPORT,PASSPORT_ONLINE_ACCOUNT,Passport Online Account,PASSPORT_ONLINE_ACCOUNT_EMAIL_CHANGE,Change Registered Passport Account Email,Low,Mixed,FALSE,,PARAPHRASED,PASSPORT_ONLINE_ACCOUNT_EMAIL_CHANGE_F04,Hard,FALSE,Controlled paraphrase 2 of reviewed independent seed; family preserved; automated validation complete.
PASSX_0253,ই-পাসপোর্ট অ্যাকাউন্টে নিবন্ধিত মোবাইল নম্বর কীভাবে পরিবর্তন করব?,PASSPORT,PASSPORT_ONLINE_ACCOUNT,Passport Online Account,PASSPORT_ONLINE_ACCOUNT_MOBILE_CHANGE,Change Registered Passport Account Mobile Number,Low,Formal,FALSE,,SYNTHETIC,PASSPORT_ONLINE_ACCOUNT_MOBILE_CHANGE_F01,Easy,FALSE,Reviewed independent pilot seed retained for canonical expansion.
PASSX_0254,আমার ক্ষেত্রে ই-পাসপোর্ট অ্যাকাউন্টে নিবন্ধিত মোবাইল নম্বর কোন প্রক্রিয়ায় পরিবর্তন করব?,PASSPORT,PASSPORT_ONLINE_ACCOUNT,Passport Online Account,PASSPORT_ONLINE_ACCOUNT_MOBILE_CHANGE,Change Registered Passport Account Mobile Number,Low,Formal,FALSE,,PARAPHRASED,PASSPORT_ONLINE_ACCOUNT_MOBILE_CHANGE_F01,Easy,FALSE,Controlled paraphrase 1 of reviewed independent seed; family preserved; automated validation complete.
PASSX_0255,ই-পাসপোর্ট অ্যাকাউন্টে নিবন্ধিত মোবাইল নম্বর কোন প্রক্রিয়ায় পরিবর্তন করব; পরের ধাপটা কী?,PASSPORT,PASSPORT_ONLINE_ACCOUNT,Passport Online Account,PASSPORT_ONLINE_ACCOUNT_MOBILE_CHANGE,Change Registered Passport Account Mobile Number,Low,Formal,FALSE,,PARAPHRASED,PASSPORT_ONLINE_ACCOUNT_MOBILE_CHANGE_F01,Easy,FALSE,Controlled paraphrase 2 of reviewed independent seed; family preserved; automated validation complete.
PASSX_0256,passport portal-এ পুরোনো phone number বদলাতে চাই।,PASSPORT,PASSPORT_ONLINE_ACCOUNT,Passport Online Account,PASSPORT_ONLINE_ACCOUNT_MOBILE_CHANGE,Change Registered Passport Account Mobile Number,Low,Informal,FALSE,,SYNTHETIC,PASSPORT_ONLINE_ACCOUNT_MOBILE_CHANGE_F02,Medium,FALSE,Reviewed independent pilot seed retained for canonical expansion.
PASSX_0257,এটা নিয়ে সাহায্য দরকার: passport portal-এ পুরোনো phone number বদলাতে প্রয়োজন?,PASSPORT,PASSPORT_ONLINE_ACCOUNT,Passport Online Account,PASSPORT_ONLINE_ACCOUNT_MOBILE_CHANGE,Change Registered Passport Account Mobile Number,Low,Informal,FALSE,,PARAPHRASED,PASSPORT_ONLINE_ACCOUNT_MOBILE_CHANGE_F02,Medium,FALSE,Controlled paraphrase 1 of reviewed independent seed; family preserved; automated validation complete.
PASSX_0258,passport portal-এ পুরোনো phone number বদলাতে প্রয়োজন?,PASSPORT,PASSPORT_ONLINE_ACCOUNT,Passport Online Account,PASSPORT_ONLINE_ACCOUNT_MOBILE_CHANGE,Change Registered Passport Account Mobile Number,Low,Informal,FALSE,,PARAPHRASED,PASSPORT_ONLINE_ACCOUNT_MOBILE_CHANGE_F02,Medium,FALSE,Controlled paraphrase 2 of reviewed independent seed; family preserved; automated validation complete.
PASSX_0259,passport account er registered mobile change korbo kivabe?,PASSPORT,PASSPORT_ONLINE_ACCOUNT,Passport Online Account,PASSPORT_ONLINE_ACCOUNT_MOBILE_CHANGE,Change Registered Passport Account Mobile Number,Low,Mixed,FALSE,,SYNTHETIC,PASSPORT_ONLINE_ACCOUNT_MOBILE_CHANGE_F03,Medium,FALSE,Reviewed independent pilot seed retained for canonical expansion.
PASSX_0260,I am trying to understand this: passport account er registered mobile change korbo kon process e?,PASSPORT,PASSPORT_ONLINE_ACCOUNT,Passport Online Account,PASSPORT_ONLINE_ACCOUNT_MOBILE_CHANGE,Change Registered Passport Account Mobile Number,Low,Mixed,FALSE,,PARAPHRASED,PASSPORT_ONLINE_ACCOUNT_MOBILE_CHANGE_F03,Medium,FALSE,Controlled paraphrase 1 of reviewed independent seed; family preserved; automated validation complete.
PASSX_0261,I need guidance on this: passport account er registered mobile change korbo kon process e?,PASSPORT,PASSPORT_ONLINE_ACCOUNT,Passport Online Account,PASSPORT_ONLINE_ACCOUNT_MOBILE_CHANGE,Change Registered Passport Account Mobile Number,Low,Mixed,FALSE,,PARAPHRASED,PASSPORT_ONLINE_ACCOUNT_MOBILE_CHANGE_F03,Medium,FALSE,Controlled paraphrase 2 of reviewed independent seed; family preserved; automated validation complete.
PASSX_0262,passport account-এর registered mobile numberটা update করতে চাই।,PASSPORT,PASSPORT_ONLINE_ACCOUNT,Passport Online Account,PASSPORT_ONLINE_ACCOUNT_MOBILE_CHANGE,Change Registered Passport Account Mobile Number,Low,Mixed,FALSE,,SYNTHETIC,PASSPORT_ONLINE_ACCOUNT_MOBILE_CHANGE_F04,Hard,FALSE,Reviewed independent pilot seed retained for canonical expansion.
PASSX_0263,passport account-এর registered mobile numberটা update করতে প্রয়োজন—নিয়মটা জানাবেন?,PASSPORT,PASSPORT_ONLINE_ACCOUNT,Passport Online Account,PASSPORT_ONLINE_ACCOUNT_MOBILE_CHANGE,Change Registered Passport Account Mobile Number,Low,Mixed,FALSE,,PARAPHRASED,PASSPORT_ONLINE_ACCOUNT_MOBILE_CHANGE_F04,Hard,FALSE,Controlled paraphrase 1 of reviewed independent seed; family preserved; automated validation complete.
PASSX_0264,"passport account-এর registered mobile numberটা update করতে প্রয়োজন, একটু বুঝিয়ে বলবেন?",PASSPORT,PASSPORT_ONLINE_ACCOUNT,Passport Online Account,PASSPORT_ONLINE_ACCOUNT_MOBILE_CHANGE,Change Registered Passport Account Mobile Number,Low,Mixed,FALSE,,PARAPHRASED,PASSPORT_ONLINE_ACCOUNT_MOBILE_CHANGE_F04,Hard,FALSE,Controlled paraphrase 2 of reviewed independent seed; family preserved; automated validation complete.
PASSX_0265,আমার বিদ্যমান ই-পাসপোর্ট অ্যাকাউন্টে প্রবেশ করতে পারছি না; কী করব?,PASSPORT,PASSPORT_ONLINE_ACCOUNT,Passport Online Account,PASSPORT_ONLINE_ACCOUNT_ACCESS_PROBLEM,Passport Online Account Access Problem,Medium,Formal,FALSE,,SYNTHETIC,PASSPORT_ONLINE_ACCOUNT_ACCESS_PROBLEM_F01,Easy,FALSE,Reviewed independent pilot seed retained for canonical expansion.
PASSX_0266,আমার ক্ষেত্রে আমার বিদ্যমান ই-পাসপোর্ট অ্যাকাউন্টে প্রবেশ করতে পারছি না; কী করতে হবে?,PASSPORT,PASSPORT_ONLINE_ACCOUNT,Passport Online Account,PASSPORT_ONLINE_ACCOUNT_ACCESS_PROBLEM,Passport Online Account Access Problem,Medium,Formal,FALSE,,PARAPHRASED,PASSPORT_ONLINE_ACCOUNT_ACCESS_PROBLEM_F01,Easy,FALSE,Controlled paraphrase 1 of reviewed independent seed; family preserved; automated validation complete.
PASSX_0267,আমার বিদ্যমান ই-পাসপোর্ট অ্যাকাউন্টে প্রবেশ করতে পারছি না; কী করতে হবে; পরের ধাপটা কী?,PASSPORT,PASSPORT_ONLINE_ACCOUNT,Passport Online Account,PASSPORT_ONLINE_ACCOUNT_ACCESS_PROBLEM,Passport Online Account Access Problem,Medium,Formal,FALSE,,PARAPHRASED,PASSPORT_ONLINE_ACCOUNT_ACCESS_PROBLEM_F01,Easy,FALSE,Controlled paraphrase 2 of reviewed independent seed; family preserved; automated validation complete.
PASSX_0268,passport account আছে কিন্তু portal-এ ঢুকতে পারছি না।,PASSPORT,PASSPORT_ONLINE_ACCOUNT,Passport Online Account,PASSPORT_ONLINE_ACCOUNT_ACCESS_PROBLEM,Passport Online Account Access Problem,Medium,Informal,FALSE,,SYNTHETIC,PASSPORT_ONLINE_ACCOUNT_ACCESS_PROBLEM_F02,Medium,FALSE,Reviewed independent pilot seed retained for canonical expansion.
PASSX_0269,এটা নিয়ে সাহায্য দরকার: passport account আছে কিন্তু portal-এ ঢুকতে পারছি না?,PASSPORT,PASSPORT_ONLINE_ACCOUNT,Passport Online Account,PASSPORT_ONLINE_ACCOUNT_ACCESS_PROBLEM,Passport Online Account Access Problem,Medium,Informal,FALSE,,PARAPHRASED,PASSPORT_ONLINE_ACCOUNT_ACCESS_PROBLEM_F02,Medium,FALSE,Controlled paraphrase 1 of reviewed independent seed; family preserved; automated validation complete.
PASSX_0270,passport account আছে কিন্তু portal-এ ঢুকতে পারছি না?,PASSPORT,PASSPORT_ONLINE_ACCOUNT,Passport Online Account,PASSPORT_ONLINE_ACCOUNT_ACCESS_PROBLEM,Passport Online Account Access Problem,Medium,Informal,FALSE,,PARAPHRASED,PASSPORT_ONLINE_ACCOUNT_ACCESS_PROBLEM_F02,Medium,FALSE,Controlled paraphrase 2 of reviewed independent seed; family preserved; automated validation complete.
PASSX_0271,"existing e-passport account access hocche na, ki korbo?",PASSPORT,PASSPORT_ONLINE_ACCOUNT,Passport Online Account,PASSPORT_ONLINE_ACCOUNT_ACCESS_PROBLEM,Passport Online Account Access Problem,Medium,Mixed,FALSE,,SYNTHETIC,PASSPORT_ONLINE_ACCOUNT_ACCESS_PROBLEM_F03,Medium,FALSE,Reviewed independent pilot seed retained for canonical expansion.
PASSX_0272,"I am trying to understand this: existing e-passport account access hocche na, ki korte hobe?",PASSPORT,PASSPORT_ONLINE_ACCOUNT,Passport Online Account,PASSPORT_ONLINE_ACCOUNT_ACCESS_PROBLEM,Passport Online Account Access Problem,Medium,Mixed,FALSE,,PARAPHRASED,PASSPORT_ONLINE_ACCOUNT_ACCESS_PROBLEM_F03,Medium,FALSE,Controlled paraphrase 1 of reviewed independent seed; family preserved; automated validation complete.
PASSX_0273,"I need guidance on this: existing e-passport account access hocche na, ki korte hobe?",PASSPORT,PASSPORT_ONLINE_ACCOUNT,Passport Online Account,PASSPORT_ONLINE_ACCOUNT_ACCESS_PROBLEM,Passport Online Account Access Problem,Medium,Mixed,FALSE,,PARAPHRASED,PASSPORT_ONLINE_ACCOUNT_ACCESS_PROBLEM_F03,Medium,FALSE,Controlled paraphrase 2 of reviewed independent seed; family preserved; automated validation complete.
PASSX_0274,"passport account-এ login করতে গেলে বারবার ঢুকতে পারছি না, কিন্তু কোনো specific error বুঝতে পারছি না।",PASSPORT,PASSPORT_ONLINE_ACCOUNT,Passport Online Account,PASSPORT_ONLINE_ACCOUNT_ACCESS_PROBLEM,Passport Online Account Access Problem,Medium,Mixed,FALSE,,SYNTHETIC,PASSPORT_ONLINE_ACCOUNT_ACCESS_PROBLEM_F04,Hard,FALSE,Reviewed independent pilot seed retained for canonical expansion.
PASSX_0275,"passport account-এ login করতে গেলে বারবার ঢুকতে পারছি না, কিন্তু কোনো specific error বুঝতে পারছি না—নিয়মটা জানাবেন?",PASSPORT,PASSPORT_ONLINE_ACCOUNT,Passport Online Account,PASSPORT_ONLINE_ACCOUNT_ACCESS_PROBLEM,Passport Online Account Access Problem,Medium,Mixed,FALSE,,PARAPHRASED,PASSPORT_ONLINE_ACCOUNT_ACCESS_PROBLEM_F04,Hard,FALSE,Controlled paraphrase 1 of reviewed independent seed; family preserved; automated validation complete.
PASSX_0276,"passport account-এ login করতে গেলে বারবার ঢুকতে পারছি না, কিন্তু কোনো specific error বুঝতে পারছি না, একটু বুঝিয়ে বলবেন?",PASSPORT,PASSPORT_ONLINE_ACCOUNT,Passport Online Account,PASSPORT_ONLINE_ACCOUNT_ACCESS_PROBLEM,Passport Online Account Access Problem,Medium,Mixed,FALSE,,PARAPHRASED,PASSPORT_ONLINE_ACCOUNT_ACCESS_PROBLEM_F04,Hard,FALSE,Controlled paraphrase 2 of reviewed independent seed; family preserved; automated validation complete.
PASSX_0277,ই-পাসপোর্ট এনরোলমেন্টের জন্য অ্যাপয়েন্টমেন্ট কীভাবে নির্ধারণ করব?,PASSPORT,PASSPORT_APPOINTMENT_AND_ENROLMENT,Passport Appointment and Enrolment,PASSPORT_APPOINTMENT_SCHEDULING,Passport Appointment Scheduling,Low,Formal,FALSE,,SYNTHETIC,PASSPORT_APPOINTMENT_SCHEDULING_F01,Easy,FALSE,Reviewed independent pilot seed retained for canonical expansion.
PASSX_0278,আমার ক্ষেত্রে ই-পাসপোর্ট এনরোলমেন্টের জন্য অ্যাপয়েন্টমেন্ট কীভাবে নির্ধারণ করতে হবে?,PASSPORT,PASSPORT_APPOINTMENT_AND_ENROLMENT,Passport Appointment and Enrolment,PASSPORT_APPOINTMENT_SCHEDULING,Passport Appointment Scheduling,Low,Formal,FALSE,,PARAPHRASED,PASSPORT_APPOINTMENT_SCHEDULING_F01,Easy,FALSE,Controlled paraphrase 1 of reviewed independent seed; family preserved; automated validation complete.
PASSX_0279,ই-পাসপোর্ট এনরোলমেন্টের জন্য অ্যাপয়েন্টমেন্ট কোন প্রক্রিয়ায় নির্ধারণ করব; পরের ধাপটা কী?,PASSPORT,PASSPORT_APPOINTMENT_AND_ENROLMENT,Passport Appointment and Enrolment,PASSPORT_APPOINTMENT_SCHEDULING,Passport Appointment Scheduling,Low,Formal,FALSE,,PARAPHRASED,PASSPORT_APPOINTMENT_SCHEDULING_F01,Easy,FALSE,Controlled paraphrase 2 of reviewed independent seed; family preserved; automated validation complete.
PASSX_0280,passport appointment book করব কীভাবে?,PASSPORT,PASSPORT_APPOINTMENT_AND_ENROLMENT,Passport Appointment and Enrolment,PASSPORT_APPOINTMENT_SCHEDULING,Passport Appointment Scheduling,Low,Informal,FALSE,,SYNTHETIC,PASSPORT_APPOINTMENT_SCHEDULING_F02,Medium,FALSE,Reviewed independent pilot seed retained for canonical expansion.
PASSX_0281,এটা নিয়ে সাহায্য দরকার: passport appointment book করব কোন প্রক্রিয়ায়?,PASSPORT,PASSPORT_APPOINTMENT_AND_ENROLMENT,Passport Appointment and Enrolment,PASSPORT_APPOINTMENT_SCHEDULING,Passport Appointment Scheduling,Low,Informal,FALSE,,PARAPHRASED,PASSPORT_APPOINTMENT_SCHEDULING_F02,Medium,FALSE,Controlled paraphrase 1 of reviewed independent seed; family preserved; automated validation complete.
PASSX_0282,passport appointment book করব কোন প্রক্রিয়ায়?,PASSPORT,PASSPORT_APPOINTMENT_AND_ENROLMENT,Passport Appointment and Enrolment,PASSPORT_APPOINTMENT_SCHEDULING,Passport Appointment Scheduling,Low,Informal,FALSE,,PARAPHRASED,PASSPORT_APPOINTMENT_SCHEDULING_F02,Medium,FALSE,Controlled paraphrase 2 of reviewed independent seed; family preserved; automated validation complete.
PASSX_0283,e-passport appointment schedule korbo kivabe?,PASSPORT,PASSPORT_APPOINTMENT_AND_ENROLMENT,Passport Appointment and Enrolment,PASSPORT_APPOINTMENT_SCHEDULING,Passport Appointment Scheduling,Low,Mixed,FALSE,,SYNTHETIC,PASSPORT_APPOINTMENT_SCHEDULING_F03,Medium,FALSE,Reviewed independent pilot seed retained for canonical expansion.
PASSX_0284,I am trying to understand this: e-passport appointment schedule korbo kon process e?,PASSPORT,PASSPORT_APPOINTMENT_AND_ENROLMENT,Passport Appointment and Enrolment,PASSPORT_APPOINTMENT_SCHEDULING,Passport Appointment Scheduling,Low,Mixed,FALSE,,PARAPHRASED,PASSPORT_APPOINTMENT_SCHEDULING_F03,Medium,FALSE,Controlled paraphrase 1 of reviewed independent seed; family preserved; automated validation complete.
PASSX_0285,I need guidance on this: e-passport appointment schedule korbo kon process e?,PASSPORT,PASSPORT_APPOINTMENT_AND_ENROLMENT,Passport Appointment and Enrolment,PASSPORT_APPOINTMENT_SCHEDULING,Passport Appointment Scheduling,Low,Mixed,FALSE,,PARAPHRASED,PASSPORT_APPOINTMENT_SCHEDULING_F03,Medium,FALSE,Controlled paraphrase 2 of reviewed independent seed; family preserved; automated validation complete.
PASSX_0286,passport appointment নতুন করে book করব কীভাবে?,PASSPORT,PASSPORT_APPOINTMENT_AND_ENROLMENT,Passport Appointment and Enrolment,PASSPORT_APPOINTMENT_SCHEDULING,Passport Appointment Scheduling,Low,Mixed,FALSE,,SYNTHETIC,PASSPORT_APPOINTMENT_SCHEDULING_F04,Hard,FALSE,Reviewed independent pilot seed retained for canonical expansion.
PASSX_0287,passport appointment নতুন করে book করব কোন প্রক্রিয়ায়—নিয়মটা জানাবেন?,PASSPORT,PASSPORT_APPOINTMENT_AND_ENROLMENT,Passport Appointment and Enrolment,PASSPORT_APPOINTMENT_SCHEDULING,Passport Appointment Scheduling,Low,Mixed,FALSE,,PARAPHRASED,PASSPORT_APPOINTMENT_SCHEDULING_F04,Hard,FALSE,Controlled paraphrase 1 of reviewed independent seed; family preserved; automated validation complete.
PASSX_0288,"passport appointment নতুন করে book করব কোন প্রক্রিয়ায়, একটু বুঝিয়ে বলবেন?",PASSPORT,PASSPORT_APPOINTMENT_AND_ENROLMENT,Passport Appointment and Enrolment,PASSPORT_APPOINTMENT_SCHEDULING,Passport Appointment Scheduling,Low,Mixed,FALSE,,PARAPHRASED,PASSPORT_APPOINTMENT_SCHEDULING_F04,Hard,FALSE,Controlled paraphrase 2 of reviewed independent seed; family preserved; automated validation complete.
PASSX_0289,আমার ই-পাসপোর্ট অ্যাপয়েন্টমেন্টের তারিখ কীভাবে দেখব?,PASSPORT,PASSPORT_APPOINTMENT_AND_ENROLMENT,Passport Appointment and Enrolment,PASSPORT_APPOINTMENT_DATE,Passport Appointment Date,Low,Formal,FALSE,,SYNTHETIC,PASSPORT_APPOINTMENT_DATE_F01,Easy,FALSE,Reviewed independent pilot seed retained for canonical expansion.
PASSX_0290,আমার ক্ষেত্রে আমার ই-পাসপোর্ট অ্যাপয়েন্টমেন্টের তারিখ কোন প্রক্রিয়ায় দেখব?,PASSPORT,PASSPORT_APPOINTMENT_AND_ENROLMENT,Passport Appointment and Enrolment,PASSPORT_APPOINTMENT_DATE,Passport Appointment Date,Low,Formal,FALSE,,PARAPHRASED,PASSPORT_APPOINTMENT_DATE_F01,Easy,FALSE,Controlled paraphrase 1 of reviewed independent seed; family preserved; automated validation complete.
PASSX_0291,আমার ই-পাসপোর্ট অ্যাপয়েন্টমেন্টের তারিখ কোন প্রক্রিয়ায় দেখব; পরের ধাপটা কী?,PASSPORT,PASSPORT_APPOINTMENT_AND_ENROLMENT,Passport Appointment and Enrolment,PASSPORT_APPOINTMENT_DATE,Passport Appointment Date,Low,Formal,FALSE,,PARAPHRASED,PASSPORT_APPOINTMENT_DATE_F01,Easy,FALSE,Controlled paraphrase 2 of reviewed independent seed; family preserved; automated validation complete.
PASSX_0292,passport appointment কবে সেটা কোথায় check করব?,PASSPORT,PASSPORT_APPOINTMENT_AND_ENROLMENT,Passport Appointment and Enrolment,PASSPORT_APPOINTMENT_DATE,Passport Appointment Date,Low,Informal,FALSE,,SYNTHETIC,PASSPORT_APPOINTMENT_DATE_F02,Medium,FALSE,Reviewed independent pilot seed retained for canonical expansion.
PASSX_0293,এটা নিয়ে সাহায্য দরকার: passport appointment কবে সেটা কোথায় check করতে হবে?,PASSPORT,PASSPORT_APPOINTMENT_AND_ENROLMENT,Passport Appointment and Enrolment,PASSPORT_APPOINTMENT_DATE,Passport Appointment Date,Low,Informal,FALSE,,PARAPHRASED,PASSPORT_APPOINTMENT_DATE_F02,Medium,FALSE,Controlled paraphrase 1 of reviewed independent seed; family preserved; automated validation complete.
PASSX_0294,passport appointment কবে সেটা কোথায় check করতে হবে?,PASSPORT,PASSPORT_APPOINTMENT_AND_ENROLMENT,Passport Appointment and Enrolment,PASSPORT_APPOINTMENT_DATE,Passport Appointment Date,Low,Informal,FALSE,,PARAPHRASED,PASSPORT_APPOINTMENT_DATE_F02,Medium,FALSE,Controlled paraphrase 2 of reviewed independent seed; family preserved; automated validation complete.
PASSX_0295,amar passport appointment date kothay dekhbo?,PASSPORT,PASSPORT_APPOINTMENT_AND_ENROLMENT,Passport Appointment and Enrolment,PASSPORT_APPOINTMENT_DATE,Passport Appointment Date,Low,Mixed,FALSE,,SYNTHETIC,PASSPORT_APPOINTMENT_DATE_F03,Medium,FALSE,Reviewed independent pilot seed retained for canonical expansion.
PASSX_0296,I am trying to understand this: amar passport appointment date kon jaygay dekhbo?,PASSPORT,PASSPORT_APPOINTMENT_AND_ENROLMENT,Passport Appointment and Enrolment,PASSPORT_APPOINTMENT_DATE,Passport Appointment Date,Low,Mixed,FALSE,,PARAPHRASED,PASSPORT_APPOINTMENT_DATE_F03,Medium,FALSE,Controlled paraphrase 1 of reviewed independent seed; family preserved; automated validation complete.
PASSX_0297,I need guidance on this: amar passport appointment date kon jaygay dekhbo?,PASSPORT,PASSPORT_APPOINTMENT_AND_ENROLMENT,Passport Appointment and Enrolment,PASSPORT_APPOINTMENT_DATE,Passport Appointment Date,Low,Mixed,FALSE,,PARAPHRASED,PASSPORT_APPOINTMENT_DATE_F03,Medium,FALSE,Controlled paraphrase 2 of reviewed independent seed; family preserved; automated validation complete.
PASSX_0298,আমার passport appointment-এর dateটা কোথায় দেখতে পারব?,PASSPORT,PASSPORT_APPOINTMENT_AND_ENROLMENT,Passport Appointment and Enrolment,PASSPORT_APPOINTMENT_DATE,Passport Appointment Date,Low,Mixed,FALSE,,SYNTHETIC,PASSPORT_APPOINTMENT_DATE_F04,Hard,FALSE,Reviewed independent pilot seed retained for canonical expansion.
PASSX_0299,আমার passport appointment-এর dateটা কোথায় দেখতে পারব—নিয়মটা জানাবেন?,PASSPORT,PASSPORT_APPOINTMENT_AND_ENROLMENT,Passport Appointment and Enrolment,PASSPORT_APPOINTMENT_DATE,Passport Appointment Date,Low,Mixed,FALSE,,PARAPHRASED,PASSPORT_APPOINTMENT_DATE_F04,Hard,FALSE,Controlled paraphrase 1 of reviewed independent seed; family preserved; automated validation complete.
PASSX_0300,"আমার passport appointment-এর dateটা কোথায় দেখতে পারব, একটু বুঝিয়ে বলবেন?",PASSPORT,PASSPORT_APPOINTMENT_AND_ENROLMENT,Passport Appointment and Enrolment,PASSPORT_APPOINTMENT_DATE,Passport Appointment Date,Low,Mixed,FALSE,,PARAPHRASED,PASSPORT_APPOINTMENT_DATE_F04,Hard,FALSE,Controlled paraphrase 2 of reviewed independent seed; family preserved; automated validation complete.
PASSX_0301,ই-পাসপোর্ট অ্যাপয়েন্টমেন্ট ধাপে সমস্যা হচ্ছে; কী করব?,PASSPORT,PASSPORT_APPOINTMENT_AND_ENROLMENT,Passport Appointment and Enrolment,PASSPORT_APPOINTMENT_PROBLEM,Passport Appointment Problem,Medium,Formal,FALSE,,SYNTHETIC,PASSPORT_APPOINTMENT_PROBLEM_F01,Easy,FALSE,Reviewed independent pilot seed retained for canonical expansion.
PASSX_0302,আমার ক্ষেত্রে ই-পাসপোর্ট অ্যাপয়েন্টমেন্ট ধাপে সমস্যা হচ্ছে; কী করতে হবে?,PASSPORT,PASSPORT_APPOINTMENT_AND_ENROLMENT,Passport Appointment and Enrolment,PASSPORT_APPOINTMENT_PROBLEM,Passport Appointment Problem,Medium,Formal,FALSE,,PARAPHRASED,PASSPORT_APPOINTMENT_PROBLEM_F01,Easy,FALSE,Controlled paraphrase 1 of reviewed independent seed; family preserved; automated validation complete.
PASSX_0303,ই-পাসপোর্ট অ্যাপয়েন্টমেন্ট ধাপে সমস্যা হচ্ছে; কী করতে হবে; পরের ধাপটা কী?,PASSPORT,PASSPORT_APPOINTMENT_AND_ENROLMENT,Passport Appointment and Enrolment,PASSPORT_APPOINTMENT_PROBLEM,Passport Appointment Problem,Medium,Formal,FALSE,,PARAPHRASED,PASSPORT_APPOINTMENT_PROBLEM_F01,Easy,FALSE,Controlled paraphrase 2 of reviewed independent seed; family preserved; automated validation complete.
PASSX_0304,আমার passport appointment ঠিকমতো কাজ করছে না।,PASSPORT,PASSPORT_APPOINTMENT_AND_ENROLMENT,Passport Appointment and Enrolment,PASSPORT_APPOINTMENT_PROBLEM,Passport Appointment Problem,Medium,Informal,FALSE,,SYNTHETIC,PASSPORT_APPOINTMENT_PROBLEM_F02,Medium,FALSE,Reviewed independent pilot seed retained for canonical expansion.
PASSX_0305,এটা নিয়ে সাহায্য দরকার: আমার passport appointment ঠিকমতো কাজ করছে না?,PASSPORT,PASSPORT_APPOINTMENT_AND_ENROLMENT,Passport Appointment and Enrolment,PASSPORT_APPOINTMENT_PROBLEM,Passport Appointment Problem,Medium,Informal,FALSE,,PARAPHRASED,PASSPORT_APPOINTMENT_PROBLEM_F02,Medium,FALSE,Controlled paraphrase 1 of reviewed independent seed; family preserved; automated validation complete.
PASSX_0306,আমার passport appointment ঠিকমতো কাজ করছে না?,PASSPORT,PASSPORT_APPOINTMENT_AND_ENROLMENT,Passport Appointment and Enrolment,PASSPORT_APPOINTMENT_PROBLEM,Passport Appointment Problem,Medium,Informal,FALSE,,PARAPHRASED,PASSPORT_APPOINTMENT_PROBLEM_F02,Medium,FALSE,Controlled paraphrase 2 of reviewed independent seed; family preserved; automated validation complete.
PASSX_0307,"passport appointment niye problem hocche, ki korbo?",PASSPORT,PASSPORT_APPOINTMENT_AND_ENROLMENT,Passport Appointment and Enrolment,PASSPORT_APPOINTMENT_PROBLEM,Passport Appointment Problem,Medium,Mixed,FALSE,,SYNTHETIC,PASSPORT_APPOINTMENT_PROBLEM_F03,Medium,FALSE,Reviewed independent pilot seed retained for canonical expansion.
PASSX_0308,"I am trying to understand this: passport appointment niye problem hocche, ki korte hobe?",PASSPORT,PASSPORT_APPOINTMENT_AND_ENROLMENT,Passport Appointment and Enrolment,PASSPORT_APPOINTMENT_PROBLEM,Passport Appointment Problem,Medium,Mixed,FALSE,,PARAPHRASED,PASSPORT_APPOINTMENT_PROBLEM_F03,Medium,FALSE,Controlled paraphrase 1 of reviewed independent seed; family preserved; automated validation complete.
PASSX_0309,"I need guidance on this: passport appointment niye problem hocche, ki korte hobe?",PASSPORT,PASSPORT_APPOINTMENT_AND_ENROLMENT,Passport Appointment and Enrolment,PASSPORT_APPOINTMENT_PROBLEM,Passport Appointment Problem,Medium,Mixed,FALSE,,PARAPHRASED,PASSPORT_APPOINTMENT_PROBLEM_F03,Medium,FALSE,Controlled paraphrase 2 of reviewed independent seed; family preserved; automated validation complete.
PASSX_0310,"passport appointment-এর stepটা complete করতে পারছি না, বারবার problem হচ্ছে।",PASSPORT,PASSPORT_APPOINTMENT_AND_ENROLMENT,Passport Appointment and Enrolment,PASSPORT_APPOINTMENT_PROBLEM,Passport Appointment Problem,Medium,Mixed,FALSE,,SYNTHETIC,PASSPORT_APPOINTMENT_PROBLEM_F04,Hard,FALSE,Reviewed independent pilot seed retained for canonical expansion.
PASSX_0311,"passport appointment-এর stepটা complete করতে পারছি না, বারবার problem হচ্ছে—নিয়মটা জানাবেন?",PASSPORT,PASSPORT_APPOINTMENT_AND_ENROLMENT,Passport Appointment and Enrolment,PASSPORT_APPOINTMENT_PROBLEM,Passport Appointment Problem,Medium,Mixed,FALSE,,PARAPHRASED,PASSPORT_APPOINTMENT_PROBLEM_F04,Hard,FALSE,Controlled paraphrase 1 of reviewed independent seed; family preserved; automated validation complete.
PASSX_0312,"passport appointment-এর stepটা complete করতে পারছি না, বারবার problem হচ্ছে, একটু বুঝিয়ে বলবেন?",PASSPORT,PASSPORT_APPOINTMENT_AND_ENROLMENT,Passport Appointment and Enrolment,PASSPORT_APPOINTMENT_PROBLEM,Passport Appointment Problem,Medium,Mixed,FALSE,,PARAPHRASED,PASSPORT_APPOINTMENT_PROBLEM_F04,Hard,FALSE,Controlled paraphrase 2 of reviewed independent seed; family preserved; automated validation complete.
PASSX_0313,পাসপোর্ট অ্যাপয়েন্টমেন্টে যাওয়ার আগে কী কী প্রস্তুতি নিতে হবে?,PASSPORT,PASSPORT_APPOINTMENT_AND_ENROLMENT,Passport Appointment and Enrolment,PASSPORT_APPOINTMENT_REQUIREMENTS,Passport Appointment Attendance Requirements,Low,Formal,FALSE,,SYNTHETIC,PASSPORT_APPOINTMENT_REQUIREMENTS_F01,Easy,FALSE,Reviewed independent pilot seed retained for canonical expansion.
PASSX_0314,আমার ক্ষেত্রে পাসপোর্ট অ্যাপয়েন্টমেন্টে যাওয়ার আগে কোন কোন প্রস্তুতি নিতে হবে?,PASSPORT,PASSPORT_APPOINTMENT_AND_ENROLMENT,Passport Appointment and Enrolment,PASSPORT_APPOINTMENT_REQUIREMENTS,Passport Appointment Attendance Requirements,Low,Formal,FALSE,,PARAPHRASED,PASSPORT_APPOINTMENT_REQUIREMENTS_F01,Easy,FALSE,Controlled paraphrase 1 of reviewed independent seed; family preserved; automated validation complete.
PASSX_0315,পাসপোর্ট অ্যাপয়েন্টমেন্টে যাওয়ার আগে কোন কোন প্রস্তুতি নিতে হবে; পরের ধাপটা কী?,PASSPORT,PASSPORT_APPOINTMENT_AND_ENROLMENT,Passport Appointment and Enrolment,PASSPORT_APPOINTMENT_REQUIREMENTS,Passport Appointment Attendance Requirements,Low,Formal,FALSE,,PARAPHRASED,PASSPORT_APPOINTMENT_REQUIREMENTS_F01,Easy,FALSE,Controlled paraphrase 2 of reviewed independent seed; family preserved; automated validation complete.
PASSX_0316,passport appointment attend করার আগে কী করতে হবে?,PASSPORT,PASSPORT_APPOINTMENT_AND_ENROLMENT,Passport Appointment and Enrolment,PASSPORT_APPOINTMENT_REQUIREMENTS,Passport Appointment Attendance Requirements,Low,Informal,FALSE,,SYNTHETIC,PASSPORT_APPOINTMENT_REQUIREMENTS_F02,Medium,FALSE,Reviewed independent pilot seed retained for canonical expansion.
PASSX_0317,এটা নিয়ে সাহায্য দরকার: passport appointment attend করার আগে কী করতে হবে?,PASSPORT,PASSPORT_APPOINTMENT_AND_ENROLMENT,Passport Appointment and Enrolment,PASSPORT_APPOINTMENT_REQUIREMENTS,Passport Appointment Attendance Requirements,Low,Informal,FALSE,,PARAPHRASED,PASSPORT_APPOINTMENT_REQUIREMENTS_F02,Medium,FALSE,Controlled paraphrase 1 of reviewed independent seed; family preserved; automated validation complete.
PASSX_0318,এই বিষয়ে সহায়তা চাই: passport appointment attend করার আগে কী করতে হবে?,PASSPORT,PASSPORT_APPOINTMENT_AND_ENROLMENT,Passport Appointment and Enrolment,PASSPORT_APPOINTMENT_REQUIREMENTS,Passport Appointment Attendance Requirements,Low,Informal,FALSE,,PARAPHRASED,PASSPORT_APPOINTMENT_REQUIREMENTS_F02,Medium,FALSE,Controlled paraphrase 2 of reviewed independent seed; family preserved; automated validation complete.
PASSX_0319,appointment e jawar age ki preparation lagbe?,PASSPORT,PASSPORT_APPOINTMENT_AND_ENROLMENT,Passport Appointment and Enrolment,PASSPORT_APPOINTMENT_REQUIREMENTS,Passport Appointment Attendance Requirements,Low,Mixed,FALSE,,SYNTHETIC,PASSPORT_APPOINTMENT_REQUIREMENTS_F03,Medium,FALSE,Reviewed independent pilot seed retained for canonical expansion.
PASSX_0320,I am trying to understand this: appointment e jawar age ki preparation lagbe?,PASSPORT,PASSPORT_APPOINTMENT_AND_ENROLMENT,Passport Appointment and Enrolment,PASSPORT_APPOINTMENT_REQUIREMENTS,Passport Appointment Attendance Requirements,Low,Mixed,FALSE,,PARAPHRASED,PASSPORT_APPOINTMENT_REQUIREMENTS_F03,Medium,FALSE,Controlled paraphrase 1 of reviewed independent seed; family preserved; automated validation complete.
PASSX_0321,I need guidance on this: appointment e jawar age ki preparation lagbe?,PASSPORT,PASSPORT_APPOINTMENT_AND_ENROLMENT,Passport Appointment and Enrolment,PASSPORT_APPOINTMENT_REQUIREMENTS,Passport Appointment Attendance Requirements,Low,Mixed,FALSE,,PARAPHRASED,PASSPORT_APPOINTMENT_REQUIREMENTS_F03,Medium,FALSE,Controlled paraphrase 2 of reviewed independent seed; family preserved; automated validation complete.
PASSX_0322,passport appointment-এ যাওয়ার আগে কী কী preparation নিতে হবে?,PASSPORT,PASSPORT_APPOINTMENT_AND_ENROLMENT,Passport Appointment and Enrolment,PASSPORT_APPOINTMENT_REQUIREMENTS,Passport Appointment Attendance Requirements,Low,Mixed,FALSE,,SYNTHETIC,PASSPORT_APPOINTMENT_REQUIREMENTS_F04,Hard,FALSE,Reviewed independent pilot seed retained for canonical expansion.
PASSX_0323,passport appointment-এ যাওয়ার আগে কোন কোন preparation নিতে হবে—নিয়মটা জানাবেন?,PASSPORT,PASSPORT_APPOINTMENT_AND_ENROLMENT,Passport Appointment and Enrolment,PASSPORT_APPOINTMENT_REQUIREMENTS,Passport Appointment Attendance Requirements,Low,Mixed,FALSE,,PARAPHRASED,PASSPORT_APPOINTMENT_REQUIREMENTS_F04,Hard,FALSE,Controlled paraphrase 1 of reviewed independent seed; family preserved; automated validation complete.
PASSX_0324,"passport appointment-এ যাওয়ার আগে কোন কোন preparation নিতে হবে, একটু বুঝিয়ে বলবেন?",PASSPORT,PASSPORT_APPOINTMENT_AND_ENROLMENT,Passport Appointment and Enrolment,PASSPORT_APPOINTMENT_REQUIREMENTS,Passport Appointment Attendance Requirements,Low,Mixed,FALSE,,PARAPHRASED,PASSPORT_APPOINTMENT_REQUIREMENTS_F04,Hard,FALSE,Controlled paraphrase 2 of reviewed independent seed; family preserved; automated validation complete.
PASSX_0325,ই-পাসপোর্টের শারীরিক এনরোলমেন্ট প্রক্রিয়ায় কী কী হয়?,PASSPORT,PASSPORT_APPOINTMENT_AND_ENROLMENT,Passport Appointment and Enrolment,PASSPORT_ENROLMENT_PROCESS,Passport Enrolment Process,Low,Formal,FALSE,,SYNTHETIC,PASSPORT_ENROLMENT_PROCESS_F01,Easy,FALSE,Reviewed independent pilot seed retained for canonical expansion.
PASSX_0326,আমার ক্ষেত্রে ই-পাসপোর্টের শারীরিক এনরোলমেন্ট প্রক্রিয়ায় কোন কোন হয়?,PASSPORT,PASSPORT_APPOINTMENT_AND_ENROLMENT,Passport Appointment and Enrolment,PASSPORT_ENROLMENT_PROCESS,Passport Enrolment Process,Low,Formal,FALSE,,PARAPHRASED,PASSPORT_ENROLMENT_PROCESS_F01,Easy,FALSE,Controlled paraphrase 1 of reviewed independent seed; family preserved; automated validation complete.
PASSX_0327,ই-পাসপোর্টের শারীরিক এনরোলমেন্ট প্রক্রিয়ায় কোন কোন হয়; পরের ধাপটা কী?,PASSPORT,PASSPORT_APPOINTMENT_AND_ENROLMENT,Passport Appointment and Enrolment,PASSPORT_ENROLMENT_PROCESS,Passport Enrolment Process,Low,Formal,FALSE,,PARAPHRASED,PASSPORT_ENROLMENT_PROCESS_F01,Easy,FALSE,Controlled paraphrase 2 of reviewed independent seed; family preserved; automated validation complete.
PASSX_0328,passport office-এ enrolment করতে গেলে কী process হয়?,PASSPORT,PASSPORT_APPOINTMENT_AND_ENROLMENT,Passport Appointment and Enrolment,PASSPORT_ENROLMENT_PROCESS,Passport Enrolment Process,Low,Informal,FALSE,,SYNTHETIC,PASSPORT_ENROLMENT_PROCESS_F02,Medium,FALSE,Reviewed independent pilot seed retained for canonical expansion.
PASSX_0329,এটা নিয়ে সাহায্য দরকার: passport office-এ enrolment করতে গেলে কী process হয়?,PASSPORT,PASSPORT_APPOINTMENT_AND_ENROLMENT,Passport Appointment and Enrolment,PASSPORT_ENROLMENT_PROCESS,Passport Enrolment Process,Low,Informal,FALSE,,PARAPHRASED,PASSPORT_ENROLMENT_PROCESS_F02,Medium,FALSE,Controlled paraphrase 1 of reviewed independent seed; family preserved; automated validation complete.
PASSX_0330,এই বিষয়ে সহায়তা চাই: passport office-এ enrolment করতে গেলে কী process হয়?,PASSPORT,PASSPORT_APPOINTMENT_AND_ENROLMENT,Passport Appointment and Enrolment,PASSPORT_ENROLMENT_PROCESS,Passport Enrolment Process,Low,Informal,FALSE,,PARAPHRASED,PASSPORT_ENROLMENT_PROCESS_F02,Medium,FALSE,Controlled paraphrase 2 of reviewed independent seed; family preserved; automated validation complete.
PASSX_0331,e-passport enrolment process ta kivabe hoy?,PASSPORT,PASSPORT_APPOINTMENT_AND_ENROLMENT,Passport Appointment and Enrolment,PASSPORT_ENROLMENT_PROCESS,Passport Enrolment Process,Low,Mixed,FALSE,,SYNTHETIC,PASSPORT_ENROLMENT_PROCESS_F03,Medium,FALSE,Reviewed independent pilot seed retained for canonical expansion.
PASSX_0332,I am trying to understand this: e-passport enrolment process ta kon process e hoy?,PASSPORT,PASSPORT_APPOINTMENT_AND_ENROLMENT,Passport Appointment and Enrolment,PASSPORT_ENROLMENT_PROCESS,Passport Enrolment Process,Low,Mixed,FALSE,,PARAPHRASED,PASSPORT_ENROLMENT_PROCESS_F03,Medium,FALSE,Controlled paraphrase 1 of reviewed independent seed; family preserved; automated validation complete.
PASSX_0333,I need guidance on this: e-passport enrolment process ta kon process e hoy?,PASSPORT,PASSPORT_APPOINTMENT_AND_ENROLMENT,Passport Appointment and Enrolment,PASSPORT_ENROLMENT_PROCESS,Passport Enrolment Process,Low,Mixed,FALSE,,PARAPHRASED,PASSPORT_ENROLMENT_PROCESS_F03,Medium,FALSE,Controlled paraphrase 2 of reviewed independent seed; family preserved; automated validation complete.
PASSX_0334,passport office-এ physical enrolment-এর পুরো processটা কীভাবে হয়?,PASSPORT,PASSPORT_APPOINTMENT_AND_ENROLMENT,Passport Appointment and Enrolment,PASSPORT_ENROLMENT_PROCESS,Passport Enrolment Process,Low,Mixed,FALSE,,SYNTHETIC,PASSPORT_ENROLMENT_PROCESS_F04,Hard,FALSE,Reviewed independent pilot seed retained for canonical expansion.
PASSX_0335,passport office-এ physical enrolment-এর পুরো processটা কোন প্রক্রিয়ায় হয়—নিয়মটা জানাবেন?,PASSPORT,PASSPORT_APPOINTMENT_AND_ENROLMENT,Passport Appointment and Enrolment,PASSPORT_ENROLMENT_PROCESS,Passport Enrolment Process,Low,Mixed,FALSE,,PARAPHRASED,PASSPORT_ENROLMENT_PROCESS_F04,Hard,FALSE,Controlled paraphrase 1 of reviewed independent seed; family preserved; automated validation complete.
PASSX_0336,"passport office-এ physical enrolment-এর পুরো processটা কোন প্রক্রিয়ায় হয়, একটু বুঝিয়ে বলবেন?",PASSPORT,PASSPORT_APPOINTMENT_AND_ENROLMENT,Passport Appointment and Enrolment,PASSPORT_ENROLMENT_PROCESS,Passport Enrolment Process,Low,Mixed,FALSE,,PARAPHRASED,PASSPORT_ENROLMENT_PROCESS_F04,Hard,FALSE,Controlled paraphrase 2 of reviewed independent seed; family preserved; automated validation complete.
PASSX_0337,ই-পাসপোর্টের শারীরিক এনরোলমেন্ট কোথায় সম্পন্ন করতে হবে?,PASSPORT,PASSPORT_APPOINTMENT_AND_ENROLMENT,Passport Appointment and Enrolment,PASSPORT_ENROLMENT_LOCATION,Passport Enrolment Location,Low,Formal,FALSE,,SYNTHETIC,PASSPORT_ENROLMENT_LOCATION_F01,Easy,FALSE,Reviewed independent pilot seed retained for canonical expansion.
PASSX_0338,আমার ক্ষেত্রে ই-পাসপোর্টের শারীরিক এনরোলমেন্ট কোথায় সম্পন্ন করতে হবে?,PASSPORT,PASSPORT_APPOINTMENT_AND_ENROLMENT,Passport Appointment and Enrolment,PASSPORT_ENROLMENT_LOCATION,Passport Enrolment Location,Low,Formal,FALSE,,PARAPHRASED,PASSPORT_ENROLMENT_LOCATION_F01,Easy,FALSE,Controlled paraphrase 1 of reviewed independent seed; family preserved; automated validation complete.
PASSX_0339,ই-পাসপোর্টের শারীরিক এনরোলমেন্ট কোথায় সম্পন্ন করতে হবে; পরের ধাপটা কী?,PASSPORT,PASSPORT_APPOINTMENT_AND_ENROLMENT,Passport Appointment and Enrolment,PASSPORT_ENROLMENT_LOCATION,Passport Enrolment Location,Low,Formal,FALSE,,PARAPHRASED,PASSPORT_ENROLMENT_LOCATION_F01,Easy,FALSE,Controlled paraphrase 2 of reviewed independent seed; family preserved; automated validation complete.
PASSX_0340,passport biometric দিতে কোন জায়গায় যেতে হবে?,PASSPORT,PASSPORT_APPOINTMENT_AND_ENROLMENT,Passport Appointment and Enrolment,PASSPORT_ENROLMENT_LOCATION,Passport Enrolment Location,Low,Informal,FALSE,,SYNTHETIC,PASSPORT_ENROLMENT_LOCATION_F02,Medium,FALSE,Reviewed independent pilot seed retained for canonical expansion.
PASSX_0341,এটা নিয়ে সাহায্য দরকার: passport biometric দিতে কোন জায়গায় যেতে হবে?,PASSPORT,PASSPORT_APPOINTMENT_AND_ENROLMENT,Passport Appointment and Enrolment,PASSPORT_ENROLMENT_LOCATION,Passport Enrolment Location,Low,Informal,FALSE,,PARAPHRASED,PASSPORT_ENROLMENT_LOCATION_F02,Medium,FALSE,Controlled paraphrase 1 of reviewed independent seed; family preserved; automated validation complete.
PASSX_0342,এই বিষয়ে সহায়তা চাই: passport biometric দিতে কোন জায়গায় যেতে হবে?,PASSPORT,PASSPORT_APPOINTMENT_AND_ENROLMENT,Passport Appointment and Enrolment,PASSPORT_ENROLMENT_LOCATION,Passport Enrolment Location,Low,Informal,FALSE,,PARAPHRASED,PASSPORT_ENROLMENT_LOCATION_F02,Medium,FALSE,Controlled paraphrase 2 of reviewed independent seed; family preserved; automated validation complete.
PASSX_0343,passport enrolment location kothay hobe?,PASSPORT,PASSPORT_APPOINTMENT_AND_ENROLMENT,Passport Appointment and Enrolment,PASSPORT_ENROLMENT_LOCATION,Passport Enrolment Location,Low,Mixed,FALSE,,SYNTHETIC,PASSPORT_ENROLMENT_LOCATION_F03,Medium,FALSE,Reviewed independent pilot seed retained for canonical expansion.
PASSX_0344,I am trying to understand this: passport enrolment location kon jaygay hobe?,PASSPORT,PASSPORT_APPOINTMENT_AND_ENROLMENT,Passport Appointment and Enrolment,PASSPORT_ENROLMENT_LOCATION,Passport Enrolment Location,Low,Mixed,FALSE,,PARAPHRASED,PASSPORT_ENROLMENT_LOCATION_F03,Medium,FALSE,Controlled paraphrase 1 of reviewed independent seed; family preserved; automated validation complete.
PASSX_0345,I need guidance on this: passport enrolment location kon jaygay hobe?,PASSPORT,PASSPORT_APPOINTMENT_AND_ENROLMENT,Passport Appointment and Enrolment,PASSPORT_ENROLMENT_LOCATION,Passport Enrolment Location,Low,Mixed,FALSE,,PARAPHRASED,PASSPORT_ENROLMENT_LOCATION_F03,Medium,FALSE,Controlled paraphrase 2 of reviewed independent seed; family preserved; automated validation complete.
PASSX_0346,passport-এর biometric বা physical enrolment দিতে কোথায় যেতে হবে?,PASSPORT,PASSPORT_APPOINTMENT_AND_ENROLMENT,Passport Appointment and Enrolment,PASSPORT_ENROLMENT_LOCATION,Passport Enrolment Location,Low,Mixed,FALSE,,SYNTHETIC,PASSPORT_ENROLMENT_LOCATION_F04,Hard,FALSE,Reviewed independent pilot seed retained for canonical expansion.
PASSX_0347,passport-এর biometric বা physical enrolment দিতে কোথায় যেতে হবে—নিয়মটা জানাবেন?,PASSPORT,PASSPORT_APPOINTMENT_AND_ENROLMENT,Passport Appointment and Enrolment,PASSPORT_ENROLMENT_LOCATION,Passport Enrolment Location,Low,Mixed,FALSE,,PARAPHRASED,PASSPORT_ENROLMENT_LOCATION_F04,Hard,FALSE,Controlled paraphrase 1 of reviewed independent seed; family preserved; automated validation complete.
PASSX_0348,"passport-এর biometric বা physical enrolment দিতে কোথায় যেতে হবে, একটু বুঝিয়ে বলবেন?",PASSPORT,PASSPORT_APPOINTMENT_AND_ENROLMENT,Passport Appointment and Enrolment,PASSPORT_ENROLMENT_LOCATION,Passport Enrolment Location,Low,Mixed,FALSE,,PARAPHRASED,PASSPORT_ENROLMENT_LOCATION_F04,Hard,FALSE,Controlled paraphrase 2 of reviewed independent seed; family preserved; automated validation complete.
PASSX_0349,ই-পাসপোর্ট বায়োমেট্রিক এনরোলমেন্টে কী কী তথ্য নেওয়া হয়?,PASSPORT,PASSPORT_APPOINTMENT_AND_ENROLMENT,Passport Appointment and Enrolment,PASSPORT_ENROLMENT_BIOMETRICS,Passport Biometric Enrolment,Low,Formal,FALSE,,SYNTHETIC,PASSPORT_ENROLMENT_BIOMETRICS_F01,Easy,FALSE,Reviewed independent pilot seed retained for canonical expansion.
PASSX_0350,আমার ক্ষেত্রে ই-পাসপোর্ট বায়োমেট্রিক এনরোলমেন্টে কোন কোন তথ্য নেওয়া হয়?,PASSPORT,PASSPORT_APPOINTMENT_AND_ENROLMENT,Passport Appointment and Enrolment,PASSPORT_ENROLMENT_BIOMETRICS,Passport Biometric Enrolment,Low,Formal,FALSE,,PARAPHRASED,PASSPORT_ENROLMENT_BIOMETRICS_F01,Easy,FALSE,Controlled paraphrase 1 of reviewed independent seed; family preserved; automated validation complete.
PASSX_0351,ই-পাসপোর্ট বায়োমেট্রিক এনরোলমেন্টে কোন কোন তথ্য নেওয়া হয়; পরের ধাপটা কী?,PASSPORT,PASSPORT_APPOINTMENT_AND_ENROLMENT,Passport Appointment and Enrolment,PASSPORT_ENROLMENT_BIOMETRICS,Passport Biometric Enrolment,Low,Formal,FALSE,,PARAPHRASED,PASSPORT_ENROLMENT_BIOMETRICS_F01,Easy,FALSE,Controlled paraphrase 2 of reviewed independent seed; family preserved; automated validation complete.
PASSX_0352,passport biometric দিতে গেলে আসলে কী হয়?,PASSPORT,PASSPORT_APPOINTMENT_AND_ENROLMENT,Passport Appointment and Enrolment,PASSPORT_ENROLMENT_BIOMETRICS,Passport Biometric Enrolment,Low,Informal,FALSE,,SYNTHETIC,PASSPORT_ENROLMENT_BIOMETRICS_F02,Medium,FALSE,Reviewed independent pilot seed retained for canonical expansion.
PASSX_0353,এটা নিয়ে সাহায্য দরকার: passport biometric দিতে গেলে আসলে কী হয়?,PASSPORT,PASSPORT_APPOINTMENT_AND_ENROLMENT,Passport Appointment and Enrolment,PASSPORT_ENROLMENT_BIOMETRICS,Passport Biometric Enrolment,Low,Informal,FALSE,,PARAPHRASED,PASSPORT_ENROLMENT_BIOMETRICS_F02,Medium,FALSE,Controlled paraphrase 1 of reviewed independent seed; family preserved; automated validation complete.
PASSX_0354,এই বিষয়ে সহায়তা চাই: passport biometric দিতে গেলে আসলে কী হয়?,PASSPORT,PASSPORT_APPOINTMENT_AND_ENROLMENT,Passport Appointment and Enrolment,PASSPORT_ENROLMENT_BIOMETRICS,Passport Biometric Enrolment,Low,Informal,FALSE,,PARAPHRASED,PASSPORT_ENROLMENT_BIOMETRICS_F02,Medium,FALSE,Controlled paraphrase 2 of reviewed independent seed; family preserved; automated validation complete.
PASSX_0355,e-passport biometric capture e ki ki ney?,PASSPORT,PASSPORT_APPOINTMENT_AND_ENROLMENT,Passport Appointment and Enrolment,PASSPORT_ENROLMENT_BIOMETRICS,Passport Biometric Enrolment,Low,Mixed,FALSE,,SYNTHETIC,PASSPORT_ENROLMENT_BIOMETRICS_F03,Medium,FALSE,Reviewed independent pilot seed retained for canonical expansion.
PASSX_0356,I am trying to understand this: e-passport biometric capture e kon kon jinis ney?,PASSPORT,PASSPORT_APPOINTMENT_AND_ENROLMENT,Passport Appointment and Enrolment,PASSPORT_ENROLMENT_BIOMETRICS,Passport Biometric Enrolment,Low,Mixed,FALSE,,PARAPHRASED,PASSPORT_ENROLMENT_BIOMETRICS_F03,Medium,FALSE,Controlled paraphrase 1 of reviewed independent seed; family preserved; automated validation complete.
PASSX_0357,I need guidance on this: e-passport biometric capture e kon kon jinis ney?,PASSPORT,PASSPORT_APPOINTMENT_AND_ENROLMENT,Passport Appointment and Enrolment,PASSPORT_ENROLMENT_BIOMETRICS,Passport Biometric Enrolment,Low,Mixed,FALSE,,PARAPHRASED,PASSPORT_ENROLMENT_BIOMETRICS_F03,Medium,FALSE,Controlled paraphrase 2 of reviewed independent seed; family preserved; automated validation complete.
PASSX_0358,passport biometric-এর সময় কী কী information বা data নেওয়া হয়?,PASSPORT,PASSPORT_APPOINTMENT_AND_ENROLMENT,Passport Appointment and Enrolment,PASSPORT_ENROLMENT_BIOMETRICS,Passport Biometric Enrolment,Low,Mixed,FALSE,,SYNTHETIC,PASSPORT_ENROLMENT_BIOMETRICS_F04,Hard,FALSE,Reviewed independent pilot seed retained for canonical expansion.
PASSX_0359,passport biometric-এর সময় কোন কোন information বা data নেওয়া হয়—নিয়মটা জানাবেন?,PASSPORT,PASSPORT_APPOINTMENT_AND_ENROLMENT,Passport Appointment and Enrolment,PASSPORT_ENROLMENT_BIOMETRICS,Passport Biometric Enrolment,Low,Mixed,FALSE,,PARAPHRASED,PASSPORT_ENROLMENT_BIOMETRICS_F04,Hard,FALSE,Controlled paraphrase 1 of reviewed independent seed; family preserved; automated validation complete.
PASSX_0360,"passport biometric-এর সময় কোন কোন information বা data নেওয়া হয়, একটু বুঝিয়ে বলবেন?",PASSPORT,PASSPORT_APPOINTMENT_AND_ENROLMENT,Passport Appointment and Enrolment,PASSPORT_ENROLMENT_BIOMETRICS,Passport Biometric Enrolment,Low,Mixed,FALSE,,PARAPHRASED,PASSPORT_ENROLMENT_BIOMETRICS_F04,Hard,FALSE,Controlled paraphrase 2 of reviewed independent seed; family preserved; automated validation complete.
PASSX_0361,আগে পাসপোর্ট ছিল; এখন সাধারণভাবে পুনরায় ইস্যু করতে কী করতে হবে?,PASSPORT,PASSPORT_REISSUE,Passport Re-Issue and Replacement,PASSPORT_REISSUE_PROCESS,General Passport Re-Issue Process,Low,Formal,FALSE,,SYNTHETIC,PASSPORT_REISSUE_PROCESS_F01,Easy,FALSE,Reviewed independent pilot seed retained for canonical expansion.
PASSX_0362,আমার ক্ষেত্রে আগে পাসপোর্ট ছিল; এখন সাধারণভাবে পুনরায় ইস্যু করতে কী করতে হবে?,PASSPORT,PASSPORT_REISSUE,Passport Re-Issue and Replacement,PASSPORT_REISSUE_PROCESS,General Passport Re-Issue Process,Low,Formal,FALSE,,PARAPHRASED,PASSPORT_REISSUE_PROCESS_F01,Easy,FALSE,Controlled paraphrase 1 of reviewed independent seed; family preserved; automated validation complete.
PASSX_0363,আগে পাসপোর্ট ছিল; এখন সাধারণভাবে পুনরায় ইস্যু করতে কী করতে হবে; পরের ধাপটা কী?,PASSPORT,PASSPORT_REISSUE,Passport Re-Issue and Replacement,PASSPORT_REISSUE_PROCESS,General Passport Re-Issue Process,Low,Formal,FALSE,,PARAPHRASED,PASSPORT_REISSUE_PROCESS_F01,Easy,FALSE,Controlled paraphrase 2 of reviewed independent seed; family preserved; automated validation complete.
PASSX_0364,"passport reissue করতে চাই, processটা কী?",PASSPORT,PASSPORT_REISSUE,Passport Re-Issue and Replacement,PASSPORT_REISSUE_PROCESS,General Passport Re-Issue Process,Low,Informal,FALSE,,SYNTHETIC,PASSPORT_REISSUE_PROCESS_F02,Medium,FALSE,Reviewed independent pilot seed retained for canonical expansion.
PASSX_0365,"এটা নিয়ে সাহায্য দরকার: passport reissue করতে প্রয়োজন, processটা কী?",PASSPORT,PASSPORT_REISSUE,Passport Re-Issue and Replacement,PASSPORT_REISSUE_PROCESS,General Passport Re-Issue Process,Low,Informal,FALSE,,PARAPHRASED,PASSPORT_REISSUE_PROCESS_F02,Medium,FALSE,Controlled paraphrase 1 of reviewed independent seed; family preserved; automated validation complete.
PASSX_0366,"passport reissue করতে প্রয়োজন, processটা কী?",PASSPORT,PASSPORT_REISSUE,Passport Re-Issue and Replacement,PASSPORT_REISSUE_PROCESS,General Passport Re-Issue Process,Low,Informal,FALSE,,PARAPHRASED,PASSPORT_REISSUE_PROCESS_F02,Medium,FALSE,Controlled paraphrase 2 of reviewed independent seed; family preserved; automated validation complete.
PASSX_0367,passport reissue korar niyom ki?,PASSPORT,PASSPORT_REISSUE,Passport Re-Issue and Replacement,PASSPORT_REISSUE_PROCESS,General Passport Re-Issue Process,Low,Mixed,FALSE,,SYNTHETIC,PASSPORT_REISSUE_PROCESS_F03,Medium,FALSE,Reviewed independent pilot seed retained for canonical expansion.
PASSX_0368,I am trying to understand this: passport reissue korar niyom ki?,PASSPORT,PASSPORT_REISSUE,Passport Re-Issue and Replacement,PASSPORT_REISSUE_PROCESS,General Passport Re-Issue Process,Low,Mixed,FALSE,,PARAPHRASED,PASSPORT_REISSUE_PROCESS_F03,Medium,FALSE,Controlled paraphrase 1 of reviewed independent seed; family preserved; automated validation complete.
PASSX_0369,I need guidance on this: passport reissue korar niyom ki?,PASSPORT,PASSPORT_REISSUE,Passport Re-Issue and Replacement,PASSPORT_REISSUE_PROCESS,General Passport Re-Issue Process,Low,Mixed,FALSE,,PARAPHRASED,PASSPORT_REISSUE_PROCESS_F03,Medium,FALSE,Controlled paraphrase 2 of reviewed independent seed; family preserved; automated validation complete.
PASSX_0370,"আমার passport reissue করতে চাই, পুরো processটা কী?",PASSPORT,PASSPORT_REISSUE,Passport Re-Issue and Replacement,PASSPORT_REISSUE_PROCESS,General Passport Re-Issue Process,Low,Mixed,FALSE,,SYNTHETIC,PASSPORT_REISSUE_PROCESS_F04,Hard,FALSE,Reviewed independent pilot seed retained for canonical expansion.
PASSX_0371,"আমার passport reissue করতে প্রয়োজন, পুরো processটা কী—নিয়মটা জানাবেন?",PASSPORT,PASSPORT_REISSUE,Passport Re-Issue and Replacement,PASSPORT_REISSUE_PROCESS,General Passport Re-Issue Process,Low,Mixed,FALSE,,PARAPHRASED,PASSPORT_REISSUE_PROCESS_F04,Hard,FALSE,Controlled paraphrase 1 of reviewed independent seed; family preserved; automated validation complete.
PASSX_0372,"আমার passport reissue করতে প্রয়োজন, পুরো processটা কী, একটু বুঝিয়ে বলবেন?",PASSPORT,PASSPORT_REISSUE,Passport Re-Issue and Replacement,PASSPORT_REISSUE_PROCESS,General Passport Re-Issue Process,Low,Mixed,FALSE,,PARAPHRASED,PASSPORT_REISSUE_PROCESS_F04,Hard,FALSE,Controlled paraphrase 2 of reviewed independent seed; family preserved; automated validation complete.
PASSX_0373,আমার পাসপোর্টের মেয়াদ শেষ হয়ে গেছে; পুনরায় ইস্যু কীভাবে করব?,PASSPORT,PASSPORT_REISSUE,Passport Re-Issue and Replacement,PASSPORT_REISSUE_EXPIRY,Expired or Expiring Passport Re-Issue,Low,Formal,FALSE,,SYNTHETIC,PASSPORT_REISSUE_EXPIRY_F01,Easy,FALSE,Reviewed independent pilot seed retained for canonical expansion.
PASSX_0374,আমার ক্ষেত্রে আমার পাসপোর্টের মেয়াদ শেষ হয়ে গেছে; পুনরায় ইস্যু কোন প্রক্রিয়ায় করব?,PASSPORT,PASSPORT_REISSUE,Passport Re-Issue and Replacement,PASSPORT_REISSUE_EXPIRY,Expired or Expiring Passport Re-Issue,Low,Formal,FALSE,,PARAPHRASED,PASSPORT_REISSUE_EXPIRY_F01,Easy,FALSE,Controlled paraphrase 1 of reviewed independent seed; family preserved; automated validation complete.
PASSX_0375,আমার পাসপোর্টের মেয়াদ শেষ হয়ে গেছে; পুনরায় ইস্যু কোন প্রক্রিয়ায় করব; পরের ধাপটা কী?,PASSPORT,PASSPORT_REISSUE,Passport Re-Issue and Replacement,PASSPORT_REISSUE_EXPIRY,Expired or Expiring Passport Re-Issue,Low,Formal,FALSE,,PARAPHRASED,PASSPORT_REISSUE_EXPIRY_F01,Easy,FALSE,Controlled paraphrase 2 of reviewed independent seed; family preserved; automated validation complete.
PASSX_0376,"passport expire হতে যাচ্ছে, renew/reissue করতে কী হবে?",PASSPORT,PASSPORT_REISSUE,Passport Re-Issue and Replacement,PASSPORT_REISSUE_EXPIRY,Expired or Expiring Passport Re-Issue,Low,Informal,FALSE,,SYNTHETIC,PASSPORT_REISSUE_EXPIRY_F02,Medium,FALSE,Reviewed independent pilot seed retained for canonical expansion.
PASSX_0377,"এটা নিয়ে সাহায্য দরকার: passport expire হতে যাচ্ছে, renew/reissue করতে কী হবে?",PASSPORT,PASSPORT_REISSUE,Passport Re-Issue and Replacement,PASSPORT_REISSUE_EXPIRY,Expired or Expiring Passport Re-Issue,Low,Informal,FALSE,,PARAPHRASED,PASSPORT_REISSUE_EXPIRY_F02,Medium,FALSE,Controlled paraphrase 1 of reviewed independent seed; family preserved; automated validation complete.
PASSX_0378,"এই বিষয়ে সহায়তা চাই: passport expire হতে যাচ্ছে, renew/reissue করতে কী হবে?",PASSPORT,PASSPORT_REISSUE,Passport Re-Issue and Replacement,PASSPORT_REISSUE_EXPIRY,Expired or Expiring Passport Re-Issue,Low,Informal,FALSE,,PARAPHRASED,PASSPORT_REISSUE_EXPIRY_F02,Medium,FALSE,Controlled paraphrase 2 of reviewed independent seed; family preserved; automated validation complete.
PASSX_0379,expired passport reissue korbo kivabe?,PASSPORT,PASSPORT_REISSUE,Passport Re-Issue and Replacement,PASSPORT_REISSUE_EXPIRY,Expired or Expiring Passport Re-Issue,Low,Mixed,FALSE,,SYNTHETIC,PASSPORT_REISSUE_EXPIRY_F03,Medium,FALSE,Reviewed independent pilot seed retained for canonical expansion.
PASSX_0380,I am trying to understand this: expired passport reissue korte hobe kivabe?,PASSPORT,PASSPORT_REISSUE,Passport Re-Issue and Replacement,PASSPORT_REISSUE_EXPIRY,Expired or Expiring Passport Re-Issue,Low,Mixed,FALSE,,PARAPHRASED,PASSPORT_REISSUE_EXPIRY_F03,Medium,FALSE,Controlled paraphrase 1 of reviewed independent seed; family preserved; automated validation complete.
PASSX_0381,I need guidance on this: expired passport reissue korte hobe kivabe?,PASSPORT,PASSPORT_REISSUE,Passport Re-Issue and Replacement,PASSPORT_REISSUE_EXPIRY,Expired or Expiring Passport Re-Issue,Low,Mixed,FALSE,,PARAPHRASED,PASSPORT_REISSUE_EXPIRY_F03,Medium,FALSE,Controlled paraphrase 2 of reviewed independent seed; family preserved; automated validation complete.
PASSX_0382,"আমার passport-এর মেয়াদ শেষ হয়ে গেছে, এখন reissue করব কীভাবে?",PASSPORT,PASSPORT_REISSUE,Passport Re-Issue and Replacement,PASSPORT_REISSUE_EXPIRY,Expired or Expiring Passport Re-Issue,Low,Mixed,FALSE,,SYNTHETIC,PASSPORT_REISSUE_EXPIRY_F04,Hard,FALSE,Reviewed independent pilot seed retained for canonical expansion.
PASSX_0383,"আমার passport-এর মেয়াদ শেষ হয়ে গেছে, এখন reissue করব কোন প্রক্রিয়ায়—নিয়মটা জানাবেন?",PASSPORT,PASSPORT_REISSUE,Passport Re-Issue and Replacement,PASSPORT_REISSUE_EXPIRY,Expired or Expiring Passport Re-Issue,Low,Mixed,FALSE,,PARAPHRASED,PASSPORT_REISSUE_EXPIRY_F04,Hard,FALSE,Controlled paraphrase 1 of reviewed independent seed; family preserved; automated validation complete.
PASSX_0384,"আমার passport-এর মেয়াদ শেষ হয়ে গেছে, এখন reissue করব কোন প্রক্রিয়ায়, একটু বুঝিয়ে বলবেন?",PASSPORT,PASSPORT_REISSUE,Passport Re-Issue and Replacement,PASSPORT_REISSUE_EXPIRY,Expired or Expiring Passport Re-Issue,Low,Mixed,FALSE,,PARAPHRASED,PASSPORT_REISSUE_EXPIRY_F04,Hard,FALSE,Controlled paraphrase 2 of reviewed independent seed; family preserved; automated validation complete.
PASSX_0385,তথ্য পরিবর্তনসহ পাসপোর্ট পুনরায় ইস্যু করতে কী করতে হবে?,PASSPORT,PASSPORT_REISSUE,Passport Re-Issue and Replacement,PASSPORT_REISSUE_WITH_INFORMATION_CHANGE,Passport Re-Issue With Information Change,Medium,Formal,FALSE,,SYNTHETIC,PASSPORT_REISSUE_WITH_INFORMATION_CHANGE_F01,Easy,FALSE,Reviewed independent pilot seed retained for canonical expansion.
PASSX_0386,আমার ক্ষেত্রে তথ্য পরিবর্তনসহ পাসপোর্ট পুনরায় ইস্যু করতে কী করতে হবে?,PASSPORT,PASSPORT_REISSUE,Passport Re-Issue and Replacement,PASSPORT_REISSUE_WITH_INFORMATION_CHANGE,Passport Re-Issue With Information Change,Medium,Formal,FALSE,,PARAPHRASED,PASSPORT_REISSUE_WITH_INFORMATION_CHANGE_F01,Easy,FALSE,Controlled paraphrase 1 of reviewed independent seed; family preserved; automated validation complete.
PASSX_0387,তথ্য পরিবর্তনসহ পাসপোর্ট পুনরায় ইস্যু করতে কী করতে হবে; পরের ধাপটা কী?,PASSPORT,PASSPORT_REISSUE,Passport Re-Issue and Replacement,PASSPORT_REISSUE_WITH_INFORMATION_CHANGE,Passport Re-Issue With Information Change,Medium,Formal,FALSE,,PARAPHRASED,PASSPORT_REISSUE_WITH_INFORMATION_CHANGE_F01,Easy,FALSE,Controlled paraphrase 2 of reviewed independent seed; family preserved; automated validation complete.
PASSX_0388,passport reissue-এর সময় personal information change করতে চাই।,PASSPORT,PASSPORT_REISSUE,Passport Re-Issue and Replacement,PASSPORT_REISSUE_WITH_INFORMATION_CHANGE,Passport Re-Issue With Information Change,Medium,Informal,FALSE,,SYNTHETIC,PASSPORT_REISSUE_WITH_INFORMATION_CHANGE_F02,Medium,FALSE,Reviewed independent pilot seed retained for canonical expansion.
PASSX_0389,এটা নিয়ে সাহায্য দরকার: passport reissue-এর সময় personal information change করতে প্রয়োজন?,PASSPORT,PASSPORT_REISSUE,Passport Re-Issue and Replacement,PASSPORT_REISSUE_WITH_INFORMATION_CHANGE,Passport Re-Issue With Information Change,Medium,Informal,FALSE,,PARAPHRASED,PASSPORT_REISSUE_WITH_INFORMATION_CHANGE_F02,Medium,FALSE,Controlled paraphrase 1 of reviewed independent seed; family preserved; automated validation complete.
PASSX_0390,passport reissue-এর সময় personal information change করতে প্রয়োজন?,PASSPORT,PASSPORT_REISSUE,Passport Re-Issue and Replacement,PASSPORT_REISSUE_WITH_INFORMATION_CHANGE,Passport Re-Issue With Information Change,Medium,Informal,FALSE,,PARAPHRASED,PASSPORT_REISSUE_WITH_INFORMATION_CHANGE_F02,Medium,FALSE,Controlled paraphrase 2 of reviewed independent seed; family preserved; automated validation complete.
PASSX_0391,information change kore passport reissue korbo kivabe?,PASSPORT,PASSPORT_REISSUE,Passport Re-Issue and Replacement,PASSPORT_REISSUE_WITH_INFORMATION_CHANGE,Passport Re-Issue With Information Change,Medium,Mixed,FALSE,,SYNTHETIC,PASSPORT_REISSUE_WITH_INFORMATION_CHANGE_F03,Medium,FALSE,Reviewed independent pilot seed retained for canonical expansion.
PASSX_0392,I am trying to understand this: information change kore passport reissue korbo kon process e?,PASSPORT,PASSPORT_REISSUE,Passport Re-Issue and Replacement,PASSPORT_REISSUE_WITH_INFORMATION_CHANGE,Passport Re-Issue With Information Change,Medium,Mixed,FALSE,,PARAPHRASED,PASSPORT_REISSUE_WITH_INFORMATION_CHANGE_F03,Medium,FALSE,Controlled paraphrase 1 of reviewed independent seed; family preserved; automated validation complete.
PASSX_0393,I need guidance on this: information change kore passport reissue korbo kon process e?,PASSPORT,PASSPORT_REISSUE,Passport Re-Issue and Replacement,PASSPORT_REISSUE_WITH_INFORMATION_CHANGE,Passport Re-Issue With Information Change,Medium,Mixed,FALSE,,PARAPHRASED,PASSPORT_REISSUE_WITH_INFORMATION_CHANGE_F03,Medium,FALSE,Controlled paraphrase 2 of reviewed independent seed; family preserved; automated validation complete.
PASSX_0394,passport reissue করার সময় আমার কিছু information-ও change করতে চাই।,PASSPORT,PASSPORT_REISSUE,Passport Re-Issue and Replacement,PASSPORT_REISSUE_WITH_INFORMATION_CHANGE,Passport Re-Issue With Information Change,Medium,Mixed,FALSE,,SYNTHETIC,PASSPORT_REISSUE_WITH_INFORMATION_CHANGE_F04,Hard,FALSE,Reviewed independent pilot seed retained for canonical expansion.
PASSX_0395,passport reissue করার সময় আমার কিছু information-ও change করতে প্রয়োজন—নিয়মটা জানাবেন?,PASSPORT,PASSPORT_REISSUE,Passport Re-Issue and Replacement,PASSPORT_REISSUE_WITH_INFORMATION_CHANGE,Passport Re-Issue With Information Change,Medium,Mixed,FALSE,,PARAPHRASED,PASSPORT_REISSUE_WITH_INFORMATION_CHANGE_F04,Hard,FALSE,Controlled paraphrase 1 of reviewed independent seed; family preserved; automated validation complete.
PASSX_0396,"passport reissue করার সময় আমার কিছু information-ও change করতে প্রয়োজন, একটু বুঝিয়ে বলবেন?",PASSPORT,PASSPORT_REISSUE,Passport Re-Issue and Replacement,PASSPORT_REISSUE_WITH_INFORMATION_CHANGE,Passport Re-Issue With Information Change,Medium,Mixed,FALSE,,PARAPHRASED,PASSPORT_REISSUE_WITH_INFORMATION_CHANGE_F04,Hard,FALSE,Controlled paraphrase 2 of reviewed independent seed; family preserved; automated validation complete.
PASSX_0397,আমার পাসপোর্ট হারিয়ে গেছে; পুনরায় ইস্যু বা replacement কীভাবে পাব?,PASSPORT,PASSPORT_REISSUE,Passport Re-Issue and Replacement,PASSPORT_REISSUE_LOST,Lost Passport Re-Issue,Medium,Formal,FALSE,,SYNTHETIC,PASSPORT_REISSUE_LOST_F01,Easy,FALSE,Reviewed independent pilot seed retained for canonical expansion.
PASSX_0398,আমার ক্ষেত্রে আমার পাসপোর্ট হারিয়ে গেছে; পুনরায় ইস্যু বা replacement কোন প্রক্রিয়ায় পাব?,PASSPORT,PASSPORT_REISSUE,Passport Re-Issue and Replacement,PASSPORT_REISSUE_LOST,Lost Passport Re-Issue,Medium,Formal,FALSE,,PARAPHRASED,PASSPORT_REISSUE_LOST_F01,Easy,FALSE,Controlled paraphrase 1 of reviewed independent seed; family preserved; automated validation complete.
PASSX_0399,আমার পাসপোর্ট হারিয়ে গেছে; পুনরায় ইস্যু বা replacement কোন প্রক্রিয়ায় পাব; পরের ধাপটা কী?,PASSPORT,PASSPORT_REISSUE,Passport Re-Issue and Replacement,PASSPORT_REISSUE_LOST,Lost Passport Re-Issue,Medium,Formal,FALSE,,PARAPHRASED,PASSPORT_REISSUE_LOST_F01,Easy,FALSE,Controlled paraphrase 2 of reviewed independent seed; family preserved; automated validation complete.
PASSX_0400,"passport খুঁজে পাচ্ছি না, নতুনটা করতে কী হবে?",PASSPORT,PASSPORT_REISSUE,Passport Re-Issue and Replacement,PASSPORT_REISSUE_LOST,Lost Passport Re-Issue,Medium,Informal,FALSE,,SYNTHETIC,PASSPORT_REISSUE_LOST_F02,Medium,FALSE,Reviewed independent pilot seed retained for canonical expansion.
PASSX_0401,"এটা নিয়ে সাহায্য দরকার: passport খুঁজে পাচ্ছি না, নতুনটা করতে কী হবে?",PASSPORT,PASSPORT_REISSUE,Passport Re-Issue and Replacement,PASSPORT_REISSUE_LOST,Lost Passport Re-Issue,Medium,Informal,FALSE,,PARAPHRASED,PASSPORT_REISSUE_LOST_F02,Medium,FALSE,Controlled paraphrase 1 of reviewed independent seed; family preserved; automated validation complete.
PASSX_0402,"এই বিষয়ে সহায়তা চাই: passport খুঁজে পাচ্ছি না, নতুনটা করতে কী হবে?",PASSPORT,PASSPORT_REISSUE,Passport Re-Issue and Replacement,PASSPORT_REISSUE_LOST,Lost Passport Re-Issue,Medium,Informal,FALSE,,PARAPHRASED,PASSPORT_REISSUE_LOST_F02,Medium,FALSE,Controlled paraphrase 2 of reviewed independent seed; family preserved; automated validation complete.
PASSX_0403,"passport hariye geche, reissue korbo kivabe?",PASSPORT,PASSPORT_REISSUE,Passport Re-Issue and Replacement,PASSPORT_REISSUE_LOST,Lost Passport Re-Issue,Medium,Mixed,FALSE,,SYNTHETIC,PASSPORT_REISSUE_LOST_F03,Medium,FALSE,Reviewed independent pilot seed retained for canonical expansion.
PASSX_0404,"I am trying to understand this: passport hariye geche, reissue korbo kon process e?",PASSPORT,PASSPORT_REISSUE,Passport Re-Issue and Replacement,PASSPORT_REISSUE_LOST,Lost Passport Re-Issue,Medium,Mixed,FALSE,,PARAPHRASED,PASSPORT_REISSUE_LOST_F03,Medium,FALSE,Controlled paraphrase 1 of reviewed independent seed; family preserved; automated validation complete.
PASSX_0405,"I need guidance on this: passport hariye geche, reissue korbo kon process e?",PASSPORT,PASSPORT_REISSUE,Passport Re-Issue and Replacement,PASSPORT_REISSUE_LOST,Lost Passport Re-Issue,Medium,Mixed,FALSE,,PARAPHRASED,PASSPORT_REISSUE_LOST_F03,Medium,FALSE,Controlled paraphrase 2 of reviewed independent seed; family preserved; automated validation complete.
PASSX_0406,"আমার passportটা খুঁজে পাচ্ছি না, replacement বা reissue কীভাবে করব?",PASSPORT,PASSPORT_REISSUE,Passport Re-Issue and Replacement,PASSPORT_REISSUE_LOST,Lost Passport Re-Issue,Medium,Mixed,FALSE,,SYNTHETIC,PASSPORT_REISSUE_LOST_F04,Hard,FALSE,Reviewed independent pilot seed retained for canonical expansion.
PASSX_0407,"আমার passportটা খুঁজে পাচ্ছি না, replacement বা reissue কীভাবে করতে হবে—নিয়মটা জানাবেন?",PASSPORT,PASSPORT_REISSUE,Passport Re-Issue and Replacement,PASSPORT_REISSUE_LOST,Lost Passport Re-Issue,Medium,Mixed,FALSE,,PARAPHRASED,PASSPORT_REISSUE_LOST_F04,Hard,FALSE,Controlled paraphrase 1 of reviewed independent seed; family preserved; automated validation complete.
PASSX_0408,"আমার passportটা খুঁজে পাচ্ছি না, replacement বা reissue কীভাবে করতে হবে, একটু বুঝিয়ে বলবেন?",PASSPORT,PASSPORT_REISSUE,Passport Re-Issue and Replacement,PASSPORT_REISSUE_LOST,Lost Passport Re-Issue,Medium,Mixed,FALSE,,PARAPHRASED,PASSPORT_REISSUE_LOST_F04,Hard,FALSE,Controlled paraphrase 2 of reviewed independent seed; family preserved; automated validation complete.
PASSX_0409,আমার পাসপোর্ট চুরি হয়েছে; replacement পেতে কী করতে হবে?,PASSPORT,PASSPORT_REISSUE,Passport Re-Issue and Replacement,PASSPORT_REISSUE_STOLEN,Stolen Passport Re-Issue,Medium,Formal,FALSE,,SYNTHETIC,PASSPORT_REISSUE_STOLEN_F01,Easy,FALSE,Reviewed independent pilot seed retained for canonical expansion.
PASSX_0410,আমার ক্ষেত্রে আমার পাসপোর্ট চুরি হয়েছে; replacement পেতে কী করতে হবে?,PASSPORT,PASSPORT_REISSUE,Passport Re-Issue and Replacement,PASSPORT_REISSUE_STOLEN,Stolen Passport Re-Issue,Medium,Formal,FALSE,,PARAPHRASED,PASSPORT_REISSUE_STOLEN_F01,Easy,FALSE,Controlled paraphrase 1 of reviewed independent seed; family preserved; automated validation complete.
PASSX_0411,আমার পাসপোর্ট চুরি হয়েছে; replacement পেতে কী করতে হবে; পরের ধাপটা কী?,PASSPORT,PASSPORT_REISSUE,Passport Re-Issue and Replacement,PASSPORT_REISSUE_STOLEN,Stolen Passport Re-Issue,Medium,Formal,FALSE,,PARAPHRASED,PASSPORT_REISSUE_STOLEN_F01,Easy,FALSE,Controlled paraphrase 2 of reviewed independent seed; family preserved; automated validation complete.
PASSX_0412,"passport stolen হয়েছে, এখন reissue করব কীভাবে?",PASSPORT,PASSPORT_REISSUE,Passport Re-Issue and Replacement,PASSPORT_REISSUE_STOLEN,Stolen Passport Re-Issue,Medium,Informal,FALSE,,SYNTHETIC,PASSPORT_REISSUE_STOLEN_F02,Medium,FALSE,Reviewed independent pilot seed retained for canonical expansion.
PASSX_0413,"এটা নিয়ে সাহায্য দরকার: passport stolen হয়েছে, এখন reissue করতে হবে কীভাবে?",PASSPORT,PASSPORT_REISSUE,Passport Re-Issue and Replacement,PASSPORT_REISSUE_STOLEN,Stolen Passport Re-Issue,Medium,Informal,FALSE,,PARAPHRASED,PASSPORT_REISSUE_STOLEN_F02,Medium,FALSE,Controlled paraphrase 1 of reviewed independent seed; family preserved; automated validation complete.
PASSX_0414,"passport stolen হয়েছে, এখন reissue করব কোন প্রক্রিয়ায়?",PASSPORT,PASSPORT_REISSUE,Passport Re-Issue and Replacement,PASSPORT_REISSUE_STOLEN,Stolen Passport Re-Issue,Medium,Informal,FALSE,,PARAPHRASED,PASSPORT_REISSUE_STOLEN_F02,Medium,FALSE,Controlled paraphrase 2 of reviewed independent seed; family preserved; automated validation complete.
PASSX_0415,"passport churi hoye geche, notun ta kivabe pabo?",PASSPORT,PASSPORT_REISSUE,Passport Re-Issue and Replacement,PASSPORT_REISSUE_STOLEN,Stolen Passport Re-Issue,Medium,Mixed,FALSE,,SYNTHETIC,PASSPORT_REISSUE_STOLEN_F03,Medium,FALSE,Reviewed independent pilot seed retained for canonical expansion.
PASSX_0416,"I am trying to understand this: passport churi hoye geche, notun ta kon process e pabo?",PASSPORT,PASSPORT_REISSUE,Passport Re-Issue and Replacement,PASSPORT_REISSUE_STOLEN,Stolen Passport Re-Issue,Medium,Mixed,FALSE,,PARAPHRASED,PASSPORT_REISSUE_STOLEN_F03,Medium,FALSE,Controlled paraphrase 1 of reviewed independent seed; family preserved; automated validation complete.
PASSX_0417,"I need guidance on this: passport churi hoye geche, notun ta kon process e pabo?",PASSPORT,PASSPORT_REISSUE,Passport Re-Issue and Replacement,PASSPORT_REISSUE_STOLEN,Stolen Passport Re-Issue,Medium,Mixed,FALSE,,PARAPHRASED,PASSPORT_REISSUE_STOLEN_F03,Medium,FALSE,Controlled paraphrase 2 of reviewed independent seed; family preserved; automated validation complete.
PASSX_0418,"আমার passport চুরি হয়ে গেছে, এখন replacement কীভাবে পাব?",PASSPORT,PASSPORT_REISSUE,Passport Re-Issue and Replacement,PASSPORT_REISSUE_STOLEN,Stolen Passport Re-Issue,Medium,Mixed,FALSE,,SYNTHETIC,PASSPORT_REISSUE_STOLEN_F04,Hard,FALSE,Reviewed independent pilot seed retained for canonical expansion.
PASSX_0419,"আমার passport চুরি হয়ে গেছে, এখন replacement কোন প্রক্রিয়ায় পাব—নিয়মটা জানাবেন?",PASSPORT,PASSPORT_REISSUE,Passport Re-Issue and Replacement,PASSPORT_REISSUE_STOLEN,Stolen Passport Re-Issue,Medium,Mixed,FALSE,,PARAPHRASED,PASSPORT_REISSUE_STOLEN_F04,Hard,FALSE,Controlled paraphrase 1 of reviewed independent seed; family preserved; automated validation complete.
PASSX_0420,"আমার passport চুরি হয়ে গেছে, এখন replacement কোন প্রক্রিয়ায় পাব, একটু বুঝিয়ে বলবেন?",PASSPORT,PASSPORT_REISSUE,Passport Re-Issue and Replacement,PASSPORT_REISSUE_STOLEN,Stolen Passport Re-Issue,Medium,Mixed,FALSE,,PARAPHRASED,PASSPORT_REISSUE_STOLEN_F04,Hard,FALSE,Controlled paraphrase 2 of reviewed independent seed; family preserved; automated validation complete.
PASSX_0421,আমার পাসপোর্ট নষ্ট হয়ে গেছে; পুনরায় ইস্যু কীভাবে করব?,PASSPORT,PASSPORT_REISSUE,Passport Re-Issue and Replacement,PASSPORT_REISSUE_DAMAGED,Damaged Passport Re-Issue,Medium,Formal,FALSE,,SYNTHETIC,PASSPORT_REISSUE_DAMAGED_F01,Easy,FALSE,Reviewed independent pilot seed retained for canonical expansion.
PASSX_0422,আমার ক্ষেত্রে আমার পাসপোর্ট নষ্ট হয়ে গেছে; পুনরায় ইস্যু কোন প্রক্রিয়ায় করব?,PASSPORT,PASSPORT_REISSUE,Passport Re-Issue and Replacement,PASSPORT_REISSUE_DAMAGED,Damaged Passport Re-Issue,Medium,Formal,FALSE,,PARAPHRASED,PASSPORT_REISSUE_DAMAGED_F01,Easy,FALSE,Controlled paraphrase 1 of reviewed independent seed; family preserved; automated validation complete.
PASSX_0423,আমার পাসপোর্ট নষ্ট হয়ে গেছে; পুনরায় ইস্যু কোন প্রক্রিয়ায় করব; পরের ধাপটা কী?,PASSPORT,PASSPORT_REISSUE,Passport Re-Issue and Replacement,PASSPORT_REISSUE_DAMAGED,Damaged Passport Re-Issue,Medium,Formal,FALSE,,PARAPHRASED,PASSPORT_REISSUE_DAMAGED_F01,Easy,FALSE,Controlled paraphrase 2 of reviewed independent seed; family preserved; automated validation complete.
PASSX_0424,"passport ছিঁড়ে গেছে, replacement পেতে কী করতে হবে?",PASSPORT,PASSPORT_REISSUE,Passport Re-Issue and Replacement,PASSPORT_REISSUE_DAMAGED,Damaged Passport Re-Issue,Medium,Informal,FALSE,,SYNTHETIC,PASSPORT_REISSUE_DAMAGED_F02,Medium,FALSE,Reviewed independent pilot seed retained for canonical expansion.
PASSX_0425,"এটা নিয়ে সাহায্য দরকার: passport ছিঁড়ে গেছে, replacement পেতে কী করতে হবে?",PASSPORT,PASSPORT_REISSUE,Passport Re-Issue and Replacement,PASSPORT_REISSUE_DAMAGED,Damaged Passport Re-Issue,Medium,Informal,FALSE,,PARAPHRASED,PASSPORT_REISSUE_DAMAGED_F02,Medium,FALSE,Controlled paraphrase 1 of reviewed independent seed; family preserved; automated validation complete.
PASSX_0426,"এই বিষয়ে সহায়তা চাই: passport ছিঁড়ে গেছে, replacement পেতে কী করতে হবে?",PASSPORT,PASSPORT_REISSUE,Passport Re-Issue and Replacement,PASSPORT_REISSUE_DAMAGED,Damaged Passport Re-Issue,Medium,Informal,FALSE,,PARAPHRASED,PASSPORT_REISSUE_DAMAGED_F02,Medium,FALSE,Controlled paraphrase 2 of reviewed independent seed; family preserved; automated validation complete.
PASSX_0427,damaged passport reissue korbo kivabe?,PASSPORT,PASSPORT_REISSUE,Passport Re-Issue and Replacement,PASSPORT_REISSUE_DAMAGED,Damaged Passport Re-Issue,Medium,Mixed,FALSE,,SYNTHETIC,PASSPORT_REISSUE_DAMAGED_F03,Medium,FALSE,Reviewed independent pilot seed retained for canonical expansion.
PASSX_0428,I am trying to understand this: damaged passport reissue korte hobe kivabe?,PASSPORT,PASSPORT_REISSUE,Passport Re-Issue and Replacement,PASSPORT_REISSUE_DAMAGED,Damaged Passport Re-Issue,Medium,Mixed,FALSE,,PARAPHRASED,PASSPORT_REISSUE_DAMAGED_F03,Medium,FALSE,Controlled paraphrase 1 of reviewed independent seed; family preserved; automated validation complete.
PASSX_0429,I need guidance on this: damaged passport reissue korbo kon process e?,PASSPORT,PASSPORT_REISSUE,Passport Re-Issue and Replacement,PASSPORT_REISSUE_DAMAGED,Damaged Passport Re-Issue,Medium,Mixed,FALSE,,PARAPHRASED,PASSPORT_REISSUE_DAMAGED_F03,Medium,FALSE,Controlled paraphrase 2 of reviewed independent seed; family preserved; automated validation complete.
PASSX_0430,passport আছে কিন্তু usable না—damage-এর কারণে নতুনটা দরকার।,PASSPORT,PASSPORT_REISSUE,Passport Re-Issue and Replacement,PASSPORT_REISSUE_DAMAGED,Damaged Passport Re-Issue,Medium,Mixed,FALSE,,SYNTHETIC,PASSPORT_REISSUE_DAMAGED_F04,Hard,FALSE,Reviewed independent pilot seed retained for canonical expansion.
PASSX_0431,passport আছে কিন্তু usable না—damage-এর কারণে নতুনটা দরকার—নিয়মটা জানাবেন?,PASSPORT,PASSPORT_REISSUE,Passport Re-Issue and Replacement,PASSPORT_REISSUE_DAMAGED,Damaged Passport Re-Issue,Medium,Mixed,FALSE,,PARAPHRASED,PASSPORT_REISSUE_DAMAGED_F04,Hard,FALSE,Controlled paraphrase 1 of reviewed independent seed; family preserved; automated validation complete.
PASSX_0432,"passport আছে কিন্তু usable না—damage-এর কারণে নতুনটা দরকার, একটু বুঝিয়ে বলবেন?",PASSPORT,PASSPORT_REISSUE,Passport Re-Issue and Replacement,PASSPORT_REISSUE_DAMAGED,Damaged Passport Re-Issue,Medium,Mixed,FALSE,,PARAPHRASED,PASSPORT_REISSUE_DAMAGED_F04,Hard,FALSE,Controlled paraphrase 2 of reviewed independent seed; family preserved; automated validation complete.
PASSX_0433,কোনো তথ্য পরিবর্তন না করে পাসপোর্ট পুনরায় ইস্যু কীভাবে করব?,PASSPORT,PASSPORT_REISSUE,Passport Re-Issue and Replacement,PASSPORT_REISSUE_WITHOUT_INFORMATION_CHANGE,Passport Re-Issue Without Information Change,Low,Formal,FALSE,,SYNTHETIC,PASSPORT_REISSUE_WITHOUT_INFORMATION_CHANGE_F01,Easy,FALSE,Reviewed independent pilot seed retained for canonical expansion.
PASSX_0434,আমার ক্ষেত্রে কোনো তথ্য পরিবর্তন না করে পাসপোর্ট পুনরায় ইস্যু কোন প্রক্রিয়ায় করব?,PASSPORT,PASSPORT_REISSUE,Passport Re-Issue and Replacement,PASSPORT_REISSUE_WITHOUT_INFORMATION_CHANGE,Passport Re-Issue Without Information Change,Low,Formal,FALSE,,PARAPHRASED,PASSPORT_REISSUE_WITHOUT_INFORMATION_CHANGE_F01,Easy,FALSE,Controlled paraphrase 1 of reviewed independent seed; family preserved; automated validation complete.
PASSX_0435,কোনো তথ্য পরিবর্তন না করে পাসপোর্ট পুনরায় ইস্যু কোন প্রক্রিয়ায় করব; পরের ধাপটা কী?,PASSPORT,PASSPORT_REISSUE,Passport Re-Issue and Replacement,PASSPORT_REISSUE_WITHOUT_INFORMATION_CHANGE,Passport Re-Issue Without Information Change,Low,Formal,FALSE,,PARAPHRASED,PASSPORT_REISSUE_WITHOUT_INFORMATION_CHANGE_F01,Easy,FALSE,Controlled paraphrase 2 of reviewed independent seed; family preserved; automated validation complete.
PASSX_0436,"সব details same থাকবে, শুধু passport reissue করতে চাই।",PASSPORT,PASSPORT_REISSUE,Passport Re-Issue and Replacement,PASSPORT_REISSUE_WITHOUT_INFORMATION_CHANGE,Passport Re-Issue Without Information Change,Low,Informal,FALSE,,SYNTHETIC,PASSPORT_REISSUE_WITHOUT_INFORMATION_CHANGE_F02,Medium,FALSE,Reviewed independent pilot seed retained for canonical expansion.
PASSX_0437,"এটা নিয়ে সাহায্য দরকার: সব details same থাকবে, শুধু passport reissue করতে প্রয়োজন?",PASSPORT,PASSPORT_REISSUE,Passport Re-Issue and Replacement,PASSPORT_REISSUE_WITHOUT_INFORMATION_CHANGE,Passport Re-Issue Without Information Change,Low,Informal,FALSE,,PARAPHRASED,PASSPORT_REISSUE_WITHOUT_INFORMATION_CHANGE_F02,Medium,FALSE,Controlled paraphrase 1 of reviewed independent seed; family preserved; automated validation complete.
PASSX_0438,"সব details same থাকবে, শুধু passport reissue করতে প্রয়োজন?",PASSPORT,PASSPORT_REISSUE,Passport Re-Issue and Replacement,PASSPORT_REISSUE_WITHOUT_INFORMATION_CHANGE,Passport Re-Issue Without Information Change,Low,Informal,FALSE,,PARAPHRASED,PASSPORT_REISSUE_WITHOUT_INFORMATION_CHANGE_F02,Medium,FALSE,Controlled paraphrase 2 of reviewed independent seed; family preserved; automated validation complete.
PASSX_0439,same information diye passport reissue korbo kivabe?,PASSPORT,PASSPORT_REISSUE,Passport Re-Issue and Replacement,PASSPORT_REISSUE_WITHOUT_INFORMATION_CHANGE,Passport Re-Issue Without Information Change,Low,Mixed,FALSE,,SYNTHETIC,PASSPORT_REISSUE_WITHOUT_INFORMATION_CHANGE_F03,Medium,FALSE,Reviewed independent pilot seed retained for canonical expansion.
PASSX_0440,I am trying to understand this: same information diye passport reissue korbo kon process e?,PASSPORT,PASSPORT_REISSUE,Passport Re-Issue and Replacement,PASSPORT_REISSUE_WITHOUT_INFORMATION_CHANGE,Passport Re-Issue Without Information Change,Low,Mixed,FALSE,,PARAPHRASED,PASSPORT_REISSUE_WITHOUT_INFORMATION_CHANGE_F03,Medium,FALSE,Controlled paraphrase 1 of reviewed independent seed; family preserved; automated validation complete.
PASSX_0441,I need guidance on this: same information diye passport reissue korbo kon process e?,PASSPORT,PASSPORT_REISSUE,Passport Re-Issue and Replacement,PASSPORT_REISSUE_WITHOUT_INFORMATION_CHANGE,Passport Re-Issue Without Information Change,Low,Mixed,FALSE,,PARAPHRASED,PASSPORT_REISSUE_WITHOUT_INFORMATION_CHANGE_F03,Medium,FALSE,Controlled paraphrase 2 of reviewed independent seed; family preserved; automated validation complete.
PASSX_0442,personal info change করব না—existing details রেখেই reissue চাই।,PASSPORT,PASSPORT_REISSUE,Passport Re-Issue and Replacement,PASSPORT_REISSUE_WITHOUT_INFORMATION_CHANGE,Passport Re-Issue Without Information Change,Low,Mixed,FALSE,,SYNTHETIC,PASSPORT_REISSUE_WITHOUT_INFORMATION_CHANGE_F04,Hard,FALSE,Reviewed independent pilot seed retained for canonical expansion.
PASSX_0443,personal info change করতে হবে না—existing details রেখেই reissue চাই—নিয়মটা জানাবেন?,PASSPORT,PASSPORT_REISSUE,Passport Re-Issue and Replacement,PASSPORT_REISSUE_WITHOUT_INFORMATION_CHANGE,Passport Re-Issue Without Information Change,Low,Mixed,FALSE,,PARAPHRASED,PASSPORT_REISSUE_WITHOUT_INFORMATION_CHANGE_F04,Hard,FALSE,Controlled paraphrase 1 of reviewed independent seed; family preserved; automated validation complete.
PASSX_0444,"personal info change করতে হবে না—existing details রেখেই reissue চাই, একটু বুঝিয়ে বলবেন?",PASSPORT,PASSPORT_REISSUE,Passport Re-Issue and Replacement,PASSPORT_REISSUE_WITHOUT_INFORMATION_CHANGE,Passport Re-Issue Without Information Change,Low,Mixed,FALSE,,PARAPHRASED,PASSPORT_REISSUE_WITHOUT_INFORMATION_CHANGE_F04,Hard,FALSE,Controlled paraphrase 2 of reviewed independent seed; family preserved; automated validation complete.
PASSX_0445,বিদেশে অবস্থান করে আমার বর্তমান বাংলাদেশি পাসপোর্ট পুনরায় ইস্যু কীভাবে করব?,PASSPORT,PASSPORT_REISSUE,Passport Re-Issue and Replacement,PASSPORT_REISSUE_OVERSEAS,Passport Re-Issue From Abroad,Low,Formal,FALSE,,SYNTHETIC,PASSPORT_REISSUE_OVERSEAS_F01,Easy,FALSE,Reviewed independent pilot seed retained for canonical expansion.
PASSX_0446,আমার ক্ষেত্রে বিদেশে অবস্থান করে আমার বর্তমান বাংলাদেশি পাসপোর্ট পুনরায় ইস্যু কোন প্রক্রিয়ায় করব?,PASSPORT,PASSPORT_REISSUE,Passport Re-Issue and Replacement,PASSPORT_REISSUE_OVERSEAS,Passport Re-Issue From Abroad,Low,Formal,FALSE,,PARAPHRASED,PASSPORT_REISSUE_OVERSEAS_F01,Easy,FALSE,Controlled paraphrase 1 of reviewed independent seed; family preserved; automated validation complete.
PASSX_0447,বিদেশে অবস্থান করে আমার বর্তমান বাংলাদেশি পাসপোর্ট পুনরায় ইস্যু কোন প্রক্রিয়ায় করব; পরের ধাপটা কী?,PASSPORT,PASSPORT_REISSUE,Passport Re-Issue and Replacement,PASSPORT_REISSUE_OVERSEAS,Passport Re-Issue From Abroad,Low,Formal,FALSE,,PARAPHRASED,PASSPORT_REISSUE_OVERSEAS_F01,Easy,FALSE,Controlled paraphrase 2 of reviewed independent seed; family preserved; automated validation complete.
PASSX_0448,abroad থেকে existing passport renew/reissue করতে চাই।,PASSPORT,PASSPORT_REISSUE,Passport Re-Issue and Replacement,PASSPORT_REISSUE_OVERSEAS,Passport Re-Issue From Abroad,Low,Informal,FALSE,,SYNTHETIC,PASSPORT_REISSUE_OVERSEAS_F02,Medium,FALSE,Reviewed independent pilot seed retained for canonical expansion.
PASSX_0449,এটা নিয়ে সাহায্য দরকার: abroad থেকে existing passport renew/reissue করতে প্রয়োজন?,PASSPORT,PASSPORT_REISSUE,Passport Re-Issue and Replacement,PASSPORT_REISSUE_OVERSEAS,Passport Re-Issue From Abroad,Low,Informal,FALSE,,PARAPHRASED,PASSPORT_REISSUE_OVERSEAS_F02,Medium,FALSE,Controlled paraphrase 1 of reviewed independent seed; family preserved; automated validation complete.
PASSX_0450,abroad থেকে existing passport renew/reissue করতে প্রয়োজন?,PASSPORT,PASSPORT_REISSUE,Passport Re-Issue and Replacement,PASSPORT_REISSUE_OVERSEAS,Passport Re-Issue From Abroad,Low,Informal,FALSE,,PARAPHRASED,PASSPORT_REISSUE_OVERSEAS_F02,Medium,FALSE,Controlled paraphrase 2 of reviewed independent seed; family preserved; automated validation complete.
PASSX_0451,bidesh theke Bangladesh passport reissue korbo kivabe?,PASSPORT,PASSPORT_REISSUE,Passport Re-Issue and Replacement,PASSPORT_REISSUE_OVERSEAS,Passport Re-Issue From Abroad,Low,Mixed,FALSE,,SYNTHETIC,PASSPORT_REISSUE_OVERSEAS_F03,Medium,FALSE,Reviewed independent pilot seed retained for canonical expansion.
PASSX_0452,I am trying to understand this: bidesh theke Bangladesh passport reissue korbo kon process e?,PASSPORT,PASSPORT_REISSUE,Passport Re-Issue and Replacement,PASSPORT_REISSUE_OVERSEAS,Passport Re-Issue From Abroad,Low,Mixed,FALSE,,PARAPHRASED,PASSPORT_REISSUE_OVERSEAS_F03,Medium,FALSE,Controlled paraphrase 1 of reviewed independent seed; family preserved; automated validation complete.
PASSX_0453,I need guidance on this: bidesh theke Bangladesh passport reissue korbo kon process e?,PASSPORT,PASSPORT_REISSUE,Passport Re-Issue and Replacement,PASSPORT_REISSUE_OVERSEAS,Passport Re-Issue From Abroad,Low,Mixed,FALSE,,PARAPHRASED,PASSPORT_REISSUE_OVERSEAS_F03,Medium,FALSE,Controlled paraphrase 2 of reviewed independent seed; family preserved; automated validation complete.
PASSX_0454,"আমি বিদেশে আছি এবং আমার আগের passportটা reissue করতে চাই, কীভাবে করব?",PASSPORT,PASSPORT_REISSUE,Passport Re-Issue and Replacement,PASSPORT_REISSUE_OVERSEAS,Passport Re-Issue From Abroad,Low,Mixed,FALSE,,SYNTHETIC,PASSPORT_REISSUE_OVERSEAS_F04,Hard,FALSE,Reviewed independent pilot seed retained for canonical expansion.
PASSX_0455,"আমি বিদেশে আছি এবং আমার আগের passportটা reissue করতে চাই, কীভাবে করতে হবে—নিয়মটা জানাবেন?",PASSPORT,PASSPORT_REISSUE,Passport Re-Issue and Replacement,PASSPORT_REISSUE_OVERSEAS,Passport Re-Issue From Abroad,Low,Mixed,FALSE,,PARAPHRASED,PASSPORT_REISSUE_OVERSEAS_F04,Hard,FALSE,Controlled paraphrase 1 of reviewed independent seed; family preserved; automated validation complete.
PASSX_0456,"আমি বিদেশে আছি এবং আমার আগের passportটা reissue করতে চাই, কীভাবে করতে হবে, একটু বুঝিয়ে বলবেন?",PASSPORT,PASSPORT_REISSUE,Passport Re-Issue and Replacement,PASSPORT_REISSUE_OVERSEAS,Passport Re-Issue From Abroad,Low,Mixed,FALSE,,PARAPHRASED,PASSPORT_REISSUE_OVERSEAS_F04,Hard,FALSE,Controlled paraphrase 2 of reviewed independent seed; family preserved; automated validation complete.
PASSX_0457,বাংলাদেশ ই-পাসপোর্টের সাধারণ ফি কত?,PASSPORT,PASSPORT_FEES_AND_PAYMENT,Passport Fees and Payment,PASSPORT_FEES_INFORMATION,Passport Fee Information,Low,Formal,FALSE,,SYNTHETIC,PASSPORT_FEES_INFORMATION_F01,Easy,FALSE,Reviewed independent pilot seed retained for canonical expansion.
PASSX_0458,আমার ক্ষেত্রে বাংলাদেশ ই-পাসপোর্টের সাধারণ ফি কত?,PASSPORT,PASSPORT_FEES_AND_PAYMENT,Passport Fees and Payment,PASSPORT_FEES_INFORMATION,Passport Fee Information,Low,Formal,FALSE,,PARAPHRASED,PASSPORT_FEES_INFORMATION_F01,Easy,FALSE,Controlled paraphrase 1 of reviewed independent seed; family preserved; automated validation complete.
PASSX_0459,বাংলাদেশ ই-পাসপোর্টের সাধারণ ফি কত; পরের ধাপটা কী?,PASSPORT,PASSPORT_FEES_AND_PAYMENT,Passport Fees and Payment,PASSPORT_FEES_INFORMATION,Passport Fee Information,Low,Formal,FALSE,,PARAPHRASED,PASSPORT_FEES_INFORMATION_F01,Easy,FALSE,Controlled paraphrase 2 of reviewed independent seed; family preserved; automated validation complete.
PASSX_0460,passport করতে মোট fee কত লাগে?,PASSPORT,PASSPORT_FEES_AND_PAYMENT,Passport Fees and Payment,PASSPORT_FEES_INFORMATION,Passport Fee Information,Low,Informal,FALSE,,SYNTHETIC,PASSPORT_FEES_INFORMATION_F02,Medium,FALSE,Reviewed independent pilot seed retained for canonical expansion.
PASSX_0461,এটা নিয়ে সাহায্য দরকার: passport করতে মোট fee কত লাগে?,PASSPORT,PASSPORT_FEES_AND_PAYMENT,Passport Fees and Payment,PASSPORT_FEES_INFORMATION,Passport Fee Information,Low,Informal,FALSE,,PARAPHRASED,PASSPORT_FEES_INFORMATION_F02,Medium,FALSE,Controlled paraphrase 1 of reviewed independent seed; family preserved; automated validation complete.
PASSX_0462,এই বিষয়ে সহায়তা চাই: passport করতে মোট fee কত লাগে?,PASSPORT,PASSPORT_FEES_AND_PAYMENT,Passport Fees and Payment,PASSPORT_FEES_INFORMATION,Passport Fee Information,Low,Informal,FALSE,,PARAPHRASED,PASSPORT_FEES_INFORMATION_F02,Medium,FALSE,Controlled paraphrase 2 of reviewed independent seed; family preserved; automated validation complete.
PASSX_0463,e-passport er fee koto?,PASSPORT,PASSPORT_FEES_AND_PAYMENT,Passport Fees and Payment,PASSPORT_FEES_INFORMATION,Passport Fee Information,Low,Mixed,FALSE,,SYNTHETIC,PASSPORT_FEES_INFORMATION_F03,Medium,FALSE,Reviewed independent pilot seed retained for canonical expansion.
PASSX_0464,I am trying to understand this: e-passport er fee koto?,PASSPORT,PASSPORT_FEES_AND_PAYMENT,Passport Fees and Payment,PASSPORT_FEES_INFORMATION,Passport Fee Information,Low,Mixed,FALSE,,PARAPHRASED,PASSPORT_FEES_INFORMATION_F03,Medium,FALSE,Controlled paraphrase 1 of reviewed independent seed; family preserved; automated validation complete.
PASSX_0465,I need guidance on this: e-passport er fee koto?,PASSPORT,PASSPORT_FEES_AND_PAYMENT,Passport Fees and Payment,PASSPORT_FEES_INFORMATION,Passport Fee Information,Low,Mixed,FALSE,,PARAPHRASED,PASSPORT_FEES_INFORMATION_F03,Medium,FALSE,Controlled paraphrase 2 of reviewed independent seed; family preserved; automated validation complete.
PASSX_0466,passport service-এর fee বা charge কত?,PASSPORT,PASSPORT_FEES_AND_PAYMENT,Passport Fees and Payment,PASSPORT_FEES_INFORMATION,Passport Fee Information,Low,Mixed,FALSE,,SYNTHETIC,PASSPORT_FEES_INFORMATION_F04,Hard,FALSE,Reviewed independent pilot seed retained for canonical expansion.
PASSX_0467,passport service-এর fee বা charge কত—নিয়মটা জানাবেন?,PASSPORT,PASSPORT_FEES_AND_PAYMENT,Passport Fees and Payment,PASSPORT_FEES_INFORMATION,Passport Fee Information,Low,Mixed,FALSE,,PARAPHRASED,PASSPORT_FEES_INFORMATION_F04,Hard,FALSE,Controlled paraphrase 1 of reviewed independent seed; family preserved; automated validation complete.
PASSX_0468,"passport service-এর fee বা charge কত, একটু বুঝিয়ে বলবেন?",PASSPORT,PASSPORT_FEES_AND_PAYMENT,Passport Fees and Payment,PASSPORT_FEES_INFORMATION,Passport Fee Information,Low,Mixed,FALSE,,PARAPHRASED,PASSPORT_FEES_INFORMATION_F04,Hard,FALSE,Controlled paraphrase 2 of reviewed independent seed; family preserved; automated validation complete.
PASSX_0469,ই-পাসপোর্টের ফি কীভাবে পরিশোধ করা যায়?,PASSPORT,PASSPORT_FEES_AND_PAYMENT,Passport Fees and Payment,PASSPORT_PAYMENT_METHOD,Passport Payment Method,Low,Formal,FALSE,,SYNTHETIC,PASSPORT_PAYMENT_METHOD_F01,Easy,FALSE,Reviewed independent pilot seed retained for canonical expansion.
PASSX_0470,আমার ক্ষেত্রে ই-পাসপোর্টের ফি কোন প্রক্রিয়ায় পরিশোধ করা যায়?,PASSPORT,PASSPORT_FEES_AND_PAYMENT,Passport Fees and Payment,PASSPORT_PAYMENT_METHOD,Passport Payment Method,Low,Formal,FALSE,,PARAPHRASED,PASSPORT_PAYMENT_METHOD_F01,Easy,FALSE,Controlled paraphrase 1 of reviewed independent seed; family preserved; automated validation complete.
PASSX_0471,ই-পাসপোর্টের ফি কোন প্রক্রিয়ায় পরিশোধ করা যায়; পরের ধাপটা কী?,PASSPORT,PASSPORT_FEES_AND_PAYMENT,Passport Fees and Payment,PASSPORT_PAYMENT_METHOD,Passport Payment Method,Low,Formal,FALSE,,PARAPHRASED,PASSPORT_PAYMENT_METHOD_F01,Easy,FALSE,Controlled paraphrase 2 of reviewed independent seed; family preserved; automated validation complete.
PASSX_0472,passport fee pay করার কী কী method আছে?,PASSPORT,PASSPORT_FEES_AND_PAYMENT,Passport Fees and Payment,PASSPORT_PAYMENT_METHOD,Passport Payment Method,Low,Informal,FALSE,,SYNTHETIC,PASSPORT_PAYMENT_METHOD_F02,Medium,FALSE,Reviewed independent pilot seed retained for canonical expansion.
PASSX_0473,এটা নিয়ে সাহায্য দরকার: passport fee pay করার কোন কোন method আছে?,PASSPORT,PASSPORT_FEES_AND_PAYMENT,Passport Fees and Payment,PASSPORT_PAYMENT_METHOD,Passport Payment Method,Low,Informal,FALSE,,PARAPHRASED,PASSPORT_PAYMENT_METHOD_F02,Medium,FALSE,Controlled paraphrase 1 of reviewed independent seed; family preserved; automated validation complete.
PASSX_0474,passport fee pay করার কোন কোন method আছে?,PASSPORT,PASSPORT_FEES_AND_PAYMENT,Passport Fees and Payment,PASSPORT_PAYMENT_METHOD,Passport Payment Method,Low,Informal,FALSE,,PARAPHRASED,PASSPORT_PAYMENT_METHOD_F02,Medium,FALSE,Controlled paraphrase 2 of reviewed independent seed; family preserved; automated validation complete.
PASSX_0475,passport payment korbo kivabe?,PASSPORT,PASSPORT_FEES_AND_PAYMENT,Passport Fees and Payment,PASSPORT_PAYMENT_METHOD,Passport Payment Method,Low,Mixed,FALSE,,SYNTHETIC,PASSPORT_PAYMENT_METHOD_F03,Medium,FALSE,Reviewed independent pilot seed retained for canonical expansion.
PASSX_0476,I am trying to understand this: passport payment korbo kon process e?,PASSPORT,PASSPORT_FEES_AND_PAYMENT,Passport Fees and Payment,PASSPORT_PAYMENT_METHOD,Passport Payment Method,Low,Mixed,FALSE,,PARAPHRASED,PASSPORT_PAYMENT_METHOD_F03,Medium,FALSE,Controlled paraphrase 1 of reviewed independent seed; family preserved; automated validation complete.
PASSX_0477,I need guidance on this: passport payment korbo kon process e?,PASSPORT,PASSPORT_FEES_AND_PAYMENT,Passport Fees and Payment,PASSPORT_PAYMENT_METHOD,Passport Payment Method,Low,Mixed,FALSE,,PARAPHRASED,PASSPORT_PAYMENT_METHOD_F03,Medium,FALSE,Controlled paraphrase 2 of reviewed independent seed; family preserved; automated validation complete.
PASSX_0478,passport-এর fee online বা offline কীভাবে pay করব?,PASSPORT,PASSPORT_FEES_AND_PAYMENT,Passport Fees and Payment,PASSPORT_PAYMENT_METHOD,Passport Payment Method,Low,Mixed,FALSE,,SYNTHETIC,PASSPORT_PAYMENT_METHOD_F04,Hard,FALSE,Reviewed independent pilot seed retained for canonical expansion.
PASSX_0479,passport-এর fee online বা offline কোন প্রক্রিয়ায় pay করব—নিয়মটা জানাবেন?,PASSPORT,PASSPORT_FEES_AND_PAYMENT,Passport Fees and Payment,PASSPORT_PAYMENT_METHOD,Passport Payment Method,Low,Mixed,FALSE,,PARAPHRASED,PASSPORT_PAYMENT_METHOD_F04,Hard,FALSE,Controlled paraphrase 1 of reviewed independent seed; family preserved; automated validation complete.
PASSX_0480,"passport-এর fee online বা offline কোন প্রক্রিয়ায় pay করব, একটু বুঝিয়ে বলবেন?",PASSPORT,PASSPORT_FEES_AND_PAYMENT,Passport Fees and Payment,PASSPORT_PAYMENT_METHOD,Passport Payment Method,Low,Mixed,FALSE,,PARAPHRASED,PASSPORT_PAYMENT_METHOD_F04,Hard,FALSE,Controlled paraphrase 2 of reviewed independent seed; family preserved; automated validation complete.
PASSX_0481,আমার ই-পাসপোর্ট ফি সফলভাবে জমা হয়েছে কি না কীভাবে যাচাই করব?,PASSPORT,PASSPORT_FEES_AND_PAYMENT,Passport Fees and Payment,PASSPORT_PAYMENT_CONFIRMATION,Passport Payment Confirmation,Low,Formal,FALSE,,SYNTHETIC,PASSPORT_PAYMENT_CONFIRMATION_F01,Easy,FALSE,Reviewed independent pilot seed retained for canonical expansion.
PASSX_0482,আমার ক্ষেত্রে আমার ই-পাসপোর্ট ফি সফলভাবে জমা হয়েছে কি না কোন প্রক্রিয়ায় যাচাই করব?,PASSPORT,PASSPORT_FEES_AND_PAYMENT,Passport Fees and Payment,PASSPORT_PAYMENT_CONFIRMATION,Passport Payment Confirmation,Low,Formal,FALSE,,PARAPHRASED,PASSPORT_PAYMENT_CONFIRMATION_F01,Easy,FALSE,Controlled paraphrase 1 of reviewed independent seed; family preserved; automated validation complete.
PASSX_0483,আমার ই-পাসপোর্ট ফি সফলভাবে জমা হয়েছে কি না কোন প্রক্রিয়ায় যাচাই করব; পরের ধাপটা কী?,PASSPORT,PASSPORT_FEES_AND_PAYMENT,Passport Fees and Payment,PASSPORT_PAYMENT_CONFIRMATION,Passport Payment Confirmation,Low,Formal,FALSE,,PARAPHRASED,PASSPORT_PAYMENT_CONFIRMATION_F01,Easy,FALSE,Controlled paraphrase 2 of reviewed independent seed; family preserved; automated validation complete.
PASSX_0484,passport payment successful হয়েছে কিনা check করব কীভাবে?,PASSPORT,PASSPORT_FEES_AND_PAYMENT,Passport Fees and Payment,PASSPORT_PAYMENT_CONFIRMATION,Passport Payment Confirmation,Low,Informal,FALSE,,SYNTHETIC,PASSPORT_PAYMENT_CONFIRMATION_F02,Medium,FALSE,Reviewed independent pilot seed retained for canonical expansion.
PASSX_0485,এটা নিয়ে সাহায্য দরকার: passport payment successful হয়েছে কিনা check করব কোন প্রক্রিয়ায়?,PASSPORT,PASSPORT_FEES_AND_PAYMENT,Passport Fees and Payment,PASSPORT_PAYMENT_CONFIRMATION,Passport Payment Confirmation,Low,Informal,FALSE,,PARAPHRASED,PASSPORT_PAYMENT_CONFIRMATION_F02,Medium,FALSE,Controlled paraphrase 1 of reviewed independent seed; family preserved; automated validation complete.
PASSX_0486,passport payment successful হয়েছে কিনা check করব কোন প্রক্রিয়ায়?,PASSPORT,PASSPORT_FEES_AND_PAYMENT,Passport Fees and Payment,PASSPORT_PAYMENT_CONFIRMATION,Passport Payment Confirmation,Low,Informal,FALSE,,PARAPHRASED,PASSPORT_PAYMENT_CONFIRMATION_F02,Medium,FALSE,Controlled paraphrase 2 of reviewed independent seed; family preserved; automated validation complete.
PASSX_0487,passport payment confirm hoise kina kivabe janbo?,PASSPORT,PASSPORT_FEES_AND_PAYMENT,Passport Fees and Payment,PASSPORT_PAYMENT_CONFIRMATION,Passport Payment Confirmation,Low,Mixed,FALSE,,SYNTHETIC,PASSPORT_PAYMENT_CONFIRMATION_F03,Medium,FALSE,Reviewed independent pilot seed retained for canonical expansion.
PASSX_0488,I am trying to understand this: passport payment confirm hoise kina kon process e janbo?,PASSPORT,PASSPORT_FEES_AND_PAYMENT,Passport Fees and Payment,PASSPORT_PAYMENT_CONFIRMATION,Passport Payment Confirmation,Low,Mixed,FALSE,,PARAPHRASED,PASSPORT_PAYMENT_CONFIRMATION_F03,Medium,FALSE,Controlled paraphrase 1 of reviewed independent seed; family preserved; automated validation complete.
PASSX_0489,I need guidance on this: passport payment confirm hoise kina kon process e janbo?,PASSPORT,PASSPORT_FEES_AND_PAYMENT,Passport Fees and Payment,PASSPORT_PAYMENT_CONFIRMATION,Passport Payment Confirmation,Low,Mixed,FALSE,,PARAPHRASED,PASSPORT_PAYMENT_CONFIRMATION_F03,Medium,FALSE,Controlled paraphrase 2 of reviewed independent seed; family preserved; automated validation complete.
PASSX_0490,passport fee paymentটা system-এ successfully record হয়েছে কিনা কীভাবে বুঝব?,PASSPORT,PASSPORT_FEES_AND_PAYMENT,Passport Fees and Payment,PASSPORT_PAYMENT_CONFIRMATION,Passport Payment Confirmation,Low,Mixed,FALSE,,SYNTHETIC,PASSPORT_PAYMENT_CONFIRMATION_F04,Hard,FALSE,Reviewed independent pilot seed retained for canonical expansion.
PASSX_0491,passport fee paymentটা system-এ successfully record হয়েছে কিনা কোন প্রক্রিয়ায় বুঝব—নিয়মটা জানাবেন?,PASSPORT,PASSPORT_FEES_AND_PAYMENT,Passport Fees and Payment,PASSPORT_PAYMENT_CONFIRMATION,Passport Payment Confirmation,Low,Mixed,FALSE,,PARAPHRASED,PASSPORT_PAYMENT_CONFIRMATION_F04,Hard,FALSE,Controlled paraphrase 1 of reviewed independent seed; family preserved; automated validation complete.
PASSX_0492,"passport fee paymentটা system-এ successfully record হয়েছে কিনা কোন প্রক্রিয়ায় বুঝব, একটু বুঝিয়ে বলবেন?",PASSPORT,PASSPORT_FEES_AND_PAYMENT,Passport Fees and Payment,PASSPORT_PAYMENT_CONFIRMATION,Passport Payment Confirmation,Low,Mixed,FALSE,,PARAPHRASED,PASSPORT_PAYMENT_CONFIRMATION_F04,Hard,FALSE,Controlled paraphrase 2 of reviewed independent seed; family preserved; automated validation complete.
PASSX_0493,আমার ই-পাসপোর্ট ফি পরিশোধের চেষ্টা ব্যর্থ হয়েছে; কী করব?,PASSPORT,PASSPORT_FEES_AND_PAYMENT,Passport Fees and Payment,PASSPORT_PAYMENT_FAILURE,Passport Payment Failure,Medium,Formal,FALSE,,SYNTHETIC,PASSPORT_PAYMENT_FAILURE_F01,Easy,FALSE,Reviewed independent pilot seed retained for canonical expansion.
PASSX_0494,আমার ক্ষেত্রে আমার ই-পাসপোর্ট ফি পরিশোধের চেষ্টা ব্যর্থ হয়েছে; কী করতে হবে?,PASSPORT,PASSPORT_FEES_AND_PAYMENT,Passport Fees and Payment,PASSPORT_PAYMENT_FAILURE,Passport Payment Failure,Medium,Formal,FALSE,,PARAPHRASED,PASSPORT_PAYMENT_FAILURE_F01,Easy,FALSE,Controlled paraphrase 1 of reviewed independent seed; family preserved; automated validation complete.
PASSX_0495,আমার ই-পাসপোর্ট ফি পরিশোধের চেষ্টা ব্যর্থ হয়েছে; কী করতে হবে; পরের ধাপটা কী?,PASSPORT,PASSPORT_FEES_AND_PAYMENT,Passport Fees and Payment,PASSPORT_PAYMENT_FAILURE,Passport Payment Failure,Medium,Formal,FALSE,,PARAPHRASED,PASSPORT_PAYMENT_FAILURE_F01,Easy,FALSE,Controlled paraphrase 2 of reviewed independent seed; family preserved; automated validation complete.
PASSX_0496,passport payment বারবার fail করছে।,PASSPORT,PASSPORT_FEES_AND_PAYMENT,Passport Fees and Payment,PASSPORT_PAYMENT_FAILURE,Passport Payment Failure,Medium,Informal,FALSE,,SYNTHETIC,PASSPORT_PAYMENT_FAILURE_F02,Medium,FALSE,Reviewed independent pilot seed retained for canonical expansion.
PASSX_0497,এটা নিয়ে সাহায্য দরকার: passport payment বারবার fail করছে?,PASSPORT,PASSPORT_FEES_AND_PAYMENT,Passport Fees and Payment,PASSPORT_PAYMENT_FAILURE,Passport Payment Failure,Medium,Informal,FALSE,,PARAPHRASED,PASSPORT_PAYMENT_FAILURE_F02,Medium,FALSE,Controlled paraphrase 1 of reviewed independent seed; family preserved; automated validation complete.
PASSX_0498,passport payment বারবার fail করছে?,PASSPORT,PASSPORT_FEES_AND_PAYMENT,Passport Fees and Payment,PASSPORT_PAYMENT_FAILURE,Passport Payment Failure,Medium,Informal,FALSE,,PARAPHRASED,PASSPORT_PAYMENT_FAILURE_F02,Medium,FALSE,Controlled paraphrase 2 of reviewed independent seed; family preserved; automated validation complete.
PASSX_0499,"passport fee payment fail hocche, ki korbo?",PASSPORT,PASSPORT_FEES_AND_PAYMENT,Passport Fees and Payment,PASSPORT_PAYMENT_FAILURE,Passport Payment Failure,Medium,Mixed,FALSE,,SYNTHETIC,PASSPORT_PAYMENT_FAILURE_F03,Medium,FALSE,Reviewed independent pilot seed retained for canonical expansion.
PASSX_0500,"I am trying to understand this: passport fee payment fail hocche, ki korte hobe?",PASSPORT,PASSPORT_FEES_AND_PAYMENT,Passport Fees and Payment,PASSPORT_PAYMENT_FAILURE,Passport Payment Failure,Medium,Mixed,FALSE,,PARAPHRASED,PASSPORT_PAYMENT_FAILURE_F03,Medium,FALSE,Controlled paraphrase 1 of reviewed independent seed; family preserved; automated validation complete.
PASSX_0501,"I need guidance on this: passport fee payment fail hocche, ki korte hobe?",PASSPORT,PASSPORT_FEES_AND_PAYMENT,Passport Fees and Payment,PASSPORT_PAYMENT_FAILURE,Passport Payment Failure,Medium,Mixed,FALSE,,PARAPHRASED,PASSPORT_PAYMENT_FAILURE_F03,Medium,FALSE,Controlled paraphrase 2 of reviewed independent seed; family preserved; automated validation complete.
PASSX_0502,"passport fee pay করতে গিয়ে transaction unsuccessful দেখাচ্ছে, payment complete হচ্ছে না।",PASSPORT,PASSPORT_FEES_AND_PAYMENT,Passport Fees and Payment,PASSPORT_PAYMENT_FAILURE,Passport Payment Failure,Medium,Mixed,FALSE,,SYNTHETIC,PASSPORT_PAYMENT_FAILURE_F04,Hard,FALSE,Reviewed independent pilot seed retained for canonical expansion.
PASSX_0503,"passport fee pay করতে গিয়ে transaction unsuccessful দেখাচ্ছে, payment complete হচ্ছে না—নিয়মটা জানাবেন?",PASSPORT,PASSPORT_FEES_AND_PAYMENT,Passport Fees and Payment,PASSPORT_PAYMENT_FAILURE,Passport Payment Failure,Medium,Mixed,FALSE,,PARAPHRASED,PASSPORT_PAYMENT_FAILURE_F04,Hard,FALSE,Controlled paraphrase 1 of reviewed independent seed; family preserved; automated validation complete.
PASSX_0504,"passport fee pay করতে গিয়ে transaction unsuccessful দেখাচ্ছে, payment complete হচ্ছে না, একটু বুঝিয়ে বলবেন?",PASSPORT,PASSPORT_FEES_AND_PAYMENT,Passport Fees and Payment,PASSPORT_PAYMENT_FAILURE,Passport Payment Failure,Medium,Mixed,FALSE,,PARAPHRASED,PASSPORT_PAYMENT_FAILURE_F04,Hard,FALSE,Controlled paraphrase 2 of reviewed independent seed; family preserved; automated validation complete.
PASSX_0505,"টাকা কেটে নেওয়া হয়েছে, কিন্তু ই-পাসপোর্ট payment failed দেখাচ্ছে; কী করব?",PASSPORT,PASSPORT_FEES_AND_PAYMENT,Passport Fees and Payment,PASSPORT_PAYMENT_DEDUCTED_BUT_FAILED,Passport Payment Deducted but Transaction Failed,Medium,Formal,FALSE,,SYNTHETIC,PASSPORT_PAYMENT_DEDUCTED_BUT_FAILED_F01,Easy,FALSE,Reviewed independent pilot seed retained for canonical expansion.
PASSX_0506,"আমার ক্ষেত্রে টাকা কেটে নেওয়া হয়েছে, কিন্তু ই-পাসপোর্ট payment failed দেখাচ্ছে; কী করতে হবে?",PASSPORT,PASSPORT_FEES_AND_PAYMENT,Passport Fees and Payment,PASSPORT_PAYMENT_DEDUCTED_BUT_FAILED,Passport Payment Deducted but Transaction Failed,Medium,Formal,FALSE,,PARAPHRASED,PASSPORT_PAYMENT_DEDUCTED_BUT_FAILED_F01,Easy,FALSE,Controlled paraphrase 1 of reviewed independent seed; family preserved; automated validation complete.
PASSX_0507,"টাকা কেটে নেওয়া হয়েছে, কিন্তু ই-পাসপোর্ট payment failed দেখাচ্ছে; কী করতে হবে; পরের ধাপটা কী?",PASSPORT,PASSPORT_FEES_AND_PAYMENT,Passport Fees and Payment,PASSPORT_PAYMENT_DEDUCTED_BUT_FAILED,Passport Payment Deducted but Transaction Failed,Medium,Formal,FALSE,,PARAPHRASED,PASSPORT_PAYMENT_DEDUCTED_BUT_FAILED_F01,Easy,FALSE,Controlled paraphrase 2 of reviewed independent seed; family preserved; automated validation complete.
PASSX_0508,passport fee account থেকে কেটেছে কিন্তু payment successful হয়নি।,PASSPORT,PASSPORT_FEES_AND_PAYMENT,Passport Fees and Payment,PASSPORT_PAYMENT_DEDUCTED_BUT_FAILED,Passport Payment Deducted but Transaction Failed,Medium,Informal,FALSE,,SYNTHETIC,PASSPORT_PAYMENT_DEDUCTED_BUT_FAILED_F02,Medium,FALSE,Reviewed independent pilot seed retained for canonical expansion.
PASSX_0509,এটা নিয়ে সাহায্য দরকার: passport fee account থেকে কেটেছে কিন্তু payment successful হয়নি?,PASSPORT,PASSPORT_FEES_AND_PAYMENT,Passport Fees and Payment,PASSPORT_PAYMENT_DEDUCTED_BUT_FAILED,Passport Payment Deducted but Transaction Failed,Medium,Informal,FALSE,,PARAPHRASED,PASSPORT_PAYMENT_DEDUCTED_BUT_FAILED_F02,Medium,FALSE,Controlled paraphrase 1 of reviewed independent seed; family preserved; automated validation complete.
PASSX_0510,passport fee account থেকে কেটেছে কিন্তু payment successful হয়নি?,PASSPORT,PASSPORT_FEES_AND_PAYMENT,Passport Fees and Payment,PASSPORT_PAYMENT_DEDUCTED_BUT_FAILED,Passport Payment Deducted but Transaction Failed,Medium,Informal,FALSE,,PARAPHRASED,PASSPORT_PAYMENT_DEDUCTED_BUT_FAILED_F02,Medium,FALSE,Controlled paraphrase 2 of reviewed independent seed; family preserved; automated validation complete.
PASSX_0511,taka kete niyeche but passport payment failed dekhacche.,PASSPORT,PASSPORT_FEES_AND_PAYMENT,Passport Fees and Payment,PASSPORT_PAYMENT_DEDUCTED_BUT_FAILED,Passport Payment Deducted but Transaction Failed,Medium,Mixed,FALSE,,SYNTHETIC,PASSPORT_PAYMENT_DEDUCTED_BUT_FAILED_F03,Medium,FALSE,Reviewed independent pilot seed retained for canonical expansion.
PASSX_0512,I am trying to understand this: taka kete niyeche but passport payment failed dekhacche?,PASSPORT,PASSPORT_FEES_AND_PAYMENT,Passport Fees and Payment,PASSPORT_PAYMENT_DEDUCTED_BUT_FAILED,Passport Payment Deducted but Transaction Failed,Medium,Mixed,FALSE,,PARAPHRASED,PASSPORT_PAYMENT_DEDUCTED_BUT_FAILED_F03,Medium,FALSE,Controlled paraphrase 1 of reviewed independent seed; family preserved; automated validation complete.
PASSX_0513,I need guidance on this: taka kete niyeche but passport payment failed dekhacche?,PASSPORT,PASSPORT_FEES_AND_PAYMENT,Passport Fees and Payment,PASSPORT_PAYMENT_DEDUCTED_BUT_FAILED,Passport Payment Deducted but Transaction Failed,Medium,Mixed,FALSE,,PARAPHRASED,PASSPORT_PAYMENT_DEDUCTED_BUT_FAILED_F03,Medium,FALSE,Controlled paraphrase 2 of reviewed independent seed; family preserved; automated validation complete.
PASSX_0514,"passport fee-এর টাকা কেটে গেছে, কিন্তু payment transactionটা record হয়নি।",PASSPORT,PASSPORT_FEES_AND_PAYMENT,Passport Fees and Payment,PASSPORT_PAYMENT_DEDUCTED_BUT_FAILED,Passport Payment Deducted but Transaction Failed,Medium,Mixed,FALSE,,SYNTHETIC,PASSPORT_PAYMENT_DEDUCTED_BUT_FAILED_F04,Hard,FALSE,Reviewed independent pilot seed retained for canonical expansion.
PASSX_0515,"passport fee-এর টাকা কেটে গেছে, কিন্তু payment transactionটা record হয়নি—নিয়মটা জানাবেন?",PASSPORT,PASSPORT_FEES_AND_PAYMENT,Passport Fees and Payment,PASSPORT_PAYMENT_DEDUCTED_BUT_FAILED,Passport Payment Deducted but Transaction Failed,Medium,Mixed,FALSE,,PARAPHRASED,PASSPORT_PAYMENT_DEDUCTED_BUT_FAILED_F04,Hard,FALSE,Controlled paraphrase 1 of reviewed independent seed; family preserved; automated validation complete.
PASSX_0516,"passport fee-এর টাকা কেটে গেছে, কিন্তু payment transactionটা record হয়নি, একটু বুঝিয়ে বলবেন?",PASSPORT,PASSPORT_FEES_AND_PAYMENT,Passport Fees and Payment,PASSPORT_PAYMENT_DEDUCTED_BUT_FAILED,Passport Payment Deducted but Transaction Failed,Medium,Mixed,FALSE,,PARAPHRASED,PASSPORT_PAYMENT_DEDUCTED_BUT_FAILED_F04,Hard,FALSE,Controlled paraphrase 2 of reviewed independent seed; family preserved; automated validation complete.
PASSX_0517,ব্যর্থ পাসপোর্ট payment-এর টাকা ফেরত পাওয়ার প্রক্রিয়া কী?,PASSPORT,PASSPORT_FEES_AND_PAYMENT,Passport Fees and Payment,PASSPORT_PAYMENT_REFUND,Passport Payment Refund,Medium,Formal,FALSE,,SYNTHETIC,PASSPORT_PAYMENT_REFUND_F01,Easy,FALSE,Reviewed independent pilot seed retained for canonical expansion.
PASSX_0518,আমার ক্ষেত্রে ব্যর্থ পাসপোর্ট payment-এর টাকা ফেরত পাওয়ার প্রক্রিয়া কী?,PASSPORT,PASSPORT_FEES_AND_PAYMENT,Passport Fees and Payment,PASSPORT_PAYMENT_REFUND,Passport Payment Refund,Medium,Formal,FALSE,,PARAPHRASED,PASSPORT_PAYMENT_REFUND_F01,Easy,FALSE,Controlled paraphrase 1 of reviewed independent seed; family preserved; automated validation complete.
PASSX_0519,ব্যর্থ পাসপোর্ট payment-এর টাকা ফেরত পাওয়ার প্রক্রিয়া কী; পরের ধাপটা কী?,PASSPORT,PASSPORT_FEES_AND_PAYMENT,Passport Fees and Payment,PASSPORT_PAYMENT_REFUND,Passport Payment Refund,Medium,Formal,FALSE,,PARAPHRASED,PASSPORT_PAYMENT_REFUND_F01,Easy,FALSE,Controlled paraphrase 2 of reviewed independent seed; family preserved; automated validation complete.
PASSX_0520,passport payment fail হওয়ার পর refund কীভাবে পাব?,PASSPORT,PASSPORT_FEES_AND_PAYMENT,Passport Fees and Payment,PASSPORT_PAYMENT_REFUND,Passport Payment Refund,Medium,Informal,FALSE,,SYNTHETIC,PASSPORT_PAYMENT_REFUND_F02,Medium,FALSE,Reviewed independent pilot seed retained for canonical expansion.
PASSX_0521,এটা নিয়ে সাহায্য দরকার: passport payment fail হওয়ার পর refund কোন প্রক্রিয়ায় পাব?,PASSPORT,PASSPORT_FEES_AND_PAYMENT,Passport Fees and Payment,PASSPORT_PAYMENT_REFUND,Passport Payment Refund,Medium,Informal,FALSE,,PARAPHRASED,PASSPORT_PAYMENT_REFUND_F02,Medium,FALSE,Controlled paraphrase 1 of reviewed independent seed; family preserved; automated validation complete.
PASSX_0522,passport payment fail হওয়ার পর refund কোন প্রক্রিয়ায় পাব?,PASSPORT,PASSPORT_FEES_AND_PAYMENT,Passport Fees and Payment,PASSPORT_PAYMENT_REFUND,Passport Payment Refund,Medium,Informal,FALSE,,PARAPHRASED,PASSPORT_PAYMENT_REFUND_F02,Medium,FALSE,Controlled paraphrase 2 of reviewed independent seed; family preserved; automated validation complete.
PASSX_0523,failed passport payment er taka refund pabo kivabe?,PASSPORT,PASSPORT_FEES_AND_PAYMENT,Passport Fees and Payment,PASSPORT_PAYMENT_REFUND,Passport Payment Refund,Medium,Mixed,FALSE,,SYNTHETIC,PASSPORT_PAYMENT_REFUND_F03,Medium,FALSE,Reviewed independent pilot seed retained for canonical expansion.
PASSX_0524,I am trying to understand this: failed passport payment er taka refund pabo kon process e?,PASSPORT,PASSPORT_FEES_AND_PAYMENT,Passport Fees and Payment,PASSPORT_PAYMENT_REFUND,Passport Payment Refund,Medium,Mixed,FALSE,,PARAPHRASED,PASSPORT_PAYMENT_REFUND_F03,Medium,FALSE,Controlled paraphrase 1 of reviewed independent seed; family preserved; automated validation complete.
PASSX_0525,I need guidance on this: failed passport payment er taka refund pabo kon process e?,PASSPORT,PASSPORT_FEES_AND_PAYMENT,Passport Fees and Payment,PASSPORT_PAYMENT_REFUND,Passport Payment Refund,Medium,Mixed,FALSE,,PARAPHRASED,PASSPORT_PAYMENT_REFUND_F03,Medium,FALSE,Controlled paraphrase 2 of reviewed independent seed; family preserved; automated validation complete.
PASSX_0526,passport fee-এর টাকা ফেরত পেতে কী করতে হবে?,PASSPORT,PASSPORT_FEES_AND_PAYMENT,Passport Fees and Payment,PASSPORT_PAYMENT_REFUND,Passport Payment Refund,Medium,Mixed,FALSE,,SYNTHETIC,PASSPORT_PAYMENT_REFUND_F04,Hard,FALSE,Reviewed independent pilot seed retained for canonical expansion.
PASSX_0527,passport fee-এর টাকা ফেরত পেতে কী করতে হবে—নিয়মটা জানাবেন?,PASSPORT,PASSPORT_FEES_AND_PAYMENT,Passport Fees and Payment,PASSPORT_PAYMENT_REFUND,Passport Payment Refund,Medium,Mixed,FALSE,,PARAPHRASED,PASSPORT_PAYMENT_REFUND_F04,Hard,FALSE,Controlled paraphrase 1 of reviewed independent seed; family preserved; automated validation complete.
PASSX_0528,"passport fee-এর টাকা ফেরত পেতে কী করতে হবে, একটু বুঝিয়ে বলবেন?",PASSPORT,PASSPORT_FEES_AND_PAYMENT,Passport Fees and Payment,PASSPORT_PAYMENT_REFUND,Passport Payment Refund,Medium,Mixed,FALSE,,PARAPHRASED,PASSPORT_PAYMENT_REFUND_F04,Hard,FALSE,Controlled paraphrase 2 of reviewed independent seed; family preserved; automated validation complete.
PASSX_0529,ই-পাসপোর্ট ফি পরিশোধের রসিদ কোথা থেকে পাব?,PASSPORT,PASSPORT_FEES_AND_PAYMENT,Passport Fees and Payment,PASSPORT_PAYMENT_RECEIPT,Passport Payment Receipt or Slip,Low,Formal,FALSE,,SYNTHETIC,PASSPORT_PAYMENT_RECEIPT_F01,Easy,FALSE,Reviewed independent pilot seed retained for canonical expansion.
PASSX_0530,আমার ক্ষেত্রে ই-পাসপোর্ট ফি পরিশোধের রসিদ কোথা থেকে পাব?,PASSPORT,PASSPORT_FEES_AND_PAYMENT,Passport Fees and Payment,PASSPORT_PAYMENT_RECEIPT,Passport Payment Receipt or Slip,Low,Formal,FALSE,,PARAPHRASED,PASSPORT_PAYMENT_RECEIPT_F01,Easy,FALSE,Controlled paraphrase 1 of reviewed independent seed; family preserved; automated validation complete.
PASSX_0531,ই-পাসপোর্ট ফি পরিশোধের রসিদ কোথা থেকে পাব; পরের ধাপটা কী?,PASSPORT,PASSPORT_FEES_AND_PAYMENT,Passport Fees and Payment,PASSPORT_PAYMENT_RECEIPT,Passport Payment Receipt or Slip,Low,Formal,FALSE,,PARAPHRASED,PASSPORT_PAYMENT_RECEIPT_F01,Easy,FALSE,Controlled paraphrase 2 of reviewed independent seed; family preserved; automated validation complete.
PASSX_0532,passport payment receipt print করতে চাই।,PASSPORT,PASSPORT_FEES_AND_PAYMENT,Passport Fees and Payment,PASSPORT_PAYMENT_RECEIPT,Passport Payment Receipt or Slip,Low,Informal,FALSE,,SYNTHETIC,PASSPORT_PAYMENT_RECEIPT_F02,Medium,FALSE,Reviewed independent pilot seed retained for canonical expansion.
PASSX_0533,এটা নিয়ে সাহায্য দরকার: passport payment receipt print করতে প্রয়োজন?,PASSPORT,PASSPORT_FEES_AND_PAYMENT,Passport Fees and Payment,PASSPORT_PAYMENT_RECEIPT,Passport Payment Receipt or Slip,Low,Informal,FALSE,,PARAPHRASED,PASSPORT_PAYMENT_RECEIPT_F02,Medium,FALSE,Controlled paraphrase 1 of reviewed independent seed; family preserved; automated validation complete.
PASSX_0534,passport payment receipt print করতে প্রয়োজন?,PASSPORT,PASSPORT_FEES_AND_PAYMENT,Passport Fees and Payment,PASSPORT_PAYMENT_RECEIPT,Passport Payment Receipt or Slip,Low,Informal,FALSE,,PARAPHRASED,PASSPORT_PAYMENT_RECEIPT_F02,Medium,FALSE,Controlled paraphrase 2 of reviewed independent seed; family preserved; automated validation complete.
PASSX_0535,passport fee payment slip kothay pabo?,PASSPORT,PASSPORT_FEES_AND_PAYMENT,Passport Fees and Payment,PASSPORT_PAYMENT_RECEIPT,Passport Payment Receipt or Slip,Low,Mixed,FALSE,,SYNTHETIC,PASSPORT_PAYMENT_RECEIPT_F03,Medium,FALSE,Reviewed independent pilot seed retained for canonical expansion.
PASSX_0536,I am trying to understand this: passport fee payment slip kon jaygay pabo?,PASSPORT,PASSPORT_FEES_AND_PAYMENT,Passport Fees and Payment,PASSPORT_PAYMENT_RECEIPT,Passport Payment Receipt or Slip,Low,Mixed,FALSE,,PARAPHRASED,PASSPORT_PAYMENT_RECEIPT_F03,Medium,FALSE,Controlled paraphrase 1 of reviewed independent seed; family preserved; automated validation complete.
PASSX_0537,I need guidance on this: passport fee payment slip kon jaygay pabo?,PASSPORT,PASSPORT_FEES_AND_PAYMENT,Passport Fees and Payment,PASSPORT_PAYMENT_RECEIPT,Passport Payment Receipt or Slip,Low,Mixed,FALSE,,PARAPHRASED,PASSPORT_PAYMENT_RECEIPT_F03,Medium,FALSE,Controlled paraphrase 2 of reviewed independent seed; family preserved; automated validation complete.
PASSX_0538,passport fee payment-এর receipt বা proof কোথা থেকে পাব?,PASSPORT,PASSPORT_FEES_AND_PAYMENT,Passport Fees and Payment,PASSPORT_PAYMENT_RECEIPT,Passport Payment Receipt or Slip,Low,Mixed,FALSE,,SYNTHETIC,PASSPORT_PAYMENT_RECEIPT_F04,Hard,FALSE,Reviewed independent pilot seed retained for canonical expansion.
PASSX_0539,passport fee payment-এর receipt বা proof কোথা থেকে পাব—নিয়মটা জানাবেন?,PASSPORT,PASSPORT_FEES_AND_PAYMENT,Passport Fees and Payment,PASSPORT_PAYMENT_RECEIPT,Passport Payment Receipt or Slip,Low,Mixed,FALSE,,PARAPHRASED,PASSPORT_PAYMENT_RECEIPT_F04,Hard,FALSE,Controlled paraphrase 1 of reviewed independent seed; family preserved; automated validation complete.
PASSX_0540,"passport fee payment-এর receipt বা proof কোথা থেকে পাব, একটু বুঝিয়ে বলবেন?",PASSPORT,PASSPORT_FEES_AND_PAYMENT,Passport Fees and Payment,PASSPORT_PAYMENT_RECEIPT,Passport Payment Receipt or Slip,Low,Mixed,FALSE,,PARAPHRASED,PASSPORT_PAYMENT_RECEIPT_F04,Hard,FALSE,Controlled paraphrase 2 of reviewed independent seed; family preserved; automated validation complete.
PASSX_0541,রেগুলার ও এক্সপ্রেস পাসপোর্ট সেবার ফি কত?,PASSPORT,PASSPORT_FEES_AND_PAYMENT,Passport Fees and Payment,PASSPORT_FEES_DELIVERY_CATEGORY,Passport Delivery Category Fee,Low,Formal,FALSE,,SYNTHETIC,PASSPORT_FEES_DELIVERY_CATEGORY_F01,Easy,FALSE,Reviewed independent pilot seed retained for canonical expansion.
PASSX_0542,আমার ক্ষেত্রে রেগুলার ও এক্সপ্রেস পাসপোর্ট সেবার ফি কত?,PASSPORT,PASSPORT_FEES_AND_PAYMENT,Passport Fees and Payment,PASSPORT_FEES_DELIVERY_CATEGORY,Passport Delivery Category Fee,Low,Formal,FALSE,,PARAPHRASED,PASSPORT_FEES_DELIVERY_CATEGORY_F01,Easy,FALSE,Controlled paraphrase 1 of reviewed independent seed; family preserved; automated validation complete.
PASSX_0543,রেগুলার ও এক্সপ্রেস পাসপোর্ট সেবার ফি কত; পরের ধাপটা কী?,PASSPORT,PASSPORT_FEES_AND_PAYMENT,Passport Fees and Payment,PASSPORT_FEES_DELIVERY_CATEGORY,Passport Delivery Category Fee,Low,Formal,FALSE,,PARAPHRASED,PASSPORT_FEES_DELIVERY_CATEGORY_F01,Easy,FALSE,Controlled paraphrase 2 of reviewed independent seed; family preserved; automated validation complete.
PASSX_0544,express passport-এর fee কত হয়?,PASSPORT,PASSPORT_FEES_AND_PAYMENT,Passport Fees and Payment,PASSPORT_FEES_DELIVERY_CATEGORY,Passport Delivery Category Fee,Low,Informal,FALSE,,SYNTHETIC,PASSPORT_FEES_DELIVERY_CATEGORY_F02,Medium,FALSE,Reviewed independent pilot seed retained for canonical expansion.
PASSX_0545,এটা নিয়ে সাহায্য দরকার: express passport-এর fee কত হয়?,PASSPORT,PASSPORT_FEES_AND_PAYMENT,Passport Fees and Payment,PASSPORT_FEES_DELIVERY_CATEGORY,Passport Delivery Category Fee,Low,Informal,FALSE,,PARAPHRASED,PASSPORT_FEES_DELIVERY_CATEGORY_F02,Medium,FALSE,Controlled paraphrase 1 of reviewed independent seed; family preserved; automated validation complete.
PASSX_0546,এই বিষয়ে সহায়তা চাই: express passport-এর fee কত হয়?,PASSPORT,PASSPORT_FEES_AND_PAYMENT,Passport Fees and Payment,PASSPORT_FEES_DELIVERY_CATEGORY,Passport Delivery Category Fee,Low,Informal,FALSE,,PARAPHRASED,PASSPORT_FEES_DELIVERY_CATEGORY_F02,Medium,FALSE,Controlled paraphrase 2 of reviewed independent seed; family preserved; automated validation complete.
PASSX_0547,regular ar express passport fee koto?,PASSPORT,PASSPORT_FEES_AND_PAYMENT,Passport Fees and Payment,PASSPORT_FEES_DELIVERY_CATEGORY,Passport Delivery Category Fee,Low,Mixed,FALSE,,SYNTHETIC,PASSPORT_FEES_DELIVERY_CATEGORY_F03,Medium,FALSE,Reviewed independent pilot seed retained for canonical expansion.
PASSX_0548,I am trying to understand this: regular ar express passport fee koto?,PASSPORT,PASSPORT_FEES_AND_PAYMENT,Passport Fees and Payment,PASSPORT_FEES_DELIVERY_CATEGORY,Passport Delivery Category Fee,Low,Mixed,FALSE,,PARAPHRASED,PASSPORT_FEES_DELIVERY_CATEGORY_F03,Medium,FALSE,Controlled paraphrase 1 of reviewed independent seed; family preserved; automated validation complete.
PASSX_0549,I need guidance on this: regular ar express passport fee koto?,PASSPORT,PASSPORT_FEES_AND_PAYMENT,Passport Fees and Payment,PASSPORT_FEES_DELIVERY_CATEGORY,Passport Delivery Category Fee,Low,Mixed,FALSE,,PARAPHRASED,PASSPORT_FEES_DELIVERY_CATEGORY_F03,Medium,FALSE,Controlled paraphrase 2 of reviewed independent seed; family preserved; automated validation complete.
PASSX_0550,passport-এর delivery বা service category অনুযায়ী fee কত?,PASSPORT,PASSPORT_FEES_AND_PAYMENT,Passport Fees and Payment,PASSPORT_FEES_DELIVERY_CATEGORY,Passport Delivery Category Fee,Low,Mixed,FALSE,,SYNTHETIC,PASSPORT_FEES_DELIVERY_CATEGORY_F04,Hard,FALSE,Reviewed independent pilot seed retained for canonical expansion.
PASSX_0551,passport-এর delivery বা service category অনুযায়ী fee কত—নিয়মটা জানাবেন?,PASSPORT,PASSPORT_FEES_AND_PAYMENT,Passport Fees and Payment,PASSPORT_FEES_DELIVERY_CATEGORY,Passport Delivery Category Fee,Low,Mixed,FALSE,,PARAPHRASED,PASSPORT_FEES_DELIVERY_CATEGORY_F04,Hard,FALSE,Controlled paraphrase 1 of reviewed independent seed; family preserved; automated validation complete.
PASSX_0552,"passport-এর delivery বা service category অনুযায়ী fee কত, একটু বুঝিয়ে বলবেন?",PASSPORT,PASSPORT_FEES_AND_PAYMENT,Passport Fees and Payment,PASSPORT_FEES_DELIVERY_CATEGORY,Passport Delivery Category Fee,Low,Mixed,FALSE,,PARAPHRASED,PASSPORT_FEES_DELIVERY_CATEGORY_F04,Hard,FALSE,Controlled paraphrase 2 of reviewed independent seed; family preserved; automated validation complete.
PASSX_0553,আমার ই-পাসপোর্ট আবেদনের বর্তমান অবস্থা কীভাবে যাচাই করব?,PASSPORT,PASSPORT_STATUS_AND_DELIVERY,Passport Application Status and Delivery,PASSPORT_APPLICATION_STATUS,Passport Application Status,Low,Formal,FALSE,,SYNTHETIC,PASSPORT_APPLICATION_STATUS_F01,Easy,FALSE,Reviewed independent pilot seed retained for canonical expansion.
PASSX_0554,আমার ক্ষেত্রে আমার ই-পাসপোর্ট আবেদনের বর্তমান অবস্থা কোন প্রক্রিয়ায় যাচাই করব?,PASSPORT,PASSPORT_STATUS_AND_DELIVERY,Passport Application Status and Delivery,PASSPORT_APPLICATION_STATUS,Passport Application Status,Low,Formal,FALSE,,PARAPHRASED,PASSPORT_APPLICATION_STATUS_F01,Easy,FALSE,Controlled paraphrase 1 of reviewed independent seed; family preserved; automated validation complete.
PASSX_0555,আমার ই-পাসপোর্ট আবেদনের বর্তমান অবস্থা কোন প্রক্রিয়ায় যাচাই করব; পরের ধাপটা কী?,PASSPORT,PASSPORT_STATUS_AND_DELIVERY,Passport Application Status and Delivery,PASSPORT_APPLICATION_STATUS,Passport Application Status,Low,Formal,FALSE,,PARAPHRASED,PASSPORT_APPLICATION_STATUS_F01,Easy,FALSE,Controlled paraphrase 2 of reviewed independent seed; family preserved; automated validation complete.
PASSX_0556,passport application এখন কোন stage-এ আছে দেখব কীভাবে?,PASSPORT,PASSPORT_STATUS_AND_DELIVERY,Passport Application Status and Delivery,PASSPORT_APPLICATION_STATUS,Passport Application Status,Low,Informal,FALSE,,SYNTHETIC,PASSPORT_APPLICATION_STATUS_F02,Medium,FALSE,Reviewed independent pilot seed retained for canonical expansion.
PASSX_0557,এটা নিয়ে সাহায্য দরকার: passport application এখন কোন stage-এ আছে দেখব কোন প্রক্রিয়ায়?,PASSPORT,PASSPORT_STATUS_AND_DELIVERY,Passport Application Status and Delivery,PASSPORT_APPLICATION_STATUS,Passport Application Status,Low,Informal,FALSE,,PARAPHRASED,PASSPORT_APPLICATION_STATUS_F02,Medium,FALSE,Controlled paraphrase 1 of reviewed independent seed; family preserved; automated validation complete.
PASSX_0558,passport application এখন কোন stage-এ আছে দেখব কোন প্রক্রিয়ায়?,PASSPORT,PASSPORT_STATUS_AND_DELIVERY,Passport Application Status and Delivery,PASSPORT_APPLICATION_STATUS,Passport Application Status,Low,Informal,FALSE,,PARAPHRASED,PASSPORT_APPLICATION_STATUS_F02,Medium,FALSE,Controlled paraphrase 2 of reviewed independent seed; family preserved; automated validation complete.
PASSX_0559,passport application er status check korbo kivabe?,PASSPORT,PASSPORT_STATUS_AND_DELIVERY,Passport Application Status and Delivery,PASSPORT_APPLICATION_STATUS,Passport Application Status,Low,Mixed,FALSE,,SYNTHETIC,PASSPORT_APPLICATION_STATUS_F03,Medium,FALSE,Reviewed independent pilot seed retained for canonical expansion.
PASSX_0560,I am trying to understand this: passport application er status check korte hobe kivabe?,PASSPORT,PASSPORT_STATUS_AND_DELIVERY,Passport Application Status and Delivery,PASSPORT_APPLICATION_STATUS,Passport Application Status,Low,Mixed,FALSE,,PARAPHRASED,PASSPORT_APPLICATION_STATUS_F03,Medium,FALSE,Controlled paraphrase 1 of reviewed independent seed; family preserved; automated validation complete.
PASSX_0561,I need guidance on this: passport application er status check korte hobe kivabe?,PASSPORT,PASSPORT_STATUS_AND_DELIVERY,Passport Application Status and Delivery,PASSPORT_APPLICATION_STATUS,Passport Application Status,Low,Mixed,FALSE,,PARAPHRASED,PASSPORT_APPLICATION_STATUS_F03,Medium,FALSE,Controlled paraphrase 2 of reviewed independent seed; family preserved; automated validation complete.
PASSX_0562,আমার passport application এখন কোন stage-এ আছে সেটা কীভাবে জানতে পারব?,PASSPORT,PASSPORT_STATUS_AND_DELIVERY,Passport Application Status and Delivery,PASSPORT_APPLICATION_STATUS,Passport Application Status,Low,Mixed,FALSE,,SYNTHETIC,PASSPORT_APPLICATION_STATUS_F04,Hard,FALSE,Reviewed independent pilot seed retained for canonical expansion.
PASSX_0563,আমার passport application এখন কোন stage-এ আছে সেটা কোন প্রক্রিয়ায় জানতে পারব—নিয়মটা জানাবেন?,PASSPORT,PASSPORT_STATUS_AND_DELIVERY,Passport Application Status and Delivery,PASSPORT_APPLICATION_STATUS,Passport Application Status,Low,Mixed,FALSE,,PARAPHRASED,PASSPORT_APPLICATION_STATUS_F04,Hard,FALSE,Controlled paraphrase 1 of reviewed independent seed; family preserved; automated validation complete.
PASSX_0564,"আমার passport application এখন কোন stage-এ আছে সেটা কোন প্রক্রিয়ায় জানতে পারব, একটু বুঝিয়ে বলবেন?",PASSPORT,PASSPORT_STATUS_AND_DELIVERY,Passport Application Status and Delivery,PASSPORT_APPLICATION_STATUS,Passport Application Status,Low,Mixed,FALSE,,PARAPHRASED,PASSPORT_APPLICATION_STATUS_F04,Hard,FALSE,Controlled paraphrase 2 of reviewed independent seed; family preserved; automated validation complete.
PASSX_0565,আমার ই-পাসপোর্ট আবেদন অস্বাভাবিকভাবে দেরি হচ্ছে; কী করব?,PASSPORT,PASSPORT_STATUS_AND_DELIVERY,Passport Application Status and Delivery,PASSPORT_APPLICATION_DELAY,Passport Application Delay,Medium,Formal,FALSE,,SYNTHETIC,PASSPORT_APPLICATION_DELAY_F01,Easy,FALSE,Reviewed independent pilot seed retained for canonical expansion.
PASSX_0566,আমার ক্ষেত্রে আমার ই-পাসপোর্ট আবেদন অস্বাভাবিকভাবে দেরি হচ্ছে; কী করতে হবে?,PASSPORT,PASSPORT_STATUS_AND_DELIVERY,Passport Application Status and Delivery,PASSPORT_APPLICATION_DELAY,Passport Application Delay,Medium,Formal,FALSE,,PARAPHRASED,PASSPORT_APPLICATION_DELAY_F01,Easy,FALSE,Controlled paraphrase 1 of reviewed independent seed; family preserved; automated validation complete.
PASSX_0567,আমার ই-পাসপোর্ট আবেদন অস্বাভাবিকভাবে দেরি হচ্ছে; কী করতে হবে; পরের ধাপটা কী?,PASSPORT,PASSPORT_STATUS_AND_DELIVERY,Passport Application Status and Delivery,PASSPORT_APPLICATION_DELAY,Passport Application Delay,Medium,Formal,FALSE,,PARAPHRASED,PASSPORT_APPLICATION_DELAY_F01,Easy,FALSE,Controlled paraphrase 2 of reviewed independent seed; family preserved; automated validation complete.
PASSX_0568,passport application অনেকদিন ধরে same stage-এ stuck।,PASSPORT,PASSPORT_STATUS_AND_DELIVERY,Passport Application Status and Delivery,PASSPORT_APPLICATION_DELAY,Passport Application Delay,Medium,Informal,FALSE,,SYNTHETIC,PASSPORT_APPLICATION_DELAY_F02,Medium,FALSE,Reviewed independent pilot seed retained for canonical expansion.
PASSX_0569,এটা নিয়ে সাহায্য দরকার: passport application অনেকদিন ধরে same stage-এ stuck?,PASSPORT,PASSPORT_STATUS_AND_DELIVERY,Passport Application Status and Delivery,PASSPORT_APPLICATION_DELAY,Passport Application Delay,Medium,Informal,FALSE,,PARAPHRASED,PASSPORT_APPLICATION_DELAY_F02,Medium,FALSE,Controlled paraphrase 1 of reviewed independent seed; family preserved; automated validation complete.
PASSX_0570,passport application অনেকদিন ধরে same stage-এ stuck?,PASSPORT,PASSPORT_STATUS_AND_DELIVERY,Passport Application Status and Delivery,PASSPORT_APPLICATION_DELAY,Passport Application Delay,Medium,Informal,FALSE,,PARAPHRASED,PASSPORT_APPLICATION_DELAY_F02,Medium,FALSE,Controlled paraphrase 2 of reviewed independent seed; family preserved; automated validation complete.
PASSX_0571,"amar passport onekdin dhore pending, ki korbo?",PASSPORT,PASSPORT_STATUS_AND_DELIVERY,Passport Application Status and Delivery,PASSPORT_APPLICATION_DELAY,Passport Application Delay,Medium,Mixed,FALSE,,SYNTHETIC,PASSPORT_APPLICATION_DELAY_F03,Medium,FALSE,Reviewed independent pilot seed retained for canonical expansion.
PASSX_0572,"I am trying to understand this: amar passport onekdin dhore pending, ki korte hobe?",PASSPORT,PASSPORT_STATUS_AND_DELIVERY,Passport Application Status and Delivery,PASSPORT_APPLICATION_DELAY,Passport Application Delay,Medium,Mixed,FALSE,,PARAPHRASED,PASSPORT_APPLICATION_DELAY_F03,Medium,FALSE,Controlled paraphrase 1 of reviewed independent seed; family preserved; automated validation complete.
PASSX_0573,"I need guidance on this: amar passport onekdin dhore pending, ki korte hobe?",PASSPORT,PASSPORT_STATUS_AND_DELIVERY,Passport Application Status and Delivery,PASSPORT_APPLICATION_DELAY,Passport Application Delay,Medium,Mixed,FALSE,,PARAPHRASED,PASSPORT_APPLICATION_DELAY_F03,Medium,FALSE,Controlled paraphrase 2 of reviewed independent seed; family preserved; automated validation complete.
PASSX_0574,"passport applicationটা expected সময়ের চেয়েও অনেক বেশি সময় ধরে pending আছে, এখন কী করব?",PASSPORT,PASSPORT_STATUS_AND_DELIVERY,Passport Application Status and Delivery,PASSPORT_APPLICATION_DELAY,Passport Application Delay,Medium,Mixed,FALSE,,SYNTHETIC,PASSPORT_APPLICATION_DELAY_F04,Hard,FALSE,Reviewed independent pilot seed retained for canonical expansion.
PASSX_0575,"passport applicationটা expected সময়ের চেয়েও অনেক বেশি সময় ধরে pending আছে, এখন কী করতে হবে—নিয়মটা জানাবেন?",PASSPORT,PASSPORT_STATUS_AND_DELIVERY,Passport Application Status and Delivery,PASSPORT_APPLICATION_DELAY,Passport Application Delay,Medium,Mixed,FALSE,,PARAPHRASED,PASSPORT_APPLICATION_DELAY_F04,Hard,FALSE,Controlled paraphrase 1 of reviewed independent seed; family preserved; automated validation complete.
PASSX_0576,"passport applicationটা expected সময়ের চেয়েও অনেক বেশি সময় ধরে pending আছে, এখন কী করতে হবে, একটু বুঝিয়ে বলবেন?",PASSPORT,PASSPORT_STATUS_AND_DELIVERY,Passport Application Status and Delivery,PASSPORT_APPLICATION_DELAY,Passport Application Delay,Medium,Mixed,FALSE,,PARAPHRASED,PASSPORT_APPLICATION_DELAY_F04,Hard,FALSE,Controlled paraphrase 2 of reviewed independent seed; family preserved; automated validation complete.
PASSX_0577,সাধারণভাবে ই-পাসপোর্ট প্রক্রিয়াকরণে কত সময় লাগে?,PASSPORT,PASSPORT_STATUS_AND_DELIVERY,Passport Application Status and Delivery,PASSPORT_PROCESSING_TIME,Passport Processing Time,Low,Formal,FALSE,,SYNTHETIC,PASSPORT_PROCESSING_TIME_F01,Easy,FALSE,Reviewed independent pilot seed retained for canonical expansion.
PASSX_0578,আমার ক্ষেত্রে সাধারণভাবে ই-পাসপোর্ট প্রক্রিয়াকরণে কত সময় লাগে?,PASSPORT,PASSPORT_STATUS_AND_DELIVERY,Passport Application Status and Delivery,PASSPORT_PROCESSING_TIME,Passport Processing Time,Low,Formal,FALSE,,PARAPHRASED,PASSPORT_PROCESSING_TIME_F01,Easy,FALSE,Controlled paraphrase 1 of reviewed independent seed; family preserved; automated validation complete.
PASSX_0579,সাধারণভাবে ই-পাসপোর্ট প্রক্রিয়াকরণে কত সময় লাগে; পরের ধাপটা কী?,PASSPORT,PASSPORT_STATUS_AND_DELIVERY,Passport Application Status and Delivery,PASSPORT_PROCESSING_TIME,Passport Processing Time,Low,Formal,FALSE,,PARAPHRASED,PASSPORT_PROCESSING_TIME_F01,Easy,FALSE,Controlled paraphrase 2 of reviewed independent seed; family preserved; automated validation complete.
PASSX_0580,passport হতে normally কতদিন লাগে?,PASSPORT,PASSPORT_STATUS_AND_DELIVERY,Passport Application Status and Delivery,PASSPORT_PROCESSING_TIME,Passport Processing Time,Low,Informal,FALSE,,SYNTHETIC,PASSPORT_PROCESSING_TIME_F02,Medium,FALSE,Reviewed independent pilot seed retained for canonical expansion.
PASSX_0581,এটা নিয়ে সাহায্য দরকার: passport হতে normally কতদিন লাগে?,PASSPORT,PASSPORT_STATUS_AND_DELIVERY,Passport Application Status and Delivery,PASSPORT_PROCESSING_TIME,Passport Processing Time,Low,Informal,FALSE,,PARAPHRASED,PASSPORT_PROCESSING_TIME_F02,Medium,FALSE,Controlled paraphrase 1 of reviewed independent seed; family preserved; automated validation complete.
PASSX_0582,এই বিষয়ে সহায়তা চাই: passport হতে normally কতদিন লাগে?,PASSPORT,PASSPORT_STATUS_AND_DELIVERY,Passport Application Status and Delivery,PASSPORT_PROCESSING_TIME,Passport Processing Time,Low,Informal,FALSE,,PARAPHRASED,PASSPORT_PROCESSING_TIME_F02,Medium,FALSE,Controlled paraphrase 2 of reviewed independent seed; family preserved; automated validation complete.
PASSX_0583,passport processing time normally koto?,PASSPORT,PASSPORT_STATUS_AND_DELIVERY,Passport Application Status and Delivery,PASSPORT_PROCESSING_TIME,Passport Processing Time,Low,Mixed,FALSE,,SYNTHETIC,PASSPORT_PROCESSING_TIME_F03,Medium,FALSE,Reviewed independent pilot seed retained for canonical expansion.
PASSX_0584,I am trying to understand this: passport processing time normally koto?,PASSPORT,PASSPORT_STATUS_AND_DELIVERY,Passport Application Status and Delivery,PASSPORT_PROCESSING_TIME,Passport Processing Time,Low,Mixed,FALSE,,PARAPHRASED,PASSPORT_PROCESSING_TIME_F03,Medium,FALSE,Controlled paraphrase 1 of reviewed independent seed; family preserved; automated validation complete.
PASSX_0585,I need guidance on this: passport processing time normally koto?,PASSPORT,PASSPORT_STATUS_AND_DELIVERY,Passport Application Status and Delivery,PASSPORT_PROCESSING_TIME,Passport Processing Time,Low,Mixed,FALSE,,PARAPHRASED,PASSPORT_PROCESSING_TIME_F03,Medium,FALSE,Controlled paraphrase 2 of reviewed independent seed; family preserved; automated validation complete.
PASSX_0586,সাধারণভাবে passport process হতে কত সময় লাগে?,PASSPORT,PASSPORT_STATUS_AND_DELIVERY,Passport Application Status and Delivery,PASSPORT_PROCESSING_TIME,Passport Processing Time,Low,Mixed,FALSE,,SYNTHETIC,PASSPORT_PROCESSING_TIME_F04,Hard,FALSE,Reviewed independent pilot seed retained for canonical expansion.
PASSX_0587,সাধারণভাবে passport process হতে কত সময় লাগে—নিয়মটা জানাবেন?,PASSPORT,PASSPORT_STATUS_AND_DELIVERY,Passport Application Status and Delivery,PASSPORT_PROCESSING_TIME,Passport Processing Time,Low,Mixed,FALSE,,PARAPHRASED,PASSPORT_PROCESSING_TIME_F04,Hard,FALSE,Controlled paraphrase 1 of reviewed independent seed; family preserved; automated validation complete.
PASSX_0588,"সাধারণভাবে passport process হতে কত সময় লাগে, একটু বুঝিয়ে বলবেন?",PASSPORT,PASSPORT_STATUS_AND_DELIVERY,Passport Application Status and Delivery,PASSPORT_PROCESSING_TIME,Passport Processing Time,Low,Mixed,FALSE,,PARAPHRASED,PASSPORT_PROCESSING_TIME_F04,Hard,FALSE,Controlled paraphrase 2 of reviewed independent seed; family preserved; automated validation complete.
PASSX_0589,"রেগুলার, এক্সপ্রেস ও অন্যান্য পাসপোর্ট processing category-এর পার্থক্য কী?",PASSPORT,PASSPORT_STATUS_AND_DELIVERY,Passport Application Status and Delivery,PASSPORT_DELIVERY_CATEGORY,Passport Delivery or Processing Category,Low,Formal,FALSE,,SYNTHETIC,PASSPORT_DELIVERY_CATEGORY_F01,Easy,FALSE,Reviewed independent pilot seed retained for canonical expansion.
PASSX_0590,"আমার ক্ষেত্রে রেগুলার, এক্সপ্রেস ও অন্যান্য পাসপোর্ট processing category-এর পার্থক্য কী?",PASSPORT,PASSPORT_STATUS_AND_DELIVERY,Passport Application Status and Delivery,PASSPORT_DELIVERY_CATEGORY,Passport Delivery or Processing Category,Low,Formal,FALSE,,PARAPHRASED,PASSPORT_DELIVERY_CATEGORY_F01,Easy,FALSE,Controlled paraphrase 1 of reviewed independent seed; family preserved; automated validation complete.
PASSX_0591,"রেগুলার, এক্সপ্রেস ও অন্যান্য পাসপোর্ট processing category-এর পার্থক্য কী; পরের ধাপটা কী?",PASSPORT,PASSPORT_STATUS_AND_DELIVERY,Passport Application Status and Delivery,PASSPORT_DELIVERY_CATEGORY,Passport Delivery or Processing Category,Low,Formal,FALSE,,PARAPHRASED,PASSPORT_DELIVERY_CATEGORY_F01,Easy,FALSE,Controlled paraphrase 2 of reviewed independent seed; family preserved; automated validation complete.
PASSX_0592,passport-এর regular আর express service কীভাবে আলাদা?,PASSPORT,PASSPORT_STATUS_AND_DELIVERY,Passport Application Status and Delivery,PASSPORT_DELIVERY_CATEGORY,Passport Delivery or Processing Category,Low,Informal,FALSE,,SYNTHETIC,PASSPORT_DELIVERY_CATEGORY_F02,Medium,FALSE,Reviewed independent pilot seed retained for canonical expansion.
PASSX_0593,এটা নিয়ে সাহায্য দরকার: passport-এর regular আর express service কোন প্রক্রিয়ায় আলাদা?,PASSPORT,PASSPORT_STATUS_AND_DELIVERY,Passport Application Status and Delivery,PASSPORT_DELIVERY_CATEGORY,Passport Delivery or Processing Category,Low,Informal,FALSE,,PARAPHRASED,PASSPORT_DELIVERY_CATEGORY_F02,Medium,FALSE,Controlled paraphrase 1 of reviewed independent seed; family preserved; automated validation complete.
PASSX_0594,passport-এর regular আর express service কোন প্রক্রিয়ায় আলাদা?,PASSPORT,PASSPORT_STATUS_AND_DELIVERY,Passport Application Status and Delivery,PASSPORT_DELIVERY_CATEGORY,Passport Delivery or Processing Category,Low,Informal,FALSE,,PARAPHRASED,PASSPORT_DELIVERY_CATEGORY_F02,Medium,FALSE,Controlled paraphrase 2 of reviewed independent seed; family preserved; automated validation complete.
PASSX_0595,passport delivery category gulo ki ki?,PASSPORT,PASSPORT_STATUS_AND_DELIVERY,Passport Application Status and Delivery,PASSPORT_DELIVERY_CATEGORY,Passport Delivery or Processing Category,Low,Mixed,FALSE,,SYNTHETIC,PASSPORT_DELIVERY_CATEGORY_F03,Medium,FALSE,Reviewed independent pilot seed retained for canonical expansion.
PASSX_0596,I am trying to understand this: passport delivery category gulo kon kon jinis?,PASSPORT,PASSPORT_STATUS_AND_DELIVERY,Passport Application Status and Delivery,PASSPORT_DELIVERY_CATEGORY,Passport Delivery or Processing Category,Low,Mixed,FALSE,,PARAPHRASED,PASSPORT_DELIVERY_CATEGORY_F03,Medium,FALSE,Controlled paraphrase 1 of reviewed independent seed; family preserved; automated validation complete.
PASSX_0597,I need guidance on this: passport delivery category gulo kon kon jinis?,PASSPORT,PASSPORT_STATUS_AND_DELIVERY,Passport Application Status and Delivery,PASSPORT_DELIVERY_CATEGORY,Passport Delivery or Processing Category,Low,Mixed,FALSE,,PARAPHRASED,PASSPORT_DELIVERY_CATEGORY_F03,Medium,FALSE,Controlled paraphrase 2 of reviewed independent seed; family preserved; automated validation complete.
PASSX_0598,passport-এর different delivery বা processing category-এর মধ্যে কী পার্থক্য আছে?,PASSPORT,PASSPORT_STATUS_AND_DELIVERY,Passport Application Status and Delivery,PASSPORT_DELIVERY_CATEGORY,Passport Delivery or Processing Category,Low,Mixed,FALSE,,SYNTHETIC,PASSPORT_DELIVERY_CATEGORY_F04,Hard,FALSE,Reviewed independent pilot seed retained for canonical expansion.
PASSX_0599,passport-এর different delivery বা processing category-এর মধ্যে কী পার্থক্য আছে—নিয়মটা জানাবেন?,PASSPORT,PASSPORT_STATUS_AND_DELIVERY,Passport Application Status and Delivery,PASSPORT_DELIVERY_CATEGORY,Passport Delivery or Processing Category,Low,Mixed,FALSE,,PARAPHRASED,PASSPORT_DELIVERY_CATEGORY_F04,Hard,FALSE,Controlled paraphrase 1 of reviewed independent seed; family preserved; automated validation complete.
PASSX_0600,"passport-এর different delivery বা processing category-এর মধ্যে কী পার্থক্য আছে, একটু বুঝিয়ে বলবেন?",PASSPORT,PASSPORT_STATUS_AND_DELIVERY,Passport Application Status and Delivery,PASSPORT_DELIVERY_CATEGORY,Passport Delivery or Processing Category,Low,Mixed,FALSE,,PARAPHRASED,PASSPORT_DELIVERY_CATEGORY_F04,Hard,FALSE,Controlled paraphrase 2 of reviewed independent seed; family preserved; automated validation complete.
PASSX_0601,আমার পাসপোর্ট সংগ্রহের জন্য প্রস্তুত হয়েছে কি না কীভাবে জানব?,PASSPORT,PASSPORT_STATUS_AND_DELIVERY,Passport Application Status and Delivery,PASSPORT_READY_FOR_COLLECTION,Passport Ready for Collection,Low,Formal,FALSE,,SYNTHETIC,PASSPORT_READY_FOR_COLLECTION_F01,Easy,FALSE,Reviewed independent pilot seed retained for canonical expansion.
PASSX_0602,আমার ক্ষেত্রে আমার পাসপোর্ট সংগ্রহের জন্য প্রস্তুত হয়েছে কি না কোন প্রক্রিয়ায় জানব?,PASSPORT,PASSPORT_STATUS_AND_DELIVERY,Passport Application Status and Delivery,PASSPORT_READY_FOR_COLLECTION,Passport Ready for Collection,Low,Formal,FALSE,,PARAPHRASED,PASSPORT_READY_FOR_COLLECTION_F01,Easy,FALSE,Controlled paraphrase 1 of reviewed independent seed; family preserved; automated validation complete.
PASSX_0603,আমার পাসপোর্ট সংগ্রহের জন্য প্রস্তুত হয়েছে কি না কোন প্রক্রিয়ায় জানব; পরের ধাপটা কী?,PASSPORT,PASSPORT_STATUS_AND_DELIVERY,Passport Application Status and Delivery,PASSPORT_READY_FOR_COLLECTION,Passport Ready for Collection,Low,Formal,FALSE,,PARAPHRASED,PASSPORT_READY_FOR_COLLECTION_F01,Easy,FALSE,Controlled paraphrase 2 of reviewed independent seed; family preserved; automated validation complete.
PASSX_0604,passport ready for collection হয়েছে কিনা কোথায় check করব?,PASSPORT,PASSPORT_STATUS_AND_DELIVERY,Passport Application Status and Delivery,PASSPORT_READY_FOR_COLLECTION,Passport Ready for Collection,Low,Informal,FALSE,,SYNTHETIC,PASSPORT_READY_FOR_COLLECTION_F02,Medium,FALSE,Reviewed independent pilot seed retained for canonical expansion.
PASSX_0605,এটা নিয়ে সাহায্য দরকার: passport ready for collection হয়েছে কিনা কোথায় check করতে হবে?,PASSPORT,PASSPORT_STATUS_AND_DELIVERY,Passport Application Status and Delivery,PASSPORT_READY_FOR_COLLECTION,Passport Ready for Collection,Low,Informal,FALSE,,PARAPHRASED,PASSPORT_READY_FOR_COLLECTION_F02,Medium,FALSE,Controlled paraphrase 1 of reviewed independent seed; family preserved; automated validation complete.
PASSX_0606,passport ready for collection হয়েছে কিনা কোথায় check করতে হবে?,PASSPORT,PASSPORT_STATUS_AND_DELIVERY,Passport Application Status and Delivery,PASSPORT_READY_FOR_COLLECTION,Passport Ready for Collection,Low,Informal,FALSE,,PARAPHRASED,PASSPORT_READY_FOR_COLLECTION_F02,Medium,FALSE,Controlled paraphrase 2 of reviewed independent seed; family preserved; automated validation complete.
PASSX_0607,amar passport collect korar jonno ready hoise kina kivabe janbo?,PASSPORT,PASSPORT_STATUS_AND_DELIVERY,Passport Application Status and Delivery,PASSPORT_READY_FOR_COLLECTION,Passport Ready for Collection,Low,Mixed,FALSE,,SYNTHETIC,PASSPORT_READY_FOR_COLLECTION_F03,Medium,FALSE,Reviewed independent pilot seed retained for canonical expansion.
PASSX_0608,I am trying to understand this: amar passport collect korar jonno ready hoise kina kon process e janbo?,PASSPORT,PASSPORT_STATUS_AND_DELIVERY,Passport Application Status and Delivery,PASSPORT_READY_FOR_COLLECTION,Passport Ready for Collection,Low,Mixed,FALSE,,PARAPHRASED,PASSPORT_READY_FOR_COLLECTION_F03,Medium,FALSE,Controlled paraphrase 1 of reviewed independent seed; family preserved; automated validation complete.
PASSX_0609,I need guidance on this: amar passport collect korar jonno ready hoise kina kon process e janbo?,PASSPORT,PASSPORT_STATUS_AND_DELIVERY,Passport Application Status and Delivery,PASSPORT_READY_FOR_COLLECTION,Passport Ready for Collection,Low,Mixed,FALSE,,PARAPHRASED,PASSPORT_READY_FOR_COLLECTION_F03,Medium,FALSE,Controlled paraphrase 2 of reviewed independent seed; family preserved; automated validation complete.
PASSX_0610,আমার passport collection-এর জন্য ready হয়েছে কিনা কীভাবে জানব?,PASSPORT,PASSPORT_STATUS_AND_DELIVERY,Passport Application Status and Delivery,PASSPORT_READY_FOR_COLLECTION,Passport Ready for Collection,Low,Mixed,FALSE,,SYNTHETIC,PASSPORT_READY_FOR_COLLECTION_F04,Hard,FALSE,Reviewed independent pilot seed retained for canonical expansion.
PASSX_0611,আমার passport collection-এর জন্য ready হয়েছে কিনা কোন প্রক্রিয়ায় জানব—নিয়মটা জানাবেন?,PASSPORT,PASSPORT_STATUS_AND_DELIVERY,Passport Application Status and Delivery,PASSPORT_READY_FOR_COLLECTION,Passport Ready for Collection,Low,Mixed,FALSE,,PARAPHRASED,PASSPORT_READY_FOR_COLLECTION_F04,Hard,FALSE,Controlled paraphrase 1 of reviewed independent seed; family preserved; automated validation complete.
PASSX_0612,"আমার passport collection-এর জন্য ready হয়েছে কিনা কোন প্রক্রিয়ায় জানব, একটু বুঝিয়ে বলবেন?",PASSPORT,PASSPORT_STATUS_AND_DELIVERY,Passport Application Status and Delivery,PASSPORT_READY_FOR_COLLECTION,Passport Ready for Collection,Low,Mixed,FALSE,,PARAPHRASED,PASSPORT_READY_FOR_COLLECTION_F04,Hard,FALSE,Controlled paraphrase 2 of reviewed independent seed; family preserved; automated validation complete.
PASSX_0613,প্রস্তুত হওয়া পাসপোর্ট কীভাবে সংগ্রহ করব?,PASSPORT,PASSPORT_STATUS_AND_DELIVERY,Passport Application Status and Delivery,PASSPORT_COLLECTION,Passport Collection,Low,Formal,FALSE,,SYNTHETIC,PASSPORT_COLLECTION_F01,Easy,FALSE,Reviewed independent pilot seed retained for canonical expansion.
PASSX_0614,আমার ক্ষেত্রে প্রস্তুত হওয়া পাসপোর্ট কোন প্রক্রিয়ায় সংগ্রহ করব?,PASSPORT,PASSPORT_STATUS_AND_DELIVERY,Passport Application Status and Delivery,PASSPORT_COLLECTION,Passport Collection,Low,Formal,FALSE,,PARAPHRASED,PASSPORT_COLLECTION_F01,Easy,FALSE,Controlled paraphrase 1 of reviewed independent seed; family preserved; automated validation complete.
PASSX_0615,প্রস্তুত হওয়া পাসপোর্ট কোন প্রক্রিয়ায় সংগ্রহ করব; পরের ধাপটা কী?,PASSPORT,PASSPORT_STATUS_AND_DELIVERY,Passport Application Status and Delivery,PASSPORT_COLLECTION,Passport Collection,Low,Formal,FALSE,,PARAPHRASED,PASSPORT_COLLECTION_F01,Easy,FALSE,Controlled paraphrase 2 of reviewed independent seed; family preserved; automated validation complete.
PASSX_0616,"passport ready হয়েছে, এখন কোথা থেকে collect করব?",PASSPORT,PASSPORT_STATUS_AND_DELIVERY,Passport Application Status and Delivery,PASSPORT_COLLECTION,Passport Collection,Low,Informal,FALSE,,SYNTHETIC,PASSPORT_COLLECTION_F02,Medium,FALSE,Reviewed independent pilot seed retained for canonical expansion.
PASSX_0617,"এটা নিয়ে সাহায্য দরকার: passport ready হয়েছে, এখন কোথা থেকে collect করতে হবে?",PASSPORT,PASSPORT_STATUS_AND_DELIVERY,Passport Application Status and Delivery,PASSPORT_COLLECTION,Passport Collection,Low,Informal,FALSE,,PARAPHRASED,PASSPORT_COLLECTION_F02,Medium,FALSE,Controlled paraphrase 1 of reviewed independent seed; family preserved; automated validation complete.
PASSX_0618,"passport ready হয়েছে, এখন কোথা থেকে collect করতে হবে?",PASSPORT,PASSPORT_STATUS_AND_DELIVERY,Passport Application Status and Delivery,PASSPORT_COLLECTION,Passport Collection,Low,Informal,FALSE,,PARAPHRASED,PASSPORT_COLLECTION_F02,Medium,FALSE,Controlled paraphrase 2 of reviewed independent seed; family preserved; automated validation complete.
PASSX_0619,ready passport collect korar process ki?,PASSPORT,PASSPORT_STATUS_AND_DELIVERY,Passport Application Status and Delivery,PASSPORT_COLLECTION,Passport Collection,Low,Mixed,FALSE,,SYNTHETIC,PASSPORT_COLLECTION_F03,Medium,FALSE,Reviewed independent pilot seed retained for canonical expansion.
PASSX_0620,I am trying to understand this: ready passport collect korar process ki?,PASSPORT,PASSPORT_STATUS_AND_DELIVERY,Passport Application Status and Delivery,PASSPORT_COLLECTION,Passport Collection,Low,Mixed,FALSE,,PARAPHRASED,PASSPORT_COLLECTION_F03,Medium,FALSE,Controlled paraphrase 1 of reviewed independent seed; family preserved; automated validation complete.
PASSX_0621,I need guidance on this: ready passport collect korar process ki?,PASSPORT,PASSPORT_STATUS_AND_DELIVERY,Passport Application Status and Delivery,PASSPORT_COLLECTION,Passport Collection,Low,Mixed,FALSE,,PARAPHRASED,PASSPORT_COLLECTION_F03,Medium,FALSE,Controlled paraphrase 2 of reviewed independent seed; family preserved; automated validation complete.
PASSX_0622,passport ready হওয়ার পর সেটা collect করার process কী?,PASSPORT,PASSPORT_STATUS_AND_DELIVERY,Passport Application Status and Delivery,PASSPORT_COLLECTION,Passport Collection,Low,Mixed,FALSE,,SYNTHETIC,PASSPORT_COLLECTION_F04,Hard,FALSE,Reviewed independent pilot seed retained for canonical expansion.
PASSX_0623,passport ready হওয়ার পর সেটা collect করার process কী—নিয়মটা জানাবেন?,PASSPORT,PASSPORT_STATUS_AND_DELIVERY,Passport Application Status and Delivery,PASSPORT_COLLECTION,Passport Collection,Low,Mixed,FALSE,,PARAPHRASED,PASSPORT_COLLECTION_F04,Hard,FALSE,Controlled paraphrase 1 of reviewed independent seed; family preserved; automated validation complete.
PASSX_0624,"passport ready হওয়ার পর সেটা collect করার process কী, একটু বুঝিয়ে বলবেন?",PASSPORT,PASSPORT_STATUS_AND_DELIVERY,Passport Application Status and Delivery,PASSPORT_COLLECTION,Passport Collection,Low,Mixed,FALSE,,PARAPHRASED,PASSPORT_COLLECTION_F04,Hard,FALSE,Controlled paraphrase 2 of reviewed independent seed; family preserved; automated validation complete.
PASSX_0625,পাসপোর্ট সংগ্রহের delivery slip হারিয়ে ফেলেছি; কী করব?,PASSPORT,PASSPORT_STATUS_AND_DELIVERY,Passport Application Status and Delivery,PASSPORT_DELIVERY_SLIP_LOST,Lost Passport Delivery Slip,Medium,Formal,FALSE,,SYNTHETIC,PASSPORT_DELIVERY_SLIP_LOST_F01,Easy,FALSE,Reviewed independent pilot seed retained for canonical expansion.
PASSX_0626,আমার ক্ষেত্রে পাসপোর্ট সংগ্রহের delivery slip হারিয়ে ফেলেছি; কী করতে হবে?,PASSPORT,PASSPORT_STATUS_AND_DELIVERY,Passport Application Status and Delivery,PASSPORT_DELIVERY_SLIP_LOST,Lost Passport Delivery Slip,Medium,Formal,FALSE,,PARAPHRASED,PASSPORT_DELIVERY_SLIP_LOST_F01,Easy,FALSE,Controlled paraphrase 1 of reviewed independent seed; family preserved; automated validation complete.
PASSX_0627,পাসপোর্ট সংগ্রহের delivery slip হারিয়ে ফেলেছি; কী করতে হবে; পরের ধাপটা কী?,PASSPORT,PASSPORT_STATUS_AND_DELIVERY,Passport Application Status and Delivery,PASSPORT_DELIVERY_SLIP_LOST,Lost Passport Delivery Slip,Medium,Formal,FALSE,,PARAPHRASED,PASSPORT_DELIVERY_SLIP_LOST_F01,Easy,FALSE,Controlled paraphrase 2 of reviewed independent seed; family preserved; automated validation complete.
PASSX_0628,passport ready কিন্তু collection slip খুঁজে পাচ্ছি না।,PASSPORT,PASSPORT_STATUS_AND_DELIVERY,Passport Application Status and Delivery,PASSPORT_DELIVERY_SLIP_LOST,Lost Passport Delivery Slip,Medium,Informal,FALSE,,SYNTHETIC,PASSPORT_DELIVERY_SLIP_LOST_F02,Medium,FALSE,Reviewed independent pilot seed retained for canonical expansion.
PASSX_0629,এটা নিয়ে সাহায্য দরকার: passport ready কিন্তু collection slip খুঁজে পাচ্ছি না?,PASSPORT,PASSPORT_STATUS_AND_DELIVERY,Passport Application Status and Delivery,PASSPORT_DELIVERY_SLIP_LOST,Lost Passport Delivery Slip,Medium,Informal,FALSE,,PARAPHRASED,PASSPORT_DELIVERY_SLIP_LOST_F02,Medium,FALSE,Controlled paraphrase 1 of reviewed independent seed; family preserved; automated validation complete.
PASSX_0630,passport ready কিন্তু collection slip খুঁজে পাচ্ছি না?,PASSPORT,PASSPORT_STATUS_AND_DELIVERY,Passport Application Status and Delivery,PASSPORT_DELIVERY_SLIP_LOST,Lost Passport Delivery Slip,Medium,Informal,FALSE,,PARAPHRASED,PASSPORT_DELIVERY_SLIP_LOST_F02,Medium,FALSE,Controlled paraphrase 2 of reviewed independent seed; family preserved; automated validation complete.
PASSX_0631,"passport delivery slip hariye geche, collect korbo kivabe?",PASSPORT,PASSPORT_STATUS_AND_DELIVERY,Passport Application Status and Delivery,PASSPORT_DELIVERY_SLIP_LOST,Lost Passport Delivery Slip,Medium,Mixed,FALSE,,SYNTHETIC,PASSPORT_DELIVERY_SLIP_LOST_F03,Medium,FALSE,Reviewed independent pilot seed retained for canonical expansion.
PASSX_0632,"I am trying to understand this: passport delivery slip hariye geche, collect korbo kon process e?",PASSPORT,PASSPORT_STATUS_AND_DELIVERY,Passport Application Status and Delivery,PASSPORT_DELIVERY_SLIP_LOST,Lost Passport Delivery Slip,Medium,Mixed,FALSE,,PARAPHRASED,PASSPORT_DELIVERY_SLIP_LOST_F03,Medium,FALSE,Controlled paraphrase 1 of reviewed independent seed; family preserved; automated validation complete.
PASSX_0633,"I need guidance on this: passport delivery slip hariye geche, collect korbo kon process e?",PASSPORT,PASSPORT_STATUS_AND_DELIVERY,Passport Application Status and Delivery,PASSPORT_DELIVERY_SLIP_LOST,Lost Passport Delivery Slip,Medium,Mixed,FALSE,,PARAPHRASED,PASSPORT_DELIVERY_SLIP_LOST_F03,Medium,FALSE,Controlled paraphrase 2 of reviewed independent seed; family preserved; automated validation complete.
PASSX_0634,"passport collect করার delivery slipটা হারিয়ে ফেলেছি, এখন কী করব?",PASSPORT,PASSPORT_STATUS_AND_DELIVERY,Passport Application Status and Delivery,PASSPORT_DELIVERY_SLIP_LOST,Lost Passport Delivery Slip,Medium,Mixed,FALSE,,SYNTHETIC,PASSPORT_DELIVERY_SLIP_LOST_F04,Hard,FALSE,Reviewed independent pilot seed retained for canonical expansion.
PASSX_0635,"passport collect করার delivery slipটা হারিয়ে ফেলেছি, এখন কী করতে হবে—নিয়মটা জানাবেন?",PASSPORT,PASSPORT_STATUS_AND_DELIVERY,Passport Application Status and Delivery,PASSPORT_DELIVERY_SLIP_LOST,Lost Passport Delivery Slip,Medium,Mixed,FALSE,,PARAPHRASED,PASSPORT_DELIVERY_SLIP_LOST_F04,Hard,FALSE,Controlled paraphrase 1 of reviewed independent seed; family preserved; automated validation complete.
PASSX_0636,"passport collect করার delivery slipটা হারিয়ে ফেলেছি, এখন কী করতে হবে, একটু বুঝিয়ে বলবেন?",PASSPORT,PASSPORT_STATUS_AND_DELIVERY,Passport Application Status and Delivery,PASSPORT_DELIVERY_SLIP_LOST,Lost Passport Delivery Slip,Medium,Mixed,FALSE,,PARAPHRASED,PASSPORT_DELIVERY_SLIP_LOST_F04,Hard,FALSE,Controlled paraphrase 2 of reviewed independent seed; family preserved; automated validation complete.
PASSX_0637,ই-পাসপোর্ট কী এবং এটি সাধারণ পাসপোর্ট থেকে কীভাবে আলাদা?,PASSPORT,PASSPORT_GENERAL_INFORMATION,General Passport Information,PASSPORT_GENERAL_EPASSPORT_INFORMATION,General e-Passport Information,Low,Formal,FALSE,,SYNTHETIC,PASSPORT_GENERAL_EPASSPORT_INFORMATION_F01,Easy,FALSE,Reviewed independent pilot seed retained for canonical expansion.
PASSX_0638,আমার ক্ষেত্রে ই-পাসপোর্ট কী এবং এটি সাধারণ পাসপোর্ট থেকে কোন প্রক্রিয়ায় আলাদা?,PASSPORT,PASSPORT_GENERAL_INFORMATION,General Passport Information,PASSPORT_GENERAL_EPASSPORT_INFORMATION,General e-Passport Information,Low,Formal,FALSE,,PARAPHRASED,PASSPORT_GENERAL_EPASSPORT_INFORMATION_F01,Easy,FALSE,Controlled paraphrase 1 of reviewed independent seed; family preserved; automated validation complete.
PASSX_0639,ই-পাসপোর্ট কী এবং এটি সাধারণ পাসপোর্ট থেকে কোন প্রক্রিয়ায় আলাদা; পরের ধাপটা কী?,PASSPORT,PASSPORT_GENERAL_INFORMATION,General Passport Information,PASSPORT_GENERAL_EPASSPORT_INFORMATION,General e-Passport Information,Low,Formal,FALSE,,PARAPHRASED,PASSPORT_GENERAL_EPASSPORT_INFORMATION_F01,Easy,FALSE,Controlled paraphrase 2 of reviewed independent seed; family preserved; automated validation complete.
PASSX_0640,e-passport আসলে কী জিনিস?,PASSPORT,PASSPORT_GENERAL_INFORMATION,General Passport Information,PASSPORT_GENERAL_EPASSPORT_INFORMATION,General e-Passport Information,Low,Informal,FALSE,,SYNTHETIC,PASSPORT_GENERAL_EPASSPORT_INFORMATION_F02,Medium,FALSE,Reviewed independent pilot seed retained for canonical expansion.
PASSX_0641,এটা নিয়ে সাহায্য দরকার: e-passport আসলে কী জিনিস?,PASSPORT,PASSPORT_GENERAL_INFORMATION,General Passport Information,PASSPORT_GENERAL_EPASSPORT_INFORMATION,General e-Passport Information,Low,Informal,FALSE,,PARAPHRASED,PASSPORT_GENERAL_EPASSPORT_INFORMATION_F02,Medium,FALSE,Controlled paraphrase 1 of reviewed independent seed; family preserved; automated validation complete.
PASSX_0642,এই বিষয়ে সহায়তা চাই: e-passport আসলে কী জিনিস?,PASSPORT,PASSPORT_GENERAL_INFORMATION,General Passport Information,PASSPORT_GENERAL_EPASSPORT_INFORMATION,General e-Passport Information,Low,Informal,FALSE,,PARAPHRASED,PASSPORT_GENERAL_EPASSPORT_INFORMATION_F02,Medium,FALSE,Controlled paraphrase 2 of reviewed independent seed; family preserved; automated validation complete.
PASSX_0643,Bangladesh e-passport somporke general information chai.,PASSPORT,PASSPORT_GENERAL_INFORMATION,General Passport Information,PASSPORT_GENERAL_EPASSPORT_INFORMATION,General e-Passport Information,Low,Mixed,FALSE,,SYNTHETIC,PASSPORT_GENERAL_EPASSPORT_INFORMATION_F03,Medium,FALSE,Reviewed independent pilot seed retained for canonical expansion.
PASSX_0644,I am trying to understand this: Bangladesh e-passport somporke general information chai?,PASSPORT,PASSPORT_GENERAL_INFORMATION,General Passport Information,PASSPORT_GENERAL_EPASSPORT_INFORMATION,General e-Passport Information,Low,Mixed,FALSE,,PARAPHRASED,PASSPORT_GENERAL_EPASSPORT_INFORMATION_F03,Medium,FALSE,Controlled paraphrase 1 of reviewed independent seed; family preserved; automated validation complete.
PASSX_0645,I need guidance on this: Bangladesh e-passport somporke general information chai?,PASSPORT,PASSPORT_GENERAL_INFORMATION,General Passport Information,PASSPORT_GENERAL_EPASSPORT_INFORMATION,General e-Passport Information,Low,Mixed,FALSE,,PARAPHRASED,PASSPORT_GENERAL_EPASSPORT_INFORMATION_F03,Medium,FALSE,Controlled paraphrase 2 of reviewed independent seed; family preserved; automated validation complete.
PASSX_0646,"e-Passport আসলে কী ধরনের passport, একটু বুঝিয়ে বলবেন?",PASSPORT,PASSPORT_GENERAL_INFORMATION,General Passport Information,PASSPORT_GENERAL_EPASSPORT_INFORMATION,General e-Passport Information,Low,Mixed,FALSE,,SYNTHETIC,PASSPORT_GENERAL_EPASSPORT_INFORMATION_F04,Hard,FALSE,Reviewed independent pilot seed retained for canonical expansion.
PASSX_0647,"e-Passport আসলে কী ধরনের passport, একটু বুঝিয়ে বলবেন—নিয়মটা জানাবেন?",PASSPORT,PASSPORT_GENERAL_INFORMATION,General Passport Information,PASSPORT_GENERAL_EPASSPORT_INFORMATION,General e-Passport Information,Low,Mixed,FALSE,,PARAPHRASED,PASSPORT_GENERAL_EPASSPORT_INFORMATION_F04,Hard,FALSE,Controlled paraphrase 1 of reviewed independent seed; family preserved; automated validation complete.
PASSX_0648,"e-Passport আসলে কী ধরনের passport, একটু বুঝিয়ে বলবেন, একটু বুঝিয়ে বলবেন?",PASSPORT,PASSPORT_GENERAL_INFORMATION,General Passport Information,PASSPORT_GENERAL_EPASSPORT_INFORMATION,General e-Passport Information,Low,Mixed,FALSE,,PARAPHRASED,PASSPORT_GENERAL_EPASSPORT_INFORMATION_F04,Hard,FALSE,Controlled paraphrase 2 of reviewed independent seed; family preserved; automated validation complete.
PASSX_0649,আমার ক্ষেত্রে নতুন পাসপোর্ট আবেদন করব নাকি re-issue করব কীভাবে বুঝব?,PASSPORT,PASSPORT_GENERAL_INFORMATION,General Passport Information,PASSPORT_GENERAL_NEW_VS_REISSUE,New Passport vs Re-Issue Guidance,Low,Formal,FALSE,,SYNTHETIC,PASSPORT_GENERAL_NEW_VS_REISSUE_F01,Easy,FALSE,Reviewed independent pilot seed retained for canonical expansion.
PASSX_0650,আমার ক্ষেত্রে আমার ক্ষেত্রে নতুন পাসপোর্ট আবেদন করব নাকি re-issue করব কোন প্রক্রিয়ায় বুঝব?,PASSPORT,PASSPORT_GENERAL_INFORMATION,General Passport Information,PASSPORT_GENERAL_NEW_VS_REISSUE,New Passport vs Re-Issue Guidance,Low,Formal,FALSE,,PARAPHRASED,PASSPORT_GENERAL_NEW_VS_REISSUE_F01,Easy,FALSE,Controlled paraphrase 1 of reviewed independent seed; family preserved; automated validation complete.
PASSX_0651,আমার ক্ষেত্রে নতুন পাসপোর্ট আবেদন করব নাকি re-issue করব কোন প্রক্রিয়ায় বুঝব; পরের ধাপটা কী?,PASSPORT,PASSPORT_GENERAL_INFORMATION,General Passport Information,PASSPORT_GENERAL_NEW_VS_REISSUE,New Passport vs Re-Issue Guidance,Low,Formal,FALSE,,PARAPHRASED,PASSPORT_GENERAL_NEW_VS_REISSUE_F01,Easy,FALSE,Controlled paraphrase 2 of reviewed independent seed; family preserved; automated validation complete.
PASSX_0652,"আগে passport ছিল, এখন new নাকি reissue select করব?",PASSPORT,PASSPORT_GENERAL_INFORMATION,General Passport Information,PASSPORT_GENERAL_NEW_VS_REISSUE,New Passport vs Re-Issue Guidance,Low,Informal,FALSE,,SYNTHETIC,PASSPORT_GENERAL_NEW_VS_REISSUE_F02,Medium,FALSE,Reviewed independent pilot seed retained for canonical expansion.
PASSX_0653,"এটা নিয়ে সাহায্য দরকার: আগে passport ছিল, এখন new নাকি reissue select করতে হবে?",PASSPORT,PASSPORT_GENERAL_INFORMATION,General Passport Information,PASSPORT_GENERAL_NEW_VS_REISSUE,New Passport vs Re-Issue Guidance,Low,Informal,FALSE,,PARAPHRASED,PASSPORT_GENERAL_NEW_VS_REISSUE_F02,Medium,FALSE,Controlled paraphrase 1 of reviewed independent seed; family preserved; automated validation complete.
PASSX_0654,"আগে passport ছিল, এখন new নাকি reissue select করতে হবে?",PASSPORT,PASSPORT_GENERAL_INFORMATION,General Passport Information,PASSPORT_GENERAL_NEW_VS_REISSUE,New Passport vs Re-Issue Guidance,Low,Informal,FALSE,,PARAPHRASED,PASSPORT_GENERAL_NEW_VS_REISSUE_F02,Medium,FALSE,Controlled paraphrase 2 of reviewed independent seed; family preserved; automated validation complete.
PASSX_0655,new passport ar reissue er moddhe konta amar jonno?,PASSPORT,PASSPORT_GENERAL_INFORMATION,General Passport Information,PASSPORT_GENERAL_NEW_VS_REISSUE,New Passport vs Re-Issue Guidance,Low,Mixed,FALSE,,SYNTHETIC,PASSPORT_GENERAL_NEW_VS_REISSUE_F03,Medium,FALSE,Reviewed independent pilot seed retained for canonical expansion.
PASSX_0656,I am trying to understand this: new passport ar reissue er moddhe konta amar jonno?,PASSPORT,PASSPORT_GENERAL_INFORMATION,General Passport Information,PASSPORT_GENERAL_NEW_VS_REISSUE,New Passport vs Re-Issue Guidance,Low,Mixed,FALSE,,PARAPHRASED,PASSPORT_GENERAL_NEW_VS_REISSUE_F03,Medium,FALSE,Controlled paraphrase 1 of reviewed independent seed; family preserved; automated validation complete.
PASSX_0657,I need guidance on this: new passport ar reissue er moddhe konta amar jonno?,PASSPORT,PASSPORT_GENERAL_INFORMATION,General Passport Information,PASSPORT_GENERAL_NEW_VS_REISSUE,New Passport vs Re-Issue Guidance,Low,Mixed,FALSE,,PARAPHRASED,PASSPORT_GENERAL_NEW_VS_REISSUE_F03,Medium,FALSE,Controlled paraphrase 2 of reviewed independent seed; family preserved; automated validation complete.
PASSX_0658,আমার আগে passport ছিল—এখন new application করব নাকি reissue করতে হবে?,PASSPORT,PASSPORT_GENERAL_INFORMATION,General Passport Information,PASSPORT_GENERAL_NEW_VS_REISSUE,New Passport vs Re-Issue Guidance,Low,Mixed,FALSE,,SYNTHETIC,PASSPORT_GENERAL_NEW_VS_REISSUE_F04,Hard,FALSE,Reviewed independent pilot seed retained for canonical expansion.
PASSX_0659,আমার আগে passport ছিল—এখন new application করতে হবে নাকি reissue করতে হবে—নিয়মটা জানাবেন?,PASSPORT,PASSPORT_GENERAL_INFORMATION,General Passport Information,PASSPORT_GENERAL_NEW_VS_REISSUE,New Passport vs Re-Issue Guidance,Low,Mixed,FALSE,,PARAPHRASED,PASSPORT_GENERAL_NEW_VS_REISSUE_F04,Hard,FALSE,Controlled paraphrase 1 of reviewed independent seed; family preserved; automated validation complete.
PASSX_0660,"আমার আগে passport ছিল—এখন new application করতে হবে নাকি reissue করতে হবে, একটু বুঝিয়ে বলবেন?",PASSPORT,PASSPORT_GENERAL_INFORMATION,General Passport Information,PASSPORT_GENERAL_NEW_VS_REISSUE,New Passport vs Re-Issue Guidance,Low,Mixed,FALSE,,PARAPHRASED,PASSPORT_GENERAL_NEW_VS_REISSUE_F04,Hard,FALSE,Controlled paraphrase 2 of reviewed independent seed; family preserved; automated validation complete.
PASSX_0661,পাসপোর্ট সংক্রান্ত কী কী ধরনের সেবা ও সহায়তা পাওয়া যায়?,PASSPORT,PASSPORT_GENERAL_INFORMATION,General Passport Information,PASSPORT_GENERAL_SERVICE_GUIDANCE,General Passport Service Guidance,Low,Formal,FALSE,,SYNTHETIC,PASSPORT_GENERAL_SERVICE_GUIDANCE_F01,Easy,FALSE,Reviewed independent pilot seed retained for canonical expansion.
PASSX_0662,আমার ক্ষেত্রে পাসপোর্ট সংক্রান্ত কোন কোন ধরনের সেবা ও সহায়তা পাওয়া যায়?,PASSPORT,PASSPORT_GENERAL_INFORMATION,General Passport Information,PASSPORT_GENERAL_SERVICE_GUIDANCE,General Passport Service Guidance,Low,Formal,FALSE,,PARAPHRASED,PASSPORT_GENERAL_SERVICE_GUIDANCE_F01,Easy,FALSE,Controlled paraphrase 1 of reviewed independent seed; family preserved; automated validation complete.
PASSX_0663,পাসপোর্ট সংক্রান্ত কোন কোন ধরনের সেবা ও সহায়তা পাওয়া যায়; পরের ধাপটা কী?,PASSPORT,PASSPORT_GENERAL_INFORMATION,General Passport Information,PASSPORT_GENERAL_SERVICE_GUIDANCE,General Passport Service Guidance,Low,Formal,FALSE,,PARAPHRASED,PASSPORT_GENERAL_SERVICE_GUIDANCE_F01,Easy,FALSE,Controlled paraphrase 2 of reviewed independent seed; family preserved; automated validation complete.
PASSX_0664,passport নিয়ে কোন কোন বিষয়ে help পাওয়া যায়?,PASSPORT,PASSPORT_GENERAL_INFORMATION,General Passport Information,PASSPORT_GENERAL_SERVICE_GUIDANCE,General Passport Service Guidance,Low,Informal,FALSE,,SYNTHETIC,PASSPORT_GENERAL_SERVICE_GUIDANCE_F02,Medium,FALSE,Reviewed independent pilot seed retained for canonical expansion.
PASSX_0665,এটা নিয়ে সাহায্য দরকার: passport নিয়ে কোন কোন বিষয়ে help পাওয়া যায়?,PASSPORT,PASSPORT_GENERAL_INFORMATION,General Passport Information,PASSPORT_GENERAL_SERVICE_GUIDANCE,General Passport Service Guidance,Low,Informal,FALSE,,PARAPHRASED,PASSPORT_GENERAL_SERVICE_GUIDANCE_F02,Medium,FALSE,Controlled paraphrase 1 of reviewed independent seed; family preserved; automated validation complete.
PASSX_0666,এই বিষয়ে সহায়তা চাই: passport নিয়ে কোন কোন বিষয়ে help পাওয়া যায়?,PASSPORT,PASSPORT_GENERAL_INFORMATION,General Passport Information,PASSPORT_GENERAL_SERVICE_GUIDANCE,General Passport Service Guidance,Low,Informal,FALSE,,PARAPHRASED,PASSPORT_GENERAL_SERVICE_GUIDANCE_F02,Medium,FALSE,Controlled paraphrase 2 of reviewed independent seed; family preserved; automated validation complete.
PASSX_0667,"passport service gulo ki ki, kothay theke start korbo?",PASSPORT,PASSPORT_GENERAL_INFORMATION,General Passport Information,PASSPORT_GENERAL_SERVICE_GUIDANCE,General Passport Service Guidance,Low,Mixed,FALSE,,SYNTHETIC,PASSPORT_GENERAL_SERVICE_GUIDANCE_F03,Medium,FALSE,Reviewed independent pilot seed retained for canonical expansion.
PASSX_0668,"I am trying to understand this: passport service gulo kon kon jinis, kothay theke start korbo?",PASSPORT,PASSPORT_GENERAL_INFORMATION,General Passport Information,PASSPORT_GENERAL_SERVICE_GUIDANCE,General Passport Service Guidance,Low,Mixed,FALSE,,PARAPHRASED,PASSPORT_GENERAL_SERVICE_GUIDANCE_F03,Medium,FALSE,Controlled paraphrase 1 of reviewed independent seed; family preserved; automated validation complete.
PASSX_0669,"I need guidance on this: passport service gulo kon kon jinis, kothay theke start korbo?",PASSPORT,PASSPORT_GENERAL_INFORMATION,General Passport Information,PASSPORT_GENERAL_SERVICE_GUIDANCE,General Passport Service Guidance,Low,Mixed,FALSE,,PARAPHRASED,PASSPORT_GENERAL_SERVICE_GUIDANCE_F03,Medium,FALSE,Controlled paraphrase 2 of reviewed independent seed; family preserved; automated validation complete.
PASSX_0670,"passport নিয়ে আমার কী ধরনের service দরকার বুঝতে পারছি না, কোন কোন বিষয়ে help পাওয়া যায়?",PASSPORT,PASSPORT_GENERAL_INFORMATION,General Passport Information,PASSPORT_GENERAL_SERVICE_GUIDANCE,General Passport Service Guidance,Low,Mixed,FALSE,,SYNTHETIC,PASSPORT_GENERAL_SERVICE_GUIDANCE_F04,Hard,FALSE,Reviewed independent pilot seed retained for canonical expansion.
PASSX_0671,"passport নিয়ে আমার কী ধরনের service দরকার বুঝতে পারছি না, কোন কোন বিষয়ে help পাওয়া যায়—নিয়মটা জানাবেন?",PASSPORT,PASSPORT_GENERAL_INFORMATION,General Passport Information,PASSPORT_GENERAL_SERVICE_GUIDANCE,General Passport Service Guidance,Low,Mixed,FALSE,,PARAPHRASED,PASSPORT_GENERAL_SERVICE_GUIDANCE_F04,Hard,FALSE,Controlled paraphrase 1 of reviewed independent seed; family preserved; automated validation complete.
PASSX_0672,"passport নিয়ে আমার কী ধরনের service দরকার বুঝতে পারছি না, কোন কোন বিষয়ে help পাওয়া যায়, একটু বুঝিয়ে বলবেন?",PASSPORT,PASSPORT_GENERAL_INFORMATION,General Passport Information,PASSPORT_GENERAL_SERVICE_GUIDANCE,General Passport Service Guidance,Low,Mixed,FALSE,,PARAPHRASED,PASSPORT_GENERAL_SERVICE_GUIDANCE_F04,Hard,FALSE,Controlled paraphrase 2 of reviewed independent seed; family preserved; automated validation complete.
