id,text,service,parent_topic_id,parent_topic,query_topic_id,query_topic,priority,language_style,privacy_present,privacy_types,source_type,parent_query_id,difficulty,is_ood,annotation_notes
PGDX_0001,সাধারণ ডায়েরি বা জিডি কী এবং এর উদ্দেশ্য কী?,POLICE_GD,POLICE_GD_GUIDANCE,GD Purpose and Routing Guidance,POLICE_GD_PURPOSE,General Diary Purpose,Low,Formal,FALSE,,SYNTHETIC,POLICE_GD_PURPOSE_F01,Easy,FALSE,Reviewed independent pilot seed retained for canonical expansion.
PGDX_0002,আমার ক্ষেত্রে সাধারণ ডায়েরি বা জিডি কী এবং এর উদ্দেশ্য কী?,POLICE_GD,POLICE_GD_GUIDANCE,GD Purpose and Routing Guidance,POLICE_GD_PURPOSE,General Diary Purpose,Low,Formal,FALSE,,PARAPHRASED,POLICE_GD_PURPOSE_F01,Easy,FALSE,Controlled paraphrase 1 of reviewed independent seed; family preserved; automated validation complete.
PGDX_0003,সাধারণ ডায়েরি বা জিডি কী এবং এর উদ্দেশ্য কী; পরের ধাপটা কী?,POLICE_GD,POLICE_GD_GUIDANCE,GD Purpose and Routing Guidance,POLICE_GD_PURPOSE,General Diary Purpose,Low,Formal,FALSE,,PARAPHRASED,POLICE_GD_PURPOSE_F01,Easy,FALSE,Controlled paraphrase 2 of reviewed independent seed; family preserved; automated validation complete.
PGDX_0004,GD আসলে কী কাজে লাগে?,POLICE_GD,POLICE_GD_GUIDANCE,GD Purpose and Routing Guidance,POLICE_GD_PURPOSE,General Diary Purpose,Low,Informal,FALSE,,SYNTHETIC,POLICE_GD_PURPOSE_F02,Medium,FALSE,Reviewed independent pilot seed retained for canonical expansion.
PGDX_0005,এটা নিয়ে সাহায্য দরকার: GD আসলে কী কাজে লাগে?,POLICE_GD,POLICE_GD_GUIDANCE,GD Purpose and Routing Guidance,POLICE_GD_PURPOSE,General Diary Purpose,Low,Informal,FALSE,,PARAPHRASED,POLICE_GD_PURPOSE_F02,Medium,FALSE,Controlled paraphrase 1 of reviewed independent seed; family preserved; automated validation complete.
PGDX_0006,এই বিষয়ে সহায়তা চাই: GD আসলে কী কাজে লাগে?,POLICE_GD,POLICE_GD_GUIDANCE,GD Purpose and Routing Guidance,POLICE_GD_PURPOSE,General Diary Purpose,Low,Informal,FALSE,,PARAPHRASED,POLICE_GD_PURPOSE_F02,Medium,FALSE,Controlled paraphrase 2 of reviewed independent seed; family preserved; automated validation complete.
PGDX_0007,general diary keno kora hoy?,POLICE_GD,POLICE_GD_GUIDANCE,GD Purpose and Routing Guidance,POLICE_GD_PURPOSE,General Diary Purpose,Low,Mixed,FALSE,,SYNTHETIC,POLICE_GD_PURPOSE_F03,Medium,FALSE,Reviewed independent pilot seed retained for canonical expansion.
PGDX_0008,I am trying to understand this: general diary keno kora hoy?,POLICE_GD,POLICE_GD_GUIDANCE,GD Purpose and Routing Guidance,POLICE_GD_PURPOSE,General Diary Purpose,Low,Mixed,FALSE,,PARAPHRASED,POLICE_GD_PURPOSE_F03,Medium,FALSE,Controlled paraphrase 1 of reviewed independent seed; family preserved; automated validation complete.
PGDX_0009,I need guidance on this: general diary keno kora hoy?,POLICE_GD,POLICE_GD_GUIDANCE,GD Purpose and Routing Guidance,POLICE_GD_PURPOSE,General Diary Purpose,Low,Mixed,FALSE,,PARAPHRASED,POLICE_GD_PURPOSE_F03,Medium,FALSE,Controlled paraphrase 2 of reviewed independent seed; family preserved; automated validation complete.
PGDX_0010,পুলিশের কাছে GD করা বলতে ঠিক কী বোঝায়?,POLICE_GD,POLICE_GD_GUIDANCE,GD Purpose and Routing Guidance,POLICE_GD_PURPOSE,General Diary Purpose,Low,Mixed,FALSE,,SYNTHETIC,POLICE_GD_PURPOSE_F04,Hard,FALSE,Reviewed independent pilot seed retained for canonical expansion.
PGDX_0011,পুলিশের কাছে GD করা বলতে ঠিক কী বোঝায়—নিয়মটা জানাবেন?,POLICE_GD,POLICE_GD_GUIDANCE,GD Purpose and Routing Guidance,POLICE_GD_PURPOSE,General Diary Purpose,Low,Mixed,FALSE,,PARAPHRASED,POLICE_GD_PURPOSE_F04,Hard,FALSE,Controlled paraphrase 1 of reviewed independent seed; family preserved; automated validation complete.
PGDX_0012,"পুলিশের কাছে GD করা বলতে ঠিক কী বোঝায়, একটু বুঝিয়ে বলবেন?",POLICE_GD,POLICE_GD_GUIDANCE,GD Purpose and Routing Guidance,POLICE_GD_PURPOSE,General Diary Purpose,Low,Mixed,FALSE,,PARAPHRASED,POLICE_GD_PURPOSE_F04,Hard,FALSE,Controlled paraphrase 2 of reviewed independent seed; family preserved; automated validation complete.
PGDX_0013,কোন ধরনের ঘটনায় সাধারণত জিডি করা যায়?,POLICE_GD,POLICE_GD_GUIDANCE,GD Purpose and Routing Guidance,POLICE_GD_APPROPRIATE_USE,Whether a Matter Is Appropriate for GD,Low,Formal,FALSE,,SYNTHETIC,POLICE_GD_APPROPRIATE_USE_F01,Easy,FALSE,Reviewed independent pilot seed retained for canonical expansion.
PGDX_0014,আমার ক্ষেত্রে কোন ধরনের ঘটনায় সাধারণত জিডি করা যায়?,POLICE_GD,POLICE_GD_GUIDANCE,GD Purpose and Routing Guidance,POLICE_GD_APPROPRIATE_USE,Whether a Matter Is Appropriate for GD,Low,Formal,FALSE,,PARAPHRASED,POLICE_GD_APPROPRIATE_USE_F01,Easy,FALSE,Controlled paraphrase 1 of reviewed independent seed; family preserved; automated validation complete.
PGDX_0015,কোন ধরনের ঘটনায় সাধারণত জিডি করা যায়; পরের ধাপটা কী?,POLICE_GD,POLICE_GD_GUIDANCE,GD Purpose and Routing Guidance,POLICE_GD_APPROPRIATE_USE,Whether a Matter Is Appropriate for GD,Low,Formal,FALSE,,PARAPHRASED,POLICE_GD_APPROPRIATE_USE_F01,Easy,FALSE,Controlled paraphrase 2 of reviewed independent seed; family preserved; automated validation complete.
PGDX_0016,আমার জিনিস হারানোর বিষয়টা GD-তে জানানো যাবে?,POLICE_GD,POLICE_GD_GUIDANCE,GD Purpose and Routing Guidance,POLICE_GD_APPROPRIATE_USE,Whether a Matter Is Appropriate for GD,Low,Informal,FALSE,,SYNTHETIC,POLICE_GD_APPROPRIATE_USE_F02,Medium,FALSE,Reviewed independent pilot seed retained for canonical expansion.
PGDX_0017,এটা নিয়ে সাহায্য দরকার: আমার জিনিস হারানোর বিষয়টা GD-তে জানানো যাবে?,POLICE_GD,POLICE_GD_GUIDANCE,GD Purpose and Routing Guidance,POLICE_GD_APPROPRIATE_USE,Whether a Matter Is Appropriate for GD,Low,Informal,FALSE,,PARAPHRASED,POLICE_GD_APPROPRIATE_USE_F02,Medium,FALSE,Controlled paraphrase 1 of reviewed independent seed; family preserved; automated validation complete.
PGDX_0018,এই বিষয়ে সহায়তা চাই: আমার জিনিস হারানোর বিষয়টা GD-তে জানানো যাবে?,POLICE_GD,POLICE_GD_GUIDANCE,GD Purpose and Routing Guidance,POLICE_GD_APPROPRIATE_USE,Whether a Matter Is Appropriate for GD,Low,Informal,FALSE,,PARAPHRASED,POLICE_GD_APPROPRIATE_USE_F02,Medium,FALSE,Controlled paraphrase 2 of reviewed independent seed; family preserved; automated validation complete.
PGDX_0019,ei ghotonar jonno GD kora appropriate hobe kina?,POLICE_GD,POLICE_GD_GUIDANCE,GD Purpose and Routing Guidance,POLICE_GD_APPROPRIATE_USE,Whether a Matter Is Appropriate for GD,Low,Mixed,FALSE,,SYNTHETIC,POLICE_GD_APPROPRIATE_USE_F03,Medium,FALSE,Reviewed independent pilot seed retained for canonical expansion.
PGDX_0020,I am trying to understand this: ei ghotonar jonno GD kora appropriate hobe kina?,POLICE_GD,POLICE_GD_GUIDANCE,GD Purpose and Routing Guidance,POLICE_GD_APPROPRIATE_USE,Whether a Matter Is Appropriate for GD,Low,Mixed,FALSE,,PARAPHRASED,POLICE_GD_APPROPRIATE_USE_F03,Medium,FALSE,Controlled paraphrase 1 of reviewed independent seed; family preserved; automated validation complete.
PGDX_0021,I need guidance on this: ei ghotonar jonno GD kora appropriate hobe kina?,POLICE_GD,POLICE_GD_GUIDANCE,GD Purpose and Routing Guidance,POLICE_GD_APPROPRIATE_USE,Whether a Matter Is Appropriate for GD,Low,Mixed,FALSE,,PARAPHRASED,POLICE_GD_APPROPRIATE_USE_F03,Medium,FALSE,Controlled paraphrase 2 of reviewed independent seed; family preserved; automated validation complete.
PGDX_0022,ঘটনাটা পুলিশকে record করাতে চাই—GD service ব্যবহার করা যায় কি?,POLICE_GD,POLICE_GD_GUIDANCE,GD Purpose and Routing Guidance,POLICE_GD_APPROPRIATE_USE,Whether a Matter Is Appropriate for GD,Low,Mixed,FALSE,,SYNTHETIC,POLICE_GD_APPROPRIATE_USE_F04,Hard,FALSE,Reviewed independent pilot seed retained for canonical expansion.
PGDX_0023,ঘটনাটা পুলিশকে record করাতে প্রয়োজন—GD service ব্যবহার করা যায় কি—নিয়মটা জানাবেন?,POLICE_GD,POLICE_GD_GUIDANCE,GD Purpose and Routing Guidance,POLICE_GD_APPROPRIATE_USE,Whether a Matter Is Appropriate for GD,Low,Mixed,FALSE,,PARAPHRASED,POLICE_GD_APPROPRIATE_USE_F04,Hard,FALSE,Controlled paraphrase 1 of reviewed independent seed; family preserved; automated validation complete.
PGDX_0024,"ঘটনাটা পুলিশকে record করাতে প্রয়োজন—GD service ব্যবহার করা যায় কি, একটু বুঝিয়ে বলবেন?",POLICE_GD,POLICE_GD_GUIDANCE,GD Purpose and Routing Guidance,POLICE_GD_APPROPRIATE_USE,Whether a Matter Is Appropriate for GD,Low,Mixed,FALSE,,PARAPHRASED,POLICE_GD_APPROPRIATE_USE_F04,Hard,FALSE,Controlled paraphrase 2 of reviewed independent seed; family preserved; automated validation complete.
PGDX_0025,"তাৎক্ষণিক বিপদের ঘটনায় জিডি করব, নাকি জরুরি পুলিশি সহায়তা চাইব?",POLICE_GD,POLICE_GD_GUIDANCE,GD Purpose and Routing Guidance,POLICE_GD_EMERGENCY_ROUTING,Emergency or Immediate-Danger Routing,High,Formal,FALSE,,SYNTHETIC,POLICE_GD_EMERGENCY_ROUTING_F01,Easy,FALSE,Reviewed independent pilot seed retained for canonical expansion.
PGDX_0026,"আমার ক্ষেত্রে তাৎক্ষণিক বিপদের ঘটনায় জিডি করতে হবে, নাকি জরুরি পুলিশি সহায়তা চাইব?",POLICE_GD,POLICE_GD_GUIDANCE,GD Purpose and Routing Guidance,POLICE_GD_EMERGENCY_ROUTING,Emergency or Immediate-Danger Routing,High,Formal,FALSE,,PARAPHRASED,POLICE_GD_EMERGENCY_ROUTING_F01,Easy,FALSE,Controlled paraphrase 1 of reviewed independent seed; family preserved; automated validation complete.
PGDX_0027,"তাৎক্ষণিক বিপদের ঘটনায় জিডি করতে হবে, নাকি জরুরি পুলিশি সহায়তা চাইব; পরের ধাপটা কী?",POLICE_GD,POLICE_GD_GUIDANCE,GD Purpose and Routing Guidance,POLICE_GD_EMERGENCY_ROUTING,Emergency or Immediate-Danger Routing,High,Formal,FALSE,,PARAPHRASED,POLICE_GD_EMERGENCY_ROUTING_F01,Easy,FALSE,Controlled paraphrase 2 of reviewed independent seed; family preserved; automated validation complete.
PGDX_0028,"এখনই danger আছে, online GD কি এই situation-এর জন্য?",POLICE_GD,POLICE_GD_GUIDANCE,GD Purpose and Routing Guidance,POLICE_GD_EMERGENCY_ROUTING,Emergency or Immediate-Danger Routing,High,Informal,FALSE,,SYNTHETIC,POLICE_GD_EMERGENCY_ROUTING_F02,Medium,FALSE,Reviewed independent pilot seed retained for canonical expansion.
PGDX_0029,"এটা নিয়ে সাহায্য দরকার: এখনই danger আছে, online GD কি এই situation-এর জন্য?",POLICE_GD,POLICE_GD_GUIDANCE,GD Purpose and Routing Guidance,POLICE_GD_EMERGENCY_ROUTING,Emergency or Immediate-Danger Routing,High,Informal,FALSE,,PARAPHRASED,POLICE_GD_EMERGENCY_ROUTING_F02,Medium,FALSE,Controlled paraphrase 1 of reviewed independent seed; family preserved; automated validation complete.
PGDX_0030,"এই বিষয়ে সহায়তা চাই: এখনই danger আছে, online GD কি এই situation-এর জন্য?",POLICE_GD,POLICE_GD_GUIDANCE,GD Purpose and Routing Guidance,POLICE_GD_EMERGENCY_ROUTING,Emergency or Immediate-Danger Routing,High,Informal,FALSE,,PARAPHRASED,POLICE_GD_EMERGENCY_ROUTING_F02,Medium,FALSE,Controlled paraphrase 2 of reviewed independent seed; family preserved; automated validation complete.
PGDX_0031,immediate safety risk hole GD na emergency help konta lagbe?,POLICE_GD,POLICE_GD_GUIDANCE,GD Purpose and Routing Guidance,POLICE_GD_EMERGENCY_ROUTING,Emergency or Immediate-Danger Routing,High,Mixed,FALSE,,SYNTHETIC,POLICE_GD_EMERGENCY_ROUTING_F03,Medium,FALSE,Reviewed independent pilot seed retained for canonical expansion.
PGDX_0032,I am trying to understand this: immediate safety risk hole GD na emergency help konta lagbe?,POLICE_GD,POLICE_GD_GUIDANCE,GD Purpose and Routing Guidance,POLICE_GD_EMERGENCY_ROUTING,Emergency or Immediate-Danger Routing,High,Mixed,FALSE,,PARAPHRASED,POLICE_GD_EMERGENCY_ROUTING_F03,Medium,FALSE,Controlled paraphrase 1 of reviewed independent seed; family preserved; automated validation complete.
PGDX_0033,I need guidance on this: immediate safety risk hole GD na emergency help konta lagbe?,POLICE_GD,POLICE_GD_GUIDANCE,GD Purpose and Routing Guidance,POLICE_GD_EMERGENCY_ROUTING,Emergency or Immediate-Danger Routing,High,Mixed,FALSE,,PARAPHRASED,POLICE_GD_EMERGENCY_ROUTING_F03,Medium,FALSE,Controlled paraphrase 2 of reviewed independent seed; family preserved; automated validation complete.
PGDX_0034,ঘটনা চলমান এবং দ্রুত পুলিশ দরকার—কোন service-এ যোগাযোগ করা উচিত?,POLICE_GD,POLICE_GD_GUIDANCE,GD Purpose and Routing Guidance,POLICE_GD_EMERGENCY_ROUTING,Emergency or Immediate-Danger Routing,High,Mixed,FALSE,,SYNTHETIC,POLICE_GD_EMERGENCY_ROUTING_F04,Hard,FALSE,Reviewed independent pilot seed retained for canonical expansion.
PGDX_0035,ঘটনা চলমান এবং দ্রুত পুলিশ দরকার—কোন service-এ যোগাযোগ করা উচিত—নিয়মটা জানাবেন?,POLICE_GD,POLICE_GD_GUIDANCE,GD Purpose and Routing Guidance,POLICE_GD_EMERGENCY_ROUTING,Emergency or Immediate-Danger Routing,High,Mixed,FALSE,,PARAPHRASED,POLICE_GD_EMERGENCY_ROUTING_F04,Hard,FALSE,Controlled paraphrase 1 of reviewed independent seed; family preserved; automated validation complete.
PGDX_0036,"ঘটনা চলমান এবং দ্রুত পুলিশ দরকার—কোন service-এ যোগাযোগ করা উচিত, একটু বুঝিয়ে বলবেন?",POLICE_GD,POLICE_GD_GUIDANCE,GD Purpose and Routing Guidance,POLICE_GD_EMERGENCY_ROUTING,Emergency or Immediate-Danger Routing,High,Mixed,FALSE,,PARAPHRASED,POLICE_GD_EMERGENCY_ROUTING_F04,Hard,FALSE,Controlled paraphrase 2 of reviewed independent seed; family preserved; automated validation complete.
PGDX_0037,"আমার অভিযোগটি জিডি হবে নাকি মামলার প্রক্রিয়ায় যাবে, কীভাবে জানব?",POLICE_GD,POLICE_GD_GUIDANCE,GD Purpose and Routing Guidance,POLICE_GD_CASE_VS_GD_GUIDANCE,GD Versus Case/Complaint Guidance,Medium,Formal,FALSE,,SYNTHETIC,POLICE_GD_CASE_VS_GD_GUIDANCE_F01,Easy,FALSE,Reviewed independent pilot seed retained for canonical expansion.
PGDX_0038,"আমার ক্ষেত্রে আমার অভিযোগটি জিডি হবে নাকি মামলার প্রক্রিয়ায় যাবে, কোন প্রক্রিয়ায় জানব?",POLICE_GD,POLICE_GD_GUIDANCE,GD Purpose and Routing Guidance,POLICE_GD_CASE_VS_GD_GUIDANCE,GD Versus Case/Complaint Guidance,Medium,Formal,FALSE,,PARAPHRASED,POLICE_GD_CASE_VS_GD_GUIDANCE_F01,Easy,FALSE,Controlled paraphrase 1 of reviewed independent seed; family preserved; automated validation complete.
PGDX_0039,"আমার অভিযোগটি জিডি হবে নাকি মামলার প্রক্রিয়ায় যাবে, কোন প্রক্রিয়ায় জানব; পরের ধাপটা কী?",POLICE_GD,POLICE_GD_GUIDANCE,GD Purpose and Routing Guidance,POLICE_GD_CASE_VS_GD_GUIDANCE,GD Versus Case/Complaint Guidance,Medium,Formal,FALSE,,PARAPHRASED,POLICE_GD_CASE_VS_GD_GUIDANCE_F01,Easy,FALSE,Controlled paraphrase 2 of reviewed independent seed; family preserved; automated validation complete.
PGDX_0040,complaint submit করলে থানায় যেতে হবে কিনা বুঝব কীভাবে?,POLICE_GD,POLICE_GD_GUIDANCE,GD Purpose and Routing Guidance,POLICE_GD_CASE_VS_GD_GUIDANCE,GD Versus Case/Complaint Guidance,Medium,Informal,FALSE,,SYNTHETIC,POLICE_GD_CASE_VS_GD_GUIDANCE_F02,Medium,FALSE,Reviewed independent pilot seed retained for canonical expansion.
PGDX_0041,এটা নিয়ে সাহায্য দরকার: complaint submit করলে থানায় যেতে হবে কিনা বুঝব কোন প্রক্রিয়ায়?,POLICE_GD,POLICE_GD_GUIDANCE,GD Purpose and Routing Guidance,POLICE_GD_CASE_VS_GD_GUIDANCE,GD Versus Case/Complaint Guidance,Medium,Informal,FALSE,,PARAPHRASED,POLICE_GD_CASE_VS_GD_GUIDANCE_F02,Medium,FALSE,Controlled paraphrase 1 of reviewed independent seed; family preserved; automated validation complete.
PGDX_0042,complaint submit করলে থানায় যেতে হবে কিনা বুঝব কোন প্রক্রিয়ায়?,POLICE_GD,POLICE_GD_GUIDANCE,GD Purpose and Routing Guidance,POLICE_GD_CASE_VS_GD_GUIDANCE,GD Versus Case/Complaint Guidance,Medium,Informal,FALSE,,PARAPHRASED,POLICE_GD_CASE_VS_GD_GUIDANCE_F02,Medium,FALSE,Controlled paraphrase 2 of reviewed independent seed; family preserved; automated validation complete.
PGDX_0043,GD ar case process er moddhe amar report ta kothay pore?,POLICE_GD,POLICE_GD_GUIDANCE,GD Purpose and Routing Guidance,POLICE_GD_CASE_VS_GD_GUIDANCE,GD Versus Case/Complaint Guidance,Medium,Mixed,FALSE,,SYNTHETIC,POLICE_GD_CASE_VS_GD_GUIDANCE_F03,Medium,FALSE,Reviewed independent pilot seed retained for canonical expansion.
PGDX_0044,I am trying to understand this: GD ar case process er moddhe amar report ta kon jaygay pore?,POLICE_GD,POLICE_GD_GUIDANCE,GD Purpose and Routing Guidance,POLICE_GD_CASE_VS_GD_GUIDANCE,GD Versus Case/Complaint Guidance,Medium,Mixed,FALSE,,PARAPHRASED,POLICE_GD_CASE_VS_GD_GUIDANCE_F03,Medium,FALSE,Controlled paraphrase 1 of reviewed independent seed; family preserved; automated validation complete.
PGDX_0045,I need guidance on this: GD ar case process er moddhe amar report ta kon jaygay pore?,POLICE_GD,POLICE_GD_GUIDANCE,GD Purpose and Routing Guidance,POLICE_GD_CASE_VS_GD_GUIDANCE,GD Versus Case/Complaint Guidance,Medium,Mixed,FALSE,,PARAPHRASED,POLICE_GD_CASE_VS_GD_GUIDANCE_F03,Medium,FALSE,Controlled paraphrase 2 of reviewed independent seed; family preserved; automated validation complete.
PGDX_0046,online complaint দেওয়ার পর station attendance দরকার হতে পারে কি—official guidance চাই।,POLICE_GD,POLICE_GD_GUIDANCE,GD Purpose and Routing Guidance,POLICE_GD_CASE_VS_GD_GUIDANCE,GD Versus Case/Complaint Guidance,Medium,Mixed,FALSE,,SYNTHETIC,POLICE_GD_CASE_VS_GD_GUIDANCE_F04,Hard,FALSE,Reviewed independent pilot seed retained for canonical expansion.
PGDX_0047,online complaint দেওয়ার পর station attendance দরকার হতে পারে কি—official guidance প্রয়োজন—নিয়মটা জানাবেন?,POLICE_GD,POLICE_GD_GUIDANCE,GD Purpose and Routing Guidance,POLICE_GD_CASE_VS_GD_GUIDANCE,GD Versus Case/Complaint Guidance,Medium,Mixed,FALSE,,PARAPHRASED,POLICE_GD_CASE_VS_GD_GUIDANCE_F04,Hard,FALSE,Controlled paraphrase 1 of reviewed independent seed; family preserved; automated validation complete.
PGDX_0048,"online complaint দেওয়ার পর station attendance দরকার হতে পারে কি—official guidance প্রয়োজন, একটু বুঝিয়ে বলবেন?",POLICE_GD,POLICE_GD_GUIDANCE,GD Purpose and Routing Guidance,POLICE_GD_CASE_VS_GD_GUIDANCE,GD Versus Case/Complaint Guidance,Medium,Mixed,FALSE,,PARAPHRASED,POLICE_GD_CASE_VS_GD_GUIDANCE_F04,Hard,FALSE,Controlled paraphrase 2 of reviewed independent seed; family preserved; automated validation complete.
PGDX_0049,সাধারণ ডায়েরি করার সম্পূর্ণ প্রক্রিয়াটি কী?,POLICE_GD,POLICE_GD_FILING,GD Filing and Submission,POLICE_GD_FILING_PROCESS,General Diary Filing Process,Low,Formal,FALSE,,SYNTHETIC,POLICE_GD_FILING_PROCESS_F01,Easy,FALSE,Reviewed independent pilot seed retained for canonical expansion.
PGDX_0050,আমার ক্ষেত্রে সাধারণ ডায়েরি করার সম্পূর্ণ প্রক্রিয়াটি কী?,POLICE_GD,POLICE_GD_FILING,GD Filing and Submission,POLICE_GD_FILING_PROCESS,General Diary Filing Process,Low,Formal,FALSE,,PARAPHRASED,POLICE_GD_FILING_PROCESS_F01,Easy,FALSE,Controlled paraphrase 1 of reviewed independent seed; family preserved; automated validation complete.
PGDX_0051,সাধারণ ডায়েরি করার সম্পূর্ণ প্রক্রিয়াটি কী; পরের ধাপটা কী?,POLICE_GD,POLICE_GD_FILING,GD Filing and Submission,POLICE_GD_FILING_PROCESS,General Diary Filing Process,Low,Formal,FALSE,,PARAPHRASED,POLICE_GD_FILING_PROCESS_F01,Easy,FALSE,Controlled paraphrase 2 of reviewed independent seed; family preserved; automated validation complete.
PGDX_0052,"GD করতে চাই, কীভাবে শুরু করব?",POLICE_GD,POLICE_GD_FILING,GD Filing and Submission,POLICE_GD_FILING_PROCESS,General Diary Filing Process,Low,Informal,FALSE,,SYNTHETIC,POLICE_GD_FILING_PROCESS_F02,Medium,FALSE,Reviewed independent pilot seed retained for canonical expansion.
PGDX_0053,"এটা নিয়ে সাহায্য দরকার: GD করতে চাই, কীভাবে শুরু করতে হবে?",POLICE_GD,POLICE_GD_FILING,GD Filing and Submission,POLICE_GD_FILING_PROCESS,General Diary Filing Process,Low,Informal,FALSE,,PARAPHRASED,POLICE_GD_FILING_PROCESS_F02,Medium,FALSE,Controlled paraphrase 1 of reviewed independent seed; family preserved; automated validation complete.
PGDX_0054,"GD করতে প্রয়োজন, কীভাবে শুরু করব?",POLICE_GD,POLICE_GD_FILING,GD Filing and Submission,POLICE_GD_FILING_PROCESS,General Diary Filing Process,Low,Informal,FALSE,,PARAPHRASED,POLICE_GD_FILING_PROCESS_F02,Medium,FALSE,Controlled paraphrase 2 of reviewed independent seed; family preserved; automated validation complete.
PGDX_0055,general diary file korar steps ki?,POLICE_GD,POLICE_GD_FILING,GD Filing and Submission,POLICE_GD_FILING_PROCESS,General Diary Filing Process,Low,Mixed,FALSE,,SYNTHETIC,POLICE_GD_FILING_PROCESS_F03,Medium,FALSE,Reviewed independent pilot seed retained for canonical expansion.
PGDX_0056,I am trying to understand this: general diary file korar steps ki?,POLICE_GD,POLICE_GD_FILING,GD Filing and Submission,POLICE_GD_FILING_PROCESS,General Diary Filing Process,Low,Mixed,FALSE,,PARAPHRASED,POLICE_GD_FILING_PROCESS_F03,Medium,FALSE,Controlled paraphrase 1 of reviewed independent seed; family preserved; automated validation complete.
PGDX_0057,I need guidance on this: general diary file korar steps ki?,POLICE_GD,POLICE_GD_FILING,GD Filing and Submission,POLICE_GD_FILING_PROCESS,General Diary Filing Process,Low,Mixed,FALSE,,PARAPHRASED,POLICE_GD_FILING_PROCESS_F03,Medium,FALSE,Controlled paraphrase 2 of reviewed independent seed; family preserved; automated validation complete.
PGDX_0058,একটি ঘটনা থানায় GD হিসেবে record করার নিয়ম জানতে চাই।,POLICE_GD,POLICE_GD_FILING,GD Filing and Submission,POLICE_GD_FILING_PROCESS,General Diary Filing Process,Low,Mixed,FALSE,,SYNTHETIC,POLICE_GD_FILING_PROCESS_F04,Hard,FALSE,Reviewed independent pilot seed retained for canonical expansion.
PGDX_0059,একটি ঘটনা থানায় GD হিসেবে record করার নিয়ম জানতে প্রয়োজন—নিয়মটা জানাবেন?,POLICE_GD,POLICE_GD_FILING,GD Filing and Submission,POLICE_GD_FILING_PROCESS,General Diary Filing Process,Low,Mixed,FALSE,,PARAPHRASED,POLICE_GD_FILING_PROCESS_F04,Hard,FALSE,Controlled paraphrase 1 of reviewed independent seed; family preserved; automated validation complete.
PGDX_0060,"একটি ঘটনা থানায় GD হিসেবে record করার নিয়ম জানতে প্রয়োজন, একটু বুঝিয়ে বলবেন?",POLICE_GD,POLICE_GD_FILING,GD Filing and Submission,POLICE_GD_FILING_PROCESS,General Diary Filing Process,Low,Mixed,FALSE,,PARAPHRASED,POLICE_GD_FILING_PROCESS_F04,Hard,FALSE,Controlled paraphrase 2 of reviewed independent seed; family preserved; automated validation complete.
PGDX_0061,অনলাইনে জিডি কীভাবে জমা দেব?,POLICE_GD,POLICE_GD_FILING,GD Filing and Submission,POLICE_GD_ONLINE_SUBMISSION,Online GD Submission,Low,Formal,FALSE,,SYNTHETIC,POLICE_GD_ONLINE_SUBMISSION_F01,Easy,FALSE,Reviewed independent pilot seed retained for canonical expansion.
PGDX_0062,আমার ক্ষেত্রে অনলাইনে জিডি কোন প্রক্রিয়ায় জমা দেব?,POLICE_GD,POLICE_GD_FILING,GD Filing and Submission,POLICE_GD_ONLINE_SUBMISSION,Online GD Submission,Low,Formal,FALSE,,PARAPHRASED,POLICE_GD_ONLINE_SUBMISSION_F01,Easy,FALSE,Controlled paraphrase 1 of reviewed independent seed; family preserved; automated validation complete.
PGDX_0063,অনলাইনে জিডি কোন প্রক্রিয়ায় জমা দেব; পরের ধাপটা কী?,POLICE_GD,POLICE_GD_FILING,GD Filing and Submission,POLICE_GD_ONLINE_SUBMISSION,Online GD Submission,Low,Formal,FALSE,,PARAPHRASED,POLICE_GD_ONLINE_SUBMISSION_F01,Easy,FALSE,Controlled paraphrase 2 of reviewed independent seed; family preserved; automated validation complete.
PGDX_0064,Online GD app দিয়ে complaint submit করব কীভাবে?,POLICE_GD,POLICE_GD_FILING,GD Filing and Submission,POLICE_GD_ONLINE_SUBMISSION,Online GD Submission,Low,Informal,FALSE,,SYNTHETIC,POLICE_GD_ONLINE_SUBMISSION_F02,Medium,FALSE,Reviewed independent pilot seed retained for canonical expansion.
PGDX_0065,এটা নিয়ে সাহায্য দরকার: Online GD app দিয়ে complaint submit করব কোন প্রক্রিয়ায়?,POLICE_GD,POLICE_GD_FILING,GD Filing and Submission,POLICE_GD_ONLINE_SUBMISSION,Online GD Submission,Low,Informal,FALSE,,PARAPHRASED,POLICE_GD_ONLINE_SUBMISSION_F02,Medium,FALSE,Controlled paraphrase 1 of reviewed independent seed; family preserved; automated validation complete.
PGDX_0066,Online GD app দিয়ে complaint submit করব কোন প্রক্রিয়ায়?,POLICE_GD,POLICE_GD_FILING,GD Filing and Submission,POLICE_GD_ONLINE_SUBMISSION,Online GD Submission,Low,Informal,FALSE,,PARAPHRASED,POLICE_GD_ONLINE_SUBMISSION_F02,Medium,FALSE,Controlled paraphrase 2 of reviewed independent seed; family preserved; automated validation complete.
PGDX_0067,online e GD file korar process ta ki?,POLICE_GD,POLICE_GD_FILING,GD Filing and Submission,POLICE_GD_ONLINE_SUBMISSION,Online GD Submission,Low,Mixed,FALSE,,SYNTHETIC,POLICE_GD_ONLINE_SUBMISSION_F03,Medium,FALSE,Reviewed independent pilot seed retained for canonical expansion.
PGDX_0068,I am trying to understand this: online e GD file korar process ta ki?,POLICE_GD,POLICE_GD_FILING,GD Filing and Submission,POLICE_GD_ONLINE_SUBMISSION,Online GD Submission,Low,Mixed,FALSE,,PARAPHRASED,POLICE_GD_ONLINE_SUBMISSION_F03,Medium,FALSE,Controlled paraphrase 1 of reviewed independent seed; family preserved; automated validation complete.
PGDX_0069,I need guidance on this: online e GD file korar process ta ki?,POLICE_GD,POLICE_GD_FILING,GD Filing and Submission,POLICE_GD_ONLINE_SUBMISSION,Online GD Submission,Low,Mixed,FALSE,,PARAPHRASED,POLICE_GD_ONLINE_SUBMISSION_F03,Medium,FALSE,Controlled paraphrase 2 of reviewed independent seed; family preserved; automated validation complete.
PGDX_0070,"portal account আছে, এখন digital GD application কোথা থেকে শুরু করব?",POLICE_GD,POLICE_GD_FILING,GD Filing and Submission,POLICE_GD_ONLINE_SUBMISSION,Online GD Submission,Low,Mixed,FALSE,,SYNTHETIC,POLICE_GD_ONLINE_SUBMISSION_F04,Hard,FALSE,Reviewed independent pilot seed retained for canonical expansion.
PGDX_0071,"portal account আছে, এখন digital GD application কোথা থেকে শুরু করতে হবে—নিয়মটা জানাবেন?",POLICE_GD,POLICE_GD_FILING,GD Filing and Submission,POLICE_GD_ONLINE_SUBMISSION,Online GD Submission,Low,Mixed,FALSE,,PARAPHRASED,POLICE_GD_ONLINE_SUBMISSION_F04,Hard,FALSE,Controlled paraphrase 1 of reviewed independent seed; family preserved; automated validation complete.
PGDX_0072,"portal account আছে, এখন digital GD application কোথা থেকে শুরু করতে হবে, একটু বুঝিয়ে বলবেন?",POLICE_GD,POLICE_GD_FILING,GD Filing and Submission,POLICE_GD_ONLINE_SUBMISSION,Online GD Submission,Low,Mixed,FALSE,,PARAPHRASED,POLICE_GD_ONLINE_SUBMISSION_F04,Hard,FALSE,Controlled paraphrase 2 of reviewed independent seed; family preserved; automated validation complete.
PGDX_0073,জিডি করতে কী কী তথ্য দিতে হয়?,POLICE_GD,POLICE_GD_FILING,GD Filing and Submission,POLICE_GD_REQUIRED_INFORMATION,Information Required for GD,Low,Formal,FALSE,,SYNTHETIC,POLICE_GD_REQUIRED_INFORMATION_F01,Easy,FALSE,Reviewed independent pilot seed retained for canonical expansion.
PGDX_0074,আমার ক্ষেত্রে জিডি করতে কোন কোন তথ্য দিতে হয়?,POLICE_GD,POLICE_GD_FILING,GD Filing and Submission,POLICE_GD_REQUIRED_INFORMATION,Information Required for GD,Low,Formal,FALSE,,PARAPHRASED,POLICE_GD_REQUIRED_INFORMATION_F01,Easy,FALSE,Controlled paraphrase 1 of reviewed independent seed; family preserved; automated validation complete.
PGDX_0075,জিডি করতে কোন কোন তথ্য দিতে হয়; পরের ধাপটা কী?,POLICE_GD,POLICE_GD_FILING,GD Filing and Submission,POLICE_GD_REQUIRED_INFORMATION,Information Required for GD,Low,Formal,FALSE,,PARAPHRASED,POLICE_GD_REQUIRED_INFORMATION_F01,Easy,FALSE,Controlled paraphrase 2 of reviewed independent seed; family preserved; automated validation complete.
PGDX_0076,GD form-এ incident-এর কোন details লাগবে?,POLICE_GD,POLICE_GD_FILING,GD Filing and Submission,POLICE_GD_REQUIRED_INFORMATION,Information Required for GD,Low,Informal,FALSE,,SYNTHETIC,POLICE_GD_REQUIRED_INFORMATION_F02,Medium,FALSE,Reviewed independent pilot seed retained for canonical expansion.
PGDX_0077,এটা নিয়ে সাহায্য দরকার: GD form-এ incident-এর কোন details দরকার হবে?,POLICE_GD,POLICE_GD_FILING,GD Filing and Submission,POLICE_GD_REQUIRED_INFORMATION,Information Required for GD,Low,Informal,FALSE,,PARAPHRASED,POLICE_GD_REQUIRED_INFORMATION_F02,Medium,FALSE,Controlled paraphrase 1 of reviewed independent seed; family preserved; automated validation complete.
PGDX_0078,GD form-এ incident-এর কোন details দরকার হবে?,POLICE_GD,POLICE_GD_FILING,GD Filing and Submission,POLICE_GD_REQUIRED_INFORMATION,Information Required for GD,Low,Informal,FALSE,,PARAPHRASED,POLICE_GD_REQUIRED_INFORMATION_F02,Medium,FALSE,Controlled paraphrase 2 of reviewed independent seed; family preserved; automated validation complete.
PGDX_0079,online GD er required information ki ki?,POLICE_GD,POLICE_GD_FILING,GD Filing and Submission,POLICE_GD_REQUIRED_INFORMATION,Information Required for GD,Low,Mixed,FALSE,,SYNTHETIC,POLICE_GD_REQUIRED_INFORMATION_F03,Medium,FALSE,Reviewed independent pilot seed retained for canonical expansion.
PGDX_0080,I am trying to understand this: online GD er required information kon kon jinis?,POLICE_GD,POLICE_GD_FILING,GD Filing and Submission,POLICE_GD_REQUIRED_INFORMATION,Information Required for GD,Low,Mixed,FALSE,,PARAPHRASED,POLICE_GD_REQUIRED_INFORMATION_F03,Medium,FALSE,Controlled paraphrase 1 of reviewed independent seed; family preserved; automated validation complete.
PGDX_0081,I need guidance on this: online GD er required information kon kon jinis?,POLICE_GD,POLICE_GD_FILING,GD Filing and Submission,POLICE_GD_REQUIRED_INFORMATION,Information Required for GD,Low,Mixed,FALSE,,PARAPHRASED,POLICE_GD_REQUIRED_INFORMATION_F03,Medium,FALSE,Controlled paraphrase 2 of reviewed independent seed; family preserved; automated validation complete.
PGDX_0082,"ঘটনার সময়, স্থান আর বর্ণনার মধ্যে কোন তথ্যগুলো প্রস্তুত রাখব?",POLICE_GD,POLICE_GD_FILING,GD Filing and Submission,POLICE_GD_REQUIRED_INFORMATION,Information Required for GD,Low,Mixed,FALSE,,SYNTHETIC,POLICE_GD_REQUIRED_INFORMATION_F04,Hard,FALSE,Reviewed independent pilot seed retained for canonical expansion.
PGDX_0083,"ঘটনার সময়, স্থান আর বর্ণনার মধ্যে কোন তথ্যগুলো প্রস্তুত রাখব—নিয়মটা জানাবেন?",POLICE_GD,POLICE_GD_FILING,GD Filing and Submission,POLICE_GD_REQUIRED_INFORMATION,Information Required for GD,Low,Mixed,FALSE,,PARAPHRASED,POLICE_GD_REQUIRED_INFORMATION_F04,Hard,FALSE,Controlled paraphrase 1 of reviewed independent seed; family preserved; automated validation complete.
PGDX_0084,"ঘটনার সময়, স্থান আর বর্ণনার মধ্যে কোন তথ্যগুলো প্রস্তুত রাখব, একটু বুঝিয়ে বলবেন?",POLICE_GD,POLICE_GD_FILING,GD Filing and Submission,POLICE_GD_REQUIRED_INFORMATION,Information Required for GD,Low,Mixed,FALSE,,PARAPHRASED,POLICE_GD_REQUIRED_INFORMATION_F04,Hard,FALSE,Controlled paraphrase 2 of reviewed independent seed; family preserved; automated validation complete.
PGDX_0085,জিডির সঙ্গে সহায়ক কাগজ বা ছবি কীভাবে যুক্ত করব?,POLICE_GD,POLICE_GD_FILING,GD Filing and Submission,POLICE_GD_ATTACHMENTS,GD Supporting Documents and Attachments,Low,Formal,FALSE,,SYNTHETIC,POLICE_GD_ATTACHMENTS_F01,Easy,FALSE,Reviewed independent pilot seed retained for canonical expansion.
PGDX_0086,আমার ক্ষেত্রে জিডির সঙ্গে সহায়ক কাগজ বা ছবি কোন প্রক্রিয়ায় যুক্ত করব?,POLICE_GD,POLICE_GD_FILING,GD Filing and Submission,POLICE_GD_ATTACHMENTS,GD Supporting Documents and Attachments,Low,Formal,FALSE,,PARAPHRASED,POLICE_GD_ATTACHMENTS_F01,Easy,FALSE,Controlled paraphrase 1 of reviewed independent seed; family preserved; automated validation complete.
PGDX_0087,জিডির সঙ্গে সহায়ক কাগজ বা ছবি কোন প্রক্রিয়ায় যুক্ত করব; পরের ধাপটা কী?,POLICE_GD,POLICE_GD_FILING,GD Filing and Submission,POLICE_GD_ATTACHMENTS,GD Supporting Documents and Attachments,Low,Formal,FALSE,,PARAPHRASED,POLICE_GD_ATTACHMENTS_F01,Easy,FALSE,Controlled paraphrase 2 of reviewed independent seed; family preserved; automated validation complete.
PGDX_0088,complaint-এর proof upload করা যাবে?,POLICE_GD,POLICE_GD_FILING,GD Filing and Submission,POLICE_GD_ATTACHMENTS,GD Supporting Documents and Attachments,Low,Informal,FALSE,,SYNTHETIC,POLICE_GD_ATTACHMENTS_F02,Medium,FALSE,Reviewed independent pilot seed retained for canonical expansion.
PGDX_0089,এটা নিয়ে সাহায্য দরকার: complaint-এর proof upload করা যাবে?,POLICE_GD,POLICE_GD_FILING,GD Filing and Submission,POLICE_GD_ATTACHMENTS,GD Supporting Documents and Attachments,Low,Informal,FALSE,,PARAPHRASED,POLICE_GD_ATTACHMENTS_F02,Medium,FALSE,Controlled paraphrase 1 of reviewed independent seed; family preserved; automated validation complete.
PGDX_0090,এই বিষয়ে সহায়তা চাই: complaint-এর proof upload করা যাবে?,POLICE_GD,POLICE_GD_FILING,GD Filing and Submission,POLICE_GD_ATTACHMENTS,GD Supporting Documents and Attachments,Low,Informal,FALSE,,PARAPHRASED,POLICE_GD_ATTACHMENTS_F02,Medium,FALSE,Controlled paraphrase 2 of reviewed independent seed; family preserved; automated validation complete.
PGDX_0091,online GD te supporting document attach korbo kivabe?,POLICE_GD,POLICE_GD_FILING,GD Filing and Submission,POLICE_GD_ATTACHMENTS,GD Supporting Documents and Attachments,Low,Mixed,FALSE,,SYNTHETIC,POLICE_GD_ATTACHMENTS_F03,Medium,FALSE,Reviewed independent pilot seed retained for canonical expansion.
PGDX_0092,I am trying to understand this: online GD te supporting document attach korbo kon process e?,POLICE_GD,POLICE_GD_FILING,GD Filing and Submission,POLICE_GD_ATTACHMENTS,GD Supporting Documents and Attachments,Low,Mixed,FALSE,,PARAPHRASED,POLICE_GD_ATTACHMENTS_F03,Medium,FALSE,Controlled paraphrase 1 of reviewed independent seed; family preserved; automated validation complete.
PGDX_0093,I need guidance on this: online GD te supporting document attach korbo kon process e?,POLICE_GD,POLICE_GD_FILING,GD Filing and Submission,POLICE_GD_ATTACHMENTS,GD Supporting Documents and Attachments,Low,Mixed,FALSE,,PARAPHRASED,POLICE_GD_ATTACHMENTS_F03,Medium,FALSE,Controlled paraphrase 2 of reviewed independent seed; family preserved; automated validation complete.
PGDX_0094,ঘটনার একটি image আছে—application-এর কোন ধাপে attachment দেব?,POLICE_GD,POLICE_GD_FILING,GD Filing and Submission,POLICE_GD_ATTACHMENTS,GD Supporting Documents and Attachments,Low,Mixed,FALSE,,SYNTHETIC,POLICE_GD_ATTACHMENTS_F04,Hard,FALSE,Reviewed independent pilot seed retained for canonical expansion.
PGDX_0095,ঘটনার একটি image আছে—application-এর কোন ধাপে attachment দেব—নিয়মটা জানাবেন?,POLICE_GD,POLICE_GD_FILING,GD Filing and Submission,POLICE_GD_ATTACHMENTS,GD Supporting Documents and Attachments,Low,Mixed,FALSE,,PARAPHRASED,POLICE_GD_ATTACHMENTS_F04,Hard,FALSE,Controlled paraphrase 1 of reviewed independent seed; family preserved; automated validation complete.
PGDX_0096,"ঘটনার একটি image আছে—application-এর কোন ধাপে attachment দেব, একটু বুঝিয়ে বলবেন?",POLICE_GD,POLICE_GD_FILING,GD Filing and Submission,POLICE_GD_ATTACHMENTS,GD Supporting Documents and Attachments,Low,Mixed,FALSE,,PARAPHRASED,POLICE_GD_ATTACHMENTS_F04,Hard,FALSE,Controlled paraphrase 2 of reviewed independent seed; family preserved; automated validation complete.
PGDX_0097,জিডিতে ঘটনার সময় ও স্থান কীভাবে লিখব?,POLICE_GD,POLICE_GD_FILING,GD Filing and Submission,POLICE_GD_INCIDENT_DETAILS,"Incident Time, Place and Description",Low,Formal,FALSE,,SYNTHETIC,POLICE_GD_INCIDENT_DETAILS_F01,Easy,FALSE,Reviewed independent pilot seed retained for canonical expansion.
PGDX_0098,আমার ক্ষেত্রে জিডিতে ঘটনার সময় ও স্থান কোন প্রক্রিয়ায় লিখব?,POLICE_GD,POLICE_GD_FILING,GD Filing and Submission,POLICE_GD_INCIDENT_DETAILS,"Incident Time, Place and Description",Low,Formal,FALSE,,PARAPHRASED,POLICE_GD_INCIDENT_DETAILS_F01,Easy,FALSE,Controlled paraphrase 1 of reviewed independent seed; family preserved; automated validation complete.
PGDX_0099,জিডিতে ঘটনার সময় ও স্থান কোন প্রক্রিয়ায় লিখব; পরের ধাপটা কী?,POLICE_GD,POLICE_GD_FILING,GD Filing and Submission,POLICE_GD_INCIDENT_DETAILS,"Incident Time, Place and Description",Low,Formal,FALSE,,PARAPHRASED,POLICE_GD_INCIDENT_DETAILS_F01,Easy,FALSE,Controlled paraphrase 2 of reviewed independent seed; family preserved; automated validation complete.
PGDX_0100,incident description-এ কতটা detail দেব?,POLICE_GD,POLICE_GD_FILING,GD Filing and Submission,POLICE_GD_INCIDENT_DETAILS,"Incident Time, Place and Description",Low,Informal,FALSE,,SYNTHETIC,POLICE_GD_INCIDENT_DETAILS_F02,Medium,FALSE,Reviewed independent pilot seed retained for canonical expansion.
PGDX_0101,এটা নিয়ে সাহায্য দরকার: incident description-এ কতটা detail দেব?,POLICE_GD,POLICE_GD_FILING,GD Filing and Submission,POLICE_GD_INCIDENT_DETAILS,"Incident Time, Place and Description",Low,Informal,FALSE,,PARAPHRASED,POLICE_GD_INCIDENT_DETAILS_F02,Medium,FALSE,Controlled paraphrase 1 of reviewed independent seed; family preserved; automated validation complete.
PGDX_0102,এই বিষয়ে সহায়তা চাই: incident description-এ কতটা detail দেব?,POLICE_GD,POLICE_GD_FILING,GD Filing and Submission,POLICE_GD_INCIDENT_DETAILS,"Incident Time, Place and Description",Low,Informal,FALSE,,PARAPHRASED,POLICE_GD_INCIDENT_DETAILS_F02,Medium,FALSE,Controlled paraphrase 2 of reviewed independent seed; family preserved; automated validation complete.
PGDX_0103,GD te ghotonar jayga o shomoy kivabe mention korbo?,POLICE_GD,POLICE_GD_FILING,GD Filing and Submission,POLICE_GD_INCIDENT_DETAILS,"Incident Time, Place and Description",Low,Mixed,FALSE,,SYNTHETIC,POLICE_GD_INCIDENT_DETAILS_F03,Medium,FALSE,Reviewed independent pilot seed retained for canonical expansion.
PGDX_0104,I am trying to understand this: GD te ghotonar jayga o shomoy kon process e mention korbo?,POLICE_GD,POLICE_GD_FILING,GD Filing and Submission,POLICE_GD_INCIDENT_DETAILS,"Incident Time, Place and Description",Low,Mixed,FALSE,,PARAPHRASED,POLICE_GD_INCIDENT_DETAILS_F03,Medium,FALSE,Controlled paraphrase 1 of reviewed independent seed; family preserved; automated validation complete.
PGDX_0105,I need guidance on this: GD te ghotonar jayga o shomoy kon process e mention korbo?,POLICE_GD,POLICE_GD_FILING,GD Filing and Submission,POLICE_GD_INCIDENT_DETAILS,"Incident Time, Place and Description",Low,Mixed,FALSE,,PARAPHRASED,POLICE_GD_INCIDENT_DETAILS_F03,Medium,FALSE,Controlled paraphrase 2 of reviewed independent seed; family preserved; automated validation complete.
PGDX_0106,ঘটনাটা কয়েক ধাপে হয়েছে—complaint narrative কীভাবে সাজাব?,POLICE_GD,POLICE_GD_FILING,GD Filing and Submission,POLICE_GD_INCIDENT_DETAILS,"Incident Time, Place and Description",Low,Mixed,FALSE,,SYNTHETIC,POLICE_GD_INCIDENT_DETAILS_F04,Hard,FALSE,Reviewed independent pilot seed retained for canonical expansion.
PGDX_0107,ঘটনাটা কয়েক ধাপে হয়েছে—complaint narrative কোন প্রক্রিয়ায় সাজাব—নিয়মটা জানাবেন?,POLICE_GD,POLICE_GD_FILING,GD Filing and Submission,POLICE_GD_INCIDENT_DETAILS,"Incident Time, Place and Description",Low,Mixed,FALSE,,PARAPHRASED,POLICE_GD_INCIDENT_DETAILS_F04,Hard,FALSE,Controlled paraphrase 1 of reviewed independent seed; family preserved; automated validation complete.
PGDX_0108,"ঘটনাটা কয়েক ধাপে হয়েছে—complaint narrative কোন প্রক্রিয়ায় সাজাব, একটু বুঝিয়ে বলবেন?",POLICE_GD,POLICE_GD_FILING,GD Filing and Submission,POLICE_GD_INCIDENT_DETAILS,"Incident Time, Place and Description",Low,Mixed,FALSE,,PARAPHRASED,POLICE_GD_INCIDENT_DETAILS_F04,Hard,FALSE,Controlled paraphrase 2 of reviewed independent seed; family preserved; automated validation complete.
PGDX_0109,জিডির জন্য কোন থানা নির্বাচন করব?,POLICE_GD,POLICE_GD_FILING,GD Filing and Submission,POLICE_GD_JURISDICTION,Police Station and Jurisdiction Selection,Low,Formal,FALSE,,SYNTHETIC,POLICE_GD_JURISDICTION_F01,Easy,FALSE,Reviewed independent pilot seed retained for canonical expansion.
PGDX_0110,আমার ক্ষেত্রে জিডির জন্য কোন থানা নির্বাচন করতে হবে?,POLICE_GD,POLICE_GD_FILING,GD Filing and Submission,POLICE_GD_JURISDICTION,Police Station and Jurisdiction Selection,Low,Formal,FALSE,,PARAPHRASED,POLICE_GD_JURISDICTION_F01,Easy,FALSE,Controlled paraphrase 1 of reviewed independent seed; family preserved; automated validation complete.
PGDX_0111,জিডির জন্য কোন থানা নির্বাচন করতে হবে; পরের ধাপটা কী?,POLICE_GD,POLICE_GD_FILING,GD Filing and Submission,POLICE_GD_JURISDICTION,Police Station and Jurisdiction Selection,Low,Formal,FALSE,,PARAPHRASED,POLICE_GD_JURISDICTION_F01,Easy,FALSE,Controlled paraphrase 2 of reviewed independent seed; family preserved; automated validation complete.
PGDX_0112,"ঘটনা অন্য এলাকায় হয়েছে, কোন police station select হবে?",POLICE_GD,POLICE_GD_FILING,GD Filing and Submission,POLICE_GD_JURISDICTION,Police Station and Jurisdiction Selection,Low,Informal,FALSE,,SYNTHETIC,POLICE_GD_JURISDICTION_F02,Medium,FALSE,Reviewed independent pilot seed retained for canonical expansion.
PGDX_0113,"এটা নিয়ে সাহায্য দরকার: ঘটনা অন্য এলাকায় হয়েছে, কোন police station select হবে?",POLICE_GD,POLICE_GD_FILING,GD Filing and Submission,POLICE_GD_JURISDICTION,Police Station and Jurisdiction Selection,Low,Informal,FALSE,,PARAPHRASED,POLICE_GD_JURISDICTION_F02,Medium,FALSE,Controlled paraphrase 1 of reviewed independent seed; family preserved; automated validation complete.
PGDX_0114,"এই বিষয়ে সহায়তা চাই: ঘটনা অন্য এলাকায় হয়েছে, কোন police station select হবে?",POLICE_GD,POLICE_GD_FILING,GD Filing and Submission,POLICE_GD_JURISDICTION,Police Station and Jurisdiction Selection,Low,Informal,FALSE,,PARAPHRASED,POLICE_GD_JURISDICTION_F02,Medium,FALSE,Controlled paraphrase 2 of reviewed independent seed; family preserved; automated validation complete.
PGDX_0115,online GD te district thana choose korbo kivabe?,POLICE_GD,POLICE_GD_FILING,GD Filing and Submission,POLICE_GD_JURISDICTION,Police Station and Jurisdiction Selection,Low,Mixed,FALSE,,SYNTHETIC,POLICE_GD_JURISDICTION_F03,Medium,FALSE,Reviewed independent pilot seed retained for canonical expansion.
PGDX_0116,I am trying to understand this: online GD te district thana choose korbo kon process e?,POLICE_GD,POLICE_GD_FILING,GD Filing and Submission,POLICE_GD_JURISDICTION,Police Station and Jurisdiction Selection,Low,Mixed,FALSE,,PARAPHRASED,POLICE_GD_JURISDICTION_F03,Medium,FALSE,Controlled paraphrase 1 of reviewed independent seed; family preserved; automated validation complete.
PGDX_0117,I need guidance on this: online GD te district thana choose korbo kon process e?,POLICE_GD,POLICE_GD_FILING,GD Filing and Submission,POLICE_GD_JURISDICTION,Police Station and Jurisdiction Selection,Low,Mixed,FALSE,,PARAPHRASED,POLICE_GD_JURISDICTION_F03,Medium,FALSE,Controlled paraphrase 2 of reviewed independent seed; family preserved; automated validation complete.
PGDX_0118,বাসা এক থানায় আর ঘটনাস্থল অন্য থানায়—application কোন jurisdiction-এ দেব?,POLICE_GD,POLICE_GD_FILING,GD Filing and Submission,POLICE_GD_JURISDICTION,Police Station and Jurisdiction Selection,Low,Mixed,FALSE,,SYNTHETIC,POLICE_GD_JURISDICTION_F04,Hard,FALSE,Reviewed independent pilot seed retained for canonical expansion.
PGDX_0119,বাসা এক থানায় আর ঘটনাস্থল অন্য থানায়—application কোন jurisdiction-এ দেব—নিয়মটা জানাবেন?,POLICE_GD,POLICE_GD_FILING,GD Filing and Submission,POLICE_GD_JURISDICTION,Police Station and Jurisdiction Selection,Low,Mixed,FALSE,,PARAPHRASED,POLICE_GD_JURISDICTION_F04,Hard,FALSE,Controlled paraphrase 1 of reviewed independent seed; family preserved; automated validation complete.
PGDX_0120,"বাসা এক থানায় আর ঘটনাস্থল অন্য থানায়—application কোন jurisdiction-এ দেব, একটু বুঝিয়ে বলবেন?",POLICE_GD,POLICE_GD_FILING,GD Filing and Submission,POLICE_GD_JURISDICTION,Police Station and Jurisdiction Selection,Low,Mixed,FALSE,,PARAPHRASED,POLICE_GD_JURISDICTION_F04,Hard,FALSE,Controlled paraphrase 2 of reviewed independent seed; family preserved; automated validation complete.
PGDX_0121,অনলাইন GD complaint জমা দেওয়ার আগে পরিচয় যাচাইয়ের জন্য কী কী প্রয়োজন?,POLICE_GD,POLICE_GD_FILING,GD Filing and Submission,POLICE_GD_IDENTITY_REQUIREMENTS,Online GD Identity and Registration Requirements,Low,Formal,FALSE,,SYNTHETIC,POLICE_GD_IDENTITY_REQUIREMENTS_F01,Easy,FALSE,Reviewed independent pilot seed retained for canonical expansion.
PGDX_0122,আমার ক্ষেত্রে অনলাইন GD complaint জমা দেওয়ার আগে পরিচয় যাচাইয়ের জন্য কোন কোন প্রয়োজন?,POLICE_GD,POLICE_GD_FILING,GD Filing and Submission,POLICE_GD_IDENTITY_REQUIREMENTS,Online GD Identity and Registration Requirements,Low,Formal,FALSE,,PARAPHRASED,POLICE_GD_IDENTITY_REQUIREMENTS_F01,Easy,FALSE,Controlled paraphrase 1 of reviewed independent seed; family preserved; automated validation complete.
PGDX_0123,অনলাইন GD complaint জমা দেওয়ার আগে পরিচয় যাচাইয়ের জন্য কোন কোন প্রয়োজন; পরের ধাপটা কী?,POLICE_GD,POLICE_GD_FILING,GD Filing and Submission,POLICE_GD_IDENTITY_REQUIREMENTS,Online GD Identity and Registration Requirements,Low,Formal,FALSE,,PARAPHRASED,POLICE_GD_IDENTITY_REQUIREMENTS_F01,Easy,FALSE,Controlled paraphrase 2 of reviewed independent seed; family preserved; automated validation complete.
PGDX_0124,Online GD complaint submit করার আগে কোন identity information verify করতে হয়?,POLICE_GD,POLICE_GD_FILING,GD Filing and Submission,POLICE_GD_IDENTITY_REQUIREMENTS,Online GD Identity and Registration Requirements,Low,Informal,FALSE,,SYNTHETIC,POLICE_GD_IDENTITY_REQUIREMENTS_F02,Medium,FALSE,Reviewed independent pilot seed retained for canonical expansion.
PGDX_0125,এটা নিয়ে সাহায্য দরকার: Online GD complaint submit করার আগে কোন identity information verify করতে হয়?,POLICE_GD,POLICE_GD_FILING,GD Filing and Submission,POLICE_GD_IDENTITY_REQUIREMENTS,Online GD Identity and Registration Requirements,Low,Informal,FALSE,,PARAPHRASED,POLICE_GD_IDENTITY_REQUIREMENTS_F02,Medium,FALSE,Controlled paraphrase 1 of reviewed independent seed; family preserved; automated validation complete.
PGDX_0126,এই বিষয়ে সহায়তা চাই: Online GD complaint submit করার আগে কোন identity information verify করতে হয়?,POLICE_GD,POLICE_GD_FILING,GD Filing and Submission,POLICE_GD_IDENTITY_REQUIREMENTS,Online GD Identity and Registration Requirements,Low,Informal,FALSE,,PARAPHRASED,POLICE_GD_IDENTITY_REQUIREMENTS_F02,Medium,FALSE,Controlled paraphrase 2 of reviewed independent seed; family preserved; automated validation complete.
PGDX_0127,online GD complaint submit korte identity verification er requirements ki ki?,POLICE_GD,POLICE_GD_FILING,GD Filing and Submission,POLICE_GD_IDENTITY_REQUIREMENTS,Online GD Identity and Registration Requirements,Low,Mixed,FALSE,,SYNTHETIC,POLICE_GD_IDENTITY_REQUIREMENTS_F03,Medium,FALSE,Reviewed independent pilot seed retained for canonical expansion.
PGDX_0128,I am trying to understand this: online GD complaint submit korte identity verification er requirements kon kon jinis?,POLICE_GD,POLICE_GD_FILING,GD Filing and Submission,POLICE_GD_IDENTITY_REQUIREMENTS,Online GD Identity and Registration Requirements,Low,Mixed,FALSE,,PARAPHRASED,POLICE_GD_IDENTITY_REQUIREMENTS_F03,Medium,FALSE,Controlled paraphrase 1 of reviewed independent seed; family preserved; automated validation complete.
PGDX_0129,I need guidance on this: online GD complaint submit korte identity verification er requirements kon kon jinis?,POLICE_GD,POLICE_GD_FILING,GD Filing and Submission,POLICE_GD_IDENTITY_REQUIREMENTS,Online GD Identity and Registration Requirements,Low,Mixed,FALSE,,PARAPHRASED,POLICE_GD_IDENTITY_REQUIREMENTS_F03,Medium,FALSE,Controlled paraphrase 2 of reviewed independent seed; family preserved; automated validation complete.
PGDX_0130,complaint file করার আগে user identity verification-এর কোন stepগুলো complete করতে হয়?,POLICE_GD,POLICE_GD_FILING,GD Filing and Submission,POLICE_GD_IDENTITY_REQUIREMENTS,Online GD Identity and Registration Requirements,Low,Mixed,FALSE,,SYNTHETIC,POLICE_GD_IDENTITY_REQUIREMENTS_F04,Hard,FALSE,Reviewed independent pilot seed retained for canonical expansion.
PGDX_0131,complaint file করার আগে user identity verification-এর কোন stepগুলো complete করতে হয়—নিয়মটা জানাবেন?,POLICE_GD,POLICE_GD_FILING,GD Filing and Submission,POLICE_GD_IDENTITY_REQUIREMENTS,Online GD Identity and Registration Requirements,Low,Mixed,FALSE,,PARAPHRASED,POLICE_GD_IDENTITY_REQUIREMENTS_F04,Hard,FALSE,Controlled paraphrase 1 of reviewed independent seed; family preserved; automated validation complete.
PGDX_0132,"complaint file করার আগে user identity verification-এর কোন stepগুলো complete করতে হয়, একটু বুঝিয়ে বলবেন?",POLICE_GD,POLICE_GD_FILING,GD Filing and Submission,POLICE_GD_IDENTITY_REQUIREMENTS,Online GD Identity and Registration Requirements,Low,Mixed,FALSE,,PARAPHRASED,POLICE_GD_IDENTITY_REQUIREMENTS_F04,Hard,FALSE,Controlled paraphrase 2 of reviewed independent seed; family preserved; automated validation complete.
PGDX_0133,গুরুত্বপূর্ণ কাগজপত্র হারিয়ে গেলে জিডি কীভাবে করব?,POLICE_GD,POLICE_GD_INCIDENT_TYPE,GD Incident and Item Type,POLICE_GD_LOST_DOCUMENT,Lost Document GD,Medium,Formal,FALSE,,SYNTHETIC,POLICE_GD_LOST_DOCUMENT_F01,Easy,FALSE,Reviewed independent pilot seed retained for canonical expansion.
PGDX_0134,আমার ক্ষেত্রে গুরুত্বপূর্ণ কাগজপত্র হারিয়ে গেলে জিডি কোন প্রক্রিয়ায় করব?,POLICE_GD,POLICE_GD_INCIDENT_TYPE,GD Incident and Item Type,POLICE_GD_LOST_DOCUMENT,Lost Document GD,Medium,Formal,FALSE,,PARAPHRASED,POLICE_GD_LOST_DOCUMENT_F01,Easy,FALSE,Controlled paraphrase 1 of reviewed independent seed; family preserved; automated validation complete.
PGDX_0135,গুরুত্বপূর্ণ কাগজপত্র হারিয়ে গেলে জিডি কীভাবে করতে হবে; পরের ধাপটা কী?,POLICE_GD,POLICE_GD_INCIDENT_TYPE,GD Incident and Item Type,POLICE_GD_LOST_DOCUMENT,Lost Document GD,Medium,Formal,FALSE,,PARAPHRASED,POLICE_GD_LOST_DOCUMENT_F01,Easy,FALSE,Controlled paraphrase 2 of reviewed independent seed; family preserved; automated validation complete.
PGDX_0136,"certificate হারিয়েছে, GD করতে চাই।",POLICE_GD,POLICE_GD_INCIDENT_TYPE,GD Incident and Item Type,POLICE_GD_LOST_DOCUMENT,Lost Document GD,Medium,Informal,FALSE,,SYNTHETIC,POLICE_GD_LOST_DOCUMENT_F02,Medium,FALSE,Reviewed independent pilot seed retained for canonical expansion.
PGDX_0137,"এটা নিয়ে সাহায্য দরকার: certificate হারিয়েছে, GD করতে প্রয়োজন?",POLICE_GD,POLICE_GD_INCIDENT_TYPE,GD Incident and Item Type,POLICE_GD_LOST_DOCUMENT,Lost Document GD,Medium,Informal,FALSE,,PARAPHRASED,POLICE_GD_LOST_DOCUMENT_F02,Medium,FALSE,Controlled paraphrase 1 of reviewed independent seed; family preserved; automated validation complete.
PGDX_0138,"certificate হারিয়েছে, GD করতে প্রয়োজন?",POLICE_GD,POLICE_GD_INCIDENT_TYPE,GD Incident and Item Type,POLICE_GD_LOST_DOCUMENT,Lost Document GD,Medium,Informal,FALSE,,PARAPHRASED,POLICE_GD_LOST_DOCUMENT_F02,Medium,FALSE,Controlled paraphrase 2 of reviewed independent seed; family preserved; automated validation complete.
PGDX_0139,lost document er jonno online GD file korbo kivabe?,POLICE_GD,POLICE_GD_INCIDENT_TYPE,GD Incident and Item Type,POLICE_GD_LOST_DOCUMENT,Lost Document GD,Medium,Mixed,FALSE,,SYNTHETIC,POLICE_GD_LOST_DOCUMENT_F03,Medium,FALSE,Reviewed independent pilot seed retained for canonical expansion.
PGDX_0140,I am trying to understand this: lost document er jonno online GD file korbo kon process e?,POLICE_GD,POLICE_GD_INCIDENT_TYPE,GD Incident and Item Type,POLICE_GD_LOST_DOCUMENT,Lost Document GD,Medium,Mixed,FALSE,,PARAPHRASED,POLICE_GD_LOST_DOCUMENT_F03,Medium,FALSE,Controlled paraphrase 1 of reviewed independent seed; family preserved; automated validation complete.
PGDX_0141,I need guidance on this: lost document er jonno online GD file korbo kon process e?,POLICE_GD,POLICE_GD_INCIDENT_TYPE,GD Incident and Item Type,POLICE_GD_LOST_DOCUMENT,Lost Document GD,Medium,Mixed,FALSE,,PARAPHRASED,POLICE_GD_LOST_DOCUMENT_F03,Medium,FALSE,Controlled paraphrase 2 of reviewed independent seed; family preserved; automated validation complete.
PGDX_0142,"একটি পরিচয়পত্র খুঁজে পাচ্ছি না, loss report হিসেবে কোন category নেব?",POLICE_GD,POLICE_GD_INCIDENT_TYPE,GD Incident and Item Type,POLICE_GD_LOST_DOCUMENT,Lost Document GD,Medium,Mixed,FALSE,,SYNTHETIC,POLICE_GD_LOST_DOCUMENT_F04,Hard,FALSE,Reviewed independent pilot seed retained for canonical expansion.
PGDX_0143,"একটি পরিচয়পত্র খুঁজে পাচ্ছি না, loss report হিসেবে কোন category নেব—নিয়মটা জানাবেন?",POLICE_GD,POLICE_GD_INCIDENT_TYPE,GD Incident and Item Type,POLICE_GD_LOST_DOCUMENT,Lost Document GD,Medium,Mixed,FALSE,,PARAPHRASED,POLICE_GD_LOST_DOCUMENT_F04,Hard,FALSE,Controlled paraphrase 1 of reviewed independent seed; family preserved; automated validation complete.
PGDX_0144,"একটি পরিচয়পত্র খুঁজে পাচ্ছি না, loss report হিসেবে কোন category নেব, একটু বুঝিয়ে বলবেন?",POLICE_GD,POLICE_GD_INCIDENT_TYPE,GD Incident and Item Type,POLICE_GD_LOST_DOCUMENT,Lost Document GD,Medium,Mixed,FALSE,,PARAPHRASED,POLICE_GD_LOST_DOCUMENT_F04,Hard,FALSE,Controlled paraphrase 2 of reviewed independent seed; family preserved; automated validation complete.
PGDX_0145,মোবাইল বা অন্য কোনো জিনিস হারালে জিডি কীভাবে করব?,POLICE_GD,POLICE_GD_INCIDENT_TYPE,GD Incident and Item Type,POLICE_GD_LOST_ITEM_DEVICE,Lost Item or Device GD,Medium,Formal,FALSE,,SYNTHETIC,POLICE_GD_LOST_ITEM_DEVICE_F01,Easy,FALSE,Reviewed independent pilot seed retained for canonical expansion.
PGDX_0146,আমার ক্ষেত্রে মোবাইল বা অন্য কোনো জিনিস হারালে জিডি কোন প্রক্রিয়ায় করব?,POLICE_GD,POLICE_GD_INCIDENT_TYPE,GD Incident and Item Type,POLICE_GD_LOST_ITEM_DEVICE,Lost Item or Device GD,Medium,Formal,FALSE,,PARAPHRASED,POLICE_GD_LOST_ITEM_DEVICE_F01,Easy,FALSE,Controlled paraphrase 1 of reviewed independent seed; family preserved; automated validation complete.
PGDX_0147,মোবাইল বা অন্য কোনো জিনিস হারালে জিডি কোন প্রক্রিয়ায় করব; পরের ধাপটা কী?,POLICE_GD,POLICE_GD_INCIDENT_TYPE,GD Incident and Item Type,POLICE_GD_LOST_ITEM_DEVICE,Lost Item or Device GD,Medium,Formal,FALSE,,PARAPHRASED,POLICE_GD_LOST_ITEM_DEVICE_F01,Easy,FALSE,Controlled paraphrase 2 of reviewed independent seed; family preserved; automated validation complete.
PGDX_0148,"আমার bag হারিয়েছে, online GD দিতে চাই।",POLICE_GD,POLICE_GD_INCIDENT_TYPE,GD Incident and Item Type,POLICE_GD_LOST_ITEM_DEVICE,Lost Item or Device GD,Medium,Informal,FALSE,,SYNTHETIC,POLICE_GD_LOST_ITEM_DEVICE_F02,Medium,FALSE,Reviewed independent pilot seed retained for canonical expansion.
PGDX_0149,"এটা নিয়ে সাহায্য দরকার: আমার bag হারিয়েছে, online GD দিতে প্রয়োজন?",POLICE_GD,POLICE_GD_INCIDENT_TYPE,GD Incident and Item Type,POLICE_GD_LOST_ITEM_DEVICE,Lost Item or Device GD,Medium,Informal,FALSE,,PARAPHRASED,POLICE_GD_LOST_ITEM_DEVICE_F02,Medium,FALSE,Controlled paraphrase 1 of reviewed independent seed; family preserved; automated validation complete.
PGDX_0150,"আমার bag হারিয়েছে, online GD দিতে প্রয়োজন?",POLICE_GD,POLICE_GD_INCIDENT_TYPE,GD Incident and Item Type,POLICE_GD_LOST_ITEM_DEVICE,Lost Item or Device GD,Medium,Informal,FALSE,,PARAPHRASED,POLICE_GD_LOST_ITEM_DEVICE_F02,Medium,FALSE,Controlled paraphrase 2 of reviewed independent seed; family preserved; automated validation complete.
PGDX_0151,lost device er GD category konta?,POLICE_GD,POLICE_GD_INCIDENT_TYPE,GD Incident and Item Type,POLICE_GD_LOST_ITEM_DEVICE,Lost Item or Device GD,Medium,Mixed,FALSE,,SYNTHETIC,POLICE_GD_LOST_ITEM_DEVICE_F03,Medium,FALSE,Reviewed independent pilot seed retained for canonical expansion.
PGDX_0152,I am trying to understand this: lost device er GD category konta?,POLICE_GD,POLICE_GD_INCIDENT_TYPE,GD Incident and Item Type,POLICE_GD_LOST_ITEM_DEVICE,Lost Item or Device GD,Medium,Mixed,FALSE,,PARAPHRASED,POLICE_GD_LOST_ITEM_DEVICE_F03,Medium,FALSE,Controlled paraphrase 1 of reviewed independent seed; family preserved; automated validation complete.
PGDX_0153,I need guidance on this: lost device er GD category konta?,POLICE_GD,POLICE_GD_INCIDENT_TYPE,GD Incident and Item Type,POLICE_GD_LOST_ITEM_DEVICE,Lost Item or Device GD,Medium,Mixed,FALSE,,PARAPHRASED,POLICE_GD_LOST_ITEM_DEVICE_F03,Medium,FALSE,Controlled paraphrase 2 of reviewed independent seed; family preserved; automated validation complete.
PGDX_0154,যাতায়াতের পথে একটি জিনিস পড়ে গেছে—loss complaint কীভাবে submit করব?,POLICE_GD,POLICE_GD_INCIDENT_TYPE,GD Incident and Item Type,POLICE_GD_LOST_ITEM_DEVICE,Lost Item or Device GD,Medium,Mixed,FALSE,,SYNTHETIC,POLICE_GD_LOST_ITEM_DEVICE_F04,Hard,FALSE,Reviewed independent pilot seed retained for canonical expansion.
PGDX_0155,যাতায়াতের পথে একটি জিনিস পড়ে গেছে—loss complaint কোন প্রক্রিয়ায় submit করব—নিয়মটা জানাবেন?,POLICE_GD,POLICE_GD_INCIDENT_TYPE,GD Incident and Item Type,POLICE_GD_LOST_ITEM_DEVICE,Lost Item or Device GD,Medium,Mixed,FALSE,,PARAPHRASED,POLICE_GD_LOST_ITEM_DEVICE_F04,Hard,FALSE,Controlled paraphrase 1 of reviewed independent seed; family preserved; automated validation complete.
PGDX_0156,"যাতায়াতের পথে একটি জিনিস পড়ে গেছে—loss complaint কোন প্রক্রিয়ায় submit করব, একটু বুঝিয়ে বলবেন?",POLICE_GD,POLICE_GD_INCIDENT_TYPE,GD Incident and Item Type,POLICE_GD_LOST_ITEM_DEVICE,Lost Item or Device GD,Medium,Mixed,FALSE,,PARAPHRASED,POLICE_GD_LOST_ITEM_DEVICE_F04,Hard,FALSE,Controlled paraphrase 2 of reviewed independent seed; family preserved; automated validation complete.
PGDX_0157,জিনিস চুরি হলে অনলাইন GD-তে কোন incident category নির্বাচন করব?,POLICE_GD,POLICE_GD_INCIDENT_TYPE,GD Incident and Item Type,POLICE_GD_STOLEN_ITEM,Stolen Item GD/Complaint,Medium,Formal,FALSE,,SYNTHETIC,POLICE_GD_STOLEN_ITEM_F01,Easy,FALSE,Reviewed independent pilot seed retained for canonical expansion.
PGDX_0158,আমার ক্ষেত্রে জিনিস চুরি হলে অনলাইন GD-তে কোন incident category নির্বাচন করতে হবে?,POLICE_GD,POLICE_GD_INCIDENT_TYPE,GD Incident and Item Type,POLICE_GD_STOLEN_ITEM,Stolen Item GD/Complaint,Medium,Formal,FALSE,,PARAPHRASED,POLICE_GD_STOLEN_ITEM_F01,Easy,FALSE,Controlled paraphrase 1 of reviewed independent seed; family preserved; automated validation complete.
PGDX_0159,জিনিস চুরি হলে অনলাইন GD-তে কোন incident category নির্বাচন করতে হবে; পরের ধাপটা কী?,POLICE_GD,POLICE_GD_INCIDENT_TYPE,GD Incident and Item Type,POLICE_GD_STOLEN_ITEM,Stolen Item GD/Complaint,Medium,Formal,FALSE,,PARAPHRASED,POLICE_GD_STOLEN_ITEM_F01,Easy,FALSE,Controlled paraphrase 2 of reviewed independent seed; family preserved; automated validation complete.
PGDX_0160,phone stolen হলে কোন complaint category ব্যবহার করব?,POLICE_GD,POLICE_GD_INCIDENT_TYPE,GD Incident and Item Type,POLICE_GD_STOLEN_ITEM,Stolen Item GD/Complaint,Medium,Informal,FALSE,,SYNTHETIC,POLICE_GD_STOLEN_ITEM_F02,Medium,FALSE,Reviewed independent pilot seed retained for canonical expansion.
PGDX_0161,এটা নিয়ে সাহায্য দরকার: phone stolen হলে কোন complaint category ব্যবহার করতে হবে?,POLICE_GD,POLICE_GD_INCIDENT_TYPE,GD Incident and Item Type,POLICE_GD_STOLEN_ITEM,Stolen Item GD/Complaint,Medium,Informal,FALSE,,PARAPHRASED,POLICE_GD_STOLEN_ITEM_F02,Medium,FALSE,Controlled paraphrase 1 of reviewed independent seed; family preserved; automated validation complete.
PGDX_0162,phone stolen হলে কোন complaint category ব্যবহার করতে হবে?,POLICE_GD,POLICE_GD_INCIDENT_TYPE,GD Incident and Item Type,POLICE_GD_STOLEN_ITEM,Stolen Item GD/Complaint,Medium,Informal,FALSE,,PARAPHRASED,POLICE_GD_STOLEN_ITEM_F02,Medium,FALSE,Controlled paraphrase 2 of reviewed independent seed; family preserved; automated validation complete.
PGDX_0163,churi jawa item er jonno kon GD category select korbo?,POLICE_GD,POLICE_GD_INCIDENT_TYPE,GD Incident and Item Type,POLICE_GD_STOLEN_ITEM,Stolen Item GD/Complaint,Medium,Mixed,FALSE,,SYNTHETIC,POLICE_GD_STOLEN_ITEM_F03,Medium,FALSE,Reviewed independent pilot seed retained for canonical expansion.
PGDX_0164,I am trying to understand this: churi jawa item er jonno kon GD category select korte hobe?,POLICE_GD,POLICE_GD_INCIDENT_TYPE,GD Incident and Item Type,POLICE_GD_STOLEN_ITEM,Stolen Item GD/Complaint,Medium,Mixed,FALSE,,PARAPHRASED,POLICE_GD_STOLEN_ITEM_F03,Medium,FALSE,Controlled paraphrase 1 of reviewed independent seed; family preserved; automated validation complete.
PGDX_0165,I need guidance on this: churi jawa item er jonno kon GD category select korte hobe?,POLICE_GD,POLICE_GD_INCIDENT_TYPE,GD Incident and Item Type,POLICE_GD_STOLEN_ITEM,Stolen Item GD/Complaint,Medium,Mixed,FALSE,,PARAPHRASED,POLICE_GD_STOLEN_ITEM_F03,Medium,FALSE,Controlled paraphrase 2 of reviewed independent seed; family preserved; automated validation complete.
PGDX_0166,wallet চুরি হয়েছে—online report-এ stolen item category কোনটি?,POLICE_GD,POLICE_GD_INCIDENT_TYPE,GD Incident and Item Type,POLICE_GD_STOLEN_ITEM,Stolen Item GD/Complaint,Medium,Mixed,FALSE,,SYNTHETIC,POLICE_GD_STOLEN_ITEM_F04,Hard,FALSE,Reviewed independent pilot seed retained for canonical expansion.
PGDX_0167,wallet চুরি হয়েছে—online report-এ stolen item category কোনটি—নিয়মটা জানাবেন?,POLICE_GD,POLICE_GD_INCIDENT_TYPE,GD Incident and Item Type,POLICE_GD_STOLEN_ITEM,Stolen Item GD/Complaint,Medium,Mixed,FALSE,,PARAPHRASED,POLICE_GD_STOLEN_ITEM_F04,Hard,FALSE,Controlled paraphrase 1 of reviewed independent seed; family preserved; automated validation complete.
PGDX_0168,"wallet চুরি হয়েছে—online report-এ stolen item category কোনটি, একটু বুঝিয়ে বলবেন?",POLICE_GD,POLICE_GD_INCIDENT_TYPE,GD Incident and Item Type,POLICE_GD_STOLEN_ITEM,Stolen Item GD/Complaint,Medium,Mixed,FALSE,,PARAPHRASED,POLICE_GD_STOLEN_ITEM_F04,Hard,FALSE,Controlled paraphrase 2 of reviewed independent seed; family preserved; automated validation complete.
PGDX_0169,কুড়িয়ে পাওয়া জিনিস report করতে কোন GD category নির্বাচন করব?,POLICE_GD,POLICE_GD_INCIDENT_TYPE,GD Incident and Item Type,POLICE_GD_FOUND_ITEM,Found Item Report,Medium,Formal,FALSE,,SYNTHETIC,POLICE_GD_FOUND_ITEM_F01,Easy,FALSE,Reviewed independent pilot seed retained for canonical expansion.
PGDX_0170,আমার ক্ষেত্রে কুড়িয়ে পাওয়া জিনিস report করতে কোন GD category নির্বাচন করতে হবে?,POLICE_GD,POLICE_GD_INCIDENT_TYPE,GD Incident and Item Type,POLICE_GD_FOUND_ITEM,Found Item Report,Medium,Formal,FALSE,,PARAPHRASED,POLICE_GD_FOUND_ITEM_F01,Easy,FALSE,Controlled paraphrase 1 of reviewed independent seed; family preserved; automated validation complete.
PGDX_0171,কুড়িয়ে পাওয়া জিনিস report করতে কোন GD category নির্বাচন করতে হবে; পরের ধাপটা কী?,POLICE_GD,POLICE_GD_INCIDENT_TYPE,GD Incident and Item Type,POLICE_GD_FOUND_ITEM,Found Item Report,Medium,Formal,FALSE,,PARAPHRASED,POLICE_GD_FOUND_ITEM_F01,Easy,FALSE,Controlled paraphrase 2 of reviewed independent seed; family preserved; automated validation complete.
PGDX_0172,একটা lost phone পেয়েছি—found item হিসেবে কোন category select করব?,POLICE_GD,POLICE_GD_INCIDENT_TYPE,GD Incident and Item Type,POLICE_GD_FOUND_ITEM,Found Item Report,Medium,Informal,FALSE,,SYNTHETIC,POLICE_GD_FOUND_ITEM_F02,Medium,FALSE,Reviewed independent pilot seed retained for canonical expansion.
PGDX_0173,এটা নিয়ে সাহায্য দরকার: একটা lost phone পেয়েছি—found item হিসেবে কোন category select করতে হবে?,POLICE_GD,POLICE_GD_INCIDENT_TYPE,GD Incident and Item Type,POLICE_GD_FOUND_ITEM,Found Item Report,Medium,Informal,FALSE,,PARAPHRASED,POLICE_GD_FOUND_ITEM_F02,Medium,FALSE,Controlled paraphrase 1 of reviewed independent seed; family preserved; automated validation complete.
PGDX_0174,একটা lost phone পেয়েছি—found item হিসেবে কোন category select করতে হবে?,POLICE_GD,POLICE_GD_INCIDENT_TYPE,GD Incident and Item Type,POLICE_GD_FOUND_ITEM,Found Item Report,Medium,Informal,FALSE,,PARAPHRASED,POLICE_GD_FOUND_ITEM_F02,Medium,FALSE,Controlled paraphrase 2 of reviewed independent seed; family preserved; automated validation complete.
PGDX_0175,found item er jonno kon report category select korbo?,POLICE_GD,POLICE_GD_INCIDENT_TYPE,GD Incident and Item Type,POLICE_GD_FOUND_ITEM,Found Item Report,Medium,Mixed,FALSE,,SYNTHETIC,POLICE_GD_FOUND_ITEM_F03,Medium,FALSE,Reviewed independent pilot seed retained for canonical expansion.
PGDX_0176,I am trying to understand this: found item er jonno kon report category select korte hobe?,POLICE_GD,POLICE_GD_INCIDENT_TYPE,GD Incident and Item Type,POLICE_GD_FOUND_ITEM,Found Item Report,Medium,Mixed,FALSE,,PARAPHRASED,POLICE_GD_FOUND_ITEM_F03,Medium,FALSE,Controlled paraphrase 1 of reviewed independent seed; family preserved; automated validation complete.
PGDX_0177,I need guidance on this: found item er jonno kon report category select korte hobe?,POLICE_GD,POLICE_GD_INCIDENT_TYPE,GD Incident and Item Type,POLICE_GD_FOUND_ITEM,Found Item Report,Medium,Mixed,FALSE,,PARAPHRASED,POLICE_GD_FOUND_ITEM_F03,Medium,FALSE,Controlled paraphrase 2 of reviewed independent seed; family preserved; automated validation complete.
PGDX_0178,রাস্তায় একটি ব্যাগ পেয়েছি—found property category কোনটি?,POLICE_GD,POLICE_GD_INCIDENT_TYPE,GD Incident and Item Type,POLICE_GD_FOUND_ITEM,Found Item Report,Medium,Mixed,FALSE,,SYNTHETIC,POLICE_GD_FOUND_ITEM_F04,Hard,FALSE,Reviewed independent pilot seed retained for canonical expansion.
PGDX_0179,রাস্তায় একটি ব্যাগ পেয়েছি—found property category কোনটি—নিয়মটা জানাবেন?,POLICE_GD,POLICE_GD_INCIDENT_TYPE,GD Incident and Item Type,POLICE_GD_FOUND_ITEM,Found Item Report,Medium,Mixed,FALSE,,PARAPHRASED,POLICE_GD_FOUND_ITEM_F04,Hard,FALSE,Controlled paraphrase 1 of reviewed independent seed; family preserved; automated validation complete.
PGDX_0180,"রাস্তায় একটি ব্যাগ পেয়েছি—found property category কোনটি, একটু বুঝিয়ে বলবেন?",POLICE_GD,POLICE_GD_INCIDENT_TYPE,GD Incident and Item Type,POLICE_GD_FOUND_ITEM,Found Item Report,Medium,Mixed,FALSE,,PARAPHRASED,POLICE_GD_FOUND_ITEM_F04,Hard,FALSE,Controlled paraphrase 2 of reviewed independent seed; family preserved; automated validation complete.
PGDX_0181,"হারানো, চুরি বা পাওয়া জিনিস নয়—এমন ঘটনার জন্য কোন GD category ব্যবহার করব?",POLICE_GD,POLICE_GD_INCIDENT_TYPE,GD Incident and Item Type,POLICE_GD_OTHER_INCIDENT,Other Non-Emergency GD Complaint,Medium,Formal,FALSE,,SYNTHETIC,POLICE_GD_OTHER_INCIDENT_F01,Easy,FALSE,Reviewed independent pilot seed retained for canonical expansion.
PGDX_0182,"আমার ক্ষেত্রে হারানো, চুরি বা পাওয়া জিনিস নয়—এমন ঘটনার জন্য কোন GD category ব্যবহার করতে হবে?",POLICE_GD,POLICE_GD_INCIDENT_TYPE,GD Incident and Item Type,POLICE_GD_OTHER_INCIDENT,Other Non-Emergency GD Complaint,Medium,Formal,FALSE,,PARAPHRASED,POLICE_GD_OTHER_INCIDENT_F01,Easy,FALSE,Controlled paraphrase 1 of reviewed independent seed; family preserved; automated validation complete.
PGDX_0183,"হারানো, চুরি বা পাওয়া জিনিস নয়—এমন ঘটনার জন্য কোন GD category ব্যবহার করতে হবে; পরের ধাপটা কী?",POLICE_GD,POLICE_GD_INCIDENT_TYPE,GD Incident and Item Type,POLICE_GD_OTHER_INCIDENT,Other Non-Emergency GD Complaint,Medium,Formal,FALSE,,PARAPHRASED,POLICE_GD_OTHER_INCIDENT_F01,Easy,FALSE,Controlled paraphrase 2 of reviewed independent seed; family preserved; automated validation complete.
PGDX_0184,non-emergency incident টি কোন other complaint category-তে পড়ে?,POLICE_GD,POLICE_GD_INCIDENT_TYPE,GD Incident and Item Type,POLICE_GD_OTHER_INCIDENT,Other Non-Emergency GD Complaint,Medium,Informal,FALSE,,SYNTHETIC,POLICE_GD_OTHER_INCIDENT_F02,Medium,FALSE,Reviewed independent pilot seed retained for canonical expansion.
PGDX_0185,এটা নিয়ে সাহায্য দরকার: non-emergency incident টি কোন other complaint category-তে পড়ে?,POLICE_GD,POLICE_GD_INCIDENT_TYPE,GD Incident and Item Type,POLICE_GD_OTHER_INCIDENT,Other Non-Emergency GD Complaint,Medium,Informal,FALSE,,PARAPHRASED,POLICE_GD_OTHER_INCIDENT_F02,Medium,FALSE,Controlled paraphrase 1 of reviewed independent seed; family preserved; automated validation complete.
PGDX_0186,এই বিষয়ে সহায়তা চাই: non-emergency incident টি কোন other complaint category-তে পড়ে?,POLICE_GD,POLICE_GD_INCIDENT_TYPE,GD Incident and Item Type,POLICE_GD_OTHER_INCIDENT,Other Non-Emergency GD Complaint,Medium,Informal,FALSE,,PARAPHRASED,POLICE_GD_OTHER_INCIDENT_F02,Medium,FALSE,Controlled paraphrase 2 of reviewed independent seed; family preserved; automated validation complete.
PGDX_0187,other non-emergency complaint er jonno kon GD category select korbo?,POLICE_GD,POLICE_GD_INCIDENT_TYPE,GD Incident and Item Type,POLICE_GD_OTHER_INCIDENT,Other Non-Emergency GD Complaint,Medium,Mixed,FALSE,,SYNTHETIC,POLICE_GD_OTHER_INCIDENT_F03,Medium,FALSE,Reviewed independent pilot seed retained for canonical expansion.
PGDX_0188,I am trying to understand this: other non-emergency complaint er jonno kon GD category select korte hobe?,POLICE_GD,POLICE_GD_INCIDENT_TYPE,GD Incident and Item Type,POLICE_GD_OTHER_INCIDENT,Other Non-Emergency GD Complaint,Medium,Mixed,FALSE,,PARAPHRASED,POLICE_GD_OTHER_INCIDENT_F03,Medium,FALSE,Controlled paraphrase 1 of reviewed independent seed; family preserved; automated validation complete.
PGDX_0189,I need guidance on this: other non-emergency complaint er jonno kon GD category select korte hobe?,POLICE_GD,POLICE_GD_INCIDENT_TYPE,GD Incident and Item Type,POLICE_GD_OTHER_INCIDENT,Other Non-Emergency GD Complaint,Medium,Mixed,FALSE,,PARAPHRASED,POLICE_GD_OTHER_INCIDENT_F03,Medium,FALSE,Controlled paraphrase 2 of reviewed independent seed; family preserved; automated validation complete.
PGDX_0190,"ঘটনাটি lost, stolen বা found item নয়—কোন other incident category নির্বাচন করব?",POLICE_GD,POLICE_GD_INCIDENT_TYPE,GD Incident and Item Type,POLICE_GD_OTHER_INCIDENT,Other Non-Emergency GD Complaint,Medium,Mixed,FALSE,,SYNTHETIC,POLICE_GD_OTHER_INCIDENT_F04,Hard,FALSE,Reviewed independent pilot seed retained for canonical expansion.
PGDX_0191,"ঘটনাটি lost, stolen বা found item নয়—কোন other incident category নির্বাচন করতে হবে—নিয়মটা জানাবেন?",POLICE_GD,POLICE_GD_INCIDENT_TYPE,GD Incident and Item Type,POLICE_GD_OTHER_INCIDENT,Other Non-Emergency GD Complaint,Medium,Mixed,FALSE,,PARAPHRASED,POLICE_GD_OTHER_INCIDENT_F04,Hard,FALSE,Controlled paraphrase 1 of reviewed independent seed; family preserved; automated validation complete.
PGDX_0192,"ঘটনাটি lost, stolen বা found item নয়—কোন other incident category নির্বাচন করতে হবে, একটু বুঝিয়ে বলবেন?",POLICE_GD,POLICE_GD_INCIDENT_TYPE,GD Incident and Item Type,POLICE_GD_OTHER_INCIDENT,Other Non-Emergency GD Complaint,Medium,Mixed,FALSE,,PARAPHRASED,POLICE_GD_OTHER_INCIDENT_F04,Hard,FALSE,Controlled paraphrase 2 of reviewed independent seed; family preserved; automated validation complete.
PGDX_0193,অনলাইন জিডির জন্য নতুন user account কীভাবে খুলব?,POLICE_GD,POLICE_GD_ONLINE_ACCOUNT,Online GD Account and Access,POLICE_GD_ACCOUNT_REGISTRATION,Online GD Account Registration,Low,Formal,FALSE,,SYNTHETIC,POLICE_GD_ACCOUNT_REGISTRATION_F01,Easy,FALSE,Reviewed independent pilot seed retained for canonical expansion.
PGDX_0194,আমার ক্ষেত্রে অনলাইন জিডির জন্য নতুন user account কোন প্রক্রিয়ায় খুলব?,POLICE_GD,POLICE_GD_ONLINE_ACCOUNT,Online GD Account and Access,POLICE_GD_ACCOUNT_REGISTRATION,Online GD Account Registration,Low,Formal,FALSE,,PARAPHRASED,POLICE_GD_ACCOUNT_REGISTRATION_F01,Easy,FALSE,Controlled paraphrase 1 of reviewed independent seed; family preserved; automated validation complete.
PGDX_0195,অনলাইন জিডির জন্য নতুন user account কোন প্রক্রিয়ায় খুলব; পরের ধাপটা কী?,POLICE_GD,POLICE_GD_ONLINE_ACCOUNT,Online GD Account and Access,POLICE_GD_ACCOUNT_REGISTRATION,Online GD Account Registration,Low,Formal,FALSE,,PARAPHRASED,POLICE_GD_ACCOUNT_REGISTRATION_F01,Easy,FALSE,Controlled paraphrase 2 of reviewed independent seed; family preserved; automated validation complete.
PGDX_0196,GD portal-এ নতুন account register করার নিয়ম কী?,POLICE_GD,POLICE_GD_ONLINE_ACCOUNT,Online GD Account and Access,POLICE_GD_ACCOUNT_REGISTRATION,Online GD Account Registration,Low,Informal,FALSE,,SYNTHETIC,POLICE_GD_ACCOUNT_REGISTRATION_F02,Medium,FALSE,Reviewed independent pilot seed retained for canonical expansion.
PGDX_0197,এটা নিয়ে সাহায্য দরকার: GD portal-এ নতুন account register করার নিয়ম কী?,POLICE_GD,POLICE_GD_ONLINE_ACCOUNT,Online GD Account and Access,POLICE_GD_ACCOUNT_REGISTRATION,Online GD Account Registration,Low,Informal,FALSE,,PARAPHRASED,POLICE_GD_ACCOUNT_REGISTRATION_F02,Medium,FALSE,Controlled paraphrase 1 of reviewed independent seed; family preserved; automated validation complete.
PGDX_0198,এই বিষয়ে সহায়তা চাই: GD portal-এ নতুন account register করার নিয়ম কী?,POLICE_GD,POLICE_GD_ONLINE_ACCOUNT,Online GD Account and Access,POLICE_GD_ACCOUNT_REGISTRATION,Online GD Account Registration,Low,Informal,FALSE,,PARAPHRASED,POLICE_GD_ACCOUNT_REGISTRATION_F02,Medium,FALSE,Controlled paraphrase 2 of reviewed independent seed; family preserved; automated validation complete.
PGDX_0199,online GD account create korbo kivabe?,POLICE_GD,POLICE_GD_ONLINE_ACCOUNT,Online GD Account and Access,POLICE_GD_ACCOUNT_REGISTRATION,Online GD Account Registration,Low,Mixed,FALSE,,SYNTHETIC,POLICE_GD_ACCOUNT_REGISTRATION_F03,Medium,FALSE,Reviewed independent pilot seed retained for canonical expansion.
PGDX_0200,I am trying to understand this: online GD account create korte hobe kivabe?,POLICE_GD,POLICE_GD_ONLINE_ACCOUNT,Online GD Account and Access,POLICE_GD_ACCOUNT_REGISTRATION,Online GD Account Registration,Low,Mixed,FALSE,,PARAPHRASED,POLICE_GD_ACCOUNT_REGISTRATION_F03,Medium,FALSE,Controlled paraphrase 1 of reviewed independent seed; family preserved; automated validation complete.
PGDX_0201,I need guidance on this: online GD account create korte hobe kivabe?,POLICE_GD,POLICE_GD_ONLINE_ACCOUNT,Online GD Account and Access,POLICE_GD_ACCOUNT_REGISTRATION,Online GD Account Registration,Low,Mixed,FALSE,,PARAPHRASED,POLICE_GD_ACCOUNT_REGISTRATION_F03,Medium,FALSE,Controlled paraphrase 2 of reviewed independent seed; family preserved; automated validation complete.
PGDX_0202,complaint দেওয়ার আগে নতুন GD user account বানানোর steps কী?,POLICE_GD,POLICE_GD_ONLINE_ACCOUNT,Online GD Account and Access,POLICE_GD_ACCOUNT_REGISTRATION,Online GD Account Registration,Low,Mixed,FALSE,,SYNTHETIC,POLICE_GD_ACCOUNT_REGISTRATION_F04,Hard,FALSE,Reviewed independent pilot seed retained for canonical expansion.
PGDX_0203,complaint দেওয়ার আগে নতুন GD user account বানানোর steps কী—নিয়মটা জানাবেন?,POLICE_GD,POLICE_GD_ONLINE_ACCOUNT,Online GD Account and Access,POLICE_GD_ACCOUNT_REGISTRATION,Online GD Account Registration,Low,Mixed,FALSE,,PARAPHRASED,POLICE_GD_ACCOUNT_REGISTRATION_F04,Hard,FALSE,Controlled paraphrase 1 of reviewed independent seed; family preserved; automated validation complete.
PGDX_0204,"complaint দেওয়ার আগে নতুন GD user account বানানোর steps কী, একটু বুঝিয়ে বলবেন?",POLICE_GD,POLICE_GD_ONLINE_ACCOUNT,Online GD Account and Access,POLICE_GD_ACCOUNT_REGISTRATION,Online GD Account Registration,Low,Mixed,FALSE,,PARAPHRASED,POLICE_GD_ACCOUNT_REGISTRATION_F04,Hard,FALSE,Controlled paraphrase 2 of reviewed independent seed; family preserved; automated validation complete.
PGDX_0205,বিদ্যমান অনলাইন জিডি অ্যাকাউন্টে কীভাবে লগইন করব?,POLICE_GD,POLICE_GD_ONLINE_ACCOUNT,Online GD Account and Access,POLICE_GD_ACCOUNT_LOGIN,Online GD Account Login,Low,Formal,FALSE,,SYNTHETIC,POLICE_GD_ACCOUNT_LOGIN_F01,Easy,FALSE,Reviewed independent pilot seed retained for canonical expansion.
PGDX_0206,আমার ক্ষেত্রে বিদ্যমান অনলাইন জিডি অ্যাকাউন্টে কোন প্রক্রিয়ায় লগইন করব?,POLICE_GD,POLICE_GD_ONLINE_ACCOUNT,Online GD Account and Access,POLICE_GD_ACCOUNT_LOGIN,Online GD Account Login,Low,Formal,FALSE,,PARAPHRASED,POLICE_GD_ACCOUNT_LOGIN_F01,Easy,FALSE,Controlled paraphrase 1 of reviewed independent seed; family preserved; automated validation complete.
PGDX_0207,বিদ্যমান অনলাইন জিডি অ্যাকাউন্টে কোন প্রক্রিয়ায় লগইন করব; পরের ধাপটা কী?,POLICE_GD,POLICE_GD_ONLINE_ACCOUNT,Online GD Account and Access,POLICE_GD_ACCOUNT_LOGIN,Online GD Account Login,Low,Formal,FALSE,,PARAPHRASED,POLICE_GD_ACCOUNT_LOGIN_F01,Easy,FALSE,Controlled paraphrase 2 of reviewed independent seed; family preserved; automated validation complete.
PGDX_0208,GD app login option কোথায়?,POLICE_GD,POLICE_GD_ONLINE_ACCOUNT,Online GD Account and Access,POLICE_GD_ACCOUNT_LOGIN,Online GD Account Login,Low,Informal,FALSE,,SYNTHETIC,POLICE_GD_ACCOUNT_LOGIN_F02,Medium,FALSE,Reviewed independent pilot seed retained for canonical expansion.
PGDX_0209,এটা নিয়ে সাহায্য দরকার: GD app login option কোথায়?,POLICE_GD,POLICE_GD_ONLINE_ACCOUNT,Online GD Account and Access,POLICE_GD_ACCOUNT_LOGIN,Online GD Account Login,Low,Informal,FALSE,,PARAPHRASED,POLICE_GD_ACCOUNT_LOGIN_F02,Medium,FALSE,Controlled paraphrase 1 of reviewed independent seed; family preserved; automated validation complete.
PGDX_0210,এই বিষয়ে সহায়তা চাই: GD app login option কোথায়?,POLICE_GD,POLICE_GD_ONLINE_ACCOUNT,Online GD Account and Access,POLICE_GD_ACCOUNT_LOGIN,Online GD Account Login,Low,Informal,FALSE,,PARAPHRASED,POLICE_GD_ACCOUNT_LOGIN_F02,Medium,FALSE,Controlled paraphrase 2 of reviewed independent seed; family preserved; automated validation complete.
PGDX_0211,online GD account e sign in korbo kivabe?,POLICE_GD,POLICE_GD_ONLINE_ACCOUNT,Online GD Account and Access,POLICE_GD_ACCOUNT_LOGIN,Online GD Account Login,Low,Mixed,FALSE,,SYNTHETIC,POLICE_GD_ACCOUNT_LOGIN_F03,Medium,FALSE,Reviewed independent pilot seed retained for canonical expansion.
PGDX_0212,I am trying to understand this: online GD account e sign in korbo kon process e?,POLICE_GD,POLICE_GD_ONLINE_ACCOUNT,Online GD Account and Access,POLICE_GD_ACCOUNT_LOGIN,Online GD Account Login,Low,Mixed,FALSE,,PARAPHRASED,POLICE_GD_ACCOUNT_LOGIN_F03,Medium,FALSE,Controlled paraphrase 1 of reviewed independent seed; family preserved; automated validation complete.
PGDX_0213,I need guidance on this: online GD account e sign in korbo kon process e?,POLICE_GD,POLICE_GD_ONLINE_ACCOUNT,Online GD Account and Access,POLICE_GD_ACCOUNT_LOGIN,Online GD Account Login,Low,Mixed,FALSE,,PARAPHRASED,POLICE_GD_ACCOUNT_LOGIN_F03,Medium,FALSE,Controlled paraphrase 2 of reviewed independent seed; family preserved; automated validation complete.
PGDX_0214,"আগে account খুলেছি, complaint দেখতে আবার ঢোকার নিয়ম কী?",POLICE_GD,POLICE_GD_ONLINE_ACCOUNT,Online GD Account and Access,POLICE_GD_ACCOUNT_LOGIN,Online GD Account Login,Low,Mixed,FALSE,,SYNTHETIC,POLICE_GD_ACCOUNT_LOGIN_F04,Hard,FALSE,Reviewed independent pilot seed retained for canonical expansion.
PGDX_0215,"আগে account খুলেছি, complaint দেখতে আবার ঢোকার নিয়ম কী—নিয়মটা জানাবেন?",POLICE_GD,POLICE_GD_ONLINE_ACCOUNT,Online GD Account and Access,POLICE_GD_ACCOUNT_LOGIN,Online GD Account Login,Low,Mixed,FALSE,,PARAPHRASED,POLICE_GD_ACCOUNT_LOGIN_F04,Hard,FALSE,Controlled paraphrase 1 of reviewed independent seed; family preserved; automated validation complete.
PGDX_0216,"আগে account খুলেছি, complaint দেখতে আবার ঢোকার নিয়ম কী, একটু বুঝিয়ে বলবেন?",POLICE_GD,POLICE_GD_ONLINE_ACCOUNT,Online GD Account and Access,POLICE_GD_ACCOUNT_LOGIN,Online GD Account Login,Low,Mixed,FALSE,,PARAPHRASED,POLICE_GD_ACCOUNT_LOGIN_F04,Hard,FALSE,Controlled paraphrase 2 of reviewed independent seed; family preserved; automated validation complete.
PGDX_0217,অনলাইন জিডি অ্যাকাউন্টের পাসওয়ার্ড ভুলে গেলে কী করব?,POLICE_GD,POLICE_GD_ONLINE_ACCOUNT,Online GD Account and Access,POLICE_GD_PASSWORD_RESET,Online GD Password Reset,Medium,Formal,FALSE,,SYNTHETIC,POLICE_GD_PASSWORD_RESET_F01,Easy,FALSE,Reviewed independent pilot seed retained for canonical expansion.
PGDX_0218,আমার ক্ষেত্রে অনলাইন জিডি অ্যাকাউন্টের পাসওয়ার্ড ভুলে গেলে কী করতে হবে?,POLICE_GD,POLICE_GD_ONLINE_ACCOUNT,Online GD Account and Access,POLICE_GD_PASSWORD_RESET,Online GD Password Reset,Medium,Formal,FALSE,,PARAPHRASED,POLICE_GD_PASSWORD_RESET_F01,Easy,FALSE,Controlled paraphrase 1 of reviewed independent seed; family preserved; automated validation complete.
PGDX_0219,অনলাইন জিডি অ্যাকাউন্টের পাসওয়ার্ড ভুলে গেলে কী করতে হবে; পরের ধাপটা কী?,POLICE_GD,POLICE_GD_ONLINE_ACCOUNT,Online GD Account and Access,POLICE_GD_PASSWORD_RESET,Online GD Password Reset,Medium,Formal,FALSE,,PARAPHRASED,POLICE_GD_PASSWORD_RESET_F01,Easy,FALSE,Controlled paraphrase 2 of reviewed independent seed; family preserved; automated validation complete.
PGDX_0220,GD portal password reset করতে চাই।,POLICE_GD,POLICE_GD_ONLINE_ACCOUNT,Online GD Account and Access,POLICE_GD_PASSWORD_RESET,Online GD Password Reset,Medium,Informal,FALSE,,SYNTHETIC,POLICE_GD_PASSWORD_RESET_F02,Medium,FALSE,Reviewed independent pilot seed retained for canonical expansion.
PGDX_0221,এটা নিয়ে সাহায্য দরকার: GD portal password reset করতে প্রয়োজন?,POLICE_GD,POLICE_GD_ONLINE_ACCOUNT,Online GD Account and Access,POLICE_GD_PASSWORD_RESET,Online GD Password Reset,Medium,Informal,FALSE,,PARAPHRASED,POLICE_GD_PASSWORD_RESET_F02,Medium,FALSE,Controlled paraphrase 1 of reviewed independent seed; family preserved; automated validation complete.
PGDX_0222,GD portal password reset করতে প্রয়োজন?,POLICE_GD,POLICE_GD_ONLINE_ACCOUNT,Online GD Account and Access,POLICE_GD_PASSWORD_RESET,Online GD Password Reset,Medium,Informal,FALSE,,PARAPHRASED,POLICE_GD_PASSWORD_RESET_F02,Medium,FALSE,Controlled paraphrase 2 of reviewed independent seed; family preserved; automated validation complete.
PGDX_0223,online GD password recover korbo kivabe?,POLICE_GD,POLICE_GD_ONLINE_ACCOUNT,Online GD Account and Access,POLICE_GD_PASSWORD_RESET,Online GD Password Reset,Medium,Mixed,FALSE,,SYNTHETIC,POLICE_GD_PASSWORD_RESET_F03,Medium,FALSE,Reviewed independent pilot seed retained for canonical expansion.
PGDX_0224,I am trying to understand this: online GD password recover korbo kon process e?,POLICE_GD,POLICE_GD_ONLINE_ACCOUNT,Online GD Account and Access,POLICE_GD_PASSWORD_RESET,Online GD Password Reset,Medium,Mixed,FALSE,,PARAPHRASED,POLICE_GD_PASSWORD_RESET_F03,Medium,FALSE,Controlled paraphrase 1 of reviewed independent seed; family preserved; automated validation complete.
PGDX_0225,I need guidance on this: online GD password recover korbo kon process e?,POLICE_GD,POLICE_GD_ONLINE_ACCOUNT,Online GD Account and Access,POLICE_GD_PASSWORD_RESET,Online GD Password Reset,Medium,Mixed,FALSE,,PARAPHRASED,POLICE_GD_PASSWORD_RESET_F03,Medium,FALSE,Controlled paraphrase 2 of reviewed independent seed; family preserved; automated validation complete.
PGDX_0226,mobile number মনে আছে কিন্তু account password ভুলে গেছি—নতুনটা সেট করব কীভাবে?,POLICE_GD,POLICE_GD_ONLINE_ACCOUNT,Online GD Account and Access,POLICE_GD_PASSWORD_RESET,Online GD Password Reset,Medium,Mixed,FALSE,,SYNTHETIC,POLICE_GD_PASSWORD_RESET_F04,Hard,FALSE,Reviewed independent pilot seed retained for canonical expansion.
PGDX_0227,mobile number মনে আছে কিন্তু account password ভুলে গেছি—নতুনটা সেট করতে হবে কীভাবে—নিয়মটা জানাবেন?,POLICE_GD,POLICE_GD_ONLINE_ACCOUNT,Online GD Account and Access,POLICE_GD_PASSWORD_RESET,Online GD Password Reset,Medium,Mixed,FALSE,,PARAPHRASED,POLICE_GD_PASSWORD_RESET_F04,Hard,FALSE,Controlled paraphrase 1 of reviewed independent seed; family preserved; automated validation complete.
PGDX_0228,"mobile number মনে আছে কিন্তু account password ভুলে গেছি—নতুনটা সেট করতে হবে কীভাবে, একটু বুঝিয়ে বলবেন?",POLICE_GD,POLICE_GD_ONLINE_ACCOUNT,Online GD Account and Access,POLICE_GD_PASSWORD_RESET,Online GD Password Reset,Medium,Mixed,FALSE,,PARAPHRASED,POLICE_GD_PASSWORD_RESET_F04,Hard,FALSE,Controlled paraphrase 2 of reviewed independent seed; family preserved; automated validation complete.
PGDX_0229,অনলাইন জিডির ওটিপি না এলে কী করব?,POLICE_GD,POLICE_GD_ONLINE_ACCOUNT,Online GD Account and Access,POLICE_GD_OTP_PROBLEM,Online GD OTP Problem,Medium,Formal,FALSE,,SYNTHETIC,POLICE_GD_OTP_PROBLEM_F01,Easy,FALSE,Reviewed independent pilot seed retained for canonical expansion.
PGDX_0230,আমার ক্ষেত্রে অনলাইন জিডির ওটিপি না এলে কী করতে হবে?,POLICE_GD,POLICE_GD_ONLINE_ACCOUNT,Online GD Account and Access,POLICE_GD_OTP_PROBLEM,Online GD OTP Problem,Medium,Formal,FALSE,,PARAPHRASED,POLICE_GD_OTP_PROBLEM_F01,Easy,FALSE,Controlled paraphrase 1 of reviewed independent seed; family preserved; automated validation complete.
PGDX_0231,অনলাইন জিডির ওটিপি না এলে কী করতে হবে; পরের ধাপটা কী?,POLICE_GD,POLICE_GD_ONLINE_ACCOUNT,Online GD Account and Access,POLICE_GD_OTP_PROBLEM,Online GD OTP Problem,Medium,Formal,FALSE,,PARAPHRASED,POLICE_GD_OTP_PROBLEM_F01,Easy,FALSE,Controlled paraphrase 2 of reviewed independent seed; family preserved; automated validation complete.
PGDX_0232,OTP code পেয়েছি কিন্তু verify হচ্ছে না।,POLICE_GD,POLICE_GD_ONLINE_ACCOUNT,Online GD Account and Access,POLICE_GD_OTP_PROBLEM,Online GD OTP Problem,Medium,Informal,FALSE,,SYNTHETIC,POLICE_GD_OTP_PROBLEM_F02,Medium,FALSE,Reviewed independent pilot seed retained for canonical expansion.
PGDX_0233,এটা নিয়ে সাহায্য দরকার: OTP code পেয়েছি কিন্তু verify হচ্ছে না?,POLICE_GD,POLICE_GD_ONLINE_ACCOUNT,Online GD Account and Access,POLICE_GD_OTP_PROBLEM,Online GD OTP Problem,Medium,Informal,FALSE,,PARAPHRASED,POLICE_GD_OTP_PROBLEM_F02,Medium,FALSE,Controlled paraphrase 1 of reviewed independent seed; family preserved; automated validation complete.
PGDX_0234,OTP code পেয়েছি কিন্তু verify হচ্ছে না?,POLICE_GD,POLICE_GD_ONLINE_ACCOUNT,Online GD Account and Access,POLICE_GD_OTP_PROBLEM,Online GD OTP Problem,Medium,Informal,FALSE,,PARAPHRASED,POLICE_GD_OTP_PROBLEM_F02,Medium,FALSE,Controlled paraphrase 2 of reviewed independent seed; family preserved; automated validation complete.
PGDX_0235,"GD registration code ashtese na, ki korbo?",POLICE_GD,POLICE_GD_ONLINE_ACCOUNT,Online GD Account and Access,POLICE_GD_OTP_PROBLEM,Online GD OTP Problem,Medium,Mixed,FALSE,,SYNTHETIC,POLICE_GD_OTP_PROBLEM_F03,Medium,FALSE,Reviewed independent pilot seed retained for canonical expansion.
PGDX_0236,"I am trying to understand this: GD registration code ashtese na, ki korte hobe?",POLICE_GD,POLICE_GD_ONLINE_ACCOUNT,Online GD Account and Access,POLICE_GD_OTP_PROBLEM,Online GD OTP Problem,Medium,Mixed,FALSE,,PARAPHRASED,POLICE_GD_OTP_PROBLEM_F03,Medium,FALSE,Controlled paraphrase 1 of reviewed independent seed; family preserved; automated validation complete.
PGDX_0237,"I need guidance on this: GD registration code ashtese na, ki korte hobe?",POLICE_GD,POLICE_GD_ONLINE_ACCOUNT,Online GD Account and Access,POLICE_GD_OTP_PROBLEM,Online GD OTP Problem,Medium,Mixed,FALSE,,PARAPHRASED,POLICE_GD_OTP_PROBLEM_F03,Medium,FALSE,Controlled paraphrase 2 of reviewed independent seed; family preserved; automated validation complete.
PGDX_0238,verification SMS দেরিতে এসে expired দেখাচ্ছে—account complete করব কীভাবে?,POLICE_GD,POLICE_GD_ONLINE_ACCOUNT,Online GD Account and Access,POLICE_GD_OTP_PROBLEM,Online GD OTP Problem,Medium,Mixed,FALSE,,SYNTHETIC,POLICE_GD_OTP_PROBLEM_F04,Hard,FALSE,Reviewed independent pilot seed retained for canonical expansion.
PGDX_0239,verification SMS দেরিতে এসে expired দেখাচ্ছে—account complete করব কোন প্রক্রিয়ায়—নিয়মটা জানাবেন?,POLICE_GD,POLICE_GD_ONLINE_ACCOUNT,Online GD Account and Access,POLICE_GD_OTP_PROBLEM,Online GD OTP Problem,Medium,Mixed,FALSE,,PARAPHRASED,POLICE_GD_OTP_PROBLEM_F04,Hard,FALSE,Controlled paraphrase 1 of reviewed independent seed; family preserved; automated validation complete.
PGDX_0240,"verification SMS দেরিতে এসে expired দেখাচ্ছে—account complete করব কোন প্রক্রিয়ায়, একটু বুঝিয়ে বলবেন?",POLICE_GD,POLICE_GD_ONLINE_ACCOUNT,Online GD Account and Access,POLICE_GD_OTP_PROBLEM,Online GD OTP Problem,Medium,Mixed,FALSE,,PARAPHRASED,POLICE_GD_OTP_PROBLEM_F04,Hard,FALSE,Controlled paraphrase 2 of reviewed independent seed; family preserved; automated validation complete.
PGDX_0241,অনলাইন জিডিতে পরিচয় যাচাই সম্পন্ন হচ্ছে না; কী করব?,POLICE_GD,POLICE_GD_ONLINE_ACCOUNT,Online GD Account and Access,POLICE_GD_IDENTITY_VERIFICATION_PROBLEM,Online GD Identity Verification Problem,Medium,Formal,FALSE,,SYNTHETIC,POLICE_GD_IDENTITY_VERIFICATION_PROBLEM_F01,Easy,FALSE,Reviewed independent pilot seed retained for canonical expansion.
PGDX_0242,আমার ক্ষেত্রে অনলাইন জিডিতে পরিচয় যাচাই সম্পন্ন হচ্ছে না; কী করতে হবে?,POLICE_GD,POLICE_GD_ONLINE_ACCOUNT,Online GD Account and Access,POLICE_GD_IDENTITY_VERIFICATION_PROBLEM,Online GD Identity Verification Problem,Medium,Formal,FALSE,,PARAPHRASED,POLICE_GD_IDENTITY_VERIFICATION_PROBLEM_F01,Easy,FALSE,Controlled paraphrase 1 of reviewed independent seed; family preserved; automated validation complete.
PGDX_0243,অনলাইন জিডিতে পরিচয় যাচাই সম্পন্ন হচ্ছে না; কী করতে হবে; পরের ধাপটা কী?,POLICE_GD,POLICE_GD_ONLINE_ACCOUNT,Online GD Account and Access,POLICE_GD_IDENTITY_VERIFICATION_PROBLEM,Online GD Identity Verification Problem,Medium,Formal,FALSE,,PARAPHRASED,POLICE_GD_IDENTITY_VERIFICATION_PROBLEM_F01,Easy,FALSE,Controlled paraphrase 2 of reviewed independent seed; family preserved; automated validation complete.
PGDX_0244,"live photo accept করছে না, account verify হচ্ছে না।",POLICE_GD,POLICE_GD_ONLINE_ACCOUNT,Online GD Account and Access,POLICE_GD_IDENTITY_VERIFICATION_PROBLEM,Online GD Identity Verification Problem,Medium,Informal,FALSE,,SYNTHETIC,POLICE_GD_IDENTITY_VERIFICATION_PROBLEM_F02,Medium,FALSE,Reviewed independent pilot seed retained for canonical expansion.
PGDX_0245,"এটা নিয়ে সাহায্য দরকার: live photo accept করছে না, account verify হচ্ছে না?",POLICE_GD,POLICE_GD_ONLINE_ACCOUNT,Online GD Account and Access,POLICE_GD_IDENTITY_VERIFICATION_PROBLEM,Online GD Identity Verification Problem,Medium,Informal,FALSE,,PARAPHRASED,POLICE_GD_IDENTITY_VERIFICATION_PROBLEM_F02,Medium,FALSE,Controlled paraphrase 1 of reviewed independent seed; family preserved; automated validation complete.
PGDX_0246,"live photo accept করছে না, account verify হচ্ছে না?",POLICE_GD,POLICE_GD_ONLINE_ACCOUNT,Online GD Account and Access,POLICE_GD_IDENTITY_VERIFICATION_PROBLEM,Online GD Identity Verification Problem,Medium,Informal,FALSE,,PARAPHRASED,POLICE_GD_IDENTITY_VERIFICATION_PROBLEM_F02,Medium,FALSE,Controlled paraphrase 2 of reviewed independent seed; family preserved; automated validation complete.
PGDX_0247,GD identity verification fail hocche kivabe solve korbo?,POLICE_GD,POLICE_GD_ONLINE_ACCOUNT,Online GD Account and Access,POLICE_GD_IDENTITY_VERIFICATION_PROBLEM,Online GD Identity Verification Problem,Medium,Mixed,FALSE,,SYNTHETIC,POLICE_GD_IDENTITY_VERIFICATION_PROBLEM_F03,Medium,FALSE,Reviewed independent pilot seed retained for canonical expansion.
PGDX_0248,I am trying to understand this: GD identity verification fail hocche kivabe solve korte hobe?,POLICE_GD,POLICE_GD_ONLINE_ACCOUNT,Online GD Account and Access,POLICE_GD_IDENTITY_VERIFICATION_PROBLEM,Online GD Identity Verification Problem,Medium,Mixed,FALSE,,PARAPHRASED,POLICE_GD_IDENTITY_VERIFICATION_PROBLEM_F03,Medium,FALSE,Controlled paraphrase 1 of reviewed independent seed; family preserved; automated validation complete.
PGDX_0249,I need guidance on this: GD identity verification fail hocche kon process e solve korbo?,POLICE_GD,POLICE_GD_ONLINE_ACCOUNT,Online GD Account and Access,POLICE_GD_IDENTITY_VERIFICATION_PROBLEM,Online GD Identity Verification Problem,Medium,Mixed,FALSE,,PARAPHRASED,POLICE_GD_IDENTITY_VERIFICATION_PROBLEM_F03,Medium,FALSE,Controlled paraphrase 2 of reviewed independent seed; family preserved; automated validation complete.
PGDX_0250,registration-এর face capture step বারবার error দিচ্ছে।,POLICE_GD,POLICE_GD_ONLINE_ACCOUNT,Online GD Account and Access,POLICE_GD_IDENTITY_VERIFICATION_PROBLEM,Online GD Identity Verification Problem,Medium,Mixed,FALSE,,SYNTHETIC,POLICE_GD_IDENTITY_VERIFICATION_PROBLEM_F04,Hard,FALSE,Reviewed independent pilot seed retained for canonical expansion.
PGDX_0251,registration-এর face capture step বারবার error দিচ্ছে—নিয়মটা জানাবেন?,POLICE_GD,POLICE_GD_ONLINE_ACCOUNT,Online GD Account and Access,POLICE_GD_IDENTITY_VERIFICATION_PROBLEM,Online GD Identity Verification Problem,Medium,Mixed,FALSE,,PARAPHRASED,POLICE_GD_IDENTITY_VERIFICATION_PROBLEM_F04,Hard,FALSE,Controlled paraphrase 1 of reviewed independent seed; family preserved; automated validation complete.
PGDX_0252,"registration-এর face capture step বারবার error দিচ্ছে, একটু বুঝিয়ে বলবেন?",POLICE_GD,POLICE_GD_ONLINE_ACCOUNT,Online GD Account and Access,POLICE_GD_IDENTITY_VERIFICATION_PROBLEM,Online GD Identity Verification Problem,Medium,Mixed,FALSE,,PARAPHRASED,POLICE_GD_IDENTITY_VERIFICATION_PROBLEM_F04,Hard,FALSE,Controlled paraphrase 2 of reviewed independent seed; family preserved; automated validation complete.
PGDX_0253,সঠিক তথ্য দিয়েও আমার existing Online GD account-এ login করতে পারছি না।,POLICE_GD,POLICE_GD_ONLINE_ACCOUNT,Online GD Account and Access,POLICE_GD_ACCOUNT_ACCESS_PROBLEM,General Online GD Account Access Problem,Medium,Formal,FALSE,,SYNTHETIC,POLICE_GD_ACCOUNT_ACCESS_PROBLEM_F01,Easy,FALSE,Reviewed independent pilot seed retained for canonical expansion.
PGDX_0254,আমার ক্ষেত্রে সঠিক তথ্য দিয়েও আমার existing Online GD account-এ login করতে পারছি না?,POLICE_GD,POLICE_GD_ONLINE_ACCOUNT,Online GD Account and Access,POLICE_GD_ACCOUNT_ACCESS_PROBLEM,General Online GD Account Access Problem,Medium,Formal,FALSE,,PARAPHRASED,POLICE_GD_ACCOUNT_ACCESS_PROBLEM_F01,Easy,FALSE,Controlled paraphrase 1 of reviewed independent seed; family preserved; automated validation complete.
PGDX_0255,সঠিক তথ্য দিয়েও আমার existing Online GD account-এ login করতে পারছি না; পরের ধাপটা কী?,POLICE_GD,POLICE_GD_ONLINE_ACCOUNT,Online GD Account and Access,POLICE_GD_ACCOUNT_ACCESS_PROBLEM,General Online GD Account Access Problem,Medium,Formal,FALSE,,PARAPHRASED,POLICE_GD_ACCOUNT_ACCESS_PROBLEM_F01,Easy,FALSE,Controlled paraphrase 2 of reviewed independent seed; family preserved; automated validation complete.
PGDX_0256,"আমার existing GD account-এ ঢুকতে পারছি না, clear errorও দেখাচ্ছে না।",POLICE_GD,POLICE_GD_ONLINE_ACCOUNT,Online GD Account and Access,POLICE_GD_ACCOUNT_ACCESS_PROBLEM,General Online GD Account Access Problem,Medium,Informal,FALSE,,SYNTHETIC,POLICE_GD_ACCOUNT_ACCESS_PROBLEM_F02,Medium,FALSE,Reviewed independent pilot seed retained for canonical expansion.
PGDX_0257,"এটা নিয়ে সাহায্য দরকার: আমার existing GD account-এ ঢুকতে পারছি না, clear errorও দেখাচ্ছে না?",POLICE_GD,POLICE_GD_ONLINE_ACCOUNT,Online GD Account and Access,POLICE_GD_ACCOUNT_ACCESS_PROBLEM,General Online GD Account Access Problem,Medium,Informal,FALSE,,PARAPHRASED,POLICE_GD_ACCOUNT_ACCESS_PROBLEM_F02,Medium,FALSE,Controlled paraphrase 1 of reviewed independent seed; family preserved; automated validation complete.
PGDX_0258,"আমার existing GD account-এ ঢুকতে পারছি না, clear errorও দেখাচ্ছে না?",POLICE_GD,POLICE_GD_ONLINE_ACCOUNT,Online GD Account and Access,POLICE_GD_ACCOUNT_ACCESS_PROBLEM,General Online GD Account Access Problem,Medium,Informal,FALSE,,PARAPHRASED,POLICE_GD_ACCOUNT_ACCESS_PROBLEM_F02,Medium,FALSE,Controlled paraphrase 2 of reviewed independent seed; family preserved; automated validation complete.
PGDX_0259,"existing online GD account e login korte parchi na, reason bujhte parchi na.",POLICE_GD,POLICE_GD_ONLINE_ACCOUNT,Online GD Account and Access,POLICE_GD_ACCOUNT_ACCESS_PROBLEM,General Online GD Account Access Problem,Medium,Mixed,FALSE,,SYNTHETIC,POLICE_GD_ACCOUNT_ACCESS_PROBLEM_F03,Medium,FALSE,Reviewed independent pilot seed retained for canonical expansion.
PGDX_0260,"I am trying to understand this: existing online GD account e login korte parchi na, reason bujhte parchi na?",POLICE_GD,POLICE_GD_ONLINE_ACCOUNT,Online GD Account and Access,POLICE_GD_ACCOUNT_ACCESS_PROBLEM,General Online GD Account Access Problem,Medium,Mixed,FALSE,,PARAPHRASED,POLICE_GD_ACCOUNT_ACCESS_PROBLEM_F03,Medium,FALSE,Controlled paraphrase 1 of reviewed independent seed; family preserved; automated validation complete.
PGDX_0261,"I need guidance on this: existing online GD account e login korte parchi na, reason bujhte parchi na?",POLICE_GD,POLICE_GD_ONLINE_ACCOUNT,Online GD Account and Access,POLICE_GD_ACCOUNT_ACCESS_PROBLEM,General Online GD Account Access Problem,Medium,Mixed,FALSE,,PARAPHRASED,POLICE_GD_ACCOUNT_ACCESS_PROBLEM_F03,Medium,FALSE,Controlled paraphrase 2 of reviewed independent seed; family preserved; automated validation complete.
PGDX_0262,login দেওয়ার পর account page আবার শুরুতে চলে আসে—existing account access হচ্ছে না।,POLICE_GD,POLICE_GD_ONLINE_ACCOUNT,Online GD Account and Access,POLICE_GD_ACCOUNT_ACCESS_PROBLEM,General Online GD Account Access Problem,Medium,Mixed,FALSE,,SYNTHETIC,POLICE_GD_ACCOUNT_ACCESS_PROBLEM_F04,Hard,FALSE,Reviewed independent pilot seed retained for canonical expansion.
PGDX_0263,login দেওয়ার পর account page আবার শুরুতে চলে আসে—existing account access হচ্ছে না—নিয়মটা জানাবেন?,POLICE_GD,POLICE_GD_ONLINE_ACCOUNT,Online GD Account and Access,POLICE_GD_ACCOUNT_ACCESS_PROBLEM,General Online GD Account Access Problem,Medium,Mixed,FALSE,,PARAPHRASED,POLICE_GD_ACCOUNT_ACCESS_PROBLEM_F04,Hard,FALSE,Controlled paraphrase 1 of reviewed independent seed; family preserved; automated validation complete.
PGDX_0264,"login দেওয়ার পর account page আবার শুরুতে চলে আসে—existing account access হচ্ছে না, একটু বুঝিয়ে বলবেন?",POLICE_GD,POLICE_GD_ONLINE_ACCOUNT,Online GD Account and Access,POLICE_GD_ACCOUNT_ACCESS_PROBLEM,General Online GD Account Access Problem,Medium,Mixed,FALSE,,PARAPHRASED,POLICE_GD_ACCOUNT_ACCESS_PROBLEM_F04,Hard,FALSE,Controlled paraphrase 2 of reviewed independent seed; family preserved; automated validation complete.
PGDX_0265,জমা দেওয়া জিডির বর্তমান অবস্থা কীভাবে দেখব?,POLICE_GD,POLICE_GD_STATUS_FOLLOWUP,GD Status and Follow-Up,POLICE_GD_STATUS,GD Application Status,Low,Formal,FALSE,,SYNTHETIC,POLICE_GD_STATUS_F01,Easy,FALSE,Reviewed independent pilot seed retained for canonical expansion.
PGDX_0266,আমার ক্ষেত্রে জমা দেওয়া জিডির বর্তমান অবস্থা কোন প্রক্রিয়ায় দেখব?,POLICE_GD,POLICE_GD_STATUS_FOLLOWUP,GD Status and Follow-Up,POLICE_GD_STATUS,GD Application Status,Low,Formal,FALSE,,PARAPHRASED,POLICE_GD_STATUS_F01,Easy,FALSE,Controlled paraphrase 1 of reviewed independent seed; family preserved; automated validation complete.
PGDX_0267,জমা দেওয়া জিডির বর্তমান অবস্থা কোন প্রক্রিয়ায় দেখব; পরের ধাপটা কী?,POLICE_GD,POLICE_GD_STATUS_FOLLOWUP,GD Status and Follow-Up,POLICE_GD_STATUS,GD Application Status,Low,Formal,FALSE,,PARAPHRASED,POLICE_GD_STATUS_F01,Easy,FALSE,Controlled paraphrase 2 of reviewed independent seed; family preserved; automated validation complete.
PGDX_0268,আমার GD application কোন stage-এ আছে?,POLICE_GD,POLICE_GD_STATUS_FOLLOWUP,GD Status and Follow-Up,POLICE_GD_STATUS,GD Application Status,Low,Informal,FALSE,,SYNTHETIC,POLICE_GD_STATUS_F02,Medium,FALSE,Reviewed independent pilot seed retained for canonical expansion.
PGDX_0269,এটা নিয়ে সাহায্য দরকার: আমার GD application কোন stage-এ আছে?,POLICE_GD,POLICE_GD_STATUS_FOLLOWUP,GD Status and Follow-Up,POLICE_GD_STATUS,GD Application Status,Low,Informal,FALSE,,PARAPHRASED,POLICE_GD_STATUS_F02,Medium,FALSE,Controlled paraphrase 1 of reviewed independent seed; family preserved; automated validation complete.
PGDX_0270,এই বিষয়ে সহায়তা চাই: আমার GD application কোন stage-এ আছে?,POLICE_GD,POLICE_GD_STATUS_FOLLOWUP,GD Status and Follow-Up,POLICE_GD_STATUS,GD Application Status,Low,Informal,FALSE,,PARAPHRASED,POLICE_GD_STATUS_F02,Medium,FALSE,Controlled paraphrase 2 of reviewed independent seed; family preserved; automated validation complete.
PGDX_0271,online GD status check korbo kivabe?,POLICE_GD,POLICE_GD_STATUS_FOLLOWUP,GD Status and Follow-Up,POLICE_GD_STATUS,GD Application Status,Low,Mixed,FALSE,,SYNTHETIC,POLICE_GD_STATUS_F03,Medium,FALSE,Reviewed independent pilot seed retained for canonical expansion.
PGDX_0272,I am trying to understand this: online GD status check korbo kon process e?,POLICE_GD,POLICE_GD_STATUS_FOLLOWUP,GD Status and Follow-Up,POLICE_GD_STATUS,GD Application Status,Low,Mixed,FALSE,,PARAPHRASED,POLICE_GD_STATUS_F03,Medium,FALSE,Controlled paraphrase 1 of reviewed independent seed; family preserved; automated validation complete.
PGDX_0273,I need guidance on this: online GD status check korbo kon process e?,POLICE_GD,POLICE_GD_STATUS_FOLLOWUP,GD Status and Follow-Up,POLICE_GD_STATUS,GD Application Status,Low,Mixed,FALSE,,PARAPHRASED,POLICE_GD_STATUS_F03,Medium,FALSE,Controlled paraphrase 2 of reviewed independent seed; family preserved; automated validation complete.
PGDX_0274,complaint submit হয়েছে—এখন police review-এর update কোথায় পাওয়া যাবে?,POLICE_GD,POLICE_GD_STATUS_FOLLOWUP,GD Status and Follow-Up,POLICE_GD_STATUS,GD Application Status,Low,Mixed,FALSE,,SYNTHETIC,POLICE_GD_STATUS_F04,Hard,FALSE,Reviewed independent pilot seed retained for canonical expansion.
PGDX_0275,complaint submit হয়েছে—এখন police review-এর update কোথায় পাওয়া যাবে—নিয়মটা জানাবেন?,POLICE_GD,POLICE_GD_STATUS_FOLLOWUP,GD Status and Follow-Up,POLICE_GD_STATUS,GD Application Status,Low,Mixed,FALSE,,PARAPHRASED,POLICE_GD_STATUS_F04,Hard,FALSE,Controlled paraphrase 1 of reviewed independent seed; family preserved; automated validation complete.
PGDX_0276,"complaint submit হয়েছে—এখন police review-এর update কোথায় পাওয়া যাবে, একটু বুঝিয়ে বলবেন?",POLICE_GD,POLICE_GD_STATUS_FOLLOWUP,GD Status and Follow-Up,POLICE_GD_STATUS,GD Application Status,Low,Mixed,FALSE,,PARAPHRASED,POLICE_GD_STATUS_F04,Hard,FALSE,Controlled paraphrase 2 of reviewed independent seed; family preserved; automated validation complete.
PGDX_0277,জিডির আবেদন দীর্ঘদিন pending থাকলে কী করব?,POLICE_GD,POLICE_GD_STATUS_FOLLOWUP,GD Status and Follow-Up,POLICE_GD_DELAY,GD Review or Processing Delay,Medium,Formal,FALSE,,SYNTHETIC,POLICE_GD_DELAY_F01,Easy,FALSE,Reviewed independent pilot seed retained for canonical expansion.
PGDX_0278,আমার ক্ষেত্রে জিডির আবেদন দীর্ঘদিন pending থাকলে কী করতে হবে?,POLICE_GD,POLICE_GD_STATUS_FOLLOWUP,GD Status and Follow-Up,POLICE_GD_DELAY,GD Review or Processing Delay,Medium,Formal,FALSE,,PARAPHRASED,POLICE_GD_DELAY_F01,Easy,FALSE,Controlled paraphrase 1 of reviewed independent seed; family preserved; automated validation complete.
PGDX_0279,জিডির আবেদন দীর্ঘদিন pending থাকলে কী করতে হবে; পরের ধাপটা কী?,POLICE_GD,POLICE_GD_STATUS_FOLLOWUP,GD Status and Follow-Up,POLICE_GD_DELAY,GD Review or Processing Delay,Medium,Formal,FALSE,,PARAPHRASED,POLICE_GD_DELAY_F01,Easy,FALSE,Controlled paraphrase 2 of reviewed independent seed; family preserved; automated validation complete.
PGDX_0280,"অনেক সময় হয়ে গেছে, complaint-এর update আসছে না।",POLICE_GD,POLICE_GD_STATUS_FOLLOWUP,GD Status and Follow-Up,POLICE_GD_DELAY,GD Review or Processing Delay,Medium,Informal,FALSE,,SYNTHETIC,POLICE_GD_DELAY_F02,Medium,FALSE,Reviewed independent pilot seed retained for canonical expansion.
PGDX_0281,"এটা নিয়ে সাহায্য দরকার: অনেক সময় হয়ে গেছে, complaint-এর update আসছে না?",POLICE_GD,POLICE_GD_STATUS_FOLLOWUP,GD Status and Follow-Up,POLICE_GD_DELAY,GD Review or Processing Delay,Medium,Informal,FALSE,,PARAPHRASED,POLICE_GD_DELAY_F02,Medium,FALSE,Controlled paraphrase 1 of reviewed independent seed; family preserved; automated validation complete.
PGDX_0282,"অনেক সময় হয়ে গেছে, complaint-এর update আসছে না?",POLICE_GD,POLICE_GD_STATUS_FOLLOWUP,GD Status and Follow-Up,POLICE_GD_DELAY,GD Review or Processing Delay,Medium,Informal,FALSE,,PARAPHRASED,POLICE_GD_DELAY_F02,Medium,FALSE,Controlled paraphrase 2 of reviewed independent seed; family preserved; automated validation complete.
PGDX_0283,amar GD review onekdin dhore atke ache.,POLICE_GD,POLICE_GD_STATUS_FOLLOWUP,GD Status and Follow-Up,POLICE_GD_DELAY,GD Review or Processing Delay,Medium,Mixed,FALSE,,SYNTHETIC,POLICE_GD_DELAY_F03,Medium,FALSE,Reviewed independent pilot seed retained for canonical expansion.
PGDX_0284,I am trying to understand this: amar GD review onekdin dhore atke ache?,POLICE_GD,POLICE_GD_STATUS_FOLLOWUP,GD Status and Follow-Up,POLICE_GD_DELAY,GD Review or Processing Delay,Medium,Mixed,FALSE,,PARAPHRASED,POLICE_GD_DELAY_F03,Medium,FALSE,Controlled paraphrase 1 of reviewed independent seed; family preserved; automated validation complete.
PGDX_0285,I need guidance on this: amar GD review onekdin dhore atke ache?,POLICE_GD,POLICE_GD_STATUS_FOLLOWUP,GD Status and Follow-Up,POLICE_GD_DELAY,GD Review or Processing Delay,Medium,Mixed,FALSE,,PARAPHRASED,POLICE_GD_DELAY_F03,Medium,FALSE,Controlled paraphrase 2 of reviewed independent seed; family preserved; automated validation complete.
PGDX_0286,submit করার পর থেকে একই status দেখাচ্ছে—follow-up কোথায় করব?,POLICE_GD,POLICE_GD_STATUS_FOLLOWUP,GD Status and Follow-Up,POLICE_GD_DELAY,GD Review or Processing Delay,Medium,Mixed,FALSE,,SYNTHETIC,POLICE_GD_DELAY_F04,Hard,FALSE,Reviewed independent pilot seed retained for canonical expansion.
PGDX_0287,submit করার পর থেকে একই status দেখাচ্ছে—follow-up কোথায় করতে হবে—নিয়মটা জানাবেন?,POLICE_GD,POLICE_GD_STATUS_FOLLOWUP,GD Status and Follow-Up,POLICE_GD_DELAY,GD Review or Processing Delay,Medium,Mixed,FALSE,,PARAPHRASED,POLICE_GD_DELAY_F04,Hard,FALSE,Controlled paraphrase 1 of reviewed independent seed; family preserved; automated validation complete.
PGDX_0288,"submit করার পর থেকে একই status দেখাচ্ছে—follow-up কোথায় করতে হবে, একটু বুঝিয়ে বলবেন?",POLICE_GD,POLICE_GD_STATUS_FOLLOWUP,GD Status and Follow-Up,POLICE_GD_DELAY,GD Review or Processing Delay,Medium,Mixed,FALSE,,PARAPHRASED,POLICE_GD_DELAY_F04,Hard,FALSE,Controlled paraphrase 2 of reviewed independent seed; family preserved; automated validation complete.
PGDX_0289,জিডির দায়িত্বপ্রাপ্ত তদন্তকারী কর্মকর্তার সঙ্গে কীভাবে যোগাযোগ করব?,POLICE_GD,POLICE_GD_STATUS_FOLLOWUP,GD Status and Follow-Up,POLICE_GD_OFFICER_CONTACT,Investigating Officer Contact,Low,Formal,FALSE,,SYNTHETIC,POLICE_GD_OFFICER_CONTACT_F01,Easy,FALSE,Reviewed independent pilot seed retained for canonical expansion.
PGDX_0290,আমার ক্ষেত্রে জিডির দায়িত্বপ্রাপ্ত তদন্তকারী কর্মকর্তার সঙ্গে কোন প্রক্রিয়ায় যোগাযোগ করব?,POLICE_GD,POLICE_GD_STATUS_FOLLOWUP,GD Status and Follow-Up,POLICE_GD_OFFICER_CONTACT,Investigating Officer Contact,Low,Formal,FALSE,,PARAPHRASED,POLICE_GD_OFFICER_CONTACT_F01,Easy,FALSE,Controlled paraphrase 1 of reviewed independent seed; family preserved; automated validation complete.
PGDX_0291,জিডির দায়িত্বপ্রাপ্ত তদন্তকারী কর্মকর্তার সঙ্গে কোন প্রক্রিয়ায় যোগাযোগ করব; পরের ধাপটা কী?,POLICE_GD,POLICE_GD_STATUS_FOLLOWUP,GD Status and Follow-Up,POLICE_GD_OFFICER_CONTACT,Investigating Officer Contact,Low,Formal,FALSE,,PARAPHRASED,POLICE_GD_OFFICER_CONTACT_F01,Easy,FALSE,Controlled paraphrase 2 of reviewed independent seed; family preserved; automated validation complete.
PGDX_0292,"আমার complaint-এর assigned officer কে, কোথায় দেখব?",POLICE_GD,POLICE_GD_STATUS_FOLLOWUP,GD Status and Follow-Up,POLICE_GD_OFFICER_CONTACT,Investigating Officer Contact,Low,Informal,FALSE,,SYNTHETIC,POLICE_GD_OFFICER_CONTACT_F02,Medium,FALSE,Reviewed independent pilot seed retained for canonical expansion.
PGDX_0293,"এটা নিয়ে সাহায্য দরকার: আমার complaint-এর assigned officer কে, কোথায় দেখব?",POLICE_GD,POLICE_GD_STATUS_FOLLOWUP,GD Status and Follow-Up,POLICE_GD_OFFICER_CONTACT,Investigating Officer Contact,Low,Informal,FALSE,,PARAPHRASED,POLICE_GD_OFFICER_CONTACT_F02,Medium,FALSE,Controlled paraphrase 1 of reviewed independent seed; family preserved; automated validation complete.
PGDX_0294,"এই বিষয়ে সহায়তা চাই: আমার complaint-এর assigned officer কে, কোথায় দেখব?",POLICE_GD,POLICE_GD_STATUS_FOLLOWUP,GD Status and Follow-Up,POLICE_GD_OFFICER_CONTACT,Investigating Officer Contact,Low,Informal,FALSE,,PARAPHRASED,POLICE_GD_OFFICER_CONTACT_F02,Medium,FALSE,Controlled paraphrase 2 of reviewed independent seed; family preserved; automated validation complete.
PGDX_0295,investigating officer er sathe online e contact korbo kivabe?,POLICE_GD,POLICE_GD_STATUS_FOLLOWUP,GD Status and Follow-Up,POLICE_GD_OFFICER_CONTACT,Investigating Officer Contact,Low,Mixed,FALSE,,SYNTHETIC,POLICE_GD_OFFICER_CONTACT_F03,Medium,FALSE,Reviewed independent pilot seed retained for canonical expansion.
PGDX_0296,I am trying to understand this: investigating officer er sathe online e contact korbo kon process e?,POLICE_GD,POLICE_GD_STATUS_FOLLOWUP,GD Status and Follow-Up,POLICE_GD_OFFICER_CONTACT,Investigating Officer Contact,Low,Mixed,FALSE,,PARAPHRASED,POLICE_GD_OFFICER_CONTACT_F03,Medium,FALSE,Controlled paraphrase 1 of reviewed independent seed; family preserved; automated validation complete.
PGDX_0297,I need guidance on this: investigating officer er sathe online e contact korbo kon process e?,POLICE_GD,POLICE_GD_STATUS_FOLLOWUP,GD Status and Follow-Up,POLICE_GD_OFFICER_CONTACT,Investigating Officer Contact,Low,Mixed,FALSE,,PARAPHRASED,POLICE_GD_OFFICER_CONTACT_F03,Medium,FALSE,Controlled paraphrase 2 of reviewed independent seed; family preserved; automated validation complete.
PGDX_0298,status page-এ officer details আছে—follow-up message পাঠানোর নিয়ম কী?,POLICE_GD,POLICE_GD_STATUS_FOLLOWUP,GD Status and Follow-Up,POLICE_GD_OFFICER_CONTACT,Investigating Officer Contact,Low,Mixed,FALSE,,SYNTHETIC,POLICE_GD_OFFICER_CONTACT_F04,Hard,FALSE,Reviewed independent pilot seed retained for canonical expansion.
PGDX_0299,status page-এ officer details আছে—follow-up message পাঠানোর নিয়ম কী—নিয়মটা জানাবেন?,POLICE_GD,POLICE_GD_STATUS_FOLLOWUP,GD Status and Follow-Up,POLICE_GD_OFFICER_CONTACT,Investigating Officer Contact,Low,Mixed,FALSE,,PARAPHRASED,POLICE_GD_OFFICER_CONTACT_F04,Hard,FALSE,Controlled paraphrase 1 of reviewed independent seed; family preserved; automated validation complete.
PGDX_0300,"status page-এ officer details আছে—follow-up message পাঠানোর নিয়ম কী, একটু বুঝিয়ে বলবেন?",POLICE_GD,POLICE_GD_STATUS_FOLLOWUP,GD Status and Follow-Up,POLICE_GD_OFFICER_CONTACT,Investigating Officer Contact,Low,Mixed,FALSE,,PARAPHRASED,POLICE_GD_OFFICER_CONTACT_F04,Hard,FALSE,Controlled paraphrase 2 of reviewed independent seed; family preserved; automated validation complete.
PGDX_0301,অনলাইন অভিযোগের পর থানায় follow-up কীভাবে করব?,POLICE_GD,POLICE_GD_STATUS_FOLLOWUP,GD Status and Follow-Up,POLICE_GD_STATION_FOLLOWUP,Police Station Follow-Up,Medium,Formal,FALSE,,SYNTHETIC,POLICE_GD_STATION_FOLLOWUP_F01,Easy,FALSE,Reviewed independent pilot seed retained for canonical expansion.
PGDX_0302,আমার ক্ষেত্রে অনলাইন অভিযোগের পর থানায় follow-up কোন প্রক্রিয়ায় করব?,POLICE_GD,POLICE_GD_STATUS_FOLLOWUP,GD Status and Follow-Up,POLICE_GD_STATION_FOLLOWUP,Police Station Follow-Up,Medium,Formal,FALSE,,PARAPHRASED,POLICE_GD_STATION_FOLLOWUP_F01,Easy,FALSE,Controlled paraphrase 1 of reviewed independent seed; family preserved; automated validation complete.
PGDX_0303,অনলাইন অভিযোগের পর থানায় follow-up কোন প্রক্রিয়ায় করব; পরের ধাপটা কী?,POLICE_GD,POLICE_GD_STATUS_FOLLOWUP,GD Status and Follow-Up,POLICE_GD_STATION_FOLLOWUP,Police Station Follow-Up,Medium,Formal,FALSE,,PARAPHRASED,POLICE_GD_STATION_FOLLOWUP_F01,Easy,FALSE,Controlled paraphrase 2 of reviewed independent seed; family preserved; automated validation complete.
PGDX_0304,"GD submit করেছি, police station-এ যেতে হবে কিনা কোথায় জানব?",POLICE_GD,POLICE_GD_STATUS_FOLLOWUP,GD Status and Follow-Up,POLICE_GD_STATION_FOLLOWUP,Police Station Follow-Up,Medium,Informal,FALSE,,SYNTHETIC,POLICE_GD_STATION_FOLLOWUP_F02,Medium,FALSE,Reviewed independent pilot seed retained for canonical expansion.
PGDX_0305,"এটা নিয়ে সাহায্য দরকার: GD submit করেছি, police station-এ যেতে হবে কিনা কোথায় জানব?",POLICE_GD,POLICE_GD_STATUS_FOLLOWUP,GD Status and Follow-Up,POLICE_GD_STATION_FOLLOWUP,Police Station Follow-Up,Medium,Informal,FALSE,,PARAPHRASED,POLICE_GD_STATION_FOLLOWUP_F02,Medium,FALSE,Controlled paraphrase 1 of reviewed independent seed; family preserved; automated validation complete.
PGDX_0306,"এই বিষয়ে সহায়তা চাই: GD submit করেছি, police station-এ যেতে হবে কিনা কোথায় জানব?",POLICE_GD,POLICE_GD_STATUS_FOLLOWUP,GD Status and Follow-Up,POLICE_GD_STATION_FOLLOWUP,Police Station Follow-Up,Medium,Informal,FALSE,,PARAPHRASED,POLICE_GD_STATION_FOLLOWUP_F02,Medium,FALSE,Controlled paraphrase 2 of reviewed independent seed; family preserved; automated validation complete.
PGDX_0307,online complaint er por thana follow-up process ki?,POLICE_GD,POLICE_GD_STATUS_FOLLOWUP,GD Status and Follow-Up,POLICE_GD_STATION_FOLLOWUP,Police Station Follow-Up,Medium,Mixed,FALSE,,SYNTHETIC,POLICE_GD_STATION_FOLLOWUP_F03,Medium,FALSE,Reviewed independent pilot seed retained for canonical expansion.
PGDX_0308,I am trying to understand this: online complaint er por thana follow-up process ki?,POLICE_GD,POLICE_GD_STATUS_FOLLOWUP,GD Status and Follow-Up,POLICE_GD_STATION_FOLLOWUP,Police Station Follow-Up,Medium,Mixed,FALSE,,PARAPHRASED,POLICE_GD_STATION_FOLLOWUP_F03,Medium,FALSE,Controlled paraphrase 1 of reviewed independent seed; family preserved; automated validation complete.
PGDX_0309,I need guidance on this: online complaint er por thana follow-up process ki?,POLICE_GD,POLICE_GD_STATUS_FOLLOWUP,GD Status and Follow-Up,POLICE_GD_STATION_FOLLOWUP,Police Station Follow-Up,Medium,Mixed,FALSE,,PARAPHRASED,POLICE_GD_STATION_FOLLOWUP_F03,Medium,FALSE,Controlled paraphrase 2 of reviewed independent seed; family preserved; automated validation complete.
PGDX_0310,portal থেকে station attendance-এর message পেয়েছি—পরবর্তী official step জানতে চাই।,POLICE_GD,POLICE_GD_STATUS_FOLLOWUP,GD Status and Follow-Up,POLICE_GD_STATION_FOLLOWUP,Police Station Follow-Up,Medium,Mixed,FALSE,,SYNTHETIC,POLICE_GD_STATION_FOLLOWUP_F04,Hard,FALSE,Reviewed independent pilot seed retained for canonical expansion.
PGDX_0311,portal থেকে station attendance-এর message পেয়েছি—পরবর্তী official step জানতে প্রয়োজন—নিয়মটা জানাবেন?,POLICE_GD,POLICE_GD_STATUS_FOLLOWUP,GD Status and Follow-Up,POLICE_GD_STATION_FOLLOWUP,Police Station Follow-Up,Medium,Mixed,FALSE,,PARAPHRASED,POLICE_GD_STATION_FOLLOWUP_F04,Hard,FALSE,Controlled paraphrase 1 of reviewed independent seed; family preserved; automated validation complete.
PGDX_0312,"portal থেকে station attendance-এর message পেয়েছি—পরবর্তী official step জানতে প্রয়োজন, একটু বুঝিয়ে বলবেন?",POLICE_GD,POLICE_GD_STATUS_FOLLOWUP,GD Status and Follow-Up,POLICE_GD_STATION_FOLLOWUP,Police Station Follow-Up,Medium,Mixed,FALSE,,PARAPHRASED,POLICE_GD_STATION_FOLLOWUP_F04,Hard,FALSE,Controlled paraphrase 2 of reviewed independent seed; family preserved; automated validation complete.
PGDX_0313,ডিজিটাল জিডির কপি কীভাবে ডাউনলোড করব?,POLICE_GD,POLICE_GD_COPY_REFERENCE,"GD Copy, Receipt and Reference",POLICE_GD_COPY_DOWNLOAD,Digital GD Copy Download,Low,Formal,FALSE,,SYNTHETIC,POLICE_GD_COPY_DOWNLOAD_F01,Easy,FALSE,Reviewed independent pilot seed retained for canonical expansion.
PGDX_0314,আমার ক্ষেত্রে ডিজিটাল জিডির কপি কোন প্রক্রিয়ায় ডাউনলোড করব?,POLICE_GD,POLICE_GD_COPY_REFERENCE,"GD Copy, Receipt and Reference",POLICE_GD_COPY_DOWNLOAD,Digital GD Copy Download,Low,Formal,FALSE,,PARAPHRASED,POLICE_GD_COPY_DOWNLOAD_F01,Easy,FALSE,Controlled paraphrase 1 of reviewed independent seed; family preserved; automated validation complete.
PGDX_0315,ডিজিটাল জিডির কপি কীভাবে ডাউনলোড করতে হবে; পরের ধাপটা কী?,POLICE_GD,POLICE_GD_COPY_REFERENCE,"GD Copy, Receipt and Reference",POLICE_GD_COPY_DOWNLOAD,Digital GD Copy Download,Low,Formal,FALSE,,PARAPHRASED,POLICE_GD_COPY_DOWNLOAD_F01,Easy,FALSE,Controlled paraphrase 2 of reviewed independent seed; family preserved; automated validation complete.
PGDX_0316,completed GD copyটা কোথায় পাব?,POLICE_GD,POLICE_GD_COPY_REFERENCE,"GD Copy, Receipt and Reference",POLICE_GD_COPY_DOWNLOAD,Digital GD Copy Download,Low,Informal,FALSE,,SYNTHETIC,POLICE_GD_COPY_DOWNLOAD_F02,Medium,FALSE,Reviewed independent pilot seed retained for canonical expansion.
PGDX_0317,এটা নিয়ে সাহায্য দরকার: completed GD copyটা কোথায় পাব?,POLICE_GD,POLICE_GD_COPY_REFERENCE,"GD Copy, Receipt and Reference",POLICE_GD_COPY_DOWNLOAD,Digital GD Copy Download,Low,Informal,FALSE,,PARAPHRASED,POLICE_GD_COPY_DOWNLOAD_F02,Medium,FALSE,Controlled paraphrase 1 of reviewed independent seed; family preserved; automated validation complete.
PGDX_0318,এই বিষয়ে সহায়তা চাই: completed GD copyটা কোথায় পাব?,POLICE_GD,POLICE_GD_COPY_REFERENCE,"GD Copy, Receipt and Reference",POLICE_GD_COPY_DOWNLOAD,Digital GD Copy Download,Low,Informal,FALSE,,PARAPHRASED,POLICE_GD_COPY_DOWNLOAD_F02,Medium,FALSE,Controlled paraphrase 2 of reviewed independent seed; family preserved; automated validation complete.
PGDX_0319,online GD copy download korar option kothay?,POLICE_GD,POLICE_GD_COPY_REFERENCE,"GD Copy, Receipt and Reference",POLICE_GD_COPY_DOWNLOAD,Digital GD Copy Download,Low,Mixed,FALSE,,SYNTHETIC,POLICE_GD_COPY_DOWNLOAD_F03,Medium,FALSE,Reviewed independent pilot seed retained for canonical expansion.
PGDX_0320,I am trying to understand this: online GD copy download korar option kon jaygay?,POLICE_GD,POLICE_GD_COPY_REFERENCE,"GD Copy, Receipt and Reference",POLICE_GD_COPY_DOWNLOAD,Digital GD Copy Download,Low,Mixed,FALSE,,PARAPHRASED,POLICE_GD_COPY_DOWNLOAD_F03,Medium,FALSE,Controlled paraphrase 1 of reviewed independent seed; family preserved; automated validation complete.
PGDX_0321,I need guidance on this: online GD copy download korar option kon jaygay?,POLICE_GD,POLICE_GD_COPY_REFERENCE,"GD Copy, Receipt and Reference",POLICE_GD_COPY_DOWNLOAD,Digital GD Copy Download,Low,Mixed,FALSE,,PARAPHRASED,POLICE_GD_COPY_DOWNLOAD_F03,Medium,FALSE,Controlled paraphrase 2 of reviewed independent seed; family preserved; automated validation complete.
PGDX_0322,"GD number হয়েছে, এখন digital documentটা সংরক্ষণ করতে চাই।",POLICE_GD,POLICE_GD_COPY_REFERENCE,"GD Copy, Receipt and Reference",POLICE_GD_COPY_DOWNLOAD,Digital GD Copy Download,Low,Mixed,FALSE,,SYNTHETIC,POLICE_GD_COPY_DOWNLOAD_F04,Hard,FALSE,Reviewed independent pilot seed retained for canonical expansion.
PGDX_0323,"GD number হয়েছে, এখন digital documentটা সংরক্ষণ করতে প্রয়োজন—নিয়মটা জানাবেন?",POLICE_GD,POLICE_GD_COPY_REFERENCE,"GD Copy, Receipt and Reference",POLICE_GD_COPY_DOWNLOAD,Digital GD Copy Download,Low,Mixed,FALSE,,PARAPHRASED,POLICE_GD_COPY_DOWNLOAD_F04,Hard,FALSE,Controlled paraphrase 1 of reviewed independent seed; family preserved; automated validation complete.
PGDX_0324,"GD number হয়েছে, এখন digital documentটা সংরক্ষণ করতে প্রয়োজন, একটু বুঝিয়ে বলবেন?",POLICE_GD,POLICE_GD_COPY_REFERENCE,"GD Copy, Receipt and Reference",POLICE_GD_COPY_DOWNLOAD,Digital GD Copy Download,Low,Mixed,FALSE,,PARAPHRASED,POLICE_GD_COPY_DOWNLOAD_F04,Hard,FALSE,Controlled paraphrase 2 of reviewed independent seed; family preserved; automated validation complete.
PGDX_0325,জিডির অভিযোগ জমা দেওয়ার স্বীকারপত্র কোথায় পাব?,POLICE_GD,POLICE_GD_COPY_REFERENCE,"GD Copy, Receipt and Reference",POLICE_GD_SUBMISSION_RECEIPT,GD Submission Acknowledgement,Low,Formal,FALSE,,SYNTHETIC,POLICE_GD_SUBMISSION_RECEIPT_F01,Easy,FALSE,Reviewed independent pilot seed retained for canonical expansion.
PGDX_0326,আমার ক্ষেত্রে জিডির অভিযোগ জমা দেওয়ার স্বীকারপত্র কোথায় পাব?,POLICE_GD,POLICE_GD_COPY_REFERENCE,"GD Copy, Receipt and Reference",POLICE_GD_SUBMISSION_RECEIPT,GD Submission Acknowledgement,Low,Formal,FALSE,,PARAPHRASED,POLICE_GD_SUBMISSION_RECEIPT_F01,Easy,FALSE,Controlled paraphrase 1 of reviewed independent seed; family preserved; automated validation complete.
PGDX_0327,জিডির অভিযোগ জমা দেওয়ার স্বীকারপত্র কোথায় পাব; পরের ধাপটা কী?,POLICE_GD,POLICE_GD_COPY_REFERENCE,"GD Copy, Receipt and Reference",POLICE_GD_SUBMISSION_RECEIPT,GD Submission Acknowledgement,Low,Formal,FALSE,,PARAPHRASED,POLICE_GD_SUBMISSION_RECEIPT_F01,Easy,FALSE,Controlled paraphrase 2 of reviewed independent seed; family preserved; automated validation complete.
PGDX_0328,complaint submit হয়েছে—receiptটা দরকার।,POLICE_GD,POLICE_GD_COPY_REFERENCE,"GD Copy, Receipt and Reference",POLICE_GD_SUBMISSION_RECEIPT,GD Submission Acknowledgement,Low,Informal,FALSE,,SYNTHETIC,POLICE_GD_SUBMISSION_RECEIPT_F02,Medium,FALSE,Reviewed independent pilot seed retained for canonical expansion.
PGDX_0329,এটা নিয়ে সাহায্য দরকার: complaint submit হয়েছে—receiptটা দরকার?,POLICE_GD,POLICE_GD_COPY_REFERENCE,"GD Copy, Receipt and Reference",POLICE_GD_SUBMISSION_RECEIPT,GD Submission Acknowledgement,Low,Informal,FALSE,,PARAPHRASED,POLICE_GD_SUBMISSION_RECEIPT_F02,Medium,FALSE,Controlled paraphrase 1 of reviewed independent seed; family preserved; automated validation complete.
PGDX_0330,complaint submit হয়েছে—receiptটা দরকার?,POLICE_GD,POLICE_GD_COPY_REFERENCE,"GD Copy, Receipt and Reference",POLICE_GD_SUBMISSION_RECEIPT,GD Submission Acknowledgement,Low,Informal,FALSE,,PARAPHRASED,POLICE_GD_SUBMISSION_RECEIPT_F02,Medium,FALSE,Controlled paraphrase 2 of reviewed independent seed; family preserved; automated validation complete.
PGDX_0331,online GD acknowledgement kivabe pabo?,POLICE_GD,POLICE_GD_COPY_REFERENCE,"GD Copy, Receipt and Reference",POLICE_GD_SUBMISSION_RECEIPT,GD Submission Acknowledgement,Low,Mixed,FALSE,,SYNTHETIC,POLICE_GD_SUBMISSION_RECEIPT_F03,Medium,FALSE,Reviewed independent pilot seed retained for canonical expansion.
PGDX_0332,I am trying to understand this: online GD acknowledgement kon process e pabo?,POLICE_GD,POLICE_GD_COPY_REFERENCE,"GD Copy, Receipt and Reference",POLICE_GD_SUBMISSION_RECEIPT,GD Submission Acknowledgement,Low,Mixed,FALSE,,PARAPHRASED,POLICE_GD_SUBMISSION_RECEIPT_F03,Medium,FALSE,Controlled paraphrase 1 of reviewed independent seed; family preserved; automated validation complete.
PGDX_0333,I need guidance on this: online GD acknowledgement kon process e pabo?,POLICE_GD,POLICE_GD_COPY_REFERENCE,"GD Copy, Receipt and Reference",POLICE_GD_SUBMISSION_RECEIPT,GD Submission Acknowledgement,Low,Mixed,FALSE,,PARAPHRASED,POLICE_GD_SUBMISSION_RECEIPT_F03,Medium,FALSE,Controlled paraphrase 2 of reviewed independent seed; family preserved; automated validation complete.
PGDX_0334,application জমা দেওয়ার proof হিসেবে confirmation copy নিতে চাই।,POLICE_GD,POLICE_GD_COPY_REFERENCE,"GD Copy, Receipt and Reference",POLICE_GD_SUBMISSION_RECEIPT,GD Submission Acknowledgement,Low,Mixed,FALSE,,SYNTHETIC,POLICE_GD_SUBMISSION_RECEIPT_F04,Hard,FALSE,Reviewed independent pilot seed retained for canonical expansion.
PGDX_0335,application জমা দেওয়ার proof হিসেবে confirmation copy নিতে প্রয়োজন—নিয়মটা জানাবেন?,POLICE_GD,POLICE_GD_COPY_REFERENCE,"GD Copy, Receipt and Reference",POLICE_GD_SUBMISSION_RECEIPT,GD Submission Acknowledgement,Low,Mixed,FALSE,,PARAPHRASED,POLICE_GD_SUBMISSION_RECEIPT_F04,Hard,FALSE,Controlled paraphrase 1 of reviewed independent seed; family preserved; automated validation complete.
PGDX_0336,"application জমা দেওয়ার proof হিসেবে confirmation copy নিতে প্রয়োজন, একটু বুঝিয়ে বলবেন?",POLICE_GD,POLICE_GD_COPY_REFERENCE,"GD Copy, Receipt and Reference",POLICE_GD_SUBMISSION_RECEIPT,GD Submission Acknowledgement,Low,Mixed,FALSE,,PARAPHRASED,POLICE_GD_SUBMISSION_RECEIPT_F04,Hard,FALSE,Controlled paraphrase 2 of reviewed independent seed; family preserved; automated validation complete.
PGDX_0337,জিডির অভিযোগ কোড বা রেফারেন্স হারালে কীভাবে ফিরে পাব?,POLICE_GD,POLICE_GD_COPY_REFERENCE,"GD Copy, Receipt and Reference",POLICE_GD_REFERENCE_RECOVERY,GD Complaint Reference Recovery,Medium,Formal,FALSE,,SYNTHETIC,POLICE_GD_REFERENCE_RECOVERY_F01,Easy,FALSE,Reviewed independent pilot seed retained for canonical expansion.
PGDX_0338,আমার ক্ষেত্রে জিডির অভিযোগ কোড বা রেফারেন্স হারালে কোন প্রক্রিয়ায় ফিরে পাব?,POLICE_GD,POLICE_GD_COPY_REFERENCE,"GD Copy, Receipt and Reference",POLICE_GD_REFERENCE_RECOVERY,GD Complaint Reference Recovery,Medium,Formal,FALSE,,PARAPHRASED,POLICE_GD_REFERENCE_RECOVERY_F01,Easy,FALSE,Controlled paraphrase 1 of reviewed independent seed; family preserved; automated validation complete.
PGDX_0339,জিডির অভিযোগ কোড বা রেফারেন্স হারালে কোন প্রক্রিয়ায় ফিরে পাব; পরের ধাপটা কী?,POLICE_GD,POLICE_GD_COPY_REFERENCE,"GD Copy, Receipt and Reference",POLICE_GD_REFERENCE_RECOVERY,GD Complaint Reference Recovery,Medium,Formal,FALSE,,PARAPHRASED,POLICE_GD_REFERENCE_RECOVERY_F01,Easy,FALSE,Controlled paraphrase 2 of reviewed independent seed; family preserved; automated validation complete.
PGDX_0340,আমার GD number খুঁজে পাচ্ছি না।,POLICE_GD,POLICE_GD_COPY_REFERENCE,"GD Copy, Receipt and Reference",POLICE_GD_REFERENCE_RECOVERY,GD Complaint Reference Recovery,Medium,Informal,FALSE,,SYNTHETIC,POLICE_GD_REFERENCE_RECOVERY_F02,Medium,FALSE,Reviewed independent pilot seed retained for canonical expansion.
PGDX_0341,এটা নিয়ে সাহায্য দরকার: আমার GD number খুঁজে পাচ্ছি না?,POLICE_GD,POLICE_GD_COPY_REFERENCE,"GD Copy, Receipt and Reference",POLICE_GD_REFERENCE_RECOVERY,GD Complaint Reference Recovery,Medium,Informal,FALSE,,PARAPHRASED,POLICE_GD_REFERENCE_RECOVERY_F02,Medium,FALSE,Controlled paraphrase 1 of reviewed independent seed; family preserved; automated validation complete.
PGDX_0342,আমার GD number খুঁজে পাচ্ছি না?,POLICE_GD,POLICE_GD_COPY_REFERENCE,"GD Copy, Receipt and Reference",POLICE_GD_REFERENCE_RECOVERY,GD Complaint Reference Recovery,Medium,Informal,FALSE,,PARAPHRASED,POLICE_GD_REFERENCE_RECOVERY_F02,Medium,FALSE,Controlled paraphrase 2 of reviewed independent seed; family preserved; automated validation complete.
PGDX_0343,complaint reference recover korbo kivabe?,POLICE_GD,POLICE_GD_COPY_REFERENCE,"GD Copy, Receipt and Reference",POLICE_GD_REFERENCE_RECOVERY,GD Complaint Reference Recovery,Medium,Mixed,FALSE,,SYNTHETIC,POLICE_GD_REFERENCE_RECOVERY_F03,Medium,FALSE,Reviewed independent pilot seed retained for canonical expansion.
PGDX_0344,I am trying to understand this: complaint reference recover korbo kon process e?,POLICE_GD,POLICE_GD_COPY_REFERENCE,"GD Copy, Receipt and Reference",POLICE_GD_REFERENCE_RECOVERY,GD Complaint Reference Recovery,Medium,Mixed,FALSE,,PARAPHRASED,POLICE_GD_REFERENCE_RECOVERY_F03,Medium,FALSE,Controlled paraphrase 1 of reviewed independent seed; family preserved; automated validation complete.
PGDX_0345,I need guidance on this: complaint reference recover korbo kon process e?,POLICE_GD,POLICE_GD_COPY_REFERENCE,"GD Copy, Receipt and Reference",POLICE_GD_REFERENCE_RECOVERY,GD Complaint Reference Recovery,Medium,Mixed,FALSE,,PARAPHRASED,POLICE_GD_REFERENCE_RECOVERY_F03,Medium,FALSE,Controlled paraphrase 2 of reviewed independent seed; family preserved; automated validation complete.
PGDX_0346,status check করার tracking codeটা সংরক্ষণ করা হয়নি—এখন কোথায় পাব?,POLICE_GD,POLICE_GD_COPY_REFERENCE,"GD Copy, Receipt and Reference",POLICE_GD_REFERENCE_RECOVERY,GD Complaint Reference Recovery,Medium,Mixed,FALSE,,SYNTHETIC,POLICE_GD_REFERENCE_RECOVERY_F04,Hard,FALSE,Reviewed independent pilot seed retained for canonical expansion.
PGDX_0347,status check করার tracking codeটা সংরক্ষণ করা হয়নি—এখন কোথায় পাব—নিয়মটা জানাবেন?,POLICE_GD,POLICE_GD_COPY_REFERENCE,"GD Copy, Receipt and Reference",POLICE_GD_REFERENCE_RECOVERY,GD Complaint Reference Recovery,Medium,Mixed,FALSE,,PARAPHRASED,POLICE_GD_REFERENCE_RECOVERY_F04,Hard,FALSE,Controlled paraphrase 1 of reviewed independent seed; family preserved; automated validation complete.
PGDX_0348,"status check করার tracking codeটা সংরক্ষণ করা হয়নি—এখন কোথায় পাব, একটু বুঝিয়ে বলবেন?",POLICE_GD,POLICE_GD_COPY_REFERENCE,"GD Copy, Receipt and Reference",POLICE_GD_REFERENCE_RECOVERY,GD Complaint Reference Recovery,Medium,Mixed,FALSE,,PARAPHRASED,POLICE_GD_REFERENCE_RECOVERY_F04,Hard,FALSE,Controlled paraphrase 2 of reviewed independent seed; family preserved; automated validation complete.
PGDX_0349,অনলাইন জিডির অভিযোগ submit না হলে কী করব?,POLICE_GD,POLICE_GD_TECHNICAL_PROBLEMS,Online GD Technical Problems,POLICE_GD_SUBMISSION_FAILURE,Online GD Submission Failure,Medium,Formal,FALSE,,SYNTHETIC,POLICE_GD_SUBMISSION_FAILURE_F01,Easy,FALSE,Reviewed independent pilot seed retained for canonical expansion.
PGDX_0350,আমার ক্ষেত্রে অনলাইন জিডির অভিযোগ submit না হলে কী করতে হবে?,POLICE_GD,POLICE_GD_TECHNICAL_PROBLEMS,Online GD Technical Problems,POLICE_GD_SUBMISSION_FAILURE,Online GD Submission Failure,Medium,Formal,FALSE,,PARAPHRASED,POLICE_GD_SUBMISSION_FAILURE_F01,Easy,FALSE,Controlled paraphrase 1 of reviewed independent seed; family preserved; automated validation complete.
PGDX_0351,অনলাইন জিডির অভিযোগ submit না হলে কী করতে হবে; পরের ধাপটা কী?,POLICE_GD,POLICE_GD_TECHNICAL_PROBLEMS,Online GD Technical Problems,POLICE_GD_SUBMISSION_FAILURE,Online GD Submission Failure,Medium,Formal,FALSE,,PARAPHRASED,POLICE_GD_SUBMISSION_FAILURE_F01,Easy,FALSE,Controlled paraphrase 2 of reviewed independent seed; family preserved; automated validation complete.
PGDX_0352,সব fill up করেছি কিন্তু GD form জমা হচ্ছে না।,POLICE_GD,POLICE_GD_TECHNICAL_PROBLEMS,Online GD Technical Problems,POLICE_GD_SUBMISSION_FAILURE,Online GD Submission Failure,Medium,Informal,FALSE,,SYNTHETIC,POLICE_GD_SUBMISSION_FAILURE_F02,Medium,FALSE,Reviewed independent pilot seed retained for canonical expansion.
PGDX_0353,এটা নিয়ে সাহায্য দরকার: সব fill up করেছি কিন্তু GD form জমা হচ্ছে না?,POLICE_GD,POLICE_GD_TECHNICAL_PROBLEMS,Online GD Technical Problems,POLICE_GD_SUBMISSION_FAILURE,Online GD Submission Failure,Medium,Informal,FALSE,,PARAPHRASED,POLICE_GD_SUBMISSION_FAILURE_F02,Medium,FALSE,Controlled paraphrase 1 of reviewed independent seed; family preserved; automated validation complete.
PGDX_0354,সব fill up করেছি কিন্তু GD form জমা হচ্ছে না?,POLICE_GD,POLICE_GD_TECHNICAL_PROBLEMS,Online GD Technical Problems,POLICE_GD_SUBMISSION_FAILURE,Online GD Submission Failure,Medium,Informal,FALSE,,PARAPHRASED,POLICE_GD_SUBMISSION_FAILURE_F02,Medium,FALSE,Controlled paraphrase 2 of reviewed independent seed; family preserved; automated validation complete.
PGDX_0355,"online GD submission fail hocche, ki korbo?",POLICE_GD,POLICE_GD_TECHNICAL_PROBLEMS,Online GD Technical Problems,POLICE_GD_SUBMISSION_FAILURE,Online GD Submission Failure,Medium,Mixed,FALSE,,SYNTHETIC,POLICE_GD_SUBMISSION_FAILURE_F03,Medium,FALSE,Reviewed independent pilot seed retained for canonical expansion.
PGDX_0356,"I am trying to understand this: online GD submission fail hocche, ki korte hobe?",POLICE_GD,POLICE_GD_TECHNICAL_PROBLEMS,Online GD Technical Problems,POLICE_GD_SUBMISSION_FAILURE,Online GD Submission Failure,Medium,Mixed,FALSE,,PARAPHRASED,POLICE_GD_SUBMISSION_FAILURE_F03,Medium,FALSE,Controlled paraphrase 1 of reviewed independent seed; family preserved; automated validation complete.
PGDX_0357,"I need guidance on this: online GD submission fail hocche, ki korte hobe?",POLICE_GD,POLICE_GD_TECHNICAL_PROBLEMS,Online GD Technical Problems,POLICE_GD_SUBMISSION_FAILURE,Online GD Submission Failure,Medium,Mixed,FALSE,,PARAPHRASED,POLICE_GD_SUBMISSION_FAILURE_F03,Medium,FALSE,Controlled paraphrase 2 of reviewed independent seed; family preserved; automated validation complete.
PGDX_0358,final button চাপলে error আসে এবং complaint number তৈরি হয় না।,POLICE_GD,POLICE_GD_TECHNICAL_PROBLEMS,Online GD Technical Problems,POLICE_GD_SUBMISSION_FAILURE,Online GD Submission Failure,Medium,Mixed,FALSE,,SYNTHETIC,POLICE_GD_SUBMISSION_FAILURE_F04,Hard,FALSE,Reviewed independent pilot seed retained for canonical expansion.
PGDX_0359,final button চাপলে error আসে এবং complaint number তৈরি হয় না—নিয়মটা জানাবেন?,POLICE_GD,POLICE_GD_TECHNICAL_PROBLEMS,Online GD Technical Problems,POLICE_GD_SUBMISSION_FAILURE,Online GD Submission Failure,Medium,Mixed,FALSE,,PARAPHRASED,POLICE_GD_SUBMISSION_FAILURE_F04,Hard,FALSE,Controlled paraphrase 1 of reviewed independent seed; family preserved; automated validation complete.
PGDX_0360,"final button চাপলে error আসে এবং complaint number তৈরি হয় না, একটু বুঝিয়ে বলবেন?",POLICE_GD,POLICE_GD_TECHNICAL_PROBLEMS,Online GD Technical Problems,POLICE_GD_SUBMISSION_FAILURE,Online GD Submission Failure,Medium,Mixed,FALSE,,PARAPHRASED,POLICE_GD_SUBMISSION_FAILURE_F04,Hard,FALSE,Controlled paraphrase 2 of reviewed independent seed; family preserved; automated validation complete.
PGDX_0361,অনলাইন জিডি website-টাই খুলছে না।,POLICE_GD,POLICE_GD_TECHNICAL_PROBLEMS,Online GD Technical Problems,POLICE_GD_PORTAL_UNAVAILABLE,Online GD Portal Unavailable,Medium,Formal,FALSE,,SYNTHETIC,POLICE_GD_PORTAL_UNAVAILABLE_F01,Easy,FALSE,Reviewed independent pilot seed retained for canonical expansion.
PGDX_0362,আমার ক্ষেত্রে অনলাইন জিডি website-টাই খুলছে না?,POLICE_GD,POLICE_GD_TECHNICAL_PROBLEMS,Online GD Technical Problems,POLICE_GD_PORTAL_UNAVAILABLE,Online GD Portal Unavailable,Medium,Formal,FALSE,,PARAPHRASED,POLICE_GD_PORTAL_UNAVAILABLE_F01,Easy,FALSE,Controlled paraphrase 1 of reviewed independent seed; family preserved; automated validation complete.
PGDX_0363,অনলাইন জিডি website-টাই খুলছে না; পরের ধাপটা কী?,POLICE_GD,POLICE_GD_TECHNICAL_PROBLEMS,Online GD Technical Problems,POLICE_GD_PORTAL_UNAVAILABLE,Online GD Portal Unavailable,Medium,Formal,FALSE,,PARAPHRASED,POLICE_GD_PORTAL_UNAVAILABLE_F01,Easy,FALSE,Controlled paraphrase 2 of reviewed independent seed; family preserved; automated validation complete.
PGDX_0364,GD app নিজেই load হচ্ছে না।,POLICE_GD,POLICE_GD_TECHNICAL_PROBLEMS,Online GD Technical Problems,POLICE_GD_PORTAL_UNAVAILABLE,Online GD Portal Unavailable,Medium,Informal,FALSE,,SYNTHETIC,POLICE_GD_PORTAL_UNAVAILABLE_F02,Medium,FALSE,Reviewed independent pilot seed retained for canonical expansion.
PGDX_0365,এটা নিয়ে সাহায্য দরকার: GD app নিজেই load হচ্ছে না?,POLICE_GD,POLICE_GD_TECHNICAL_PROBLEMS,Online GD Technical Problems,POLICE_GD_PORTAL_UNAVAILABLE,Online GD Portal Unavailable,Medium,Informal,FALSE,,PARAPHRASED,POLICE_GD_PORTAL_UNAVAILABLE_F02,Medium,FALSE,Controlled paraphrase 1 of reviewed independent seed; family preserved; automated validation complete.
PGDX_0366,GD app নিজেই load হচ্ছে না?,POLICE_GD,POLICE_GD_TECHNICAL_PROBLEMS,Online GD Technical Problems,POLICE_GD_PORTAL_UNAVAILABLE,Online GD Portal Unavailable,Medium,Informal,FALSE,,PARAPHRASED,POLICE_GD_PORTAL_UNAVAILABLE_F02,Medium,FALSE,Controlled paraphrase 2 of reviewed independent seed; family preserved; automated validation complete.
PGDX_0367,online GD portal down dekhacche; website open hocche na.,POLICE_GD,POLICE_GD_TECHNICAL_PROBLEMS,Online GD Technical Problems,POLICE_GD_PORTAL_UNAVAILABLE,Online GD Portal Unavailable,Medium,Mixed,FALSE,,SYNTHETIC,POLICE_GD_PORTAL_UNAVAILABLE_F03,Medium,FALSE,Reviewed independent pilot seed retained for canonical expansion.
PGDX_0368,I am trying to understand this: online GD portal down dekhacche; website open hocche na?,POLICE_GD,POLICE_GD_TECHNICAL_PROBLEMS,Online GD Technical Problems,POLICE_GD_PORTAL_UNAVAILABLE,Online GD Portal Unavailable,Medium,Mixed,FALSE,,PARAPHRASED,POLICE_GD_PORTAL_UNAVAILABLE_F03,Medium,FALSE,Controlled paraphrase 1 of reviewed independent seed; family preserved; automated validation complete.
PGDX_0369,I need guidance on this: online GD portal down dekhacche; website open hocche na?,POLICE_GD,POLICE_GD_TECHNICAL_PROBLEMS,Online GD Technical Problems,POLICE_GD_PORTAL_UNAVAILABLE,Online GD Portal Unavailable,Medium,Mixed,FALSE,,PARAPHRASED,POLICE_GD_PORTAL_UNAVAILABLE_F03,Medium,FALSE,Controlled paraphrase 2 of reviewed independent seed; family preserved; automated validation complete.
PGDX_0370,বিভিন্ন page try করেও GD website/app খুলছে না—service unavailable মনে হচ্ছে।,POLICE_GD,POLICE_GD_TECHNICAL_PROBLEMS,Online GD Technical Problems,POLICE_GD_PORTAL_UNAVAILABLE,Online GD Portal Unavailable,Medium,Mixed,FALSE,,SYNTHETIC,POLICE_GD_PORTAL_UNAVAILABLE_F04,Hard,FALSE,Reviewed independent pilot seed retained for canonical expansion.
PGDX_0371,বিভিন্ন page try করেও GD website/app খুলছে না—service unavailable মনে হচ্ছে—নিয়মটা জানাবেন?,POLICE_GD,POLICE_GD_TECHNICAL_PROBLEMS,Online GD Technical Problems,POLICE_GD_PORTAL_UNAVAILABLE,Online GD Portal Unavailable,Medium,Mixed,FALSE,,PARAPHRASED,POLICE_GD_PORTAL_UNAVAILABLE_F04,Hard,FALSE,Controlled paraphrase 1 of reviewed independent seed; family preserved; automated validation complete.
PGDX_0372,"বিভিন্ন page try করেও GD website/app খুলছে না—service unavailable মনে হচ্ছে, একটু বুঝিয়ে বলবেন?",POLICE_GD,POLICE_GD_TECHNICAL_PROBLEMS,Online GD Technical Problems,POLICE_GD_PORTAL_UNAVAILABLE,Online GD Portal Unavailable,Medium,Mixed,FALSE,,PARAPHRASED,POLICE_GD_PORTAL_UNAVAILABLE_F04,Hard,FALSE,Controlled paraphrase 2 of reviewed independent seed; family preserved; automated validation complete.
PGDX_0373,অনলাইন জিডি সেবায় কী কী ধরনের সহায়তা পাওয়া যায়?,POLICE_GD,POLICE_GD_GENERAL_INFORMATION,General Online GD Service Information,POLICE_GD_GENERAL_SERVICE_GUIDANCE,General Online GD Service Guidance,Low,Formal,FALSE,,SYNTHETIC,POLICE_GD_GENERAL_SERVICE_GUIDANCE_F01,Easy,FALSE,Reviewed independent pilot seed retained for canonical expansion.
PGDX_0374,আমার ক্ষেত্রে অনলাইন জিডি সেবায় কোন কোন ধরনের সহায়তা পাওয়া যায়?,POLICE_GD,POLICE_GD_GENERAL_INFORMATION,General Online GD Service Information,POLICE_GD_GENERAL_SERVICE_GUIDANCE,General Online GD Service Guidance,Low,Formal,FALSE,,PARAPHRASED,POLICE_GD_GENERAL_SERVICE_GUIDANCE_F01,Easy,FALSE,Controlled paraphrase 1 of reviewed independent seed; family preserved; automated validation complete.
PGDX_0375,অনলাইন জিডি সেবায় কোন কোন ধরনের সহায়তা পাওয়া যায়; পরের ধাপটা কী?,POLICE_GD,POLICE_GD_GENERAL_INFORMATION,General Online GD Service Information,POLICE_GD_GENERAL_SERVICE_GUIDANCE,General Online GD Service Guidance,Low,Formal,FALSE,,PARAPHRASED,POLICE_GD_GENERAL_SERVICE_GUIDANCE_F01,Easy,FALSE,Controlled paraphrase 2 of reviewed independent seed; family preserved; automated validation complete.
PGDX_0376,GD portal দিয়ে কী কী কাজ করা যায়?,POLICE_GD,POLICE_GD_GENERAL_INFORMATION,General Online GD Service Information,POLICE_GD_GENERAL_SERVICE_GUIDANCE,General Online GD Service Guidance,Low,Informal,FALSE,,SYNTHETIC,POLICE_GD_GENERAL_SERVICE_GUIDANCE_F02,Medium,FALSE,Reviewed independent pilot seed retained for canonical expansion.
PGDX_0377,এটা নিয়ে সাহায্য দরকার: GD portal দিয়ে কোন কোন কাজ করা যায়?,POLICE_GD,POLICE_GD_GENERAL_INFORMATION,General Online GD Service Information,POLICE_GD_GENERAL_SERVICE_GUIDANCE,General Online GD Service Guidance,Low,Informal,FALSE,,PARAPHRASED,POLICE_GD_GENERAL_SERVICE_GUIDANCE_F02,Medium,FALSE,Controlled paraphrase 1 of reviewed independent seed; family preserved; automated validation complete.
PGDX_0378,GD portal দিয়ে কোন কোন কাজ করা যায়?,POLICE_GD,POLICE_GD_GENERAL_INFORMATION,General Online GD Service Information,POLICE_GD_GENERAL_SERVICE_GUIDANCE,General Online GD Service Guidance,Low,Informal,FALSE,,PARAPHRASED,POLICE_GD_GENERAL_SERVICE_GUIDANCE_F02,Medium,FALSE,Controlled paraphrase 2 of reviewed independent seed; family preserved; automated validation complete.
PGDX_0379,online GD service gulo somporke general guidance chai.,POLICE_GD,POLICE_GD_GENERAL_INFORMATION,General Online GD Service Information,POLICE_GD_GENERAL_SERVICE_GUIDANCE,General Online GD Service Guidance,Low,Mixed,FALSE,,SYNTHETIC,POLICE_GD_GENERAL_SERVICE_GUIDANCE_F03,Medium,FALSE,Reviewed independent pilot seed retained for canonical expansion.
PGDX_0380,I am trying to understand this: online GD service gulo somporke general guidance chai?,POLICE_GD,POLICE_GD_GENERAL_INFORMATION,General Online GD Service Information,POLICE_GD_GENERAL_SERVICE_GUIDANCE,General Online GD Service Guidance,Low,Mixed,FALSE,,PARAPHRASED,POLICE_GD_GENERAL_SERVICE_GUIDANCE_F03,Medium,FALSE,Controlled paraphrase 1 of reviewed independent seed; family preserved; automated validation complete.
PGDX_0381,I need guidance on this: online GD service gulo somporke general guidance chai?,POLICE_GD,POLICE_GD_GENERAL_INFORMATION,General Online GD Service Information,POLICE_GD_GENERAL_SERVICE_GUIDANCE,General Online GD Service Guidance,Low,Mixed,FALSE,,PARAPHRASED,POLICE_GD_GENERAL_SERVICE_GUIDANCE_F03,Medium,FALSE,Controlled paraphrase 2 of reviewed independent seed; family preserved; automated validation complete.
PGDX_0382,"complaint, status আর copy—কোন প্রয়োজনের জন্য কোন option ব্যবহার হয় বুঝতে চাই।",POLICE_GD,POLICE_GD_GENERAL_INFORMATION,General Online GD Service Information,POLICE_GD_GENERAL_SERVICE_GUIDANCE,General Online GD Service Guidance,Low,Mixed,FALSE,,SYNTHETIC,POLICE_GD_GENERAL_SERVICE_GUIDANCE_F04,Hard,FALSE,Reviewed independent pilot seed retained for canonical expansion.
PGDX_0383,"complaint, status আর copy—কোন প্রয়োজনের জন্য কোন option ব্যবহার হয় বুঝতে প্রয়োজন—নিয়মটা জানাবেন?",POLICE_GD,POLICE_GD_GENERAL_INFORMATION,General Online GD Service Information,POLICE_GD_GENERAL_SERVICE_GUIDANCE,General Online GD Service Guidance,Low,Mixed,FALSE,,PARAPHRASED,POLICE_GD_GENERAL_SERVICE_GUIDANCE_F04,Hard,FALSE,Controlled paraphrase 1 of reviewed independent seed; family preserved; automated validation complete.
PGDX_0384,"complaint, status আর copy—কোন প্রয়োজনের জন্য কোন option ব্যবহার হয় বুঝতে প্রয়োজন, একটু বুঝিয়ে বলবেন?",POLICE_GD,POLICE_GD_GENERAL_INFORMATION,General Online GD Service Information,POLICE_GD_GENERAL_SERVICE_GUIDANCE,General Online GD Service Guidance,Low,Mixed,FALSE,,PARAPHRASED,POLICE_GD_GENERAL_SERVICE_GUIDANCE_F04,Hard,FALSE,Controlled paraphrase 2 of reviewed independent seed; family preserved; automated validation complete.
