id,text,service,parent_topic_id,parent_topic,query_topic_id,query_topic,priority,language_style,privacy_present,privacy_types,source_type,parent_query_id,difficulty,is_ood,annotation_notes
TAXX_0001,নতুন করদাতা হিসেবে টিআইএন নিবন্ধনের প্রক্রিয়াটি কী?,TAX,TAX_TIN_REGISTRATION,Taxpayer Registration and TIN,TAX_TIN_REGISTRATION_PROCESS,TIN Registration Process,Low,Formal,FALSE,,SYNTHETIC,TAX_TIN_REGISTRATION_PROCESS_F01,Easy,FALSE,Reviewed independent pilot seed retained for canonical expansion.
TAXX_0002,আমার ক্ষেত্রে নতুন করদাতা হিসেবে টিআইএন নিবন্ধনের প্রক্রিয়াটি কী?,TAX,TAX_TIN_REGISTRATION,Taxpayer Registration and TIN,TAX_TIN_REGISTRATION_PROCESS,TIN Registration Process,Low,Formal,FALSE,,PARAPHRASED,TAX_TIN_REGISTRATION_PROCESS_F01,Easy,FALSE,Controlled paraphrase 1 of reviewed independent seed; family preserved; automated validation complete.
TAXX_0003,নতুন করদাতা হিসেবে টিআইএন নিবন্ধনের প্রক্রিয়াটি কী; পরের ধাপটা কী?,TAX,TAX_TIN_REGISTRATION,Taxpayer Registration and TIN,TAX_TIN_REGISTRATION_PROCESS,TIN Registration Process,Low,Formal,FALSE,,PARAPHRASED,TAX_TIN_REGISTRATION_PROCESS_F01,Easy,FALSE,Controlled paraphrase 2 of reviewed independent seed; family preserved; automated validation complete.
TAXX_0004,"TIN করতে চাই, শুরুটা কোথা থেকে করব?",TAX,TAX_TIN_REGISTRATION,Taxpayer Registration and TIN,TAX_TIN_REGISTRATION_PROCESS,TIN Registration Process,Low,Informal,FALSE,,SYNTHETIC,TAX_TIN_REGISTRATION_PROCESS_F02,Medium,FALSE,Reviewed independent pilot seed retained for canonical expansion.
TAXX_0005,"এটা নিয়ে সাহায্য দরকার: TIN করতে চাই, শুরুটা কোথা থেকে করতে হবে?",TAX,TAX_TIN_REGISTRATION,Taxpayer Registration and TIN,TAX_TIN_REGISTRATION_PROCESS,TIN Registration Process,Low,Informal,FALSE,,PARAPHRASED,TAX_TIN_REGISTRATION_PROCESS_F02,Medium,FALSE,Controlled paraphrase 1 of reviewed independent seed; family preserved; automated validation complete.
TAXX_0006,"TIN করতে চাই, শুরুটা কোথা থেকে করতে হবে?",TAX,TAX_TIN_REGISTRATION,Taxpayer Registration and TIN,TAX_TIN_REGISTRATION_PROCESS,TIN Registration Process,Low,Informal,FALSE,,PARAPHRASED,TAX_TIN_REGISTRATION_PROCESS_F02,Medium,FALSE,Controlled paraphrase 2 of reviewed independent seed; family preserved; automated validation complete.
TAXX_0007,e-TIN registration process ta kivabe complete korbo?,TAX,TAX_TIN_REGISTRATION,Taxpayer Registration and TIN,TAX_TIN_REGISTRATION_PROCESS,TIN Registration Process,Low,Mixed,FALSE,,SYNTHETIC,TAX_TIN_REGISTRATION_PROCESS_F03,Medium,FALSE,Reviewed independent pilot seed retained for canonical expansion.
TAXX_0008,I am trying to understand this: e-TIN registration process ta kon process e complete korbo?,TAX,TAX_TIN_REGISTRATION,Taxpayer Registration and TIN,TAX_TIN_REGISTRATION_PROCESS,TIN Registration Process,Low,Mixed,FALSE,,PARAPHRASED,TAX_TIN_REGISTRATION_PROCESS_F03,Medium,FALSE,Controlled paraphrase 1 of reviewed independent seed; family preserved; automated validation complete.
TAXX_0009,I need guidance on this: e-TIN registration process ta kon process e complete korbo?,TAX,TAX_TIN_REGISTRATION,Taxpayer Registration and TIN,TAX_TIN_REGISTRATION_PROCESS,TIN Registration Process,Low,Mixed,FALSE,,PARAPHRASED,TAX_TIN_REGISTRATION_PROCESS_F03,Medium,FALSE,Controlled paraphrase 2 of reviewed independent seed; family preserved; automated validation complete.
TAXX_0010,"ব্যবসা শুরু করেছি, taxpayer হিসেবে first registrationটা কীভাবে করব?",TAX,TAX_TIN_REGISTRATION,Taxpayer Registration and TIN,TAX_TIN_REGISTRATION_PROCESS,TIN Registration Process,Low,Mixed,FALSE,,SYNTHETIC,TAX_TIN_REGISTRATION_PROCESS_F04,Hard,FALSE,Reviewed independent pilot seed retained for canonical expansion.
TAXX_0011,"ব্যবসা শুরু করেছি, taxpayer হিসেবে first registrationটা কোন প্রক্রিয়ায় করব—নিয়মটা জানাবেন?",TAX,TAX_TIN_REGISTRATION,Taxpayer Registration and TIN,TAX_TIN_REGISTRATION_PROCESS,TIN Registration Process,Low,Mixed,FALSE,,PARAPHRASED,TAX_TIN_REGISTRATION_PROCESS_F04,Hard,FALSE,Controlled paraphrase 1 of reviewed independent seed; family preserved; automated validation complete.
TAXX_0012,"ব্যবসা শুরু করেছি, taxpayer হিসেবে first registrationটা কোন প্রক্রিয়ায় করব, একটু বুঝিয়ে বলবেন?",TAX,TAX_TIN_REGISTRATION,Taxpayer Registration and TIN,TAX_TIN_REGISTRATION_PROCESS,TIN Registration Process,Low,Mixed,FALSE,,PARAPHRASED,TAX_TIN_REGISTRATION_PROCESS_F04,Hard,FALSE,Controlled paraphrase 2 of reviewed independent seed; family preserved; automated validation complete.
TAXX_0013,কারা টিআইএন নিবন্ধন করতে পারেন বা প্রয়োজন হয়?,TAX,TAX_TIN_REGISTRATION,Taxpayer Registration and TIN,TAX_TIN_ELIGIBILITY,TIN Registration Eligibility,Low,Formal,FALSE,,SYNTHETIC,TAX_TIN_ELIGIBILITY_F01,Easy,FALSE,Reviewed independent pilot seed retained for canonical expansion.
TAXX_0014,আমার ক্ষেত্রে কারা টিআইএন নিবন্ধন করতে পারেন বা প্রয়োজন হয়?,TAX,TAX_TIN_REGISTRATION,Taxpayer Registration and TIN,TAX_TIN_ELIGIBILITY,TIN Registration Eligibility,Low,Formal,FALSE,,PARAPHRASED,TAX_TIN_ELIGIBILITY_F01,Easy,FALSE,Controlled paraphrase 1 of reviewed independent seed; family preserved; automated validation complete.
TAXX_0015,কারা টিআইএন নিবন্ধন করতে পারেন বা প্রয়োজন হয়; পরের ধাপটা কী?,TAX,TAX_TIN_REGISTRATION,Taxpayer Registration and TIN,TAX_TIN_ELIGIBILITY,TIN Registration Eligibility,Low,Formal,FALSE,,PARAPHRASED,TAX_TIN_ELIGIBILITY_F01,Easy,FALSE,Controlled paraphrase 2 of reviewed independent seed; family preserved; automated validation complete.
TAXX_0016,"আমার income কম, তবুও TIN লাগবে নাকি?",TAX,TAX_TIN_REGISTRATION,Taxpayer Registration and TIN,TAX_TIN_ELIGIBILITY,TIN Registration Eligibility,Low,Informal,FALSE,,SYNTHETIC,TAX_TIN_ELIGIBILITY_F02,Medium,FALSE,Reviewed independent pilot seed retained for canonical expansion.
TAXX_0017,"এটা নিয়ে সাহায্য দরকার: আমার income কম, তবুও TIN দরকার হবে নাকি?",TAX,TAX_TIN_REGISTRATION,Taxpayer Registration and TIN,TAX_TIN_ELIGIBILITY,TIN Registration Eligibility,Low,Informal,FALSE,,PARAPHRASED,TAX_TIN_ELIGIBILITY_F02,Medium,FALSE,Controlled paraphrase 1 of reviewed independent seed; family preserved; automated validation complete.
TAXX_0018,"আমার income কম, তবুও TIN দরকার হবে নাকি?",TAX,TAX_TIN_REGISTRATION,Taxpayer Registration and TIN,TAX_TIN_ELIGIBILITY,TIN Registration Eligibility,Low,Informal,FALSE,,PARAPHRASED,TAX_TIN_ELIGIBILITY_F02,Medium,FALSE,Controlled paraphrase 2 of reviewed independent seed; family preserved; automated validation complete.
TAXX_0019,amar jonno e-TIN registration applicable kina janbo kivabe?,TAX,TAX_TIN_REGISTRATION,Taxpayer Registration and TIN,TAX_TIN_ELIGIBILITY,TIN Registration Eligibility,Low,Mixed,FALSE,,SYNTHETIC,TAX_TIN_ELIGIBILITY_F03,Medium,FALSE,Reviewed independent pilot seed retained for canonical expansion.
TAXX_0020,I am trying to understand this: amar jonno e-TIN registration applicable kina janbo kon process e?,TAX,TAX_TIN_REGISTRATION,Taxpayer Registration and TIN,TAX_TIN_ELIGIBILITY,TIN Registration Eligibility,Low,Mixed,FALSE,,PARAPHRASED,TAX_TIN_ELIGIBILITY_F03,Medium,FALSE,Controlled paraphrase 1 of reviewed independent seed; family preserved; automated validation complete.
TAXX_0021,I need guidance on this: amar jonno e-TIN registration applicable kina janbo kon process e?,TAX,TAX_TIN_REGISTRATION,Taxpayer Registration and TIN,TAX_TIN_ELIGIBILITY,TIN Registration Eligibility,Low,Mixed,FALSE,,PARAPHRASED,TAX_TIN_ELIGIBILITY_F03,Medium,FALSE,Controlled paraphrase 2 of reviewed independent seed; family preserved; automated validation complete.
TAXX_0022,freelancing শুরু করেছি—আমার ক্ষেত্রে taxpayer registration দরকার কি?,TAX,TAX_TIN_REGISTRATION,Taxpayer Registration and TIN,TAX_TIN_ELIGIBILITY,TIN Registration Eligibility,Low,Mixed,FALSE,,SYNTHETIC,TAX_TIN_ELIGIBILITY_F04,Hard,FALSE,Reviewed independent pilot seed retained for canonical expansion.
TAXX_0023,freelancing শুরু করেছি—আমার ক্ষেত্রে taxpayer registration দরকার কি—নিয়মটা জানাবেন?,TAX,TAX_TIN_REGISTRATION,Taxpayer Registration and TIN,TAX_TIN_ELIGIBILITY,TIN Registration Eligibility,Low,Mixed,FALSE,,PARAPHRASED,TAX_TIN_ELIGIBILITY_F04,Hard,FALSE,Controlled paraphrase 1 of reviewed independent seed; family preserved; automated validation complete.
TAXX_0024,"freelancing শুরু করেছি—আমার ক্ষেত্রে taxpayer registration দরকার কি, একটু বুঝিয়ে বলবেন?",TAX,TAX_TIN_REGISTRATION,Taxpayer Registration and TIN,TAX_TIN_ELIGIBILITY,TIN Registration Eligibility,Low,Mixed,FALSE,,PARAPHRASED,TAX_TIN_ELIGIBILITY_F04,Hard,FALSE,Controlled paraphrase 2 of reviewed independent seed; family preserved; automated validation complete.
TAXX_0025,অনলাইনে ই-টিআইএন নিবন্ধন কীভাবে সম্পন্ন করব?,TAX,TAX_TIN_REGISTRATION,Taxpayer Registration and TIN,TAX_TIN_ONLINE_REGISTRATION,Online e-TIN Registration,Low,Formal,FALSE,,SYNTHETIC,TAX_TIN_ONLINE_REGISTRATION_F01,Easy,FALSE,Reviewed independent pilot seed retained for canonical expansion.
TAXX_0026,আমার ক্ষেত্রে অনলাইনে ই-টিআইএন নিবন্ধন কোন প্রক্রিয়ায় সম্পন্ন করব?,TAX,TAX_TIN_REGISTRATION,Taxpayer Registration and TIN,TAX_TIN_ONLINE_REGISTRATION,Online e-TIN Registration,Low,Formal,FALSE,,PARAPHRASED,TAX_TIN_ONLINE_REGISTRATION_F01,Easy,FALSE,Controlled paraphrase 1 of reviewed independent seed; family preserved; automated validation complete.
TAXX_0027,অনলাইনে ই-টিআইএন নিবন্ধন কোন প্রক্রিয়ায় সম্পন্ন করব; পরের ধাপটা কী?,TAX,TAX_TIN_REGISTRATION,Taxpayer Registration and TIN,TAX_TIN_ONLINE_REGISTRATION,Online e-TIN Registration,Low,Formal,FALSE,,PARAPHRASED,TAX_TIN_ONLINE_REGISTRATION_F01,Easy,FALSE,Controlled paraphrase 2 of reviewed independent seed; family preserved; automated validation complete.
TAXX_0028,e-TIN online করতে কোন option-এ যাব?,TAX,TAX_TIN_REGISTRATION,Taxpayer Registration and TIN,TAX_TIN_ONLINE_REGISTRATION,Online e-TIN Registration,Low,Informal,FALSE,,SYNTHETIC,TAX_TIN_ONLINE_REGISTRATION_F02,Medium,FALSE,Reviewed independent pilot seed retained for canonical expansion.
TAXX_0029,এটা নিয়ে সাহায্য দরকার: e-TIN online করতে কোন option-এ যাব?,TAX,TAX_TIN_REGISTRATION,Taxpayer Registration and TIN,TAX_TIN_ONLINE_REGISTRATION,Online e-TIN Registration,Low,Informal,FALSE,,PARAPHRASED,TAX_TIN_ONLINE_REGISTRATION_F02,Medium,FALSE,Controlled paraphrase 1 of reviewed independent seed; family preserved; automated validation complete.
TAXX_0030,এই বিষয়ে সহায়তা চাই: e-TIN online করতে কোন option-এ যাব?,TAX,TAX_TIN_REGISTRATION,Taxpayer Registration and TIN,TAX_TIN_ONLINE_REGISTRATION,Online e-TIN Registration,Low,Informal,FALSE,,PARAPHRASED,TAX_TIN_ONLINE_REGISTRATION_F02,Medium,FALSE,Controlled paraphrase 2 of reviewed independent seed; family preserved; automated validation complete.
TAXX_0031,online e-TIN application ta kothay start korbo?,TAX,TAX_TIN_REGISTRATION,Taxpayer Registration and TIN,TAX_TIN_ONLINE_REGISTRATION,Online e-TIN Registration,Low,Mixed,FALSE,,SYNTHETIC,TAX_TIN_ONLINE_REGISTRATION_F03,Medium,FALSE,Reviewed independent pilot seed retained for canonical expansion.
TAXX_0032,I am trying to understand this: online e-TIN application ta kothay start korte hobe?,TAX,TAX_TIN_REGISTRATION,Taxpayer Registration and TIN,TAX_TIN_ONLINE_REGISTRATION,Online e-TIN Registration,Low,Mixed,FALSE,,PARAPHRASED,TAX_TIN_ONLINE_REGISTRATION_F03,Medium,FALSE,Controlled paraphrase 1 of reviewed independent seed; family preserved; automated validation complete.
TAXX_0033,I need guidance on this: online e-TIN application ta kothay start korte hobe?,TAX,TAX_TIN_REGISTRATION,Taxpayer Registration and TIN,TAX_TIN_ONLINE_REGISTRATION,Online e-TIN Registration,Low,Mixed,FALSE,,PARAPHRASED,TAX_TIN_ONLINE_REGISTRATION_F03,Medium,FALSE,Controlled paraphrase 2 of reviewed independent seed; family preserved; automated validation complete.
TAXX_0034,ঘরে বসে taxpayer registration submit করার উপায় জানতে চাই।,TAX,TAX_TIN_REGISTRATION,Taxpayer Registration and TIN,TAX_TIN_ONLINE_REGISTRATION,Online e-TIN Registration,Low,Mixed,FALSE,,SYNTHETIC,TAX_TIN_ONLINE_REGISTRATION_F04,Hard,FALSE,Reviewed independent pilot seed retained for canonical expansion.
TAXX_0035,ঘরে বসে taxpayer registration submit করার উপায় জানতে প্রয়োজন—নিয়মটা জানাবেন?,TAX,TAX_TIN_REGISTRATION,Taxpayer Registration and TIN,TAX_TIN_ONLINE_REGISTRATION,Online e-TIN Registration,Low,Mixed,FALSE,,PARAPHRASED,TAX_TIN_ONLINE_REGISTRATION_F04,Hard,FALSE,Controlled paraphrase 1 of reviewed independent seed; family preserved; automated validation complete.
TAXX_0036,"ঘরে বসে taxpayer registration submit করার উপায় জানতে প্রয়োজন, একটু বুঝিয়ে বলবেন?",TAX,TAX_TIN_REGISTRATION,Taxpayer Registration and TIN,TAX_TIN_ONLINE_REGISTRATION,Online e-TIN Registration,Low,Mixed,FALSE,,PARAPHRASED,TAX_TIN_ONLINE_REGISTRATION_F04,Hard,FALSE,Controlled paraphrase 2 of reviewed independent seed; family preserved; automated validation complete.
TAXX_0037,টিআইএন নিবন্ধনের জন্য কী তথ্য ও কাগজপত্র প্রয়োজন?,TAX,TAX_TIN_REGISTRATION,Taxpayer Registration and TIN,TAX_TIN_REQUIRED_INFORMATION,TIN Registration Information and Documents,Low,Formal,FALSE,,SYNTHETIC,TAX_TIN_REQUIRED_INFORMATION_F01,Easy,FALSE,Reviewed independent pilot seed retained for canonical expansion.
TAXX_0038,আমার ক্ষেত্রে টিআইএন নিবন্ধনের জন্য কী তথ্য ও কাগজপত্র প্রয়োজন?,TAX,TAX_TIN_REGISTRATION,Taxpayer Registration and TIN,TAX_TIN_REQUIRED_INFORMATION,TIN Registration Information and Documents,Low,Formal,FALSE,,PARAPHRASED,TAX_TIN_REQUIRED_INFORMATION_F01,Easy,FALSE,Controlled paraphrase 1 of reviewed independent seed; family preserved; automated validation complete.
TAXX_0039,টিআইএন নিবন্ধনের জন্য কী তথ্য ও কাগজপত্র প্রয়োজন; পরের ধাপটা কী?,TAX,TAX_TIN_REGISTRATION,Taxpayer Registration and TIN,TAX_TIN_REQUIRED_INFORMATION,TIN Registration Information and Documents,Low,Formal,FALSE,,PARAPHRASED,TAX_TIN_REQUIRED_INFORMATION_F01,Easy,FALSE,Controlled paraphrase 2 of reviewed independent seed; family preserved; automated validation complete.
TAXX_0040,e-TIN করতে কী কী details দিতে হবে?,TAX,TAX_TIN_REGISTRATION,Taxpayer Registration and TIN,TAX_TIN_REQUIRED_INFORMATION,TIN Registration Information and Documents,Low,Informal,FALSE,,SYNTHETIC,TAX_TIN_REQUIRED_INFORMATION_F02,Medium,FALSE,Reviewed independent pilot seed retained for canonical expansion.
TAXX_0041,এটা নিয়ে সাহায্য দরকার: e-TIN করতে কোন কোন details দিতে হবে?,TAX,TAX_TIN_REGISTRATION,Taxpayer Registration and TIN,TAX_TIN_REQUIRED_INFORMATION,TIN Registration Information and Documents,Low,Informal,FALSE,,PARAPHRASED,TAX_TIN_REQUIRED_INFORMATION_F02,Medium,FALSE,Controlled paraphrase 1 of reviewed independent seed; family preserved; automated validation complete.
TAXX_0042,e-TIN করতে কোন কোন details দিতে হবে?,TAX,TAX_TIN_REGISTRATION,Taxpayer Registration and TIN,TAX_TIN_REQUIRED_INFORMATION,TIN Registration Information and Documents,Low,Informal,FALSE,,PARAPHRASED,TAX_TIN_REQUIRED_INFORMATION_F02,Medium,FALSE,Controlled paraphrase 2 of reviewed independent seed; family preserved; automated validation complete.
TAXX_0043,taxpayer registration er required information ki ki?,TAX,TAX_TIN_REGISTRATION,Taxpayer Registration and TIN,TAX_TIN_REQUIRED_INFORMATION,TIN Registration Information and Documents,Low,Mixed,FALSE,,SYNTHETIC,TAX_TIN_REQUIRED_INFORMATION_F03,Medium,FALSE,Reviewed independent pilot seed retained for canonical expansion.
TAXX_0044,I am trying to understand this: taxpayer registration er required information kon kon jinis?,TAX,TAX_TIN_REGISTRATION,Taxpayer Registration and TIN,TAX_TIN_REQUIRED_INFORMATION,TIN Registration Information and Documents,Low,Mixed,FALSE,,PARAPHRASED,TAX_TIN_REQUIRED_INFORMATION_F03,Medium,FALSE,Controlled paraphrase 1 of reviewed independent seed; family preserved; automated validation complete.
TAXX_0045,I need guidance on this: taxpayer registration er required information kon kon jinis?,TAX,TAX_TIN_REGISTRATION,Taxpayer Registration and TIN,TAX_TIN_REQUIRED_INFORMATION,TIN Registration Information and Documents,Low,Mixed,FALSE,,PARAPHRASED,TAX_TIN_REQUIRED_INFORMATION_F03,Medium,FALSE,Controlled paraphrase 2 of reviewed independent seed; family preserved; automated validation complete.
TAXX_0046,নিজের নামে TIN খুলতে form-এ কোন পরিচয়সংক্রান্ত তথ্য চাইবে?,TAX,TAX_TIN_REGISTRATION,Taxpayer Registration and TIN,TAX_TIN_REQUIRED_INFORMATION,TIN Registration Information and Documents,Low,Mixed,FALSE,,SYNTHETIC,TAX_TIN_REQUIRED_INFORMATION_F04,Hard,FALSE,Reviewed independent pilot seed retained for canonical expansion.
TAXX_0047,নিজের নামে TIN খুলতে form-এ কোন পরিচয়সংক্রান্ত তথ্য প্রয়োজনবে—নিয়মটা জানাবেন?,TAX,TAX_TIN_REGISTRATION,Taxpayer Registration and TIN,TAX_TIN_REQUIRED_INFORMATION,TIN Registration Information and Documents,Low,Mixed,FALSE,,PARAPHRASED,TAX_TIN_REQUIRED_INFORMATION_F04,Hard,FALSE,Controlled paraphrase 1 of reviewed independent seed; family preserved; automated validation complete.
TAXX_0048,"নিজের নামে TIN খুলতে form-এ কোন পরিচয়সংক্রান্ত তথ্য প্রয়োজনবে, একটু বুঝিয়ে বলবেন?",TAX,TAX_TIN_REGISTRATION,Taxpayer Registration and TIN,TAX_TIN_REQUIRED_INFORMATION,TIN Registration Information and Documents,Low,Mixed,FALSE,,PARAPHRASED,TAX_TIN_REQUIRED_INFORMATION_F04,Hard,FALSE,Controlled paraphrase 2 of reviewed independent seed; family preserved; automated validation complete.
TAXX_0049,আমার ই-টিআইএন সনদ কীভাবে ডাউনলোড করব?,TAX,TAX_TIN_REGISTRATION,Taxpayer Registration and TIN,TAX_TIN_CERTIFICATE_DOWNLOAD,e-TIN Certificate Download,Low,Formal,FALSE,,SYNTHETIC,TAX_TIN_CERTIFICATE_DOWNLOAD_F01,Easy,FALSE,Reviewed independent pilot seed retained for canonical expansion.
TAXX_0050,আমার ক্ষেত্রে আমার ই-টিআইএন সনদ কীভাবে ডাউনলোড করতে হবে?,TAX,TAX_TIN_REGISTRATION,Taxpayer Registration and TIN,TAX_TIN_CERTIFICATE_DOWNLOAD,e-TIN Certificate Download,Low,Formal,FALSE,,PARAPHRASED,TAX_TIN_CERTIFICATE_DOWNLOAD_F01,Easy,FALSE,Controlled paraphrase 1 of reviewed independent seed; family preserved; automated validation complete.
TAXX_0051,আমার ই-টিআইএন সনদ কীভাবে ডাউনলোড করতে হবে; পরের ধাপটা কী?,TAX,TAX_TIN_REGISTRATION,Taxpayer Registration and TIN,TAX_TIN_CERTIFICATE_DOWNLOAD,e-TIN Certificate Download,Low,Formal,FALSE,,PARAPHRASED,TAX_TIN_CERTIFICATE_DOWNLOAD_F01,Easy,FALSE,Controlled paraphrase 2 of reviewed independent seed; family preserved; automated validation complete.
TAXX_0052,TIN certificate-এর আরেকটা copy কোথায় পাব?,TAX,TAX_TIN_REGISTRATION,Taxpayer Registration and TIN,TAX_TIN_CERTIFICATE_DOWNLOAD,e-TIN Certificate Download,Low,Informal,FALSE,,SYNTHETIC,TAX_TIN_CERTIFICATE_DOWNLOAD_F02,Medium,FALSE,Reviewed independent pilot seed retained for canonical expansion.
TAXX_0053,এটা নিয়ে সাহায্য দরকার: TIN certificate-এর আরেকটা copy কোথায় পাব?,TAX,TAX_TIN_REGISTRATION,Taxpayer Registration and TIN,TAX_TIN_CERTIFICATE_DOWNLOAD,e-TIN Certificate Download,Low,Informal,FALSE,,PARAPHRASED,TAX_TIN_CERTIFICATE_DOWNLOAD_F02,Medium,FALSE,Controlled paraphrase 1 of reviewed independent seed; family preserved; automated validation complete.
TAXX_0054,এই বিষয়ে সহায়তা চাই: TIN certificate-এর আরেকটা copy কোথায় পাব?,TAX,TAX_TIN_REGISTRATION,Taxpayer Registration and TIN,TAX_TIN_CERTIFICATE_DOWNLOAD,e-TIN Certificate Download,Low,Informal,FALSE,,PARAPHRASED,TAX_TIN_CERTIFICATE_DOWNLOAD_F02,Medium,FALSE,Controlled paraphrase 2 of reviewed independent seed; family preserved; automated validation complete.
TAXX_0055,e-TIN certificate download korar option kothay?,TAX,TAX_TIN_REGISTRATION,Taxpayer Registration and TIN,TAX_TIN_CERTIFICATE_DOWNLOAD,e-TIN Certificate Download,Low,Mixed,FALSE,,SYNTHETIC,TAX_TIN_CERTIFICATE_DOWNLOAD_F03,Medium,FALSE,Reviewed independent pilot seed retained for canonical expansion.
TAXX_0056,I am trying to understand this: e-TIN certificate download korar option kon jaygay?,TAX,TAX_TIN_REGISTRATION,Taxpayer Registration and TIN,TAX_TIN_CERTIFICATE_DOWNLOAD,e-TIN Certificate Download,Low,Mixed,FALSE,,PARAPHRASED,TAX_TIN_CERTIFICATE_DOWNLOAD_F03,Medium,FALSE,Controlled paraphrase 1 of reviewed independent seed; family preserved; automated validation complete.
TAXX_0057,I need guidance on this: e-TIN certificate download korar option kon jaygay?,TAX,TAX_TIN_REGISTRATION,Taxpayer Registration and TIN,TAX_TIN_CERTIFICATE_DOWNLOAD,e-TIN Certificate Download,Low,Mixed,FALSE,,PARAPHRASED,TAX_TIN_CERTIFICATE_DOWNLOAD_F03,Medium,FALSE,Controlled paraphrase 2 of reviewed independent seed; family preserved; automated validation complete.
TAXX_0058,"taxpayer registration হয়ে গেছে, এখন certificateটা print করতে চাই।",TAX,TAX_TIN_REGISTRATION,Taxpayer Registration and TIN,TAX_TIN_CERTIFICATE_DOWNLOAD,e-TIN Certificate Download,Low,Mixed,FALSE,,SYNTHETIC,TAX_TIN_CERTIFICATE_DOWNLOAD_F04,Hard,FALSE,Reviewed independent pilot seed retained for canonical expansion.
TAXX_0059,"taxpayer registration হয়ে গেছে, এখন certificateটা print করতে প্রয়োজন—নিয়মটা জানাবেন?",TAX,TAX_TIN_REGISTRATION,Taxpayer Registration and TIN,TAX_TIN_CERTIFICATE_DOWNLOAD,e-TIN Certificate Download,Low,Mixed,FALSE,,PARAPHRASED,TAX_TIN_CERTIFICATE_DOWNLOAD_F04,Hard,FALSE,Controlled paraphrase 1 of reviewed independent seed; family preserved; automated validation complete.
TAXX_0060,"taxpayer registration হয়ে গেছে, এখন certificateটা print করতে প্রয়োজন, একটু বুঝিয়ে বলবেন?",TAX,TAX_TIN_REGISTRATION,Taxpayer Registration and TIN,TAX_TIN_CERTIFICATE_DOWNLOAD,e-TIN Certificate Download,Low,Mixed,FALSE,,PARAPHRASED,TAX_TIN_CERTIFICATE_DOWNLOAD_F04,Hard,FALSE,Controlled paraphrase 2 of reviewed independent seed; family preserved; automated validation complete.
TAXX_0061,ই-টিআইএনে ভুল তথ্য কীভাবে সংশোধন করব?,TAX,TAX_TIN_REGISTRATION,Taxpayer Registration and TIN,TAX_TIN_INFORMATION_UPDATE,TIN Information Correction or Update,Medium,Formal,FALSE,,SYNTHETIC,TAX_TIN_INFORMATION_UPDATE_F01,Easy,FALSE,Reviewed independent pilot seed retained for canonical expansion.
TAXX_0062,আমার ক্ষেত্রে ই-টিআইএনে ভুল তথ্য কোন প্রক্রিয়ায় সংশোধন করব?,TAX,TAX_TIN_REGISTRATION,Taxpayer Registration and TIN,TAX_TIN_INFORMATION_UPDATE,TIN Information Correction or Update,Medium,Formal,FALSE,,PARAPHRASED,TAX_TIN_INFORMATION_UPDATE_F01,Easy,FALSE,Controlled paraphrase 1 of reviewed independent seed; family preserved; automated validation complete.
TAXX_0063,ই-টিআইএনে ভুল তথ্য কোন প্রক্রিয়ায় সংশোধন করব; পরের ধাপটা কী?,TAX,TAX_TIN_REGISTRATION,Taxpayer Registration and TIN,TAX_TIN_INFORMATION_UPDATE,TIN Information Correction or Update,Medium,Formal,FALSE,,PARAPHRASED,TAX_TIN_INFORMATION_UPDATE_F01,Easy,FALSE,Controlled paraphrase 2 of reviewed independent seed; family preserved; automated validation complete.
TAXX_0064,TIN profile-এর address update করতে চাই।,TAX,TAX_TIN_REGISTRATION,Taxpayer Registration and TIN,TAX_TIN_INFORMATION_UPDATE,TIN Information Correction or Update,Medium,Informal,FALSE,,SYNTHETIC,TAX_TIN_INFORMATION_UPDATE_F02,Medium,FALSE,Reviewed independent pilot seed retained for canonical expansion.
TAXX_0065,এটা নিয়ে সাহায্য দরকার: TIN profile-এর address update করতে প্রয়োজন?,TAX,TAX_TIN_REGISTRATION,Taxpayer Registration and TIN,TAX_TIN_INFORMATION_UPDATE,TIN Information Correction or Update,Medium,Informal,FALSE,,PARAPHRASED,TAX_TIN_INFORMATION_UPDATE_F02,Medium,FALSE,Controlled paraphrase 1 of reviewed independent seed; family preserved; automated validation complete.
TAXX_0066,TIN profile-এর address update করতে প্রয়োজন?,TAX,TAX_TIN_REGISTRATION,Taxpayer Registration and TIN,TAX_TIN_INFORMATION_UPDATE,TIN Information Correction or Update,Medium,Informal,FALSE,,PARAPHRASED,TAX_TIN_INFORMATION_UPDATE_F02,Medium,FALSE,Controlled paraphrase 2 of reviewed independent seed; family preserved; automated validation complete.
TAXX_0067,e-TIN information correction er process ki?,TAX,TAX_TIN_REGISTRATION,Taxpayer Registration and TIN,TAX_TIN_INFORMATION_UPDATE,TIN Information Correction or Update,Medium,Mixed,FALSE,,SYNTHETIC,TAX_TIN_INFORMATION_UPDATE_F03,Medium,FALSE,Reviewed independent pilot seed retained for canonical expansion.
TAXX_0068,I am trying to understand this: e-TIN information correction er process ki?,TAX,TAX_TIN_REGISTRATION,Taxpayer Registration and TIN,TAX_TIN_INFORMATION_UPDATE,TIN Information Correction or Update,Medium,Mixed,FALSE,,PARAPHRASED,TAX_TIN_INFORMATION_UPDATE_F03,Medium,FALSE,Controlled paraphrase 1 of reviewed independent seed; family preserved; automated validation complete.
TAXX_0069,I need guidance on this: e-TIN information correction er process ki?,TAX,TAX_TIN_REGISTRATION,Taxpayer Registration and TIN,TAX_TIN_INFORMATION_UPDATE,TIN Information Correction or Update,Medium,Mixed,FALSE,,PARAPHRASED,TAX_TIN_INFORMATION_UPDATE_F03,Medium,FALSE,Controlled paraphrase 2 of reviewed independent seed; family preserved; automated validation complete.
TAXX_0070,"taxpayer record-এ নামের spelling ভুল দেখাচ্ছে, update করব কীভাবে?",TAX,TAX_TIN_REGISTRATION,Taxpayer Registration and TIN,TAX_TIN_INFORMATION_UPDATE,TIN Information Correction or Update,Medium,Mixed,FALSE,,SYNTHETIC,TAX_TIN_INFORMATION_UPDATE_F04,Hard,FALSE,Reviewed independent pilot seed retained for canonical expansion.
TAXX_0071,"taxpayer record-এ নামের spelling ভুল দেখাচ্ছে, update করব কোন প্রক্রিয়ায়—নিয়মটা জানাবেন?",TAX,TAX_TIN_REGISTRATION,Taxpayer Registration and TIN,TAX_TIN_INFORMATION_UPDATE,TIN Information Correction or Update,Medium,Mixed,FALSE,,PARAPHRASED,TAX_TIN_INFORMATION_UPDATE_F04,Hard,FALSE,Controlled paraphrase 1 of reviewed independent seed; family preserved; automated validation complete.
TAXX_0072,"taxpayer record-এ নামের spelling ভুল দেখাচ্ছে, update করব কোন প্রক্রিয়ায়, একটু বুঝিয়ে বলবেন?",TAX,TAX_TIN_REGISTRATION,Taxpayer Registration and TIN,TAX_TIN_INFORMATION_UPDATE,TIN Information Correction or Update,Medium,Mixed,FALSE,,PARAPHRASED,TAX_TIN_INFORMATION_UPDATE_F04,Hard,FALSE,Controlled paraphrase 2 of reviewed independent seed; family preserved; automated validation complete.
TAXX_0073,বিদ্যমান টিআইএন বাতিলের আবেদন কীভাবে করব?,TAX,TAX_TIN_REGISTRATION,Taxpayer Registration and TIN,TAX_TIN_CANCELLATION,TIN Cancellation or Inactivation,Medium,Formal,FALSE,,SYNTHETIC,TAX_TIN_CANCELLATION_F01,Easy,FALSE,Reviewed independent pilot seed retained for canonical expansion.
TAXX_0074,আমার ক্ষেত্রে বিদ্যমান টিআইএন বাতিলের আবেদন কোন প্রক্রিয়ায় করব?,TAX,TAX_TIN_REGISTRATION,Taxpayer Registration and TIN,TAX_TIN_CANCELLATION,TIN Cancellation or Inactivation,Medium,Formal,FALSE,,PARAPHRASED,TAX_TIN_CANCELLATION_F01,Easy,FALSE,Controlled paraphrase 1 of reviewed independent seed; family preserved; automated validation complete.
TAXX_0075,বিদ্যমান টিআইএন বাতিলের আবেদন কোন প্রক্রিয়ায় করব; পরের ধাপটা কী?,TAX,TAX_TIN_REGISTRATION,Taxpayer Registration and TIN,TAX_TIN_CANCELLATION,TIN Cancellation or Inactivation,Medium,Formal,FALSE,,PARAPHRASED,TAX_TIN_CANCELLATION_F01,Easy,FALSE,Controlled paraphrase 2 of reviewed independent seed; family preserved; automated validation complete.
TAXX_0076,"TIN আর দরকার নেই, deactivate করা যাবে?",TAX,TAX_TIN_REGISTRATION,Taxpayer Registration and TIN,TAX_TIN_CANCELLATION,TIN Cancellation or Inactivation,Medium,Informal,FALSE,,SYNTHETIC,TAX_TIN_CANCELLATION_F02,Medium,FALSE,Reviewed independent pilot seed retained for canonical expansion.
TAXX_0077,"এটা নিয়ে সাহায্য দরকার: TIN আর দরকার নেই, deactivate করা যাবে?",TAX,TAX_TIN_REGISTRATION,Taxpayer Registration and TIN,TAX_TIN_CANCELLATION,TIN Cancellation or Inactivation,Medium,Informal,FALSE,,PARAPHRASED,TAX_TIN_CANCELLATION_F02,Medium,FALSE,Controlled paraphrase 1 of reviewed independent seed; family preserved; automated validation complete.
TAXX_0078,"এই বিষয়ে সহায়তা চাই: TIN আর দরকার নেই, deactivate করা যাবে?",TAX,TAX_TIN_REGISTRATION,Taxpayer Registration and TIN,TAX_TIN_CANCELLATION,TIN Cancellation or Inactivation,Medium,Informal,FALSE,,PARAPHRASED,TAX_TIN_CANCELLATION_F02,Medium,FALSE,Controlled paraphrase 2 of reviewed independent seed; family preserved; automated validation complete.
TAXX_0079,e-TIN cancellation request kivabe dite hoy?,TAX,TAX_TIN_REGISTRATION,Taxpayer Registration and TIN,TAX_TIN_CANCELLATION,TIN Cancellation or Inactivation,Medium,Mixed,FALSE,,SYNTHETIC,TAX_TIN_CANCELLATION_F03,Medium,FALSE,Reviewed independent pilot seed retained for canonical expansion.
TAXX_0080,I am trying to understand this: e-TIN cancellation request kon process e dite hoy?,TAX,TAX_TIN_REGISTRATION,Taxpayer Registration and TIN,TAX_TIN_CANCELLATION,TIN Cancellation or Inactivation,Medium,Mixed,FALSE,,PARAPHRASED,TAX_TIN_CANCELLATION_F03,Medium,FALSE,Controlled paraphrase 1 of reviewed independent seed; family preserved; automated validation complete.
TAXX_0081,I need guidance on this: e-TIN cancellation request kon process e dite hoy?,TAX,TAX_TIN_REGISTRATION,Taxpayer Registration and TIN,TAX_TIN_CANCELLATION,TIN Cancellation or Inactivation,Medium,Mixed,FALSE,,PARAPHRASED,TAX_TIN_CANCELLATION_F03,Medium,FALSE,Controlled paraphrase 2 of reviewed independent seed; family preserved; automated validation complete.
TAXX_0082,দুইটা TIN হয়ে গেছে—একটা বন্ধ করার official process জানতে চাই।,TAX,TAX_TIN_REGISTRATION,Taxpayer Registration and TIN,TAX_TIN_CANCELLATION,TIN Cancellation or Inactivation,Medium,Mixed,FALSE,,SYNTHETIC,TAX_TIN_CANCELLATION_F04,Hard,FALSE,Reviewed independent pilot seed retained for canonical expansion.
TAXX_0083,দুইটা TIN হয়ে গেছে—একটা বন্ধ করার official process জানতে প্রয়োজন—নিয়মটা জানাবেন?,TAX,TAX_TIN_REGISTRATION,Taxpayer Registration and TIN,TAX_TIN_CANCELLATION,TIN Cancellation or Inactivation,Medium,Mixed,FALSE,,PARAPHRASED,TAX_TIN_CANCELLATION_F04,Hard,FALSE,Controlled paraphrase 1 of reviewed independent seed; family preserved; automated validation complete.
TAXX_0084,"দুইটা TIN হয়ে গেছে—একটা বন্ধ করার official process জানতে প্রয়োজন, একটু বুঝিয়ে বলবেন?",TAX,TAX_TIN_REGISTRATION,Taxpayer Registration and TIN,TAX_TIN_CANCELLATION,TIN Cancellation or Inactivation,Medium,Mixed,FALSE,,PARAPHRASED,TAX_TIN_CANCELLATION_F04,Hard,FALSE,Controlled paraphrase 2 of reviewed independent seed; family preserved; automated validation complete.
TAXX_0085,কার আয়কর রিটার্ন দাখিল করা প্রয়োজন?,TAX,TAX_RETURN_FILING,Income Tax Return Filing,TAX_RETURN_OBLIGATION,Tax Return Filing Obligation,Low,Formal,FALSE,,SYNTHETIC,TAX_RETURN_OBLIGATION_F01,Easy,FALSE,Reviewed independent pilot seed retained for canonical expansion.
TAXX_0086,আমার ক্ষেত্রে কার আয়কর রিটার্ন দাখিল করা প্রয়োজন?,TAX,TAX_RETURN_FILING,Income Tax Return Filing,TAX_RETURN_OBLIGATION,Tax Return Filing Obligation,Low,Formal,FALSE,,PARAPHRASED,TAX_RETURN_OBLIGATION_F01,Easy,FALSE,Controlled paraphrase 1 of reviewed independent seed; family preserved; automated validation complete.
TAXX_0087,কার আয়কর রিটার্ন দাখিল করা প্রয়োজন; পরের ধাপটা কী?,TAX,TAX_RETURN_FILING,Income Tax Return Filing,TAX_RETURN_OBLIGATION,Tax Return Filing Obligation,Low,Formal,FALSE,,PARAPHRASED,TAX_RETURN_OBLIGATION_F01,Easy,FALSE,Controlled paraphrase 2 of reviewed independent seed; family preserved; automated validation complete.
TAXX_0088,"TIN আছে, return file করতেই হবে নাকি?",TAX,TAX_RETURN_FILING,Income Tax Return Filing,TAX_RETURN_OBLIGATION,Tax Return Filing Obligation,Low,Informal,FALSE,,SYNTHETIC,TAX_RETURN_OBLIGATION_F02,Medium,FALSE,Reviewed independent pilot seed retained for canonical expansion.
TAXX_0089,"এটা নিয়ে সাহায্য দরকার: TIN আছে, return file করতেই হবে নাকি?",TAX,TAX_RETURN_FILING,Income Tax Return Filing,TAX_RETURN_OBLIGATION,Tax Return Filing Obligation,Low,Informal,FALSE,,PARAPHRASED,TAX_RETURN_OBLIGATION_F02,Medium,FALSE,Controlled paraphrase 1 of reviewed independent seed; family preserved; automated validation complete.
TAXX_0090,"এই বিষয়ে সহায়তা চাই: TIN আছে, return file করতেই হবে নাকি?",TAX,TAX_RETURN_FILING,Income Tax Return Filing,TAX_RETURN_OBLIGATION,Tax Return Filing Obligation,Low,Informal,FALSE,,PARAPHRASED,TAX_RETURN_OBLIGATION_F02,Medium,FALSE,Controlled paraphrase 2 of reviewed independent seed; family preserved; automated validation complete.
TAXX_0091,amar income tax return submit kora mandatory kina?,TAX,TAX_RETURN_FILING,Income Tax Return Filing,TAX_RETURN_OBLIGATION,Tax Return Filing Obligation,Low,Mixed,FALSE,,SYNTHETIC,TAX_RETURN_OBLIGATION_F03,Medium,FALSE,Reviewed independent pilot seed retained for canonical expansion.
TAXX_0092,I am trying to understand this: amar income tax return submit kora mandatory kina?,TAX,TAX_RETURN_FILING,Income Tax Return Filing,TAX_RETURN_OBLIGATION,Tax Return Filing Obligation,Low,Mixed,FALSE,,PARAPHRASED,TAX_RETURN_OBLIGATION_F03,Medium,FALSE,Controlled paraphrase 1 of reviewed independent seed; family preserved; automated validation complete.
TAXX_0093,I need guidance on this: amar income tax return submit kora mandatory kina?,TAX,TAX_RETURN_FILING,Income Tax Return Filing,TAX_RETURN_OBLIGATION,Tax Return Filing Obligation,Low,Mixed,FALSE,,PARAPHRASED,TAX_RETURN_OBLIGATION_F03,Medium,FALSE,Controlled paraphrase 2 of reviewed independent seed; family preserved; automated validation complete.
TAXX_0094,চাকরির আয় আছে—আমার ক্ষেত্রে return filing obligation আছে কি?,TAX,TAX_RETURN_FILING,Income Tax Return Filing,TAX_RETURN_OBLIGATION,Tax Return Filing Obligation,Low,Mixed,FALSE,,SYNTHETIC,TAX_RETURN_OBLIGATION_F04,Hard,FALSE,Reviewed independent pilot seed retained for canonical expansion.
TAXX_0095,চাকরির আয় আছে—আমার ক্ষেত্রে return filing obligation আছে কি—নিয়মটা জানাবেন?,TAX,TAX_RETURN_FILING,Income Tax Return Filing,TAX_RETURN_OBLIGATION,Tax Return Filing Obligation,Low,Mixed,FALSE,,PARAPHRASED,TAX_RETURN_OBLIGATION_F04,Hard,FALSE,Controlled paraphrase 1 of reviewed independent seed; family preserved; automated validation complete.
TAXX_0096,"চাকরির আয় আছে—আমার ক্ষেত্রে return filing obligation আছে কি, একটু বুঝিয়ে বলবেন?",TAX,TAX_RETURN_FILING,Income Tax Return Filing,TAX_RETURN_OBLIGATION,Tax Return Filing Obligation,Low,Mixed,FALSE,,PARAPHRASED,TAX_RETURN_OBLIGATION_F04,Hard,FALSE,Controlled paraphrase 2 of reviewed independent seed; family preserved; automated validation complete.
TAXX_0097,আয়কর রিটার্ন দাখিলের সম্পূর্ণ প্রক্রিয়াটি কী?,TAX,TAX_RETURN_FILING,Income Tax Return Filing,TAX_RETURN_PROCESS,Income Tax Return Filing Process,Low,Formal,FALSE,,SYNTHETIC,TAX_RETURN_PROCESS_F01,Easy,FALSE,Reviewed independent pilot seed retained for canonical expansion.
TAXX_0098,আমার ক্ষেত্রে আয়কর রিটার্ন দাখিলের সম্পূর্ণ প্রক্রিয়াটি কী?,TAX,TAX_RETURN_FILING,Income Tax Return Filing,TAX_RETURN_PROCESS,Income Tax Return Filing Process,Low,Formal,FALSE,,PARAPHRASED,TAX_RETURN_PROCESS_F01,Easy,FALSE,Controlled paraphrase 1 of reviewed independent seed; family preserved; automated validation complete.
TAXX_0099,আয়কর রিটার্ন দাখিলের সম্পূর্ণ প্রক্রিয়াটি কী; পরের ধাপটা কী?,TAX,TAX_RETURN_FILING,Income Tax Return Filing,TAX_RETURN_PROCESS,Income Tax Return Filing Process,Low,Formal,FALSE,,PARAPHRASED,TAX_RETURN_PROCESS_F01,Easy,FALSE,Controlled paraphrase 2 of reviewed independent seed; family preserved; automated validation complete.
TAXX_0100,"tax return করতে চাই, কীভাবে শুরু করব?",TAX,TAX_RETURN_FILING,Income Tax Return Filing,TAX_RETURN_PROCESS,Income Tax Return Filing Process,Low,Informal,FALSE,,SYNTHETIC,TAX_RETURN_PROCESS_F02,Medium,FALSE,Reviewed independent pilot seed retained for canonical expansion.
TAXX_0101,"এটা নিয়ে সাহায্য দরকার: tax return করতে প্রয়োজন, কীভাবে শুরু করব?",TAX,TAX_RETURN_FILING,Income Tax Return Filing,TAX_RETURN_PROCESS,Income Tax Return Filing Process,Low,Informal,FALSE,,PARAPHRASED,TAX_RETURN_PROCESS_F02,Medium,FALSE,Controlled paraphrase 1 of reviewed independent seed; family preserved; automated validation complete.
TAXX_0102,"tax return করতে চাই, কোন প্রক্রিয়ায় শুরু করব?",TAX,TAX_RETURN_FILING,Income Tax Return Filing,TAX_RETURN_PROCESS,Income Tax Return Filing Process,Low,Informal,FALSE,,PARAPHRASED,TAX_RETURN_PROCESS_F02,Medium,FALSE,Controlled paraphrase 2 of reviewed independent seed; family preserved; automated validation complete.
TAXX_0103,income tax return filing process ta ki?,TAX,TAX_RETURN_FILING,Income Tax Return Filing,TAX_RETURN_PROCESS,Income Tax Return Filing Process,Low,Mixed,FALSE,,SYNTHETIC,TAX_RETURN_PROCESS_F03,Medium,FALSE,Reviewed independent pilot seed retained for canonical expansion.
TAXX_0104,I am trying to understand this: income tax return filing process ta ki?,TAX,TAX_RETURN_FILING,Income Tax Return Filing,TAX_RETURN_PROCESS,Income Tax Return Filing Process,Low,Mixed,FALSE,,PARAPHRASED,TAX_RETURN_PROCESS_F03,Medium,FALSE,Controlled paraphrase 1 of reviewed independent seed; family preserved; automated validation complete.
TAXX_0105,I need guidance on this: income tax return filing process ta ki?,TAX,TAX_RETURN_FILING,Income Tax Return Filing,TAX_RETURN_PROCESS,Income Tax Return Filing Process,Low,Mixed,FALSE,,PARAPHRASED,TAX_RETURN_PROCESS_F03,Medium,FALSE,Controlled paraphrase 2 of reviewed independent seed; family preserved; automated validation complete.
TAXX_0106,প্রথমবার return জমা দেব—ধাপগুলো বুঝতে চাই।,TAX,TAX_RETURN_FILING,Income Tax Return Filing,TAX_RETURN_PROCESS,Income Tax Return Filing Process,Low,Mixed,FALSE,,SYNTHETIC,TAX_RETURN_PROCESS_F04,Hard,FALSE,Reviewed independent pilot seed retained for canonical expansion.
TAXX_0107,প্রথমবার return জমা দেব—ধাপগুলো বুঝতে প্রয়োজন—নিয়মটা জানাবেন?,TAX,TAX_RETURN_FILING,Income Tax Return Filing,TAX_RETURN_PROCESS,Income Tax Return Filing Process,Low,Mixed,FALSE,,PARAPHRASED,TAX_RETURN_PROCESS_F04,Hard,FALSE,Controlled paraphrase 1 of reviewed independent seed; family preserved; automated validation complete.
TAXX_0108,"প্রথমবার return জমা দেব—ধাপগুলো বুঝতে প্রয়োজন, একটু বুঝিয়ে বলবেন?",TAX,TAX_RETURN_FILING,Income Tax Return Filing,TAX_RETURN_PROCESS,Income Tax Return Filing Process,Low,Mixed,FALSE,,PARAPHRASED,TAX_RETURN_PROCESS_F04,Hard,FALSE,Controlled paraphrase 2 of reviewed independent seed; family preserved; automated validation complete.
TAXX_0109,অনলাইনে আয়কর রিটার্ন কীভাবে জমা দেব?,TAX,TAX_RETURN_FILING,Income Tax Return Filing,TAX_RETURN_ONLINE_SUBMISSION,Online Tax Return Submission,Low,Formal,FALSE,,SYNTHETIC,TAX_RETURN_ONLINE_SUBMISSION_F01,Easy,FALSE,Reviewed independent pilot seed retained for canonical expansion.
TAXX_0110,আমার ক্ষেত্রে অনলাইনে আয়কর রিটার্ন কোন প্রক্রিয়ায় জমা দেব?,TAX,TAX_RETURN_FILING,Income Tax Return Filing,TAX_RETURN_ONLINE_SUBMISSION,Online Tax Return Submission,Low,Formal,FALSE,,PARAPHRASED,TAX_RETURN_ONLINE_SUBMISSION_F01,Easy,FALSE,Controlled paraphrase 1 of reviewed independent seed; family preserved; automated validation complete.
TAXX_0111,অনলাইনে আয়কর রিটার্ন কোন প্রক্রিয়ায় জমা দেব; পরের ধাপটা কী?,TAX,TAX_RETURN_FILING,Income Tax Return Filing,TAX_RETURN_ONLINE_SUBMISSION,Online Tax Return Submission,Low,Formal,FALSE,,PARAPHRASED,TAX_RETURN_ONLINE_SUBMISSION_F01,Easy,FALSE,Controlled paraphrase 2 of reviewed independent seed; family preserved; automated validation complete.
TAXX_0112,e-Return portal দিয়ে return submit করব কীভাবে?,TAX,TAX_RETURN_FILING,Income Tax Return Filing,TAX_RETURN_ONLINE_SUBMISSION,Online Tax Return Submission,Low,Informal,FALSE,,SYNTHETIC,TAX_RETURN_ONLINE_SUBMISSION_F02,Medium,FALSE,Reviewed independent pilot seed retained for canonical expansion.
TAXX_0113,এটা নিয়ে সাহায্য দরকার: e-Return portal দিয়ে return submit করব কোন প্রক্রিয়ায়?,TAX,TAX_RETURN_FILING,Income Tax Return Filing,TAX_RETURN_ONLINE_SUBMISSION,Online Tax Return Submission,Low,Informal,FALSE,,PARAPHRASED,TAX_RETURN_ONLINE_SUBMISSION_F02,Medium,FALSE,Controlled paraphrase 1 of reviewed independent seed; family preserved; automated validation complete.
TAXX_0114,e-Return portal দিয়ে return submit করব কোন প্রক্রিয়ায়?,TAX,TAX_RETURN_FILING,Income Tax Return Filing,TAX_RETURN_ONLINE_SUBMISSION,Online Tax Return Submission,Low,Informal,FALSE,,PARAPHRASED,TAX_RETURN_ONLINE_SUBMISSION_F02,Medium,FALSE,Controlled paraphrase 2 of reviewed independent seed; family preserved; automated validation complete.
TAXX_0115,online tax return file korar niyom ki?,TAX,TAX_RETURN_FILING,Income Tax Return Filing,TAX_RETURN_ONLINE_SUBMISSION,Online Tax Return Submission,Low,Mixed,FALSE,,SYNTHETIC,TAX_RETURN_ONLINE_SUBMISSION_F03,Medium,FALSE,Reviewed independent pilot seed retained for canonical expansion.
TAXX_0116,I am trying to understand this: online tax return file korar niyom ki?,TAX,TAX_RETURN_FILING,Income Tax Return Filing,TAX_RETURN_ONLINE_SUBMISSION,Online Tax Return Submission,Low,Mixed,FALSE,,PARAPHRASED,TAX_RETURN_ONLINE_SUBMISSION_F03,Medium,FALSE,Controlled paraphrase 1 of reviewed independent seed; family preserved; automated validation complete.
TAXX_0117,I need guidance on this: online tax return file korar niyom ki?,TAX,TAX_RETURN_FILING,Income Tax Return Filing,TAX_RETURN_ONLINE_SUBMISSION,Online Tax Return Submission,Low,Mixed,FALSE,,PARAPHRASED,TAX_RETURN_ONLINE_SUBMISSION_F03,Medium,FALSE,Controlled paraphrase 2 of reviewed independent seed; family preserved; automated validation complete.
TAXX_0118,"account-এ ঢুকেছি, এখন electronic return submission কোথা থেকে শুরু করব?",TAX,TAX_RETURN_FILING,Income Tax Return Filing,TAX_RETURN_ONLINE_SUBMISSION,Online Tax Return Submission,Low,Mixed,FALSE,,SYNTHETIC,TAX_RETURN_ONLINE_SUBMISSION_F04,Hard,FALSE,Reviewed independent pilot seed retained for canonical expansion.
TAXX_0119,"account-এ ঢুকেছি, এখন electronic return submission কোথা থেকে শুরু করতে হবে—নিয়মটা জানাবেন?",TAX,TAX_RETURN_FILING,Income Tax Return Filing,TAX_RETURN_ONLINE_SUBMISSION,Online Tax Return Submission,Low,Mixed,FALSE,,PARAPHRASED,TAX_RETURN_ONLINE_SUBMISSION_F04,Hard,FALSE,Controlled paraphrase 1 of reviewed independent seed; family preserved; automated validation complete.
TAXX_0120,"account-এ ঢুকেছি, এখন electronic return submission কোথা থেকে শুরু করতে হবে, একটু বুঝিয়ে বলবেন?",TAX,TAX_RETURN_FILING,Income Tax Return Filing,TAX_RETURN_ONLINE_SUBMISSION,Online Tax Return Submission,Low,Mixed,FALSE,,PARAPHRASED,TAX_RETURN_ONLINE_SUBMISSION_F04,Hard,FALSE,Controlled paraphrase 2 of reviewed independent seed; family preserved; automated validation complete.
TAXX_0121,আয়কর রিটার্ন তৈরির জন্য কী কী নথি ও তথ্য প্রয়োজন?,TAX,TAX_RETURN_FILING,Income Tax Return Filing,TAX_RETURN_REQUIRED_DOCUMENTS,Tax Return Information and Documents,Low,Formal,FALSE,,SYNTHETIC,TAX_RETURN_REQUIRED_DOCUMENTS_F01,Easy,FALSE,Reviewed independent pilot seed retained for canonical expansion.
TAXX_0122,আমার ক্ষেত্রে আয়কর রিটার্ন তৈরির জন্য কোন কোন নথি ও তথ্য প্রয়োজন?,TAX,TAX_RETURN_FILING,Income Tax Return Filing,TAX_RETURN_REQUIRED_DOCUMENTS,Tax Return Information and Documents,Low,Formal,FALSE,,PARAPHRASED,TAX_RETURN_REQUIRED_DOCUMENTS_F01,Easy,FALSE,Controlled paraphrase 1 of reviewed independent seed; family preserved; automated validation complete.
TAXX_0123,আয়কর রিটার্ন তৈরির জন্য কোন কোন নথি ও তথ্য প্রয়োজন; পরের ধাপটা কী?,TAX,TAX_RETURN_FILING,Income Tax Return Filing,TAX_RETURN_REQUIRED_DOCUMENTS,Tax Return Information and Documents,Low,Formal,FALSE,,PARAPHRASED,TAX_RETURN_REQUIRED_DOCUMENTS_F01,Easy,FALSE,Controlled paraphrase 2 of reviewed independent seed; family preserved; automated validation complete.
TAXX_0124,return file করতে কোন papers ready রাখব?,TAX,TAX_RETURN_FILING,Income Tax Return Filing,TAX_RETURN_REQUIRED_DOCUMENTS,Tax Return Information and Documents,Low,Informal,FALSE,,SYNTHETIC,TAX_RETURN_REQUIRED_DOCUMENTS_F02,Medium,FALSE,Reviewed independent pilot seed retained for canonical expansion.
TAXX_0125,এটা নিয়ে সাহায্য দরকার: return file করতে কোন papers ready রাখব?,TAX,TAX_RETURN_FILING,Income Tax Return Filing,TAX_RETURN_REQUIRED_DOCUMENTS,Tax Return Information and Documents,Low,Informal,FALSE,,PARAPHRASED,TAX_RETURN_REQUIRED_DOCUMENTS_F02,Medium,FALSE,Controlled paraphrase 1 of reviewed independent seed; family preserved; automated validation complete.
TAXX_0126,এই বিষয়ে সহায়তা চাই: return file করতে কোন papers ready রাখব?,TAX,TAX_RETURN_FILING,Income Tax Return Filing,TAX_RETURN_REQUIRED_DOCUMENTS,Tax Return Information and Documents,Low,Informal,FALSE,,PARAPHRASED,TAX_RETURN_REQUIRED_DOCUMENTS_F02,Medium,FALSE,Controlled paraphrase 2 of reviewed independent seed; family preserved; automated validation complete.
TAXX_0127,tax return er required documents ki ki?,TAX,TAX_RETURN_FILING,Income Tax Return Filing,TAX_RETURN_REQUIRED_DOCUMENTS,Tax Return Information and Documents,Low,Mixed,FALSE,,SYNTHETIC,TAX_RETURN_REQUIRED_DOCUMENTS_F03,Medium,FALSE,Reviewed independent pilot seed retained for canonical expansion.
TAXX_0128,I am trying to understand this: tax return er required documents kon kon jinis?,TAX,TAX_RETURN_FILING,Income Tax Return Filing,TAX_RETURN_REQUIRED_DOCUMENTS,Tax Return Information and Documents,Low,Mixed,FALSE,,PARAPHRASED,TAX_RETURN_REQUIRED_DOCUMENTS_F03,Medium,FALSE,Controlled paraphrase 1 of reviewed independent seed; family preserved; automated validation complete.
TAXX_0129,I need guidance on this: tax return er required documents kon kon jinis?,TAX,TAX_RETURN_FILING,Income Tax Return Filing,TAX_RETURN_REQUIRED_DOCUMENTS,Tax Return Information and Documents,Low,Mixed,FALSE,,PARAPHRASED,TAX_RETURN_REQUIRED_DOCUMENTS_F03,Medium,FALSE,Controlled paraphrase 2 of reviewed independent seed; family preserved; automated validation complete.
TAXX_0130,বেতন আর ব্যাংকের তথ্যসহ return বানাতে কোন records জোগাড় করতে হবে?,TAX,TAX_RETURN_FILING,Income Tax Return Filing,TAX_RETURN_REQUIRED_DOCUMENTS,Tax Return Information and Documents,Low,Mixed,FALSE,,SYNTHETIC,TAX_RETURN_REQUIRED_DOCUMENTS_F04,Hard,FALSE,Reviewed independent pilot seed retained for canonical expansion.
TAXX_0131,বেতন আর ব্যাংকের তথ্যসহ return বানাতে কোন records জোগাড় করতে হবে—নিয়মটা জানাবেন?,TAX,TAX_RETURN_FILING,Income Tax Return Filing,TAX_RETURN_REQUIRED_DOCUMENTS,Tax Return Information and Documents,Low,Mixed,FALSE,,PARAPHRASED,TAX_RETURN_REQUIRED_DOCUMENTS_F04,Hard,FALSE,Controlled paraphrase 1 of reviewed independent seed; family preserved; automated validation complete.
TAXX_0132,"বেতন আর ব্যাংকের তথ্যসহ return বানাতে কোন records জোগাড় করতে হবে, একটু বুঝিয়ে বলবেন?",TAX,TAX_RETURN_FILING,Income Tax Return Filing,TAX_RETURN_REQUIRED_DOCUMENTS,Tax Return Information and Documents,Low,Mixed,FALSE,,PARAPHRASED,TAX_RETURN_REQUIRED_DOCUMENTS_F04,Hard,FALSE,Controlled paraphrase 2 of reviewed independent seed; family preserved; automated validation complete.
TAXX_0133,রিটার্নে আয়ের তথ্য কীভাবে উল্লেখ করতে হয়?,TAX,TAX_RETURN_FILING,Income Tax Return Filing,TAX_RETURN_INCOME_INFORMATION,Income Information in Tax Return,Low,Formal,FALSE,,SYNTHETIC,TAX_RETURN_INCOME_INFORMATION_F01,Easy,FALSE,Reviewed independent pilot seed retained for canonical expansion.
TAXX_0134,আমার ক্ষেত্রে রিটার্নে আয়ের তথ্য কোন প্রক্রিয়ায় উল্লেখ করতে হয়?,TAX,TAX_RETURN_FILING,Income Tax Return Filing,TAX_RETURN_INCOME_INFORMATION,Income Information in Tax Return,Low,Formal,FALSE,,PARAPHRASED,TAX_RETURN_INCOME_INFORMATION_F01,Easy,FALSE,Controlled paraphrase 1 of reviewed independent seed; family preserved; automated validation complete.
TAXX_0135,রিটার্নে আয়ের তথ্য কোন প্রক্রিয়ায় উল্লেখ করতে হয়; পরের ধাপটা কী?,TAX,TAX_RETURN_FILING,Income Tax Return Filing,TAX_RETURN_INCOME_INFORMATION,Income Information in Tax Return,Low,Formal,FALSE,,PARAPHRASED,TAX_RETURN_INCOME_INFORMATION_F01,Easy,FALSE,Controlled paraphrase 2 of reviewed independent seed; family preserved; automated validation complete.
TAXX_0136,salary income কোন section-এ দেব?,TAX,TAX_RETURN_FILING,Income Tax Return Filing,TAX_RETURN_INCOME_INFORMATION,Income Information in Tax Return,Low,Informal,FALSE,,SYNTHETIC,TAX_RETURN_INCOME_INFORMATION_F02,Medium,FALSE,Reviewed independent pilot seed retained for canonical expansion.
TAXX_0137,এটা নিয়ে সাহায্য দরকার: salary income কোন section-এ দেব?,TAX,TAX_RETURN_FILING,Income Tax Return Filing,TAX_RETURN_INCOME_INFORMATION,Income Information in Tax Return,Low,Informal,FALSE,,PARAPHRASED,TAX_RETURN_INCOME_INFORMATION_F02,Medium,FALSE,Controlled paraphrase 1 of reviewed independent seed; family preserved; automated validation complete.
TAXX_0138,এই বিষয়ে সহায়তা চাই: salary income কোন section-এ দেব?,TAX,TAX_RETURN_FILING,Income Tax Return Filing,TAX_RETURN_INCOME_INFORMATION,Income Information in Tax Return,Low,Informal,FALSE,,PARAPHRASED,TAX_RETURN_INCOME_INFORMATION_F02,Medium,FALSE,Controlled paraphrase 2 of reviewed independent seed; family preserved; automated validation complete.
TAXX_0139,different income source return e kivabe show korbo?,TAX,TAX_RETURN_FILING,Income Tax Return Filing,TAX_RETURN_INCOME_INFORMATION,Income Information in Tax Return,Low,Mixed,FALSE,,SYNTHETIC,TAX_RETURN_INCOME_INFORMATION_F03,Medium,FALSE,Reviewed independent pilot seed retained for canonical expansion.
TAXX_0140,I am trying to understand this: different income source return e kon process e show korbo?,TAX,TAX_RETURN_FILING,Income Tax Return Filing,TAX_RETURN_INCOME_INFORMATION,Income Information in Tax Return,Low,Mixed,FALSE,,PARAPHRASED,TAX_RETURN_INCOME_INFORMATION_F03,Medium,FALSE,Controlled paraphrase 1 of reviewed independent seed; family preserved; automated validation complete.
TAXX_0141,I need guidance on this: different income source return e kon process e show korbo?,TAX,TAX_RETURN_FILING,Income Tax Return Filing,TAX_RETURN_INCOME_INFORMATION,Income Information in Tax Return,Low,Mixed,FALSE,,PARAPHRASED,TAX_RETURN_INCOME_INFORMATION_F03,Medium,FALSE,Controlled paraphrase 2 of reviewed independent seed; family preserved; automated validation complete.
TAXX_0142,চাকরি আর বাড়িভাড়ার আয় দুটোই আছে—return-এ কীভাবে record করব?,TAX,TAX_RETURN_FILING,Income Tax Return Filing,TAX_RETURN_INCOME_INFORMATION,Income Information in Tax Return,Low,Mixed,FALSE,,SYNTHETIC,TAX_RETURN_INCOME_INFORMATION_F04,Hard,FALSE,Reviewed independent pilot seed retained for canonical expansion.
TAXX_0143,চাকরি আর বাড়িভাড়ার আয় দুটোই আছে—return-এ কীভাবে record করতে হবে—নিয়মটা জানাবেন?,TAX,TAX_RETURN_FILING,Income Tax Return Filing,TAX_RETURN_INCOME_INFORMATION,Income Information in Tax Return,Low,Mixed,FALSE,,PARAPHRASED,TAX_RETURN_INCOME_INFORMATION_F04,Hard,FALSE,Controlled paraphrase 1 of reviewed independent seed; family preserved; automated validation complete.
TAXX_0144,"চাকরি আর বাড়িভাড়ার আয় দুটোই আছে—return-এ কোন প্রক্রিয়ায় record করব, একটু বুঝিয়ে বলবেন?",TAX,TAX_RETURN_FILING,Income Tax Return Filing,TAX_RETURN_INCOME_INFORMATION,Income Information in Tax Return,Low,Mixed,FALSE,,PARAPHRASED,TAX_RETURN_INCOME_INFORMATION_F04,Hard,FALSE,Controlled paraphrase 2 of reviewed independent seed; family preserved; automated validation complete.
TAXX_0145,আয়কর রিটার্নে সম্পদ ও দায়ের তথ্য কীভাবে দেব?,TAX,TAX_RETURN_FILING,Income Tax Return Filing,TAX_RETURN_ASSET_LIABILITY,Assets and Liabilities in Tax Return,Low,Formal,FALSE,,SYNTHETIC,TAX_RETURN_ASSET_LIABILITY_F01,Easy,FALSE,Reviewed independent pilot seed retained for canonical expansion.
TAXX_0146,আমার ক্ষেত্রে আয়কর রিটার্নে সম্পদ ও দায়ের তথ্য কোন প্রক্রিয়ায় দেব?,TAX,TAX_RETURN_FILING,Income Tax Return Filing,TAX_RETURN_ASSET_LIABILITY,Assets and Liabilities in Tax Return,Low,Formal,FALSE,,PARAPHRASED,TAX_RETURN_ASSET_LIABILITY_F01,Easy,FALSE,Controlled paraphrase 1 of reviewed independent seed; family preserved; automated validation complete.
TAXX_0147,আয়কর রিটার্নে সম্পদ ও দায়ের তথ্য কোন প্রক্রিয়ায় দেব; পরের ধাপটা কী?,TAX,TAX_RETURN_FILING,Income Tax Return Filing,TAX_RETURN_ASSET_LIABILITY,Assets and Liabilities in Tax Return,Low,Formal,FALSE,,PARAPHRASED,TAX_RETURN_ASSET_LIABILITY_F01,Easy,FALSE,Controlled paraphrase 2 of reviewed independent seed; family preserved; automated validation complete.
TAXX_0148,return-এ loan আর asset কোথায় লিখব?,TAX,TAX_RETURN_FILING,Income Tax Return Filing,TAX_RETURN_ASSET_LIABILITY,Assets and Liabilities in Tax Return,Low,Informal,FALSE,,SYNTHETIC,TAX_RETURN_ASSET_LIABILITY_F02,Medium,FALSE,Reviewed independent pilot seed retained for canonical expansion.
TAXX_0149,এটা নিয়ে সাহায্য দরকার: return-এ loan আর asset কোথায় লিখব?,TAX,TAX_RETURN_FILING,Income Tax Return Filing,TAX_RETURN_ASSET_LIABILITY,Assets and Liabilities in Tax Return,Low,Informal,FALSE,,PARAPHRASED,TAX_RETURN_ASSET_LIABILITY_F02,Medium,FALSE,Controlled paraphrase 1 of reviewed independent seed; family preserved; automated validation complete.
TAXX_0150,এই বিষয়ে সহায়তা চাই: return-এ loan আর asset কোথায় লিখব?,TAX,TAX_RETURN_FILING,Income Tax Return Filing,TAX_RETURN_ASSET_LIABILITY,Assets and Liabilities in Tax Return,Low,Informal,FALSE,,PARAPHRASED,TAX_RETURN_ASSET_LIABILITY_F02,Medium,FALSE,Controlled paraphrase 2 of reviewed independent seed; family preserved; automated validation complete.
TAXX_0151,tax return e assets liabilities entry korbo kivabe?,TAX,TAX_RETURN_FILING,Income Tax Return Filing,TAX_RETURN_ASSET_LIABILITY,Assets and Liabilities in Tax Return,Low,Mixed,FALSE,,SYNTHETIC,TAX_RETURN_ASSET_LIABILITY_F03,Medium,FALSE,Reviewed independent pilot seed retained for canonical expansion.
TAXX_0152,I am trying to understand this: tax return e assets liabilities entry korbo kon process e?,TAX,TAX_RETURN_FILING,Income Tax Return Filing,TAX_RETURN_ASSET_LIABILITY,Assets and Liabilities in Tax Return,Low,Mixed,FALSE,,PARAPHRASED,TAX_RETURN_ASSET_LIABILITY_F03,Medium,FALSE,Controlled paraphrase 1 of reviewed independent seed; family preserved; automated validation complete.
TAXX_0153,I need guidance on this: tax return e assets liabilities entry korte hobe kivabe?,TAX,TAX_RETURN_FILING,Income Tax Return Filing,TAX_RETURN_ASSET_LIABILITY,Assets and Liabilities in Tax Return,Low,Mixed,FALSE,,PARAPHRASED,TAX_RETURN_ASSET_LIABILITY_F03,Medium,FALSE,Controlled paraphrase 2 of reviewed independent seed; family preserved; automated validation complete.
TAXX_0154,নিজের savings আর ঋণের তথ্য কোন অংশে দেখাতে হবে বুঝছি না।,TAX,TAX_RETURN_FILING,Income Tax Return Filing,TAX_RETURN_ASSET_LIABILITY,Assets and Liabilities in Tax Return,Low,Mixed,FALSE,,SYNTHETIC,TAX_RETURN_ASSET_LIABILITY_F04,Hard,FALSE,Reviewed independent pilot seed retained for canonical expansion.
TAXX_0155,নিজের savings আর ঋণের তথ্য কোন অংশে দেখাতে হবে বুঝছি না—নিয়মটা জানাবেন?,TAX,TAX_RETURN_FILING,Income Tax Return Filing,TAX_RETURN_ASSET_LIABILITY,Assets and Liabilities in Tax Return,Low,Mixed,FALSE,,PARAPHRASED,TAX_RETURN_ASSET_LIABILITY_F04,Hard,FALSE,Controlled paraphrase 1 of reviewed independent seed; family preserved; automated validation complete.
TAXX_0156,"নিজের savings আর ঋণের তথ্য কোন অংশে দেখাতে হবে বুঝছি না, একটু বুঝিয়ে বলবেন?",TAX,TAX_RETURN_FILING,Income Tax Return Filing,TAX_RETURN_ASSET_LIABILITY,Assets and Liabilities in Tax Return,Low,Mixed,FALSE,,PARAPHRASED,TAX_RETURN_ASSET_LIABILITY_F04,Hard,FALSE,Controlled paraphrase 2 of reviewed independent seed; family preserved; automated validation complete.
TAXX_0157,জমা দেওয়া আয়কর রিটার্নে ভুল থাকলে সংশোধন কীভাবে করব?,TAX,TAX_RETURN_FILING,Income Tax Return Filing,TAX_RETURN_AMENDMENT,Submitted Tax Return Amendment,Medium,Formal,FALSE,,SYNTHETIC,TAX_RETURN_AMENDMENT_F01,Easy,FALSE,Reviewed independent pilot seed retained for canonical expansion.
TAXX_0158,আমার ক্ষেত্রে জমা দেওয়া আয়কর রিটার্নে ভুল থাকলে সংশোধন কোন প্রক্রিয়ায় করব?,TAX,TAX_RETURN_FILING,Income Tax Return Filing,TAX_RETURN_AMENDMENT,Submitted Tax Return Amendment,Medium,Formal,FALSE,,PARAPHRASED,TAX_RETURN_AMENDMENT_F01,Easy,FALSE,Controlled paraphrase 1 of reviewed independent seed; family preserved; automated validation complete.
TAXX_0159,জমা দেওয়া আয়কর রিটার্নে ভুল থাকলে সংশোধন কোন প্রক্রিয়ায় করব; পরের ধাপটা কী?,TAX,TAX_RETURN_FILING,Income Tax Return Filing,TAX_RETURN_AMENDMENT,Submitted Tax Return Amendment,Medium,Formal,FALSE,,PARAPHRASED,TAX_RETURN_AMENDMENT_F01,Easy,FALSE,Controlled paraphrase 2 of reviewed independent seed; family preserved; automated validation complete.
TAXX_0160,submitted returnটা revise করা যাবে?,TAX,TAX_RETURN_FILING,Income Tax Return Filing,TAX_RETURN_AMENDMENT,Submitted Tax Return Amendment,Medium,Informal,FALSE,,SYNTHETIC,TAX_RETURN_AMENDMENT_F02,Medium,FALSE,Reviewed independent pilot seed retained for canonical expansion.
TAXX_0161,এটা নিয়ে সাহায্য দরকার: submitted returnটা revise করা যাবে?,TAX,TAX_RETURN_FILING,Income Tax Return Filing,TAX_RETURN_AMENDMENT,Submitted Tax Return Amendment,Medium,Informal,FALSE,,PARAPHRASED,TAX_RETURN_AMENDMENT_F02,Medium,FALSE,Controlled paraphrase 1 of reviewed independent seed; family preserved; automated validation complete.
TAXX_0162,এই বিষয়ে সহায়তা চাই: submitted returnটা revise করা যাবে?,TAX,TAX_RETURN_FILING,Income Tax Return Filing,TAX_RETURN_AMENDMENT,Submitted Tax Return Amendment,Medium,Informal,FALSE,,PARAPHRASED,TAX_RETURN_AMENDMENT_F02,Medium,FALSE,Controlled paraphrase 2 of reviewed independent seed; family preserved; automated validation complete.
TAXX_0163,filed tax return amendment er process ki?,TAX,TAX_RETURN_FILING,Income Tax Return Filing,TAX_RETURN_AMENDMENT,Submitted Tax Return Amendment,Medium,Mixed,FALSE,,SYNTHETIC,TAX_RETURN_AMENDMENT_F03,Medium,FALSE,Reviewed independent pilot seed retained for canonical expansion.
TAXX_0164,I am trying to understand this: filed tax return amendment er process ki?,TAX,TAX_RETURN_FILING,Income Tax Return Filing,TAX_RETURN_AMENDMENT,Submitted Tax Return Amendment,Medium,Mixed,FALSE,,PARAPHRASED,TAX_RETURN_AMENDMENT_F03,Medium,FALSE,Controlled paraphrase 1 of reviewed independent seed; family preserved; automated validation complete.
TAXX_0165,I need guidance on this: filed tax return amendment er process ki?,TAX,TAX_RETURN_FILING,Income Tax Return Filing,TAX_RETURN_AMENDMENT,Submitted Tax Return Amendment,Medium,Mixed,FALSE,,PARAPHRASED,TAX_RETURN_AMENDMENT_F03,Medium,FALSE,Controlled paraphrase 2 of reviewed independent seed; family preserved; automated validation complete.
TAXX_0166,return submit করার পর একটি income entry ভুল দেখেছি—official correction option জানতে চাই।,TAX,TAX_RETURN_FILING,Income Tax Return Filing,TAX_RETURN_AMENDMENT,Submitted Tax Return Amendment,Medium,Mixed,FALSE,,SYNTHETIC,TAX_RETURN_AMENDMENT_F04,Hard,FALSE,Reviewed independent pilot seed retained for canonical expansion.
TAXX_0167,return submit করার পর একটি income entry ভুল দেখেছি—official correction option জানতে প্রয়োজন—নিয়মটা জানাবেন?,TAX,TAX_RETURN_FILING,Income Tax Return Filing,TAX_RETURN_AMENDMENT,Submitted Tax Return Amendment,Medium,Mixed,FALSE,,PARAPHRASED,TAX_RETURN_AMENDMENT_F04,Hard,FALSE,Controlled paraphrase 1 of reviewed independent seed; family preserved; automated validation complete.
TAXX_0168,"return submit করার পর একটি income entry ভুল দেখেছি—official correction option জানতে প্রয়োজন, একটু বুঝিয়ে বলবেন?",TAX,TAX_RETURN_FILING,Income Tax Return Filing,TAX_RETURN_AMENDMENT,Submitted Tax Return Amendment,Medium,Mixed,FALSE,,PARAPHRASED,TAX_RETURN_AMENDMENT_F04,Hard,FALSE,Controlled paraphrase 2 of reviewed independent seed; family preserved; automated validation complete.
TAXX_0169,আয়কর রিটার্ন জমা দেওয়ার সময়সীমা কীভাবে জানব?,TAX,TAX_RETURN_FILING,Income Tax Return Filing,TAX_RETURN_DEADLINE,Tax Return Filing Deadline,Low,Formal,FALSE,,SYNTHETIC,TAX_RETURN_DEADLINE_F01,Easy,FALSE,Reviewed independent pilot seed retained for canonical expansion.
TAXX_0170,আমার ক্ষেত্রে আয়কর রিটার্ন জমা দেওয়ার সময়সীমা কোন প্রক্রিয়ায় জানব?,TAX,TAX_RETURN_FILING,Income Tax Return Filing,TAX_RETURN_DEADLINE,Tax Return Filing Deadline,Low,Formal,FALSE,,PARAPHRASED,TAX_RETURN_DEADLINE_F01,Easy,FALSE,Controlled paraphrase 1 of reviewed independent seed; family preserved; automated validation complete.
TAXX_0171,আয়কর রিটার্ন জমা দেওয়ার সময়সীমা কোন প্রক্রিয়ায় জানব; পরের ধাপটা কী?,TAX,TAX_RETURN_FILING,Income Tax Return Filing,TAX_RETURN_DEADLINE,Tax Return Filing Deadline,Low,Formal,FALSE,,PARAPHRASED,TAX_RETURN_DEADLINE_F01,Easy,FALSE,Controlled paraphrase 2 of reviewed independent seed; family preserved; automated validation complete.
TAXX_0172,return submission-এর last date কোথায় দেখব?,TAX,TAX_RETURN_FILING,Income Tax Return Filing,TAX_RETURN_DEADLINE,Tax Return Filing Deadline,Low,Informal,FALSE,,SYNTHETIC,TAX_RETURN_DEADLINE_F02,Medium,FALSE,Reviewed independent pilot seed retained for canonical expansion.
TAXX_0173,এটা নিয়ে সাহায্য দরকার: return submission-এর last date কোথায় দেখব?,TAX,TAX_RETURN_FILING,Income Tax Return Filing,TAX_RETURN_DEADLINE,Tax Return Filing Deadline,Low,Informal,FALSE,,PARAPHRASED,TAX_RETURN_DEADLINE_F02,Medium,FALSE,Controlled paraphrase 1 of reviewed independent seed; family preserved; automated validation complete.
TAXX_0174,এই বিষয়ে সহায়তা চাই: return submission-এর last date কোথায় দেখব?,TAX,TAX_RETURN_FILING,Income Tax Return Filing,TAX_RETURN_DEADLINE,Tax Return Filing Deadline,Low,Informal,FALSE,,PARAPHRASED,TAX_RETURN_DEADLINE_F02,Medium,FALSE,Controlled paraphrase 2 of reviewed independent seed; family preserved; automated validation complete.
TAXX_0175,tax return deadline kobe seta kivabe check korbo?,TAX,TAX_RETURN_FILING,Income Tax Return Filing,TAX_RETURN_DEADLINE,Tax Return Filing Deadline,Low,Mixed,FALSE,,SYNTHETIC,TAX_RETURN_DEADLINE_F03,Medium,FALSE,Reviewed independent pilot seed retained for canonical expansion.
TAXX_0176,I am trying to understand this: tax return deadline kobe seta kon process e check korbo?,TAX,TAX_RETURN_FILING,Income Tax Return Filing,TAX_RETURN_DEADLINE,Tax Return Filing Deadline,Low,Mixed,FALSE,,PARAPHRASED,TAX_RETURN_DEADLINE_F03,Medium,FALSE,Controlled paraphrase 1 of reviewed independent seed; family preserved; automated validation complete.
TAXX_0177,I need guidance on this: tax return deadline kobe seta kon process e check korbo?,TAX,TAX_RETURN_FILING,Income Tax Return Filing,TAX_RETURN_DEADLINE,Tax Return Filing Deadline,Low,Mixed,FALSE,,PARAPHRASED,TAX_RETURN_DEADLINE_F03,Medium,FALSE,Controlled paraphrase 2 of reviewed independent seed; family preserved; automated validation complete.
TAXX_0178,এই করবর্ষের return কবে পর্যন্ত দেওয়া যাবে—official notice কোথায় পাব?,TAX,TAX_RETURN_FILING,Income Tax Return Filing,TAX_RETURN_DEADLINE,Tax Return Filing Deadline,Low,Mixed,FALSE,,SYNTHETIC,TAX_RETURN_DEADLINE_F04,Hard,FALSE,Reviewed independent pilot seed retained for canonical expansion.
TAXX_0179,এই করতে হবের্ষের return কবে পর্যন্ত দেওয়া যাবে—official notice কোথায় পাব—নিয়মটা জানাবেন?,TAX,TAX_RETURN_FILING,Income Tax Return Filing,TAX_RETURN_DEADLINE,Tax Return Filing Deadline,Low,Mixed,FALSE,,PARAPHRASED,TAX_RETURN_DEADLINE_F04,Hard,FALSE,Controlled paraphrase 1 of reviewed independent seed; family preserved; automated validation complete.
TAXX_0180,"এই করতে হবের্ষের return কবে পর্যন্ত দেওয়া যাবে—official notice কোথায় পাব, একটু বুঝিয়ে বলবেন?",TAX,TAX_RETURN_FILING,Income Tax Return Filing,TAX_RETURN_DEADLINE,Tax Return Filing Deadline,Low,Mixed,FALSE,,PARAPHRASED,TAX_RETURN_DEADLINE_F04,Hard,FALSE,Controlled paraphrase 2 of reviewed independent seed; family preserved; automated validation complete.
TAXX_0181,ই-রিটার্ন ব্যবহারের জন্য নতুন অ্যাকাউন্ট কীভাবে খুলব?,TAX,TAX_ONLINE_ACCOUNT,e-Return Online Account,TAX_ACCOUNT_REGISTRATION,e-Return Account Registration,Low,Formal,FALSE,,SYNTHETIC,TAX_ACCOUNT_REGISTRATION_F01,Easy,FALSE,Reviewed independent pilot seed retained for canonical expansion.
TAXX_0182,আমার ক্ষেত্রে ই-রিটার্ন ব্যবহারের জন্য নতুন অ্যাকাউন্ট কোন প্রক্রিয়ায় খুলব?,TAX,TAX_ONLINE_ACCOUNT,e-Return Online Account,TAX_ACCOUNT_REGISTRATION,e-Return Account Registration,Low,Formal,FALSE,,PARAPHRASED,TAX_ACCOUNT_REGISTRATION_F01,Easy,FALSE,Controlled paraphrase 1 of reviewed independent seed; family preserved; automated validation complete.
TAXX_0183,ই-রিটার্ন ব্যবহারের জন্য নতুন অ্যাকাউন্ট কোন প্রক্রিয়ায় খুলব; পরের ধাপটা কী?,TAX,TAX_ONLINE_ACCOUNT,e-Return Online Account,TAX_ACCOUNT_REGISTRATION,e-Return Account Registration,Low,Formal,FALSE,,PARAPHRASED,TAX_ACCOUNT_REGISTRATION_F01,Easy,FALSE,Controlled paraphrase 2 of reviewed independent seed; family preserved; automated validation complete.
TAXX_0184,e-Return account register করতে চাই।,TAX,TAX_ONLINE_ACCOUNT,e-Return Online Account,TAX_ACCOUNT_REGISTRATION,e-Return Account Registration,Low,Informal,FALSE,,SYNTHETIC,TAX_ACCOUNT_REGISTRATION_F02,Medium,FALSE,Reviewed independent pilot seed retained for canonical expansion.
TAXX_0185,এটা নিয়ে সাহায্য দরকার: e-Return account register করতে প্রয়োজন?,TAX,TAX_ONLINE_ACCOUNT,e-Return Online Account,TAX_ACCOUNT_REGISTRATION,e-Return Account Registration,Low,Informal,FALSE,,PARAPHRASED,TAX_ACCOUNT_REGISTRATION_F02,Medium,FALSE,Controlled paraphrase 1 of reviewed independent seed; family preserved; automated validation complete.
TAXX_0186,e-Return account register করতে প্রয়োজন?,TAX,TAX_ONLINE_ACCOUNT,e-Return Online Account,TAX_ACCOUNT_REGISTRATION,e-Return Account Registration,Low,Informal,FALSE,,PARAPHRASED,TAX_ACCOUNT_REGISTRATION_F02,Medium,FALSE,Controlled paraphrase 2 of reviewed independent seed; family preserved; automated validation complete.
TAXX_0187,tax return portal e account khulbo kivabe?,TAX,TAX_ONLINE_ACCOUNT,e-Return Online Account,TAX_ACCOUNT_REGISTRATION,e-Return Account Registration,Low,Mixed,FALSE,,SYNTHETIC,TAX_ACCOUNT_REGISTRATION_F03,Medium,FALSE,Reviewed independent pilot seed retained for canonical expansion.
TAXX_0188,I am trying to understand this: tax return portal e account khulbo kon process e?,TAX,TAX_ONLINE_ACCOUNT,e-Return Online Account,TAX_ACCOUNT_REGISTRATION,e-Return Account Registration,Low,Mixed,FALSE,,PARAPHRASED,TAX_ACCOUNT_REGISTRATION_F03,Medium,FALSE,Controlled paraphrase 1 of reviewed independent seed; family preserved; automated validation complete.
TAXX_0189,I need guidance on this: tax return portal e account khulbo kon process e?,TAX,TAX_ONLINE_ACCOUNT,e-Return Online Account,TAX_ACCOUNT_REGISTRATION,e-Return Account Registration,Low,Mixed,FALSE,,PARAPHRASED,TAX_ACCOUNT_REGISTRATION_F03,Medium,FALSE,Controlled paraphrase 2 of reviewed independent seed; family preserved; automated validation complete.
TAXX_0190,"TIN আছে, এখন online return service-এর login account বানাতে চাই।",TAX,TAX_ONLINE_ACCOUNT,e-Return Online Account,TAX_ACCOUNT_REGISTRATION,e-Return Account Registration,Low,Mixed,FALSE,,SYNTHETIC,TAX_ACCOUNT_REGISTRATION_F04,Hard,FALSE,Reviewed independent pilot seed retained for canonical expansion.
TAXX_0191,"TIN আছে, এখন online return service-এর login account বানাতে প্রয়োজন—নিয়মটা জানাবেন?",TAX,TAX_ONLINE_ACCOUNT,e-Return Online Account,TAX_ACCOUNT_REGISTRATION,e-Return Account Registration,Low,Mixed,FALSE,,PARAPHRASED,TAX_ACCOUNT_REGISTRATION_F04,Hard,FALSE,Controlled paraphrase 1 of reviewed independent seed; family preserved; automated validation complete.
TAXX_0192,"TIN আছে, এখন online return service-এর login account বানাতে প্রয়োজন, একটু বুঝিয়ে বলবেন?",TAX,TAX_ONLINE_ACCOUNT,e-Return Online Account,TAX_ACCOUNT_REGISTRATION,e-Return Account Registration,Low,Mixed,FALSE,,PARAPHRASED,TAX_ACCOUNT_REGISTRATION_F04,Hard,FALSE,Controlled paraphrase 2 of reviewed independent seed; family preserved; automated validation complete.
TAXX_0193,বিদ্যমান ই-রিটার্ন অ্যাকাউন্টে কীভাবে লগইন করব?,TAX,TAX_ONLINE_ACCOUNT,e-Return Online Account,TAX_ACCOUNT_LOGIN,e-Return Account Login,Low,Formal,FALSE,,SYNTHETIC,TAX_ACCOUNT_LOGIN_F01,Easy,FALSE,Reviewed independent pilot seed retained for canonical expansion.
TAXX_0194,আমার ক্ষেত্রে বিদ্যমান ই-রিটার্ন অ্যাকাউন্টে কোন প্রক্রিয়ায় লগইন করব?,TAX,TAX_ONLINE_ACCOUNT,e-Return Online Account,TAX_ACCOUNT_LOGIN,e-Return Account Login,Low,Formal,FALSE,,PARAPHRASED,TAX_ACCOUNT_LOGIN_F01,Easy,FALSE,Controlled paraphrase 1 of reviewed independent seed; family preserved; automated validation complete.
TAXX_0195,বিদ্যমান ই-রিটার্ন অ্যাকাউন্টে কোন প্রক্রিয়ায় লগইন করব; পরের ধাপটা কী?,TAX,TAX_ONLINE_ACCOUNT,e-Return Online Account,TAX_ACCOUNT_LOGIN,e-Return Account Login,Low,Formal,FALSE,,PARAPHRASED,TAX_ACCOUNT_LOGIN_F01,Easy,FALSE,Controlled paraphrase 2 of reviewed independent seed; family preserved; automated validation complete.
TAXX_0196,e-Return login page কোথায়?,TAX,TAX_ONLINE_ACCOUNT,e-Return Online Account,TAX_ACCOUNT_LOGIN,e-Return Account Login,Low,Informal,FALSE,,SYNTHETIC,TAX_ACCOUNT_LOGIN_F02,Medium,FALSE,Reviewed independent pilot seed retained for canonical expansion.
TAXX_0197,এটা নিয়ে সাহায্য দরকার: e-Return login page কোথায়?,TAX,TAX_ONLINE_ACCOUNT,e-Return Online Account,TAX_ACCOUNT_LOGIN,e-Return Account Login,Low,Informal,FALSE,,PARAPHRASED,TAX_ACCOUNT_LOGIN_F02,Medium,FALSE,Controlled paraphrase 1 of reviewed independent seed; family preserved; automated validation complete.
TAXX_0198,এই বিষয়ে সহায়তা চাই: e-Return login page কোথায়?,TAX,TAX_ONLINE_ACCOUNT,e-Return Online Account,TAX_ACCOUNT_LOGIN,e-Return Account Login,Low,Informal,FALSE,,PARAPHRASED,TAX_ACCOUNT_LOGIN_F02,Medium,FALSE,Controlled paraphrase 2 of reviewed independent seed; family preserved; automated validation complete.
TAXX_0199,tax portal e sign in korbo kivabe?,TAX,TAX_ONLINE_ACCOUNT,e-Return Online Account,TAX_ACCOUNT_LOGIN,e-Return Account Login,Low,Mixed,FALSE,,SYNTHETIC,TAX_ACCOUNT_LOGIN_F03,Medium,FALSE,Reviewed independent pilot seed retained for canonical expansion.
TAXX_0200,I am trying to understand this: tax portal e sign in korte hobe kivabe?,TAX,TAX_ONLINE_ACCOUNT,e-Return Online Account,TAX_ACCOUNT_LOGIN,e-Return Account Login,Low,Mixed,FALSE,,PARAPHRASED,TAX_ACCOUNT_LOGIN_F03,Medium,FALSE,Controlled paraphrase 1 of reviewed independent seed; family preserved; automated validation complete.
TAXX_0201,I need guidance on this: tax portal e sign in korte hobe kivabe?,TAX,TAX_ONLINE_ACCOUNT,e-Return Online Account,TAX_ACCOUNT_LOGIN,e-Return Account Login,Low,Mixed,FALSE,,PARAPHRASED,TAX_ACCOUNT_LOGIN_F03,Medium,FALSE,Controlled paraphrase 2 of reviewed independent seed; family preserved; automated validation complete.
TAXX_0202,"account আগে থেকেই আছে, return দেখতে portal-এ ঢোকার নিয়ম কী?",TAX,TAX_ONLINE_ACCOUNT,e-Return Online Account,TAX_ACCOUNT_LOGIN,e-Return Account Login,Low,Mixed,FALSE,,SYNTHETIC,TAX_ACCOUNT_LOGIN_F04,Hard,FALSE,Reviewed independent pilot seed retained for canonical expansion.
TAXX_0203,"account আগে থেকেই আছে, return দেখতে portal-এ ঢোকার নিয়ম কী—নিয়মটা জানাবেন?",TAX,TAX_ONLINE_ACCOUNT,e-Return Online Account,TAX_ACCOUNT_LOGIN,e-Return Account Login,Low,Mixed,FALSE,,PARAPHRASED,TAX_ACCOUNT_LOGIN_F04,Hard,FALSE,Controlled paraphrase 1 of reviewed independent seed; family preserved; automated validation complete.
TAXX_0204,"account আগে থেকেই আছে, return দেখতে portal-এ ঢোকার নিয়ম কী, একটু বুঝিয়ে বলবেন?",TAX,TAX_ONLINE_ACCOUNT,e-Return Online Account,TAX_ACCOUNT_LOGIN,e-Return Account Login,Low,Mixed,FALSE,,PARAPHRASED,TAX_ACCOUNT_LOGIN_F04,Hard,FALSE,Controlled paraphrase 2 of reviewed independent seed; family preserved; automated validation complete.
TAXX_0205,ই-রিটার্নের পাসওয়ার্ড ভুলে গেলে কীভাবে রিসেট করব?,TAX,TAX_ONLINE_ACCOUNT,e-Return Online Account,TAX_ACCOUNT_PASSWORD_RESET,e-Return Password Reset,Medium,Formal,FALSE,,SYNTHETIC,TAX_ACCOUNT_PASSWORD_RESET_F01,Easy,FALSE,Reviewed independent pilot seed retained for canonical expansion.
TAXX_0206,আমার ক্ষেত্রে ই-রিটার্নের পাসওয়ার্ড ভুলে গেলে কোন প্রক্রিয়ায় রিসেট করব?,TAX,TAX_ONLINE_ACCOUNT,e-Return Online Account,TAX_ACCOUNT_PASSWORD_RESET,e-Return Password Reset,Medium,Formal,FALSE,,PARAPHRASED,TAX_ACCOUNT_PASSWORD_RESET_F01,Easy,FALSE,Controlled paraphrase 1 of reviewed independent seed; family preserved; automated validation complete.
TAXX_0207,ই-রিটার্নের পাসওয়ার্ড ভুলে গেলে কোন প্রক্রিয়ায় রিসেট করব; পরের ধাপটা কী?,TAX,TAX_ONLINE_ACCOUNT,e-Return Online Account,TAX_ACCOUNT_PASSWORD_RESET,e-Return Password Reset,Medium,Formal,FALSE,,PARAPHRASED,TAX_ACCOUNT_PASSWORD_RESET_F01,Easy,FALSE,Controlled paraphrase 2 of reviewed independent seed; family preserved; automated validation complete.
TAXX_0208,"tax portal password মনে নেই, recover করতে চাই।",TAX,TAX_ONLINE_ACCOUNT,e-Return Online Account,TAX_ACCOUNT_PASSWORD_RESET,e-Return Password Reset,Medium,Informal,FALSE,,SYNTHETIC,TAX_ACCOUNT_PASSWORD_RESET_F02,Medium,FALSE,Reviewed independent pilot seed retained for canonical expansion.
TAXX_0209,"এটা নিয়ে সাহায্য দরকার: tax portal password মনে নেই, recover করতে প্রয়োজন?",TAX,TAX_ONLINE_ACCOUNT,e-Return Online Account,TAX_ACCOUNT_PASSWORD_RESET,e-Return Password Reset,Medium,Informal,FALSE,,PARAPHRASED,TAX_ACCOUNT_PASSWORD_RESET_F02,Medium,FALSE,Controlled paraphrase 1 of reviewed independent seed; family preserved; automated validation complete.
TAXX_0210,"tax portal password মনে নেই, recover করতে প্রয়োজন?",TAX,TAX_ONLINE_ACCOUNT,e-Return Online Account,TAX_ACCOUNT_PASSWORD_RESET,e-Return Password Reset,Medium,Informal,FALSE,,PARAPHRASED,TAX_ACCOUNT_PASSWORD_RESET_F02,Medium,FALSE,Controlled paraphrase 2 of reviewed independent seed; family preserved; automated validation complete.
TAXX_0211,e-Return password reset korbo kivabe?,TAX,TAX_ONLINE_ACCOUNT,e-Return Online Account,TAX_ACCOUNT_PASSWORD_RESET,e-Return Password Reset,Medium,Mixed,FALSE,,SYNTHETIC,TAX_ACCOUNT_PASSWORD_RESET_F03,Medium,FALSE,Reviewed independent pilot seed retained for canonical expansion.
TAXX_0212,I am trying to understand this: e-Return password reset korbo kon process e?,TAX,TAX_ONLINE_ACCOUNT,e-Return Online Account,TAX_ACCOUNT_PASSWORD_RESET,e-Return Password Reset,Medium,Mixed,FALSE,,PARAPHRASED,TAX_ACCOUNT_PASSWORD_RESET_F03,Medium,FALSE,Controlled paraphrase 1 of reviewed independent seed; family preserved; automated validation complete.
TAXX_0213,I need guidance on this: e-Return password reset korbo kon process e?,TAX,TAX_ONLINE_ACCOUNT,e-Return Online Account,TAX_ACCOUNT_PASSWORD_RESET,e-Return Password Reset,Medium,Mixed,FALSE,,PARAPHRASED,TAX_ACCOUNT_PASSWORD_RESET_F03,Medium,FALSE,Controlled paraphrase 2 of reviewed independent seed; family preserved; automated validation complete.
TAXX_0214,TIN মনে আছে কিন্তু account passwordটা ভুলে গেছি—নতুন password সেট করব কীভাবে?,TAX,TAX_ONLINE_ACCOUNT,e-Return Online Account,TAX_ACCOUNT_PASSWORD_RESET,e-Return Password Reset,Medium,Mixed,FALSE,,SYNTHETIC,TAX_ACCOUNT_PASSWORD_RESET_F04,Hard,FALSE,Reviewed independent pilot seed retained for canonical expansion.
TAXX_0215,TIN মনে আছে কিন্তু account passwordটা ভুলে গেছি—নতুন password সেট করব কোন প্রক্রিয়ায়—নিয়মটা জানাবেন?,TAX,TAX_ONLINE_ACCOUNT,e-Return Online Account,TAX_ACCOUNT_PASSWORD_RESET,e-Return Password Reset,Medium,Mixed,FALSE,,PARAPHRASED,TAX_ACCOUNT_PASSWORD_RESET_F04,Hard,FALSE,Controlled paraphrase 1 of reviewed independent seed; family preserved; automated validation complete.
TAXX_0216,"TIN মনে আছে কিন্তু account passwordটা ভুলে গেছি—নতুন password সেট করব কোন প্রক্রিয়ায়, একটু বুঝিয়ে বলবেন?",TAX,TAX_ONLINE_ACCOUNT,e-Return Online Account,TAX_ACCOUNT_PASSWORD_RESET,e-Return Password Reset,Medium,Mixed,FALSE,,PARAPHRASED,TAX_ACCOUNT_PASSWORD_RESET_F04,Hard,FALSE,Controlled paraphrase 2 of reviewed independent seed; family preserved; automated validation complete.
TAXX_0217,ই-রিটার্ন অ্যাকাউন্টে নিবন্ধিত মোবাইল নম্বর কীভাবে বদলাব?,TAX,TAX_ONLINE_ACCOUNT,e-Return Online Account,TAX_ACCOUNT_MOBILE_UPDATE,e-Return Registered Mobile Update,Medium,Formal,FALSE,,SYNTHETIC,TAX_ACCOUNT_MOBILE_UPDATE_F01,Easy,FALSE,Reviewed independent pilot seed retained for canonical expansion.
TAXX_0218,আমার ক্ষেত্রে ই-রিটার্ন অ্যাকাউন্টে নিবন্ধিত মোবাইল নম্বর কোন প্রক্রিয়ায় বদলাব?,TAX,TAX_ONLINE_ACCOUNT,e-Return Online Account,TAX_ACCOUNT_MOBILE_UPDATE,e-Return Registered Mobile Update,Medium,Formal,FALSE,,PARAPHRASED,TAX_ACCOUNT_MOBILE_UPDATE_F01,Easy,FALSE,Controlled paraphrase 1 of reviewed independent seed; family preserved; automated validation complete.
TAXX_0219,ই-রিটার্ন অ্যাকাউন্টে নিবন্ধিত মোবাইল নম্বর কোন প্রক্রিয়ায় বদলাব; পরের ধাপটা কী?,TAX,TAX_ONLINE_ACCOUNT,e-Return Online Account,TAX_ACCOUNT_MOBILE_UPDATE,e-Return Registered Mobile Update,Medium,Formal,FALSE,,PARAPHRASED,TAX_ACCOUNT_MOBILE_UPDATE_F01,Easy,FALSE,Controlled paraphrase 2 of reviewed independent seed; family preserved; automated validation complete.
TAXX_0220,"old phone number বন্ধ হয়ে গেছে, tax account-এ নতুনটা update করতে চাই।",TAX,TAX_ONLINE_ACCOUNT,e-Return Online Account,TAX_ACCOUNT_MOBILE_UPDATE,e-Return Registered Mobile Update,Medium,Informal,FALSE,,SYNTHETIC,TAX_ACCOUNT_MOBILE_UPDATE_F02,Medium,FALSE,Reviewed independent pilot seed retained for canonical expansion.
TAXX_0221,"এটা নিয়ে সাহায্য দরকার: old phone number বন্ধ হয়ে গেছে, tax account-এ নতুনটা update করতে প্রয়োজন?",TAX,TAX_ONLINE_ACCOUNT,e-Return Online Account,TAX_ACCOUNT_MOBILE_UPDATE,e-Return Registered Mobile Update,Medium,Informal,FALSE,,PARAPHRASED,TAX_ACCOUNT_MOBILE_UPDATE_F02,Medium,FALSE,Controlled paraphrase 1 of reviewed independent seed; family preserved; automated validation complete.
TAXX_0222,"old phone number বন্ধ হয়ে গেছে, tax account-এ নতুনটা update করতে প্রয়োজন?",TAX,TAX_ONLINE_ACCOUNT,e-Return Online Account,TAX_ACCOUNT_MOBILE_UPDATE,e-Return Registered Mobile Update,Medium,Informal,FALSE,,PARAPHRASED,TAX_ACCOUNT_MOBILE_UPDATE_F02,Medium,FALSE,Controlled paraphrase 2 of reviewed independent seed; family preserved; automated validation complete.
TAXX_0223,e-Return registered mobile change korar process ki?,TAX,TAX_ONLINE_ACCOUNT,e-Return Online Account,TAX_ACCOUNT_MOBILE_UPDATE,e-Return Registered Mobile Update,Medium,Mixed,FALSE,,SYNTHETIC,TAX_ACCOUNT_MOBILE_UPDATE_F03,Medium,FALSE,Reviewed independent pilot seed retained for canonical expansion.
TAXX_0224,I am trying to understand this: e-Return registered mobile change korar process ki?,TAX,TAX_ONLINE_ACCOUNT,e-Return Online Account,TAX_ACCOUNT_MOBILE_UPDATE,e-Return Registered Mobile Update,Medium,Mixed,FALSE,,PARAPHRASED,TAX_ACCOUNT_MOBILE_UPDATE_F03,Medium,FALSE,Controlled paraphrase 1 of reviewed independent seed; family preserved; automated validation complete.
TAXX_0225,I need guidance on this: e-Return registered mobile change korar process ki?,TAX,TAX_ONLINE_ACCOUNT,e-Return Online Account,TAX_ACCOUNT_MOBILE_UPDATE,e-Return Registered Mobile Update,Medium,Mixed,FALSE,,PARAPHRASED,TAX_ACCOUNT_MOBILE_UPDATE_F03,Medium,FALSE,Controlled paraphrase 2 of reviewed independent seed; family preserved; automated validation complete.
TAXX_0226,login verification পুরোনো SIM-এ যাচ্ছে—linked numberটা বদলাতে হবে।,TAX,TAX_ONLINE_ACCOUNT,e-Return Online Account,TAX_ACCOUNT_MOBILE_UPDATE,e-Return Registered Mobile Update,Medium,Mixed,FALSE,,SYNTHETIC,TAX_ACCOUNT_MOBILE_UPDATE_F04,Hard,FALSE,Reviewed independent pilot seed retained for canonical expansion.
TAXX_0227,login verification পুরোনো SIM-এ যাচ্ছে—linked numberটা বদলাতে হবে—নিয়মটা জানাবেন?,TAX,TAX_ONLINE_ACCOUNT,e-Return Online Account,TAX_ACCOUNT_MOBILE_UPDATE,e-Return Registered Mobile Update,Medium,Mixed,FALSE,,PARAPHRASED,TAX_ACCOUNT_MOBILE_UPDATE_F04,Hard,FALSE,Controlled paraphrase 1 of reviewed independent seed; family preserved; automated validation complete.
TAXX_0228,"login verification পুরোনো SIM-এ যাচ্ছে—linked numberটা বদলাতে হবে, একটু বুঝিয়ে বলবেন?",TAX,TAX_ONLINE_ACCOUNT,e-Return Online Account,TAX_ACCOUNT_MOBILE_UPDATE,e-Return Registered Mobile Update,Medium,Mixed,FALSE,,PARAPHRASED,TAX_ACCOUNT_MOBILE_UPDATE_F04,Hard,FALSE,Controlled paraphrase 2 of reviewed independent seed; family preserved; automated validation complete.
TAXX_0229,ই-রিটার্ন নিবন্ধনের ওটিপি না এলে কী করব?,TAX,TAX_ONLINE_ACCOUNT,e-Return Online Account,TAX_ACCOUNT_OTP_PROBLEM,e-Return OTP Problem,Medium,Formal,FALSE,,SYNTHETIC,TAX_ACCOUNT_OTP_PROBLEM_F01,Easy,FALSE,Reviewed independent pilot seed retained for canonical expansion.
TAXX_0230,আমার ক্ষেত্রে ই-রিটার্ন নিবন্ধনের ওটিপি না এলে কী করতে হবে?,TAX,TAX_ONLINE_ACCOUNT,e-Return Online Account,TAX_ACCOUNT_OTP_PROBLEM,e-Return OTP Problem,Medium,Formal,FALSE,,PARAPHRASED,TAX_ACCOUNT_OTP_PROBLEM_F01,Easy,FALSE,Controlled paraphrase 1 of reviewed independent seed; family preserved; automated validation complete.
TAXX_0231,ই-রিটার্ন নিবন্ধনের ওটিপি না এলে কী করতে হবে; পরের ধাপটা কী?,TAX,TAX_ONLINE_ACCOUNT,e-Return Online Account,TAX_ACCOUNT_OTP_PROBLEM,e-Return OTP Problem,Medium,Formal,FALSE,,PARAPHRASED,TAX_ACCOUNT_OTP_PROBLEM_F01,Easy,FALSE,Controlled paraphrase 2 of reviewed independent seed; family preserved; automated validation complete.
TAXX_0232,OTP পেয়েছি কিন্তু tax portal accept করছে না।,TAX,TAX_ONLINE_ACCOUNT,e-Return Online Account,TAX_ACCOUNT_OTP_PROBLEM,e-Return OTP Problem,Medium,Informal,FALSE,,SYNTHETIC,TAX_ACCOUNT_OTP_PROBLEM_F02,Medium,FALSE,Reviewed independent pilot seed retained for canonical expansion.
TAXX_0233,এটা নিয়ে সাহায্য দরকার: OTP পেয়েছি কিন্তু tax portal accept করছে না?,TAX,TAX_ONLINE_ACCOUNT,e-Return Online Account,TAX_ACCOUNT_OTP_PROBLEM,e-Return OTP Problem,Medium,Informal,FALSE,,PARAPHRASED,TAX_ACCOUNT_OTP_PROBLEM_F02,Medium,FALSE,Controlled paraphrase 1 of reviewed independent seed; family preserved; automated validation complete.
TAXX_0234,OTP পেয়েছি কিন্তু tax portal accept করছে না?,TAX,TAX_ONLINE_ACCOUNT,e-Return Online Account,TAX_ACCOUNT_OTP_PROBLEM,e-Return OTP Problem,Medium,Informal,FALSE,,PARAPHRASED,TAX_ACCOUNT_OTP_PROBLEM_F02,Medium,FALSE,Controlled paraphrase 2 of reviewed independent seed; family preserved; automated validation complete.
TAXX_0235,"e-Return verification code ashtese na, ki korbo?",TAX,TAX_ONLINE_ACCOUNT,e-Return Online Account,TAX_ACCOUNT_OTP_PROBLEM,e-Return OTP Problem,Medium,Mixed,FALSE,,SYNTHETIC,TAX_ACCOUNT_OTP_PROBLEM_F03,Medium,FALSE,Reviewed independent pilot seed retained for canonical expansion.
TAXX_0236,"I am trying to understand this: e-Return verification code ashtese na, ki korte hobe?",TAX,TAX_ONLINE_ACCOUNT,e-Return Online Account,TAX_ACCOUNT_OTP_PROBLEM,e-Return OTP Problem,Medium,Mixed,FALSE,,PARAPHRASED,TAX_ACCOUNT_OTP_PROBLEM_F03,Medium,FALSE,Controlled paraphrase 1 of reviewed independent seed; family preserved; automated validation complete.
TAXX_0237,"I need guidance on this: e-Return verification code ashtese na, ki korte hobe?",TAX,TAX_ONLINE_ACCOUNT,e-Return Online Account,TAX_ACCOUNT_OTP_PROBLEM,e-Return OTP Problem,Medium,Mixed,FALSE,,PARAPHRASED,TAX_ACCOUNT_OTP_PROBLEM_F03,Medium,FALSE,Controlled paraphrase 2 of reviewed independent seed; family preserved; automated validation complete.
TAXX_0238,"account verify করতে code চেয়েছি, বারবার expired দেখাচ্ছে।",TAX,TAX_ONLINE_ACCOUNT,e-Return Online Account,TAX_ACCOUNT_OTP_PROBLEM,e-Return OTP Problem,Medium,Mixed,FALSE,,SYNTHETIC,TAX_ACCOUNT_OTP_PROBLEM_F04,Hard,FALSE,Reviewed independent pilot seed retained for canonical expansion.
TAXX_0239,"account verify করতে code চেয়েছি, বারবার expired দেখাচ্ছে—নিয়মটা জানাবেন?",TAX,TAX_ONLINE_ACCOUNT,e-Return Online Account,TAX_ACCOUNT_OTP_PROBLEM,e-Return OTP Problem,Medium,Mixed,FALSE,,PARAPHRASED,TAX_ACCOUNT_OTP_PROBLEM_F04,Hard,FALSE,Controlled paraphrase 1 of reviewed independent seed; family preserved; automated validation complete.
TAXX_0240,"account verify করতে code চেয়েছি, বারবার expired দেখাচ্ছে, একটু বুঝিয়ে বলবেন?",TAX,TAX_ONLINE_ACCOUNT,e-Return Online Account,TAX_ACCOUNT_OTP_PROBLEM,e-Return OTP Problem,Medium,Mixed,FALSE,,PARAPHRASED,TAX_ACCOUNT_OTP_PROBLEM_F04,Hard,FALSE,Controlled paraphrase 2 of reviewed independent seed; family preserved; automated validation complete.
TAXX_0241,সঠিক তথ্য দিয়েও ই-রিটার্ন অ্যাকাউন্টে প্রবেশ করতে পারছি না।,TAX,TAX_ONLINE_ACCOUNT,e-Return Online Account,TAX_ACCOUNT_ACCESS_PROBLEM,General e-Return Account Access Problem,Medium,Formal,FALSE,,SYNTHETIC,TAX_ACCOUNT_ACCESS_PROBLEM_F01,Easy,FALSE,Reviewed independent pilot seed retained for canonical expansion.
TAXX_0242,আমার ক্ষেত্রে সঠিক তথ্য দিয়েও ই-রিটার্ন অ্যাকাউন্টে প্রবেশ করতে পারছি না?,TAX,TAX_ONLINE_ACCOUNT,e-Return Online Account,TAX_ACCOUNT_ACCESS_PROBLEM,General e-Return Account Access Problem,Medium,Formal,FALSE,,PARAPHRASED,TAX_ACCOUNT_ACCESS_PROBLEM_F01,Easy,FALSE,Controlled paraphrase 1 of reviewed independent seed; family preserved; automated validation complete.
TAXX_0243,সঠিক তথ্য দিয়েও ই-রিটার্ন অ্যাকাউন্টে প্রবেশ করতে পারছি না; পরের ধাপটা কী?,TAX,TAX_ONLINE_ACCOUNT,e-Return Online Account,TAX_ACCOUNT_ACCESS_PROBLEM,General e-Return Account Access Problem,Medium,Formal,FALSE,,PARAPHRASED,TAX_ACCOUNT_ACCESS_PROBLEM_F01,Easy,FALSE,Controlled paraphrase 2 of reviewed independent seed; family preserved; automated validation complete.
TAXX_0244,"tax account open হচ্ছে না, কারণটা বুঝতে পারছি না।",TAX,TAX_ONLINE_ACCOUNT,e-Return Online Account,TAX_ACCOUNT_ACCESS_PROBLEM,General e-Return Account Access Problem,Medium,Informal,FALSE,,SYNTHETIC,TAX_ACCOUNT_ACCESS_PROBLEM_F02,Medium,FALSE,Reviewed independent pilot seed retained for canonical expansion.
TAXX_0245,"এটা নিয়ে সাহায্য দরকার: tax account open হচ্ছে না, কারণটা বুঝতে পারছি না?",TAX,TAX_ONLINE_ACCOUNT,e-Return Online Account,TAX_ACCOUNT_ACCESS_PROBLEM,General e-Return Account Access Problem,Medium,Informal,FALSE,,PARAPHRASED,TAX_ACCOUNT_ACCESS_PROBLEM_F02,Medium,FALSE,Controlled paraphrase 1 of reviewed independent seed; family preserved; automated validation complete.
TAXX_0246,"tax account open হচ্ছে না, কারণটা বুঝতে পারছি না?",TAX,TAX_ONLINE_ACCOUNT,e-Return Online Account,TAX_ACCOUNT_ACCESS_PROBLEM,General e-Return Account Access Problem,Medium,Informal,FALSE,,PARAPHRASED,TAX_ACCOUNT_ACCESS_PROBLEM_F02,Medium,FALSE,Controlled paraphrase 2 of reviewed independent seed; family preserved; automated validation complete.
TAXX_0247,"e-Return account access hocche na, kono clear error nai.",TAX,TAX_ONLINE_ACCOUNT,e-Return Online Account,TAX_ACCOUNT_ACCESS_PROBLEM,General e-Return Account Access Problem,Medium,Mixed,FALSE,,SYNTHETIC,TAX_ACCOUNT_ACCESS_PROBLEM_F03,Medium,FALSE,Reviewed independent pilot seed retained for canonical expansion.
TAXX_0248,"I am trying to understand this: e-Return account access hocche na, kono clear error nai?",TAX,TAX_ONLINE_ACCOUNT,e-Return Online Account,TAX_ACCOUNT_ACCESS_PROBLEM,General e-Return Account Access Problem,Medium,Mixed,FALSE,,PARAPHRASED,TAX_ACCOUNT_ACCESS_PROBLEM_F03,Medium,FALSE,Controlled paraphrase 1 of reviewed independent seed; family preserved; automated validation complete.
TAXX_0249,"I need guidance on this: e-Return account access hocche na, kono clear error nai?",TAX,TAX_ONLINE_ACCOUNT,e-Return Online Account,TAX_ACCOUNT_ACCESS_PROBLEM,General e-Return Account Access Problem,Medium,Mixed,FALSE,,PARAPHRASED,TAX_ACCOUNT_ACCESS_PROBLEM_F03,Medium,FALSE,Controlled paraphrase 2 of reviewed independent seed; family preserved; automated validation complete.
TAXX_0250,login করতে গেলেই আবার প্রথম page-এ ফিরিয়ে দেয়—কী সমস্যা বুঝছি না।,TAX,TAX_ONLINE_ACCOUNT,e-Return Online Account,TAX_ACCOUNT_ACCESS_PROBLEM,General e-Return Account Access Problem,Medium,Mixed,FALSE,,SYNTHETIC,TAX_ACCOUNT_ACCESS_PROBLEM_F04,Hard,FALSE,Reviewed independent pilot seed retained for canonical expansion.
TAXX_0251,login করতে গেলেই আবার প্রথম page-এ ফিরিয়ে দেয়—কী সমস্যা বুঝছি না—নিয়মটা জানাবেন?,TAX,TAX_ONLINE_ACCOUNT,e-Return Online Account,TAX_ACCOUNT_ACCESS_PROBLEM,General e-Return Account Access Problem,Medium,Mixed,FALSE,,PARAPHRASED,TAX_ACCOUNT_ACCESS_PROBLEM_F04,Hard,FALSE,Controlled paraphrase 1 of reviewed independent seed; family preserved; automated validation complete.
TAXX_0252,"login করতে গেলেই আবার প্রথম page-এ ফিরিয়ে দেয়—কী সমস্যা বুঝছি না, একটু বুঝিয়ে বলবেন?",TAX,TAX_ONLINE_ACCOUNT,e-Return Online Account,TAX_ACCOUNT_ACCESS_PROBLEM,General e-Return Account Access Problem,Medium,Mixed,FALSE,,PARAPHRASED,TAX_ACCOUNT_ACCESS_PROBLEM_F04,Hard,FALSE,Controlled paraphrase 2 of reviewed independent seed; family preserved; automated validation complete.
TAXX_0253,প্রদেয় আয়কর কীভাবে হিসাব করা হয়?,TAX,TAX_PAYMENT,Tax Payment and Ledger,TAX_PAYMENT_AMOUNT_CALCULATION,Tax Amount and Calculation Guidance,Low,Formal,FALSE,,SYNTHETIC,TAX_PAYMENT_AMOUNT_CALCULATION_F01,Easy,FALSE,Reviewed independent pilot seed retained for canonical expansion.
TAXX_0254,আমার ক্ষেত্রে প্রদেয় আয়কর কোন প্রক্রিয়ায় হিসাব করা হয়?,TAX,TAX_PAYMENT,Tax Payment and Ledger,TAX_PAYMENT_AMOUNT_CALCULATION,Tax Amount and Calculation Guidance,Low,Formal,FALSE,,PARAPHRASED,TAX_PAYMENT_AMOUNT_CALCULATION_F01,Easy,FALSE,Controlled paraphrase 1 of reviewed independent seed; family preserved; automated validation complete.
TAXX_0255,প্রদেয় আয়কর কোন প্রক্রিয়ায় হিসাব করা হয়; পরের ধাপটা কী?,TAX,TAX_PAYMENT,Tax Payment and Ledger,TAX_PAYMENT_AMOUNT_CALCULATION,Tax Amount and Calculation Guidance,Low,Formal,FALSE,,PARAPHRASED,TAX_PAYMENT_AMOUNT_CALCULATION_F01,Easy,FALSE,Controlled paraphrase 2 of reviewed independent seed; family preserved; automated validation complete.
TAXX_0256,আমার payable tax amount কোথায় দেখাবে?,TAX,TAX_PAYMENT,Tax Payment and Ledger,TAX_PAYMENT_AMOUNT_CALCULATION,Tax Amount and Calculation Guidance,Low,Informal,FALSE,,SYNTHETIC,TAX_PAYMENT_AMOUNT_CALCULATION_F02,Medium,FALSE,Reviewed independent pilot seed retained for canonical expansion.
TAXX_0257,এটা নিয়ে সাহায্য দরকার: আমার payable tax amount কোথায় দেখাবে?,TAX,TAX_PAYMENT,Tax Payment and Ledger,TAX_PAYMENT_AMOUNT_CALCULATION,Tax Amount and Calculation Guidance,Low,Informal,FALSE,,PARAPHRASED,TAX_PAYMENT_AMOUNT_CALCULATION_F02,Medium,FALSE,Controlled paraphrase 1 of reviewed independent seed; family preserved; automated validation complete.
TAXX_0258,এই বিষয়ে সহায়তা চাই: আমার payable tax amount কোথায় দেখাবে?,TAX,TAX_PAYMENT,Tax Payment and Ledger,TAX_PAYMENT_AMOUNT_CALCULATION,Tax Amount and Calculation Guidance,Low,Informal,FALSE,,PARAPHRASED,TAX_PAYMENT_AMOUNT_CALCULATION_F02,Medium,FALSE,Controlled paraphrase 2 of reviewed independent seed; family preserved; automated validation complete.
TAXX_0259,tax calculation ta system e kivabe dekhbo?,TAX,TAX_PAYMENT,Tax Payment and Ledger,TAX_PAYMENT_AMOUNT_CALCULATION,Tax Amount and Calculation Guidance,Low,Mixed,FALSE,,SYNTHETIC,TAX_PAYMENT_AMOUNT_CALCULATION_F03,Medium,FALSE,Reviewed independent pilot seed retained for canonical expansion.
TAXX_0260,I am trying to understand this: tax calculation ta system e kon process e dekhbo?,TAX,TAX_PAYMENT,Tax Payment and Ledger,TAX_PAYMENT_AMOUNT_CALCULATION,Tax Amount and Calculation Guidance,Low,Mixed,FALSE,,PARAPHRASED,TAX_PAYMENT_AMOUNT_CALCULATION_F03,Medium,FALSE,Controlled paraphrase 1 of reviewed independent seed; family preserved; automated validation complete.
TAXX_0261,I need guidance on this: tax calculation ta system e kon process e dekhbo?,TAX,TAX_PAYMENT,Tax Payment and Ledger,TAX_PAYMENT_AMOUNT_CALCULATION,Tax Amount and Calculation Guidance,Low,Mixed,FALSE,,PARAPHRASED,TAX_PAYMENT_AMOUNT_CALCULATION_F03,Medium,FALSE,Controlled paraphrase 2 of reviewed independent seed; family preserved; automated validation complete.
TAXX_0262,return-এর তথ্য দেওয়ার পর কত tax due হয়েছে সেটা কোন section-এ বুঝব?,TAX,TAX_PAYMENT,Tax Payment and Ledger,TAX_PAYMENT_AMOUNT_CALCULATION,Tax Amount and Calculation Guidance,Low,Mixed,FALSE,,SYNTHETIC,TAX_PAYMENT_AMOUNT_CALCULATION_F04,Hard,FALSE,Reviewed independent pilot seed retained for canonical expansion.
TAXX_0263,return-এর তথ্য দেওয়ার পর কত tax due হয়েছে সেটা কোন section-এ বুঝব—নিয়মটা জানাবেন?,TAX,TAX_PAYMENT,Tax Payment and Ledger,TAX_PAYMENT_AMOUNT_CALCULATION,Tax Amount and Calculation Guidance,Low,Mixed,FALSE,,PARAPHRASED,TAX_PAYMENT_AMOUNT_CALCULATION_F04,Hard,FALSE,Controlled paraphrase 1 of reviewed independent seed; family preserved; automated validation complete.
TAXX_0264,"return-এর তথ্য দেওয়ার পর কত tax due হয়েছে সেটা কোন section-এ বুঝব, একটু বুঝিয়ে বলবেন?",TAX,TAX_PAYMENT,Tax Payment and Ledger,TAX_PAYMENT_AMOUNT_CALCULATION,Tax Amount and Calculation Guidance,Low,Mixed,FALSE,,PARAPHRASED,TAX_PAYMENT_AMOUNT_CALCULATION_F04,Hard,FALSE,Controlled paraphrase 2 of reviewed independent seed; family preserved; automated validation complete.
TAXX_0265,আয়কর কীভাবে পরিশোধ করা যায়?,TAX,TAX_PAYMENT,Tax Payment and Ledger,TAX_PAYMENT_METHOD,Tax Payment Method,Low,Formal,FALSE,,SYNTHETIC,TAX_PAYMENT_METHOD_F01,Easy,FALSE,Reviewed independent pilot seed retained for canonical expansion.
TAXX_0266,আমার ক্ষেত্রে আয়কর কোন প্রক্রিয়ায় পরিশোধ করা যায়?,TAX,TAX_PAYMENT,Tax Payment and Ledger,TAX_PAYMENT_METHOD,Tax Payment Method,Low,Formal,FALSE,,PARAPHRASED,TAX_PAYMENT_METHOD_F01,Easy,FALSE,Controlled paraphrase 1 of reviewed independent seed; family preserved; automated validation complete.
TAXX_0267,আয়কর কোন প্রক্রিয়ায় পরিশোধ করা যায়; পরের ধাপটা কী?,TAX,TAX_PAYMENT,Tax Payment and Ledger,TAX_PAYMENT_METHOD,Tax Payment Method,Low,Formal,FALSE,,PARAPHRASED,TAX_PAYMENT_METHOD_F01,Easy,FALSE,Controlled paraphrase 2 of reviewed independent seed; family preserved; automated validation complete.
TAXX_0268,tax payment-এর available method কী কী?,TAX,TAX_PAYMENT,Tax Payment and Ledger,TAX_PAYMENT_METHOD,Tax Payment Method,Low,Informal,FALSE,,SYNTHETIC,TAX_PAYMENT_METHOD_F02,Medium,FALSE,Reviewed independent pilot seed retained for canonical expansion.
TAXX_0269,এটা নিয়ে সাহায্য দরকার: tax payment-এর available method কোন কোন?,TAX,TAX_PAYMENT,Tax Payment and Ledger,TAX_PAYMENT_METHOD,Tax Payment Method,Low,Informal,FALSE,,PARAPHRASED,TAX_PAYMENT_METHOD_F02,Medium,FALSE,Controlled paraphrase 1 of reviewed independent seed; family preserved; automated validation complete.
TAXX_0270,tax payment-এর available method কোন কোন?,TAX,TAX_PAYMENT,Tax Payment and Ledger,TAX_PAYMENT_METHOD,Tax Payment Method,Low,Informal,FALSE,,PARAPHRASED,TAX_PAYMENT_METHOD_F02,Medium,FALSE,Controlled paraphrase 2 of reviewed independent seed; family preserved; automated validation complete.
TAXX_0271,income tax online e pay korbo kivabe?,TAX,TAX_PAYMENT,Tax Payment and Ledger,TAX_PAYMENT_METHOD,Tax Payment Method,Low,Mixed,FALSE,,SYNTHETIC,TAX_PAYMENT_METHOD_F03,Medium,FALSE,Reviewed independent pilot seed retained for canonical expansion.
TAXX_0272,I am trying to understand this: income tax online e pay korbo kon process e?,TAX,TAX_PAYMENT,Tax Payment and Ledger,TAX_PAYMENT_METHOD,Tax Payment Method,Low,Mixed,FALSE,,PARAPHRASED,TAX_PAYMENT_METHOD_F03,Medium,FALSE,Controlled paraphrase 1 of reviewed independent seed; family preserved; automated validation complete.
TAXX_0273,I need guidance on this: income tax online e pay korbo kon process e?,TAX,TAX_PAYMENT,Tax Payment and Ledger,TAX_PAYMENT_METHOD,Tax Payment Method,Low,Mixed,FALSE,,PARAPHRASED,TAX_PAYMENT_METHOD_F03,Medium,FALSE,Controlled paraphrase 2 of reviewed independent seed; family preserved; automated validation complete.
TAXX_0274,return submit করার আগে payable amountটা কোন channel দিয়ে জমা দেব?,TAX,TAX_PAYMENT,Tax Payment and Ledger,TAX_PAYMENT_METHOD,Tax Payment Method,Low,Mixed,FALSE,,SYNTHETIC,TAX_PAYMENT_METHOD_F04,Hard,FALSE,Reviewed independent pilot seed retained for canonical expansion.
TAXX_0275,return submit করার আগে payable amountটা কোন channel দিয়ে জমা দেব—নিয়মটা জানাবেন?,TAX,TAX_PAYMENT,Tax Payment and Ledger,TAX_PAYMENT_METHOD,Tax Payment Method,Low,Mixed,FALSE,,PARAPHRASED,TAX_PAYMENT_METHOD_F04,Hard,FALSE,Controlled paraphrase 1 of reviewed independent seed; family preserved; automated validation complete.
TAXX_0276,"return submit করার আগে payable amountটা কোন channel দিয়ে জমা দেব, একটু বুঝিয়ে বলবেন?",TAX,TAX_PAYMENT,Tax Payment and Ledger,TAX_PAYMENT_METHOD,Tax Payment Method,Low,Mixed,FALSE,,PARAPHRASED,TAX_PAYMENT_METHOD_F04,Hard,FALSE,Controlled paraphrase 2 of reviewed independent seed; family preserved; automated validation complete.
TAXX_0277,আয়কর পরিশোধ সফল হয়েছে কি না কীভাবে যাচাই করব?,TAX,TAX_PAYMENT,Tax Payment and Ledger,TAX_PAYMENT_CONFIRMATION,Tax Payment Confirmation,Low,Formal,FALSE,,SYNTHETIC,TAX_PAYMENT_CONFIRMATION_F01,Easy,FALSE,Reviewed independent pilot seed retained for canonical expansion.
TAXX_0278,আমার ক্ষেত্রে আয়কর পরিশোধ সফল হয়েছে কি না কীভাবে যাচাই করতে হবে?,TAX,TAX_PAYMENT,Tax Payment and Ledger,TAX_PAYMENT_CONFIRMATION,Tax Payment Confirmation,Low,Formal,FALSE,,PARAPHRASED,TAX_PAYMENT_CONFIRMATION_F01,Easy,FALSE,Controlled paraphrase 1 of reviewed independent seed; family preserved; automated validation complete.
TAXX_0279,আয়কর পরিশোধ সফল হয়েছে কি না কীভাবে যাপ্রয়োজন করব; পরের ধাপটা কী?,TAX,TAX_PAYMENT,Tax Payment and Ledger,TAX_PAYMENT_CONFIRMATION,Tax Payment Confirmation,Low,Formal,FALSE,,PARAPHRASED,TAX_PAYMENT_CONFIRMATION_F01,Easy,FALSE,Controlled paraphrase 2 of reviewed independent seed; family preserved; automated validation complete.
TAXX_0280,tax paymentটা system-এ record হয়েছে কিনা দেখব কীভাবে?,TAX,TAX_PAYMENT,Tax Payment and Ledger,TAX_PAYMENT_CONFIRMATION,Tax Payment Confirmation,Low,Informal,FALSE,,SYNTHETIC,TAX_PAYMENT_CONFIRMATION_F02,Medium,FALSE,Reviewed independent pilot seed retained for canonical expansion.
TAXX_0281,এটা নিয়ে সাহায্য দরকার: tax paymentটা system-এ record হয়েছে কিনা দেখব কোন প্রক্রিয়ায়?,TAX,TAX_PAYMENT,Tax Payment and Ledger,TAX_PAYMENT_CONFIRMATION,Tax Payment Confirmation,Low,Informal,FALSE,,PARAPHRASED,TAX_PAYMENT_CONFIRMATION_F02,Medium,FALSE,Controlled paraphrase 1 of reviewed independent seed; family preserved; automated validation complete.
TAXX_0282,tax paymentটা system-এ record হয়েছে কিনা দেখব কোন প্রক্রিয়ায়?,TAX,TAX_PAYMENT,Tax Payment and Ledger,TAX_PAYMENT_CONFIRMATION,Tax Payment Confirmation,Low,Informal,FALSE,,PARAPHRASED,TAX_PAYMENT_CONFIRMATION_F02,Medium,FALSE,Controlled paraphrase 2 of reviewed independent seed; family preserved; automated validation complete.
TAXX_0283,income tax payment confirm hoise kina janbo kivabe?,TAX,TAX_PAYMENT,Tax Payment and Ledger,TAX_PAYMENT_CONFIRMATION,Tax Payment Confirmation,Low,Mixed,FALSE,,SYNTHETIC,TAX_PAYMENT_CONFIRMATION_F03,Medium,FALSE,Reviewed independent pilot seed retained for canonical expansion.
TAXX_0284,I am trying to understand this: income tax payment confirm hoise kina janbo kon process e?,TAX,TAX_PAYMENT,Tax Payment and Ledger,TAX_PAYMENT_CONFIRMATION,Tax Payment Confirmation,Low,Mixed,FALSE,,PARAPHRASED,TAX_PAYMENT_CONFIRMATION_F03,Medium,FALSE,Controlled paraphrase 1 of reviewed independent seed; family preserved; automated validation complete.
TAXX_0285,I need guidance on this: income tax payment confirm hoise kina janbo kon process e?,TAX,TAX_PAYMENT,Tax Payment and Ledger,TAX_PAYMENT_CONFIRMATION,Tax Payment Confirmation,Low,Mixed,FALSE,,PARAPHRASED,TAX_PAYMENT_CONFIRMATION_F03,Medium,FALSE,Controlled paraphrase 2 of reviewed independent seed; family preserved; automated validation complete.
TAXX_0286,"transaction শেষ করেছি, return ledger-এ payment reflect করেছে কি না check করতে চাই।",TAX,TAX_PAYMENT,Tax Payment and Ledger,TAX_PAYMENT_CONFIRMATION,Tax Payment Confirmation,Low,Mixed,FALSE,,SYNTHETIC,TAX_PAYMENT_CONFIRMATION_F04,Hard,FALSE,Reviewed independent pilot seed retained for canonical expansion.
TAXX_0287,"transaction শেষ করেছি, return ledger-এ payment reflect করেছে কি না check করতে প্রয়োজন—নিয়মটা জানাবেন?",TAX,TAX_PAYMENT,Tax Payment and Ledger,TAX_PAYMENT_CONFIRMATION,Tax Payment Confirmation,Low,Mixed,FALSE,,PARAPHRASED,TAX_PAYMENT_CONFIRMATION_F04,Hard,FALSE,Controlled paraphrase 1 of reviewed independent seed; family preserved; automated validation complete.
TAXX_0288,"transaction শেষ করেছি, return ledger-এ payment reflect করেছে কি না check করতে প্রয়োজন, একটু বুঝিয়ে বলবেন?",TAX,TAX_PAYMENT,Tax Payment and Ledger,TAX_PAYMENT_CONFIRMATION,Tax Payment Confirmation,Low,Mixed,FALSE,,PARAPHRASED,TAX_PAYMENT_CONFIRMATION_F04,Hard,FALSE,Controlled paraphrase 2 of reviewed independent seed; family preserved; automated validation complete.
TAXX_0289,আয়কর পরিশোধের চেষ্টা ব্যর্থ হলে কী করব?,TAX,TAX_PAYMENT,Tax Payment and Ledger,TAX_PAYMENT_FAILURE,Tax Payment Failure,Medium,Formal,FALSE,,SYNTHETIC,TAX_PAYMENT_FAILURE_F01,Easy,FALSE,Reviewed independent pilot seed retained for canonical expansion.
TAXX_0290,আমার ক্ষেত্রে আয়কর পরিশোধের চেষ্টা ব্যর্থ হলে কী করতে হবে?,TAX,TAX_PAYMENT,Tax Payment and Ledger,TAX_PAYMENT_FAILURE,Tax Payment Failure,Medium,Formal,FALSE,,PARAPHRASED,TAX_PAYMENT_FAILURE_F01,Easy,FALSE,Controlled paraphrase 1 of reviewed independent seed; family preserved; automated validation complete.
TAXX_0291,আয়কর পরিশোধের চেষ্টা ব্যর্থ হলে কী করতে হবে; পরের ধাপটা কী?,TAX,TAX_PAYMENT,Tax Payment and Ledger,TAX_PAYMENT_FAILURE,Tax Payment Failure,Medium,Formal,FALSE,,PARAPHRASED,TAX_PAYMENT_FAILURE_F01,Easy,FALSE,Controlled paraphrase 2 of reviewed independent seed; family preserved; automated validation complete.
TAXX_0292,tax payment বারবার fail করছে।,TAX,TAX_PAYMENT,Tax Payment and Ledger,TAX_PAYMENT_FAILURE,Tax Payment Failure,Medium,Informal,FALSE,,SYNTHETIC,TAX_PAYMENT_FAILURE_F02,Medium,FALSE,Reviewed independent pilot seed retained for canonical expansion.
TAXX_0293,এটা নিয়ে সাহায্য দরকার: tax payment বারবার fail করছে?,TAX,TAX_PAYMENT,Tax Payment and Ledger,TAX_PAYMENT_FAILURE,Tax Payment Failure,Medium,Informal,FALSE,,PARAPHRASED,TAX_PAYMENT_FAILURE_F02,Medium,FALSE,Controlled paraphrase 1 of reviewed independent seed; family preserved; automated validation complete.
TAXX_0294,tax payment বারবার fail করছে?,TAX,TAX_PAYMENT,Tax Payment and Ledger,TAX_PAYMENT_FAILURE,Tax Payment Failure,Medium,Informal,FALSE,,PARAPHRASED,TAX_PAYMENT_FAILURE_F02,Medium,FALSE,Controlled paraphrase 2 of reviewed independent seed; family preserved; automated validation complete.
TAXX_0295,"income tax transaction complete hocche na, ki korbo?",TAX,TAX_PAYMENT,Tax Payment and Ledger,TAX_PAYMENT_FAILURE,Tax Payment Failure,Medium,Mixed,FALSE,,SYNTHETIC,TAX_PAYMENT_FAILURE_F03,Medium,FALSE,Reviewed independent pilot seed retained for canonical expansion.
TAXX_0296,"I am trying to understand this: income tax transaction complete hocche na, ki korte hobe?",TAX,TAX_PAYMENT,Tax Payment and Ledger,TAX_PAYMENT_FAILURE,Tax Payment Failure,Medium,Mixed,FALSE,,PARAPHRASED,TAX_PAYMENT_FAILURE_F03,Medium,FALSE,Controlled paraphrase 1 of reviewed independent seed; family preserved; automated validation complete.
TAXX_0297,"I need guidance on this: income tax transaction complete hocche na, ki korte hobe?",TAX,TAX_PAYMENT,Tax Payment and Ledger,TAX_PAYMENT_FAILURE,Tax Payment Failure,Medium,Mixed,FALSE,,PARAPHRASED,TAX_PAYMENT_FAILURE_F03,Medium,FALSE,Controlled paraphrase 2 of reviewed independent seed; family preserved; automated validation complete.
TAXX_0298,payment page পর্যন্ত যাই কিন্তু submit দিলেই error আসে।,TAX,TAX_PAYMENT,Tax Payment and Ledger,TAX_PAYMENT_FAILURE,Tax Payment Failure,Medium,Mixed,FALSE,,SYNTHETIC,TAX_PAYMENT_FAILURE_F04,Hard,FALSE,Reviewed independent pilot seed retained for canonical expansion.
TAXX_0299,payment page পর্যন্ত যাই কিন্তু submit দিলেই error আসে—নিয়মটা জানাবেন?,TAX,TAX_PAYMENT,Tax Payment and Ledger,TAX_PAYMENT_FAILURE,Tax Payment Failure,Medium,Mixed,FALSE,,PARAPHRASED,TAX_PAYMENT_FAILURE_F04,Hard,FALSE,Controlled paraphrase 1 of reviewed independent seed; family preserved; automated validation complete.
TAXX_0300,"payment page পর্যন্ত যাই কিন্তু submit দিলেই error আসে, একটু বুঝিয়ে বলবেন?",TAX,TAX_PAYMENT,Tax Payment and Ledger,TAX_PAYMENT_FAILURE,Tax Payment Failure,Medium,Mixed,FALSE,,PARAPHRASED,TAX_PAYMENT_FAILURE_F04,Hard,FALSE,Controlled paraphrase 2 of reviewed independent seed; family preserved; automated validation complete.
TAXX_0301,ই-রিটার্ন লেজারে কর পরিশোধের তথ্য কীভাবে আপডেট করব?,TAX,TAX_PAYMENT,Tax Payment and Ledger,TAX_PAYMENT_LEDGER_UPDATE,Tax Payment Ledger Update,Medium,Formal,FALSE,,SYNTHETIC,TAX_PAYMENT_LEDGER_UPDATE_F01,Easy,FALSE,Reviewed independent pilot seed retained for canonical expansion.
TAXX_0302,আমার ক্ষেত্রে ই-রিটার্ন লেজারে কর পরিশোধের তথ্য কোন প্রক্রিয়ায় আপডেট করব?,TAX,TAX_PAYMENT,Tax Payment and Ledger,TAX_PAYMENT_LEDGER_UPDATE,Tax Payment Ledger Update,Medium,Formal,FALSE,,PARAPHRASED,TAX_PAYMENT_LEDGER_UPDATE_F01,Easy,FALSE,Controlled paraphrase 1 of reviewed independent seed; family preserved; automated validation complete.
TAXX_0303,ই-রিটার্ন লেজারে কর পরিশোধের তথ্য কোন প্রক্রিয়ায় আপডেট করব; পরের ধাপটা কী?,TAX,TAX_PAYMENT,Tax Payment and Ledger,TAX_PAYMENT_LEDGER_UPDATE,Tax Payment Ledger Update,Medium,Formal,FALSE,,PARAPHRASED,TAX_PAYMENT_LEDGER_UPDATE_F01,Easy,FALSE,Controlled paraphrase 2 of reviewed independent seed; family preserved; automated validation complete.
TAXX_0304,tax paid কিন্তু ledger-এ দেখাচ্ছে না।,TAX,TAX_PAYMENT,Tax Payment and Ledger,TAX_PAYMENT_LEDGER_UPDATE,Tax Payment Ledger Update,Medium,Informal,FALSE,,SYNTHETIC,TAX_PAYMENT_LEDGER_UPDATE_F02,Medium,FALSE,Reviewed independent pilot seed retained for canonical expansion.
TAXX_0305,এটা নিয়ে সাহায্য দরকার: tax paid কিন্তু ledger-এ দেখাচ্ছে না?,TAX,TAX_PAYMENT,Tax Payment and Ledger,TAX_PAYMENT_LEDGER_UPDATE,Tax Payment Ledger Update,Medium,Informal,FALSE,,PARAPHRASED,TAX_PAYMENT_LEDGER_UPDATE_F02,Medium,FALSE,Controlled paraphrase 1 of reviewed independent seed; family preserved; automated validation complete.
TAXX_0306,tax paid কিন্তু ledger-এ দেখাচ্ছে না?,TAX,TAX_PAYMENT,Tax Payment and Ledger,TAX_PAYMENT_LEDGER_UPDATE,Tax Payment Ledger Update,Medium,Informal,FALSE,,PARAPHRASED,TAX_PAYMENT_LEDGER_UPDATE_F02,Medium,FALSE,Controlled paraphrase 2 of reviewed independent seed; family preserved; automated validation complete.
TAXX_0307,e-Return ledger e payment update korbo kivabe?,TAX,TAX_PAYMENT,Tax Payment and Ledger,TAX_PAYMENT_LEDGER_UPDATE,Tax Payment Ledger Update,Medium,Mixed,FALSE,,SYNTHETIC,TAX_PAYMENT_LEDGER_UPDATE_F03,Medium,FALSE,Reviewed independent pilot seed retained for canonical expansion.
TAXX_0308,I am trying to understand this: e-Return ledger e payment update korbo kon process e?,TAX,TAX_PAYMENT,Tax Payment and Ledger,TAX_PAYMENT_LEDGER_UPDATE,Tax Payment Ledger Update,Medium,Mixed,FALSE,,PARAPHRASED,TAX_PAYMENT_LEDGER_UPDATE_F03,Medium,FALSE,Controlled paraphrase 1 of reviewed independent seed; family preserved; automated validation complete.
TAXX_0309,I need guidance on this: e-Return ledger e payment update korbo kon process e?,TAX,TAX_PAYMENT,Tax Payment and Ledger,TAX_PAYMENT_LEDGER_UPDATE,Tax Payment Ledger Update,Medium,Mixed,FALSE,,PARAPHRASED,TAX_PAYMENT_LEDGER_UPDATE_F03,Medium,FALSE,Controlled paraphrase 2 of reviewed independent seed; family preserved; automated validation complete.
TAXX_0310,"আগের tax paymentটা return record-এ যোগ করতে চাই, কোন service ব্যবহার করব?",TAX,TAX_PAYMENT,Tax Payment and Ledger,TAX_PAYMENT_LEDGER_UPDATE,Tax Payment Ledger Update,Medium,Mixed,FALSE,,SYNTHETIC,TAX_PAYMENT_LEDGER_UPDATE_F04,Hard,FALSE,Reviewed independent pilot seed retained for canonical expansion.
TAXX_0311,"আগের tax paymentটা return record-এ যোগ করতে চাই, কোন service ব্যবহার করতে হবে—নিয়মটা জানাবেন?",TAX,TAX_PAYMENT,Tax Payment and Ledger,TAX_PAYMENT_LEDGER_UPDATE,Tax Payment Ledger Update,Medium,Mixed,FALSE,,PARAPHRASED,TAX_PAYMENT_LEDGER_UPDATE_F04,Hard,FALSE,Controlled paraphrase 1 of reviewed independent seed; family preserved; automated validation complete.
TAXX_0312,"আগের tax paymentটা return record-এ যোগ করতে চাই, কোন service ব্যবহার করতে হবে, একটু বুঝিয়ে বলবেন?",TAX,TAX_PAYMENT,Tax Payment and Ledger,TAX_PAYMENT_LEDGER_UPDATE,Tax Payment Ledger Update,Medium,Mixed,FALSE,,PARAPHRASED,TAX_PAYMENT_LEDGER_UPDATE_F04,Hard,FALSE,Controlled paraphrase 2 of reviewed independent seed; family preserved; automated validation complete.
TAXX_0313,জমা দেওয়া আয়কর রিটার্নের অবস্থা কীভাবে যাচাই করব?,TAX,TAX_STATUS_AND_DOCUMENTS,Return Status and Tax Documents,TAX_RETURN_STATUS_VERIFICATION,Submitted Return Status and Verification,Low,Formal,FALSE,,SYNTHETIC,TAX_RETURN_STATUS_VERIFICATION_F01,Easy,FALSE,Reviewed independent pilot seed retained for canonical expansion.
TAXX_0314,আমার ক্ষেত্রে জমা দেওয়া আয়কর রিটার্নের অবস্থা কোন প্রক্রিয়ায় যাচাই করব?,TAX,TAX_STATUS_AND_DOCUMENTS,Return Status and Tax Documents,TAX_RETURN_STATUS_VERIFICATION,Submitted Return Status and Verification,Low,Formal,FALSE,,PARAPHRASED,TAX_RETURN_STATUS_VERIFICATION_F01,Easy,FALSE,Controlled paraphrase 1 of reviewed independent seed; family preserved; automated validation complete.
TAXX_0315,জমা দেওয়া আয়কর রিটার্নের অবস্থা কীভাবে যাচাই করতে হবে; পরের ধাপটা কী?,TAX,TAX_STATUS_AND_DOCUMENTS,Return Status and Tax Documents,TAX_RETURN_STATUS_VERIFICATION,Submitted Return Status and Verification,Low,Formal,FALSE,,PARAPHRASED,TAX_RETURN_STATUS_VERIFICATION_F01,Easy,FALSE,Controlled paraphrase 2 of reviewed independent seed; family preserved; automated validation complete.
TAXX_0316,আমার return submit হয়েছে কিনা online-এ দেখব কীভাবে?,TAX,TAX_STATUS_AND_DOCUMENTS,Return Status and Tax Documents,TAX_RETURN_STATUS_VERIFICATION,Submitted Return Status and Verification,Low,Informal,FALSE,,SYNTHETIC,TAX_RETURN_STATUS_VERIFICATION_F02,Medium,FALSE,Reviewed independent pilot seed retained for canonical expansion.
TAXX_0317,এটা নিয়ে সাহায্য দরকার: আমার return submit হয়েছে কিনা online-এ দেখব কোন প্রক্রিয়ায়?,TAX,TAX_STATUS_AND_DOCUMENTS,Return Status and Tax Documents,TAX_RETURN_STATUS_VERIFICATION,Submitted Return Status and Verification,Low,Informal,FALSE,,PARAPHRASED,TAX_RETURN_STATUS_VERIFICATION_F02,Medium,FALSE,Controlled paraphrase 1 of reviewed independent seed; family preserved; automated validation complete.
TAXX_0318,আমার return submit হয়েছে কিনা online-এ দেখব কোন প্রক্রিয়ায়?,TAX,TAX_STATUS_AND_DOCUMENTS,Return Status and Tax Documents,TAX_RETURN_STATUS_VERIFICATION,Submitted Return Status and Verification,Low,Informal,FALSE,,PARAPHRASED,TAX_RETURN_STATUS_VERIFICATION_F02,Medium,FALSE,Controlled paraphrase 2 of reviewed independent seed; family preserved; automated validation complete.
TAXX_0319,filed tax return verify korar niyom ki?,TAX,TAX_STATUS_AND_DOCUMENTS,Return Status and Tax Documents,TAX_RETURN_STATUS_VERIFICATION,Submitted Return Status and Verification,Low,Mixed,FALSE,,SYNTHETIC,TAX_RETURN_STATUS_VERIFICATION_F03,Medium,FALSE,Reviewed independent pilot seed retained for canonical expansion.
TAXX_0320,I am trying to understand this: filed tax return verify korar niyom ki?,TAX,TAX_STATUS_AND_DOCUMENTS,Return Status and Tax Documents,TAX_RETURN_STATUS_VERIFICATION,Submitted Return Status and Verification,Low,Mixed,FALSE,,PARAPHRASED,TAX_RETURN_STATUS_VERIFICATION_F03,Medium,FALSE,Controlled paraphrase 1 of reviewed independent seed; family preserved; automated validation complete.
TAXX_0321,I need guidance on this: filed tax return verify korar niyom ki?,TAX,TAX_STATUS_AND_DOCUMENTS,Return Status and Tax Documents,TAX_RETURN_STATUS_VERIFICATION,Submitted Return Status and Verification,Low,Mixed,FALSE,,PARAPHRASED,TAX_RETURN_STATUS_VERIFICATION_F03,Medium,FALSE,Controlled paraphrase 2 of reviewed independent seed; family preserved; automated validation complete.
TAXX_0322,"submission শেষ হয়েছে, এখন ReturnVerify দিয়ে recordটা check করতে চাই।",TAX,TAX_STATUS_AND_DOCUMENTS,Return Status and Tax Documents,TAX_RETURN_STATUS_VERIFICATION,Submitted Return Status and Verification,Low,Mixed,FALSE,,SYNTHETIC,TAX_RETURN_STATUS_VERIFICATION_F04,Hard,FALSE,Reviewed independent pilot seed retained for canonical expansion.
TAXX_0323,"submission শেষ হয়েছে, এখন ReturnVerify দিয়ে recordটা check করতে প্রয়োজন—নিয়মটা জানাবেন?",TAX,TAX_STATUS_AND_DOCUMENTS,Return Status and Tax Documents,TAX_RETURN_STATUS_VERIFICATION,Submitted Return Status and Verification,Low,Mixed,FALSE,,PARAPHRASED,TAX_RETURN_STATUS_VERIFICATION_F04,Hard,FALSE,Controlled paraphrase 1 of reviewed independent seed; family preserved; automated validation complete.
TAXX_0324,"submission শেষ হয়েছে, এখন ReturnVerify দিয়ে recordটা check করতে প্রয়োজন, একটু বুঝিয়ে বলবেন?",TAX,TAX_STATUS_AND_DOCUMENTS,Return Status and Tax Documents,TAX_RETURN_STATUS_VERIFICATION,Submitted Return Status and Verification,Low,Mixed,FALSE,,PARAPHRASED,TAX_RETURN_STATUS_VERIFICATION_F04,Hard,FALSE,Controlled paraphrase 2 of reviewed independent seed; family preserved; automated validation complete.
TAXX_0325,রিটার্ন জমার স্বীকারপত্র কীভাবে ডাউনলোড করব?,TAX,TAX_STATUS_AND_DOCUMENTS,Return Status and Tax Documents,TAX_RETURN_ACKNOWLEDGEMENT,Return Acknowledgement or Submission Receipt,Low,Formal,FALSE,,SYNTHETIC,TAX_RETURN_ACKNOWLEDGEMENT_F01,Easy,FALSE,Reviewed independent pilot seed retained for canonical expansion.
TAXX_0326,আমার ক্ষেত্রে রিটার্ন জমার স্বীকারপত্র কোন প্রক্রিয়ায় ডাউনলোড করব?,TAX,TAX_STATUS_AND_DOCUMENTS,Return Status and Tax Documents,TAX_RETURN_ACKNOWLEDGEMENT,Return Acknowledgement or Submission Receipt,Low,Formal,FALSE,,PARAPHRASED,TAX_RETURN_ACKNOWLEDGEMENT_F01,Easy,FALSE,Controlled paraphrase 1 of reviewed independent seed; family preserved; automated validation complete.
TAXX_0327,রিটার্ন জমার স্বীকারপত্র কোন প্রক্রিয়ায় ডাউনলোড করব; পরের ধাপটা কী?,TAX,TAX_STATUS_AND_DOCUMENTS,Return Status and Tax Documents,TAX_RETURN_ACKNOWLEDGEMENT,Return Acknowledgement or Submission Receipt,Low,Formal,FALSE,,PARAPHRASED,TAX_RETURN_ACKNOWLEDGEMENT_F01,Easy,FALSE,Controlled paraphrase 2 of reviewed independent seed; family preserved; automated validation complete.
TAXX_0328,return submission receipt কোথায় পাব?,TAX,TAX_STATUS_AND_DOCUMENTS,Return Status and Tax Documents,TAX_RETURN_ACKNOWLEDGEMENT,Return Acknowledgement or Submission Receipt,Low,Informal,FALSE,,SYNTHETIC,TAX_RETURN_ACKNOWLEDGEMENT_F02,Medium,FALSE,Reviewed independent pilot seed retained for canonical expansion.
TAXX_0329,এটা নিয়ে সাহায্য দরকার: return submission receipt কোথায় পাব?,TAX,TAX_STATUS_AND_DOCUMENTS,Return Status and Tax Documents,TAX_RETURN_ACKNOWLEDGEMENT,Return Acknowledgement or Submission Receipt,Low,Informal,FALSE,,PARAPHRASED,TAX_RETURN_ACKNOWLEDGEMENT_F02,Medium,FALSE,Controlled paraphrase 1 of reviewed independent seed; family preserved; automated validation complete.
TAXX_0330,এই বিষয়ে সহায়তা চাই: return submission receipt কোথায় পাব?,TAX,TAX_STATUS_AND_DOCUMENTS,Return Status and Tax Documents,TAX_RETURN_ACKNOWLEDGEMENT,Return Acknowledgement or Submission Receipt,Low,Informal,FALSE,,PARAPHRASED,TAX_RETURN_ACKNOWLEDGEMENT_F02,Medium,FALSE,Controlled paraphrase 2 of reviewed independent seed; family preserved; automated validation complete.
TAXX_0331,tax return acknowledgement download korbo kivabe?,TAX,TAX_STATUS_AND_DOCUMENTS,Return Status and Tax Documents,TAX_RETURN_ACKNOWLEDGEMENT,Return Acknowledgement or Submission Receipt,Low,Mixed,FALSE,,SYNTHETIC,TAX_RETURN_ACKNOWLEDGEMENT_F03,Medium,FALSE,Reviewed independent pilot seed retained for canonical expansion.
TAXX_0332,I am trying to understand this: tax return acknowledgement download korbo kon process e?,TAX,TAX_STATUS_AND_DOCUMENTS,Return Status and Tax Documents,TAX_RETURN_ACKNOWLEDGEMENT,Return Acknowledgement or Submission Receipt,Low,Mixed,FALSE,,PARAPHRASED,TAX_RETURN_ACKNOWLEDGEMENT_F03,Medium,FALSE,Controlled paraphrase 1 of reviewed independent seed; family preserved; automated validation complete.
TAXX_0333,I need guidance on this: tax return acknowledgement download korte hobe kivabe?,TAX,TAX_STATUS_AND_DOCUMENTS,Return Status and Tax Documents,TAX_RETURN_ACKNOWLEDGEMENT,Return Acknowledgement or Submission Receipt,Low,Mixed,FALSE,,PARAPHRASED,TAX_RETURN_ACKNOWLEDGEMENT_F03,Medium,FALSE,Controlled paraphrase 2 of reviewed independent seed; family preserved; automated validation complete.
TAXX_0334,"online return দিয়েছি, এখন proof of submission দরকার।",TAX,TAX_STATUS_AND_DOCUMENTS,Return Status and Tax Documents,TAX_RETURN_ACKNOWLEDGEMENT,Return Acknowledgement or Submission Receipt,Low,Mixed,FALSE,,SYNTHETIC,TAX_RETURN_ACKNOWLEDGEMENT_F04,Hard,FALSE,Reviewed independent pilot seed retained for canonical expansion.
TAXX_0335,"online return দিয়েছি, এখন proof of submission দরকার—নিয়মটা জানাবেন?",TAX,TAX_STATUS_AND_DOCUMENTS,Return Status and Tax Documents,TAX_RETURN_ACKNOWLEDGEMENT,Return Acknowledgement or Submission Receipt,Low,Mixed,FALSE,,PARAPHRASED,TAX_RETURN_ACKNOWLEDGEMENT_F04,Hard,FALSE,Controlled paraphrase 1 of reviewed independent seed; family preserved; automated validation complete.
TAXX_0336,"online return দিয়েছি, এখন proof of submission দরকার, একটু বুঝিয়ে বলবেন?",TAX,TAX_STATUS_AND_DOCUMENTS,Return Status and Tax Documents,TAX_RETURN_ACKNOWLEDGEMENT,Return Acknowledgement or Submission Receipt,Low,Mixed,FALSE,,PARAPHRASED,TAX_RETURN_ACKNOWLEDGEMENT_F04,Hard,FALSE,Controlled paraphrase 2 of reviewed independent seed; family preserved; automated validation complete.
TAXX_0337,জমা দেওয়া আয়কর রিটার্নের কপি কীভাবে পাব?,TAX,TAX_STATUS_AND_DOCUMENTS,Return Status and Tax Documents,TAX_RETURN_COPY_DOWNLOAD,Submitted Tax Return Copy,Low,Formal,FALSE,,SYNTHETIC,TAX_RETURN_COPY_DOWNLOAD_F01,Easy,FALSE,Reviewed independent pilot seed retained for canonical expansion.
TAXX_0338,আমার ক্ষেত্রে জমা দেওয়া আয়কর রিটার্নের কপি কোন প্রক্রিয়ায় পাব?,TAX,TAX_STATUS_AND_DOCUMENTS,Return Status and Tax Documents,TAX_RETURN_COPY_DOWNLOAD,Submitted Tax Return Copy,Low,Formal,FALSE,,PARAPHRASED,TAX_RETURN_COPY_DOWNLOAD_F01,Easy,FALSE,Controlled paraphrase 1 of reviewed independent seed; family preserved; automated validation complete.
TAXX_0339,জমা দেওয়া আয়কর রিটার্নের কপি কোন প্রক্রিয়ায় পাব; পরের ধাপটা কী?,TAX,TAX_STATUS_AND_DOCUMENTS,Return Status and Tax Documents,TAX_RETURN_COPY_DOWNLOAD,Submitted Tax Return Copy,Low,Formal,FALSE,,PARAPHRASED,TAX_RETURN_COPY_DOWNLOAD_F01,Easy,FALSE,Controlled paraphrase 2 of reviewed independent seed; family preserved; automated validation complete.
TAXX_0340,filed returnটা download করতে চাই।,TAX,TAX_STATUS_AND_DOCUMENTS,Return Status and Tax Documents,TAX_RETURN_COPY_DOWNLOAD,Submitted Tax Return Copy,Low,Informal,FALSE,,SYNTHETIC,TAX_RETURN_COPY_DOWNLOAD_F02,Medium,FALSE,Reviewed independent pilot seed retained for canonical expansion.
TAXX_0341,এটা নিয়ে সাহায্য দরকার: filed returnটা download করতে প্রয়োজন?,TAX,TAX_STATUS_AND_DOCUMENTS,Return Status and Tax Documents,TAX_RETURN_COPY_DOWNLOAD,Submitted Tax Return Copy,Low,Informal,FALSE,,PARAPHRASED,TAX_RETURN_COPY_DOWNLOAD_F02,Medium,FALSE,Controlled paraphrase 1 of reviewed independent seed; family preserved; automated validation complete.
TAXX_0342,filed returnটা download করতে প্রয়োজন?,TAX,TAX_STATUS_AND_DOCUMENTS,Return Status and Tax Documents,TAX_RETURN_COPY_DOWNLOAD,Submitted Tax Return Copy,Low,Informal,FALSE,,PARAPHRASED,TAX_RETURN_COPY_DOWNLOAD_F02,Medium,FALSE,Controlled paraphrase 2 of reviewed independent seed; family preserved; automated validation complete.
TAXX_0343,submitted tax return copy kothay pabo?,TAX,TAX_STATUS_AND_DOCUMENTS,Return Status and Tax Documents,TAX_RETURN_COPY_DOWNLOAD,Submitted Tax Return Copy,Low,Mixed,FALSE,,SYNTHETIC,TAX_RETURN_COPY_DOWNLOAD_F03,Medium,FALSE,Reviewed independent pilot seed retained for canonical expansion.
TAXX_0344,I am trying to understand this: submitted tax return copy kon jaygay pabo?,TAX,TAX_STATUS_AND_DOCUMENTS,Return Status and Tax Documents,TAX_RETURN_COPY_DOWNLOAD,Submitted Tax Return Copy,Low,Mixed,FALSE,,PARAPHRASED,TAX_RETURN_COPY_DOWNLOAD_F03,Medium,FALSE,Controlled paraphrase 1 of reviewed independent seed; family preserved; automated validation complete.
TAXX_0345,I need guidance on this: submitted tax return copy kon jaygay pabo?,TAX,TAX_STATUS_AND_DOCUMENTS,Return Status and Tax Documents,TAX_RETURN_COPY_DOWNLOAD,Submitted Tax Return Copy,Low,Mixed,FALSE,,PARAPHRASED,TAX_RETURN_COPY_DOWNLOAD_F03,Medium,FALSE,Controlled paraphrase 2 of reviewed independent seed; family preserved; automated validation complete.
TAXX_0346,গত submission-এর full return document আবার দেখতে চাই।,TAX,TAX_STATUS_AND_DOCUMENTS,Return Status and Tax Documents,TAX_RETURN_COPY_DOWNLOAD,Submitted Tax Return Copy,Low,Mixed,FALSE,,SYNTHETIC,TAX_RETURN_COPY_DOWNLOAD_F04,Hard,FALSE,Reviewed independent pilot seed retained for canonical expansion.
TAXX_0347,গত submission-এর full return document আবার দেখতে প্রয়োজন—নিয়মটা জানাবেন?,TAX,TAX_STATUS_AND_DOCUMENTS,Return Status and Tax Documents,TAX_RETURN_COPY_DOWNLOAD,Submitted Tax Return Copy,Low,Mixed,FALSE,,PARAPHRASED,TAX_RETURN_COPY_DOWNLOAD_F04,Hard,FALSE,Controlled paraphrase 1 of reviewed independent seed; family preserved; automated validation complete.
TAXX_0348,"গত submission-এর full return document আবার দেখতে প্রয়োজন, একটু বুঝিয়ে বলবেন?",TAX,TAX_STATUS_AND_DOCUMENTS,Return Status and Tax Documents,TAX_RETURN_COPY_DOWNLOAD,Submitted Tax Return Copy,Low,Mixed,FALSE,,PARAPHRASED,TAX_RETURN_COPY_DOWNLOAD_F04,Hard,FALSE,Controlled paraphrase 2 of reviewed independent seed; family preserved; automated validation complete.
TAXX_0349,আয়কর সনদ কীভাবে সংগ্রহ বা ডাউনলোড করব?,TAX,TAX_STATUS_AND_DOCUMENTS,Return Status and Tax Documents,TAX_CERTIFICATE_ACCESS,Income Tax Certificate Access,Low,Formal,FALSE,,SYNTHETIC,TAX_CERTIFICATE_ACCESS_F01,Easy,FALSE,Reviewed independent pilot seed retained for canonical expansion.
TAXX_0350,আমার ক্ষেত্রে আয়কর সনদ কোন প্রক্রিয়ায় সংগ্রহ বা ডাউনলোড করব?,TAX,TAX_STATUS_AND_DOCUMENTS,Return Status and Tax Documents,TAX_CERTIFICATE_ACCESS,Income Tax Certificate Access,Low,Formal,FALSE,,PARAPHRASED,TAX_CERTIFICATE_ACCESS_F01,Easy,FALSE,Controlled paraphrase 1 of reviewed independent seed; family preserved; automated validation complete.
TAXX_0351,আয়কর সনদ কোন প্রক্রিয়ায় সংগ্রহ বা ডাউনলোড করব; পরের ধাপটা কী?,TAX,TAX_STATUS_AND_DOCUMENTS,Return Status and Tax Documents,TAX_CERTIFICATE_ACCESS,Income Tax Certificate Access,Low,Formal,FALSE,,PARAPHRASED,TAX_CERTIFICATE_ACCESS_F01,Easy,FALSE,Controlled paraphrase 2 of reviewed independent seed; family preserved; automated validation complete.
TAXX_0352,tax certificate কোথায় পাওয়া যাবে?,TAX,TAX_STATUS_AND_DOCUMENTS,Return Status and Tax Documents,TAX_CERTIFICATE_ACCESS,Income Tax Certificate Access,Low,Informal,FALSE,,SYNTHETIC,TAX_CERTIFICATE_ACCESS_F02,Medium,FALSE,Reviewed independent pilot seed retained for canonical expansion.
TAXX_0353,এটা নিয়ে সাহায্য দরকার: tax certificate কোথায় পাওয়া যাবে?,TAX,TAX_STATUS_AND_DOCUMENTS,Return Status and Tax Documents,TAX_CERTIFICATE_ACCESS,Income Tax Certificate Access,Low,Informal,FALSE,,PARAPHRASED,TAX_CERTIFICATE_ACCESS_F02,Medium,FALSE,Controlled paraphrase 1 of reviewed independent seed; family preserved; automated validation complete.
TAXX_0354,এই বিষয়ে সহায়তা চাই: tax certificate কোথায় পাওয়া যাবে?,TAX,TAX_STATUS_AND_DOCUMENTS,Return Status and Tax Documents,TAX_CERTIFICATE_ACCESS,Income Tax Certificate Access,Low,Informal,FALSE,,PARAPHRASED,TAX_CERTIFICATE_ACCESS_F02,Medium,FALSE,Controlled paraphrase 2 of reviewed independent seed; family preserved; automated validation complete.
TAXX_0355,income tax certificate download korar option kothay?,TAX,TAX_STATUS_AND_DOCUMENTS,Return Status and Tax Documents,TAX_CERTIFICATE_ACCESS,Income Tax Certificate Access,Low,Mixed,FALSE,,SYNTHETIC,TAX_CERTIFICATE_ACCESS_F03,Medium,FALSE,Reviewed independent pilot seed retained for canonical expansion.
TAXX_0356,I am trying to understand this: income tax certificate download korar option kon jaygay?,TAX,TAX_STATUS_AND_DOCUMENTS,Return Status and Tax Documents,TAX_CERTIFICATE_ACCESS,Income Tax Certificate Access,Low,Mixed,FALSE,,PARAPHRASED,TAX_CERTIFICATE_ACCESS_F03,Medium,FALSE,Controlled paraphrase 1 of reviewed independent seed; family preserved; automated validation complete.
TAXX_0357,I need guidance on this: income tax certificate download korar option kon jaygay?,TAX,TAX_STATUS_AND_DOCUMENTS,Return Status and Tax Documents,TAX_CERTIFICATE_ACCESS,Income Tax Certificate Access,Low,Mixed,FALSE,,PARAPHRASED,TAX_CERTIFICATE_ACCESS_F03,Medium,FALSE,Controlled paraphrase 2 of reviewed independent seed; family preserved; automated validation complete.
TAXX_0358,"return complete হয়েছে, এখন official tax certificateটা নিতে চাই।",TAX,TAX_STATUS_AND_DOCUMENTS,Return Status and Tax Documents,TAX_CERTIFICATE_ACCESS,Income Tax Certificate Access,Low,Mixed,FALSE,,SYNTHETIC,TAX_CERTIFICATE_ACCESS_F04,Hard,FALSE,Reviewed independent pilot seed retained for canonical expansion.
TAXX_0359,"return complete হয়েছে, এখন official tax certificateটা নিতে প্রয়োজন—নিয়মটা জানাবেন?",TAX,TAX_STATUS_AND_DOCUMENTS,Return Status and Tax Documents,TAX_CERTIFICATE_ACCESS,Income Tax Certificate Access,Low,Mixed,FALSE,,PARAPHRASED,TAX_CERTIFICATE_ACCESS_F04,Hard,FALSE,Controlled paraphrase 1 of reviewed independent seed; family preserved; automated validation complete.
TAXX_0360,"return complete হয়েছে, এখন official tax certificateটা নিতে প্রয়োজন, একটু বুঝিয়ে বলবেন?",TAX,TAX_STATUS_AND_DOCUMENTS,Return Status and Tax Documents,TAX_CERTIFICATE_ACCESS,Income Tax Certificate Access,Low,Mixed,FALSE,,PARAPHRASED,TAX_CERTIFICATE_ACCESS_F04,Hard,FALSE,Controlled paraphrase 2 of reviewed independent seed; family preserved; automated validation complete.
TAXX_0361,আয়কর সংক্রান্ত কী কী অনলাইন সেবা পাওয়া যায়?,TAX,TAX_GENERAL_AND_SUPPORT,General Tax Information and Support,TAX_GENERAL_SERVICE_GUIDANCE,General Income Tax Service Guidance,Low,Formal,FALSE,,SYNTHETIC,TAX_GENERAL_SERVICE_GUIDANCE_F01,Easy,FALSE,Reviewed independent pilot seed retained for canonical expansion.
TAXX_0362,আমার ক্ষেত্রে আয়কর সংক্রান্ত কোন কোন অনলাইন সেবা পাওয়া যায়?,TAX,TAX_GENERAL_AND_SUPPORT,General Tax Information and Support,TAX_GENERAL_SERVICE_GUIDANCE,General Income Tax Service Guidance,Low,Formal,FALSE,,PARAPHRASED,TAX_GENERAL_SERVICE_GUIDANCE_F01,Easy,FALSE,Controlled paraphrase 1 of reviewed independent seed; family preserved; automated validation complete.
TAXX_0363,আয়কর সংক্রান্ত কোন কোন অনলাইন সেবা পাওয়া যায়; পরের ধাপটা কী?,TAX,TAX_GENERAL_AND_SUPPORT,General Tax Information and Support,TAX_GENERAL_SERVICE_GUIDANCE,General Income Tax Service Guidance,Low,Formal,FALSE,,PARAPHRASED,TAX_GENERAL_SERVICE_GUIDANCE_F01,Easy,FALSE,Controlled paraphrase 2 of reviewed independent seed; family preserved; automated validation complete.
TAXX_0364,tax service নিয়ে শুরুতে কোথা থেকে guidance পাব?,TAX,TAX_GENERAL_AND_SUPPORT,General Tax Information and Support,TAX_GENERAL_SERVICE_GUIDANCE,General Income Tax Service Guidance,Low,Informal,FALSE,,SYNTHETIC,TAX_GENERAL_SERVICE_GUIDANCE_F02,Medium,FALSE,Reviewed independent pilot seed retained for canonical expansion.
TAXX_0365,এটা নিয়ে সাহায্য দরকার: tax service নিয়ে শুরুতে কোথা থেকে guidance পাব?,TAX,TAX_GENERAL_AND_SUPPORT,General Tax Information and Support,TAX_GENERAL_SERVICE_GUIDANCE,General Income Tax Service Guidance,Low,Informal,FALSE,,PARAPHRASED,TAX_GENERAL_SERVICE_GUIDANCE_F02,Medium,FALSE,Controlled paraphrase 1 of reviewed independent seed; family preserved; automated validation complete.
TAXX_0366,এই বিষয়ে সহায়তা চাই: tax service নিয়ে শুরুতে কোথা থেকে guidance পাব?,TAX,TAX_GENERAL_AND_SUPPORT,General Tax Information and Support,TAX_GENERAL_SERVICE_GUIDANCE,General Income Tax Service Guidance,Low,Informal,FALSE,,PARAPHRASED,TAX_GENERAL_SERVICE_GUIDANCE_F02,Medium,FALSE,Controlled paraphrase 2 of reviewed independent seed; family preserved; automated validation complete.
TAXX_0367,Bangladesh income tax service gulo somporke jante chai.,TAX,TAX_GENERAL_AND_SUPPORT,General Tax Information and Support,TAX_GENERAL_SERVICE_GUIDANCE,General Income Tax Service Guidance,Low,Mixed,FALSE,,SYNTHETIC,TAX_GENERAL_SERVICE_GUIDANCE_F03,Medium,FALSE,Reviewed independent pilot seed retained for canonical expansion.
TAXX_0368,I am trying to understand this: Bangladesh income tax service gulo somporke jante chai?,TAX,TAX_GENERAL_AND_SUPPORT,General Tax Information and Support,TAX_GENERAL_SERVICE_GUIDANCE,General Income Tax Service Guidance,Low,Mixed,FALSE,,PARAPHRASED,TAX_GENERAL_SERVICE_GUIDANCE_F03,Medium,FALSE,Controlled paraphrase 1 of reviewed independent seed; family preserved; automated validation complete.
TAXX_0369,I need guidance on this: Bangladesh income tax service gulo somporke jante chai?,TAX,TAX_GENERAL_AND_SUPPORT,General Tax Information and Support,TAX_GENERAL_SERVICE_GUIDANCE,General Income Tax Service Guidance,Low,Mixed,FALSE,,PARAPHRASED,TAX_GENERAL_SERVICE_GUIDANCE_F03,Medium,FALSE,Controlled paraphrase 2 of reviewed independent seed; family preserved; automated validation complete.
TAXX_0370,"TIN, return আর certificate—কোন কাজের জন্য কোন service ব্যবহার হয় বুঝতে চাই।",TAX,TAX_GENERAL_AND_SUPPORT,General Tax Information and Support,TAX_GENERAL_SERVICE_GUIDANCE,General Income Tax Service Guidance,Low,Mixed,FALSE,,SYNTHETIC,TAX_GENERAL_SERVICE_GUIDANCE_F04,Hard,FALSE,Reviewed independent pilot seed retained for canonical expansion.
TAXX_0371,"TIN, return আর certificate—কোন কাজের জন্য কোন service ব্যবহার হয় বুঝতে প্রয়োজন—নিয়মটা জানাবেন?",TAX,TAX_GENERAL_AND_SUPPORT,General Tax Information and Support,TAX_GENERAL_SERVICE_GUIDANCE,General Income Tax Service Guidance,Low,Mixed,FALSE,,PARAPHRASED,TAX_GENERAL_SERVICE_GUIDANCE_F04,Hard,FALSE,Controlled paraphrase 1 of reviewed independent seed; family preserved; automated validation complete.
TAXX_0372,"TIN, return আর certificate—কোন কাজের জন্য কোন service ব্যবহার হয় বুঝতে প্রয়োজন, একটু বুঝিয়ে বলবেন?",TAX,TAX_GENERAL_AND_SUPPORT,General Tax Information and Support,TAX_GENERAL_SERVICE_GUIDANCE,General Income Tax Service Guidance,Low,Mixed,FALSE,,PARAPHRASED,TAX_GENERAL_SERVICE_GUIDANCE_F04,Hard,FALSE,Controlled paraphrase 2 of reviewed independent seed; family preserved; automated validation complete.
TAXX_0373,আমার আগের কর রেকর্ড কোথায় দেখা যাবে?,TAX,TAX_GENERAL_AND_SUPPORT,General Tax Information and Support,TAX_RECORD_INFORMATION,Tax Record Information,Low,Formal,FALSE,,SYNTHETIC,TAX_RECORD_INFORMATION_F01,Easy,FALSE,Reviewed independent pilot seed retained for canonical expansion.
TAXX_0374,আমার ক্ষেত্রে আমার আগের কর রেকর্ড কোথায় দেখা যাবে?,TAX,TAX_GENERAL_AND_SUPPORT,General Tax Information and Support,TAX_RECORD_INFORMATION,Tax Record Information,Low,Formal,FALSE,,PARAPHRASED,TAX_RECORD_INFORMATION_F01,Easy,FALSE,Controlled paraphrase 1 of reviewed independent seed; family preserved; automated validation complete.
TAXX_0375,আমার আগের কর রেকর্ড কোথায় দেখা যাবে; পরের ধাপটা কী?,TAX,TAX_GENERAL_AND_SUPPORT,General Tax Information and Support,TAX_RECORD_INFORMATION,Tax Record Information,Low,Formal,FALSE,,PARAPHRASED,TAX_RECORD_INFORMATION_F01,Easy,FALSE,Controlled paraphrase 2 of reviewed independent seed; family preserved; automated validation complete.
TAXX_0376,previous tax return history দেখতে চাই।,TAX,TAX_GENERAL_AND_SUPPORT,General Tax Information and Support,TAX_RECORD_INFORMATION,Tax Record Information,Low,Informal,FALSE,,SYNTHETIC,TAX_RECORD_INFORMATION_F02,Medium,FALSE,Reviewed independent pilot seed retained for canonical expansion.
TAXX_0377,এটা নিয়ে সাহায্য দরকার: previous tax return history দেখতে প্রয়োজন?,TAX,TAX_GENERAL_AND_SUPPORT,General Tax Information and Support,TAX_RECORD_INFORMATION,Tax Record Information,Low,Informal,FALSE,,PARAPHRASED,TAX_RECORD_INFORMATION_F02,Medium,FALSE,Controlled paraphrase 1 of reviewed independent seed; family preserved; automated validation complete.
TAXX_0378,previous tax return history দেখতে প্রয়োজন?,TAX,TAX_GENERAL_AND_SUPPORT,General Tax Information and Support,TAX_RECORD_INFORMATION,Tax Record Information,Low,Informal,FALSE,,PARAPHRASED,TAX_RECORD_INFORMATION_F02,Medium,FALSE,Controlled paraphrase 2 of reviewed independent seed; family preserved; automated validation complete.
TAXX_0379,amar tax record gulo online e kivabe dekhbo?,TAX,TAX_GENERAL_AND_SUPPORT,General Tax Information and Support,TAX_RECORD_INFORMATION,Tax Record Information,Low,Mixed,FALSE,,SYNTHETIC,TAX_RECORD_INFORMATION_F03,Medium,FALSE,Reviewed independent pilot seed retained for canonical expansion.
TAXX_0380,I am trying to understand this: amar tax record gulo online e kon process e dekhbo?,TAX,TAX_GENERAL_AND_SUPPORT,General Tax Information and Support,TAX_RECORD_INFORMATION,Tax Record Information,Low,Mixed,FALSE,,PARAPHRASED,TAX_RECORD_INFORMATION_F03,Medium,FALSE,Controlled paraphrase 1 of reviewed independent seed; family preserved; automated validation complete.
TAXX_0381,I need guidance on this: amar tax record gulo online e kon process e dekhbo?,TAX,TAX_GENERAL_AND_SUPPORT,General Tax Information and Support,TAX_RECORD_INFORMATION,Tax Record Information,Low,Mixed,FALSE,,PARAPHRASED,TAX_RECORD_INFORMATION_F03,Medium,FALSE,Controlled paraphrase 2 of reviewed independent seed; family preserved; automated validation complete.
TAXX_0382,পুরোনো assessment আর return information কোন menu-তে পাওয়া যায়?,TAX,TAX_GENERAL_AND_SUPPORT,General Tax Information and Support,TAX_RECORD_INFORMATION,Tax Record Information,Low,Mixed,FALSE,,SYNTHETIC,TAX_RECORD_INFORMATION_F04,Hard,FALSE,Reviewed independent pilot seed retained for canonical expansion.
TAXX_0383,পুরোনো assessment আর return information কোন menu-তে পাওয়া যায়—নিয়মটা জানাবেন?,TAX,TAX_GENERAL_AND_SUPPORT,General Tax Information and Support,TAX_RECORD_INFORMATION,Tax Record Information,Low,Mixed,FALSE,,PARAPHRASED,TAX_RECORD_INFORMATION_F04,Hard,FALSE,Controlled paraphrase 1 of reviewed independent seed; family preserved; automated validation complete.
TAXX_0384,"পুরোনো assessment আর return information কোন menu-তে পাওয়া যায়, একটু বুঝিয়ে বলবেন?",TAX,TAX_GENERAL_AND_SUPPORT,General Tax Information and Support,TAX_RECORD_INFORMATION,Tax Record Information,Low,Mixed,FALSE,,PARAPHRASED,TAX_RECORD_INFORMATION_F04,Hard,FALSE,Controlled paraphrase 2 of reviewed independent seed; family preserved; automated validation complete.
TAXX_0385,ই-রিটার্ন সমস্যার জন্য সহায়তার আবেদন কীভাবে করব?,TAX,TAX_GENERAL_AND_SUPPORT,General Tax Information and Support,TAX_SUPPORT_REQUEST,e-Return Support Request,Medium,Formal,FALSE,,SYNTHETIC,TAX_SUPPORT_REQUEST_F01,Easy,FALSE,Reviewed independent pilot seed retained for canonical expansion.
TAXX_0386,আমার ক্ষেত্রে ই-রিটার্ন সমস্যার জন্য সহায়তার আবেদন কোন প্রক্রিয়ায় করব?,TAX,TAX_GENERAL_AND_SUPPORT,General Tax Information and Support,TAX_SUPPORT_REQUEST,e-Return Support Request,Medium,Formal,FALSE,,PARAPHRASED,TAX_SUPPORT_REQUEST_F01,Easy,FALSE,Controlled paraphrase 1 of reviewed independent seed; family preserved; automated validation complete.
TAXX_0387,ই-রিটার্ন সমস্যার জন্য সহায়তার আবেদন কোন প্রক্রিয়ায় করব; পরের ধাপটা কী?,TAX,TAX_GENERAL_AND_SUPPORT,General Tax Information and Support,TAX_SUPPORT_REQUEST,e-Return Support Request,Medium,Formal,FALSE,,PARAPHRASED,TAX_SUPPORT_REQUEST_F01,Easy,FALSE,Controlled paraphrase 2 of reviewed independent seed; family preserved; automated validation complete.
TAXX_0388,tax portal issue নিয়ে support ticket দিতে চাই।,TAX,TAX_GENERAL_AND_SUPPORT,General Tax Information and Support,TAX_SUPPORT_REQUEST,e-Return Support Request,Medium,Informal,FALSE,,SYNTHETIC,TAX_SUPPORT_REQUEST_F02,Medium,FALSE,Reviewed independent pilot seed retained for canonical expansion.
TAXX_0389,এটা নিয়ে সাহায্য দরকার: tax portal issue নিয়ে support ticket দিতে প্রয়োজন?,TAX,TAX_GENERAL_AND_SUPPORT,General Tax Information and Support,TAX_SUPPORT_REQUEST,e-Return Support Request,Medium,Informal,FALSE,,PARAPHRASED,TAX_SUPPORT_REQUEST_F02,Medium,FALSE,Controlled paraphrase 1 of reviewed independent seed; family preserved; automated validation complete.
TAXX_0390,tax portal issue নিয়ে support ticket দিতে প্রয়োজন?,TAX,TAX_GENERAL_AND_SUPPORT,General Tax Information and Support,TAX_SUPPORT_REQUEST,e-Return Support Request,Medium,Informal,FALSE,,PARAPHRASED,TAX_SUPPORT_REQUEST_F02,Medium,FALSE,Controlled paraphrase 2 of reviewed independent seed; family preserved; automated validation complete.
TAXX_0391,e-Return help request kothay submit korbo?,TAX,TAX_GENERAL_AND_SUPPORT,General Tax Information and Support,TAX_SUPPORT_REQUEST,e-Return Support Request,Medium,Mixed,FALSE,,SYNTHETIC,TAX_SUPPORT_REQUEST_F03,Medium,FALSE,Reviewed independent pilot seed retained for canonical expansion.
TAXX_0392,I am trying to understand this: e-Return help request kothay submit korte hobe?,TAX,TAX_GENERAL_AND_SUPPORT,General Tax Information and Support,TAX_SUPPORT_REQUEST,e-Return Support Request,Medium,Mixed,FALSE,,PARAPHRASED,TAX_SUPPORT_REQUEST_F03,Medium,FALSE,Controlled paraphrase 1 of reviewed independent seed; family preserved; automated validation complete.
TAXX_0393,I need guidance on this: e-Return help request kothay submit korte hobe?,TAX,TAX_GENERAL_AND_SUPPORT,General Tax Information and Support,TAX_SUPPORT_REQUEST,e-Return Support Request,Medium,Mixed,FALSE,,PARAPHRASED,TAX_SUPPORT_REQUEST_F03,Medium,FALSE,Controlled paraphrase 2 of reviewed independent seed; family preserved; automated validation complete.
TAXX_0394,online tax service-এর problemটা support team-কে জানাতে কোন ব্যবস্থা আছে?,TAX,TAX_GENERAL_AND_SUPPORT,General Tax Information and Support,TAX_SUPPORT_REQUEST,e-Return Support Request,Medium,Mixed,FALSE,,SYNTHETIC,TAX_SUPPORT_REQUEST_F04,Hard,FALSE,Reviewed independent pilot seed retained for canonical expansion.
TAXX_0395,online tax service-এর problemটা support team-কে জানাতে কোন ব্যবস্থা আছে—নিয়মটা জানাবেন?,TAX,TAX_GENERAL_AND_SUPPORT,General Tax Information and Support,TAX_SUPPORT_REQUEST,e-Return Support Request,Medium,Mixed,FALSE,,PARAPHRASED,TAX_SUPPORT_REQUEST_F04,Hard,FALSE,Controlled paraphrase 1 of reviewed independent seed; family preserved; automated validation complete.
TAXX_0396,"online tax service-এর problemটা support team-কে জানাতে কোন ব্যবস্থা আছে, একটু বুঝিয়ে বলবেন?",TAX,TAX_GENERAL_AND_SUPPORT,General Tax Information and Support,TAX_SUPPORT_REQUEST,e-Return Support Request,Medium,Mixed,FALSE,,PARAPHRASED,TAX_SUPPORT_REQUEST_F04,Hard,FALSE,Controlled paraphrase 2 of reviewed independent seed; family preserved; automated validation complete.
