sample_id,source_row_number,label_id,label_name,split,group_id,normalized_text_sha256,row_sha256
NID5-V1-000001,1,0,NID Information Correction,train,NID5-G-7622911059e99764c2891edd1db5e292c5aec4c4e6a28923fc214ee6d55774d1,7622911059e99764c2891edd1db5e292c5aec4c4e6a28923fc214ee6d55774d1,4a039233e8a829932d253e16215897fbb043b060b137cda1f5d2322458742343
NID5-V1-000002,2,0,NID Information Correction,train,NID5-G-c197a3806705dc299ff27ad030d99f315e46af63aa82012ead2cf5d505d8aabb,c197a3806705dc299ff27ad030d99f315e46af63aa82012ead2cf5d505d8aabb,daa18509bae747681d49bb072ece518046d131734dafea865b4552ad8cfb0b0e
NID5-V1-000003,3,0,NID Information Correction,train,NID5-G-954edb7a2d71aac788af309afd3b1ff391a5fa14be1e339f8d51edca4ef15419,954edb7a2d71aac788af309afd3b1ff391a5fa14be1e339f8d51edca4ef15419,8f6a0a76cb7132ddb5f73c8c879fa1c21f29c5f848f389108537d35c0471227c
NID5-V1-000004,4,0,NID Information Correction,train,NID5-G-c7198414f9085d7b80e37d025d31b256dbad2fb16fa859103507dd78fc973af8,c7198414f9085d7b80e37d025d31b256dbad2fb16fa859103507dd78fc973af8,5414fa2f7d9296e523afe76e970cf012f360a45b6e5a0cdee9c9d35a06a15a2b
NID5-V1-000005,5,0,NID Information Correction,train,NID5-G-195b30153c4860ea2de18b7c6b1c84538ca61a1da744402d8494fba57f289453,195b30153c4860ea2de18b7c6b1c84538ca61a1da744402d8494fba57f289453,9e98e38455d4a252d60248bd8f018b904142788753f3521c113cf714faa7b83d
NID5-V1-000006,6,0,NID Information Correction,train,NID5-G-51a4cfbcbe52bddfc57a4f8f01ca1afbdb0ef8ac6ed5be28f1d6405c99db6398,51a4cfbcbe52bddfc57a4f8f01ca1afbdb0ef8ac6ed5be28f1d6405c99db6398,37d67edb2921b254beb49e161a08932849c2a3adb136d39fada5a303fba4f694
NID5-V1-000007,7,0,NID Information Correction,train,NID5-G-67ac012eafba94554e7905d57fff110bf13fac6d802dc9d698fe9b8de6110b7f,67ac012eafba94554e7905d57fff110bf13fac6d802dc9d698fe9b8de6110b7f,c97be83ead27c779771386b26549744ec5ce73d2aa8d82b9380ceed4b57c2c35
NID5-V1-000008,8,0,NID Information Correction,train,NID5-G-7db1a4893646faa894966595fd051ab2c1ef6ec5fa6b26187fc3c49522aa250d,7db1a4893646faa894966595fd051ab2c1ef6ec5fa6b26187fc3c49522aa250d,474f3221d7ef482adf6f46186a0ca4aefaa366d44fe2493c67fe3cafcc4394e8
NID5-V1-000009,9,0,NID Information Correction,test,NID5-G-a9ada62cd4f1fa45f4c29626337ad0ea558736341155511053c73135842a561d,a9ada62cd4f1fa45f4c29626337ad0ea558736341155511053c73135842a561d,a1cdad65448e748752433e52d010156c828e3494575cef6915e3a99ca1b7fa79
NID5-V1-000010,10,0,NID Information Correction,train,NID5-G-b948b352f79f63ba932127d7774be4fec38a4e93f06e019e7f5ede8f8b1b0759,b948b352f79f63ba932127d7774be4fec38a4e93f06e019e7f5ede8f8b1b0759,808b3413bb324df10282179ab78807e8cff6e9d5819e0a9e5f2bf3b69b47292f
NID5-V1-000011,11,0,NID Information Correction,train,NID5-G-16d826499cfc83f57ff8ff1f5d1e9eaa241cf1717101d5a3bb72076081c24343,16d826499cfc83f57ff8ff1f5d1e9eaa241cf1717101d5a3bb72076081c24343,c2d51cf4d933faf83008d490b056ccb07a64234906e72768ad49696d75ed7ab3
NID5-V1-000012,12,0,NID Information Correction,test,NID5-G-49d332d73fc0d4c3cbe2eedb38662e65dd5e800eafc8325506eec64361a44097,49d332d73fc0d4c3cbe2eedb38662e65dd5e800eafc8325506eec64361a44097,cafc91dbfd474169ddc070595cf5c8ddd07818de47b520df175b56bee8be8792
NID5-V1-000013,13,0,NID Information Correction,train,NID5-G-9357d0f8aa339ecb5fd24311888cfeccbe9c8e3fb3c3af0433593254249e1970,9357d0f8aa339ecb5fd24311888cfeccbe9c8e3fb3c3af0433593254249e1970,52e1e8dd92a93f0aba010cf20f143de8ebdb22270d6ea984a74e58433703419f
NID5-V1-000014,14,0,NID Information Correction,dev,NID5-G-c8ba8a5f75d3d20dd87965e9ed2727f818445ff686a44bbb6e07c32373c3ec1f,c8ba8a5f75d3d20dd87965e9ed2727f818445ff686a44bbb6e07c32373c3ec1f,7b8bb72ec049c03d1ad4caf7a50b548b5c67e4a918f650b64209e425bab8a757
NID5-V1-000015,15,0,NID Information Correction,train,NID5-G-305b921f9a7980c3c41bac33f72720080127a93aa754d018c4adff0ebda41a32,305b921f9a7980c3c41bac33f72720080127a93aa754d018c4adff0ebda41a32,93d305d81c22e48d8a8c1d5315cc8bd1cfad75dac84586174b41f11cf2c4945e
NID5-V1-000016,16,0,NID Information Correction,train,NID5-G-b74c79366d78f0f46886d544595b1f81e1ead65bbb1c2f22916e5607385faa9f,b74c79366d78f0f46886d544595b1f81e1ead65bbb1c2f22916e5607385faa9f,3712644d8d61ed003093e67f8bbdd642f8ae0b103cf385be48ca3acd243a129e
NID5-V1-000017,17,0,NID Information Correction,train,NID5-G-8e036f9d4be355a6f81c47e4335f44af772a4f87141d0c94133108d42da3eef3,8e036f9d4be355a6f81c47e4335f44af772a4f87141d0c94133108d42da3eef3,33fd6c49abf3e842ec1117bb53c6aafa92dae05f93298794304cb31bdfc44270
NID5-V1-000018,18,0,NID Information Correction,dev,NID5-G-d199875054f678f7364ce821b4453a4ae49072a77bedfa5a2d40ffb63b844625,d199875054f678f7364ce821b4453a4ae49072a77bedfa5a2d40ffb63b844625,cba4bdb3d544ae2fb1b3afd18131f44a50a054a089338bd6c2884332a25f817c
NID5-V1-000019,19,0,NID Information Correction,train,NID5-G-1a716d09192c99e311dc2ec6de15e290a32047b91091a187f2287fb5a9f1dbfe,1a716d09192c99e311dc2ec6de15e290a32047b91091a187f2287fb5a9f1dbfe,9ccaf601af9314eb58332351cbaad037665e6d060f80ed3561f13ab01c80dd66
NID5-V1-000020,20,0,NID Information Correction,train,NID5-G-bfdaba3d88520e9007041c03d5210d8e3a1db744b8e5f29eafdb6cca7280b25b,bfdaba3d88520e9007041c03d5210d8e3a1db744b8e5f29eafdb6cca7280b25b,f9528e78b9e2c572a331086be6948d17aacd6bf91a0111063f9168b399fa7b01
NID5-V1-000021,21,0,NID Information Correction,train,NID5-G-b5c72670e76f2edffaf5d166ac4332a53048844f10548e3d4e9ffc9f784c3c46,b5c72670e76f2edffaf5d166ac4332a53048844f10548e3d4e9ffc9f784c3c46,56b6af18b99448138fd4ff98ee7f0ba22a8a1c397ba0b19cb0c5d01b2e42366c
NID5-V1-000022,22,0,NID Information Correction,train,NID5-G-a0ec863366e23ed64eb11333880489b6ef5027b5cdb56baf9c4d0aa2d830c409,a0ec863366e23ed64eb11333880489b6ef5027b5cdb56baf9c4d0aa2d830c409,dd52e0292b6a7c244fd7bfc3e30ce13b56b76df8f01b23d0a8bf42288e946053
NID5-V1-000023,23,0,NID Information Correction,train,NID5-G-10df54895d46958305174a4bf264735547fa983dd590325c1f2e43c7bf86537d,10df54895d46958305174a4bf264735547fa983dd590325c1f2e43c7bf86537d,fd407bcbebcd1286d54f9061cdde57cc19112443d98158ac719e376559c33bc6
NID5-V1-000024,24,0,NID Information Correction,test,NID5-G-8c869c0bef5c174aa4dcfb2e1bbf3d79ce01f5309cfd2827b79de4dcf9a4e515,8c869c0bef5c174aa4dcfb2e1bbf3d79ce01f5309cfd2827b79de4dcf9a4e515,aef73ced460dc99279acbf5bc90076e2b243c37992d3f6a5aa315a1b5c3a37a9
NID5-V1-000025,25,0,NID Information Correction,dev,NID5-G-64a0af77f7d2662ade5c2f4793dc7af9cf9a0f3bd739a212e5a5259c78a3396a,64a0af77f7d2662ade5c2f4793dc7af9cf9a0f3bd739a212e5a5259c78a3396a,8b489c9e3eb240a561db95c4db3e6f1354997cffd20ef1da138e67ee414e92f7
NID5-V1-000026,26,0,NID Information Correction,train,NID5-G-43d32e6eea98633fa4b11f8cbe809f0ba62d5edefda695dfdd22a54283ed7a66,43d32e6eea98633fa4b11f8cbe809f0ba62d5edefda695dfdd22a54283ed7a66,92e144c52137d40f2b6ad774e2419e34713d107548d8b58c12013a8065998201
NID5-V1-000027,27,0,NID Information Correction,train,NID5-G-9cd2296b689f5e4c66e49cae1fcb76ff6844883fa01831ef2397d76d7e02356c,9cd2296b689f5e4c66e49cae1fcb76ff6844883fa01831ef2397d76d7e02356c,104231dc85e8d19a31147e2d36b713cfa1cb376e0f06520dde24493126b8b0f1
NID5-V1-000028,28,0,NID Information Correction,train,NID5-G-4d2358178e3167eabb2e9db26b67a686971e9bb2115bcc1d47922acb30bbfc1d,4d2358178e3167eabb2e9db26b67a686971e9bb2115bcc1d47922acb30bbfc1d,2d109c7b510784b10c2b6ed122c9cde3611b9af65f0e4260b9b68aacb06bed3c
NID5-V1-000029,29,0,NID Information Correction,train,NID5-G-7fa72a82284283a6bf971dc394872de502a811c7184a26edd7f49a687ea71ab4,7fa72a82284283a6bf971dc394872de502a811c7184a26edd7f49a687ea71ab4,5326bf16c86330b74d03961c99a860fe661e760d801c44a1ad92a80308fd4d2f
NID5-V1-000030,30,0,NID Information Correction,train,NID5-G-555faf28f742f41e24c1c62d2533a21de0fe56070c6906f5d1f15a1059fdab83,555faf28f742f41e24c1c62d2533a21de0fe56070c6906f5d1f15a1059fdab83,7b763555da051bbd0e4324d44cd77292c8507eb5cd60c6534c717918d3034a47
NID5-V1-000031,31,0,NID Information Correction,train,NID5-G-62aa8f448dbab40465a7e3aca6cefe3628a701bf44c77d8ece8d9f01eabf331f,62aa8f448dbab40465a7e3aca6cefe3628a701bf44c77d8ece8d9f01eabf331f,6fb8b034ae60ae33d16faa40748994febe22abbfc74f78a6e216800a73757550
NID5-V1-000032,32,0,NID Information Correction,train,NID5-G-af394122cfe069b8c5c9f8df0cde47b4f03b5c6a6ae4bb039c2fa665f0714115,af394122cfe069b8c5c9f8df0cde47b4f03b5c6a6ae4bb039c2fa665f0714115,37366932302a35699cb4835c5ba789e62213e8eb38d89d5306bd6c0a429256e8
NID5-V1-000033,33,0,NID Information Correction,train,NID5-G-6db987bf2b6c9b1aaff4b9ee2a6eac9f86ff87109fb739a58362c0f6dff50f83,6db987bf2b6c9b1aaff4b9ee2a6eac9f86ff87109fb739a58362c0f6dff50f83,fc0bf536e5f821fc3a6a8bc27e2d46076d12169820b0cee79b77f3e36323a724
NID5-V1-000034,34,0,NID Information Correction,dev,NID5-G-7c0ea23b363775bf18e67e6328062114970d250e0f149d318e86344c9eab9e33,7c0ea23b363775bf18e67e6328062114970d250e0f149d318e86344c9eab9e33,ad028582cdc3044c14c6f1e724a0fdd21701a4b14175f2829bf2e25231d6111f
NID5-V1-000035,35,0,NID Information Correction,train,NID5-G-db937ef9279f3775f51105b5c2f372db9e1e3470a5d39a9c4ba7491f54526028,db937ef9279f3775f51105b5c2f372db9e1e3470a5d39a9c4ba7491f54526028,f0fa6e65c3e384f0d94091c83f2dce1dac9980519f565e594a3c134dcfc92f7f
NID5-V1-000036,36,0,NID Information Correction,train,NID5-G-d2fcfaab311b78723ba5be79c1243433bb5bfa86a46a7ddf11425ce637baefd6,d2fcfaab311b78723ba5be79c1243433bb5bfa86a46a7ddf11425ce637baefd6,818fe5db934ce052037f8c3d082183fcc682ef90ff314c61c012ee1fd886279f
NID5-V1-000037,37,0,NID Information Correction,train,NID5-G-7e5472420dcaefcc3c4793d1f71f455b31073fa1c3e758fa08fc00a23d6b7778,7e5472420dcaefcc3c4793d1f71f455b31073fa1c3e758fa08fc00a23d6b7778,3e963c25c7fbe9687c6f84e975acc19904555816c9ee79c55641df8ac843180a
NID5-V1-000038,38,0,NID Information Correction,train,NID5-G-3f4279e35e2dc9cebf2453af6604038f66f78d04cc00b2c49bbcee331948128c,3f4279e35e2dc9cebf2453af6604038f66f78d04cc00b2c49bbcee331948128c,67dded57bd92eba49051a7f6bccd4b155af2f451ac324402c937db3fbdb9756e
NID5-V1-000039,39,0,NID Information Correction,dev,NID5-G-9e095106bdfcda60e15c1b7cd25113a6556a661a43849b546d007c0eb51cbd40,9e095106bdfcda60e15c1b7cd25113a6556a661a43849b546d007c0eb51cbd40,3f90bd1db0829f9c4f39bd81893e93acdfe6ab7333da7a8d2279397778869d64
NID5-V1-000040,40,0,NID Information Correction,dev,NID5-G-f054b1a5c7816af0e7fcbb4c440c40144ac7967289badfc01851f23698a5dc3c,f054b1a5c7816af0e7fcbb4c440c40144ac7967289badfc01851f23698a5dc3c,d9bb9f45b4b4447c1599233becfff416b86cf1d43646c3e88f63216af9434e9f
NID5-V1-000041,41,0,NID Information Correction,train,NID5-G-327253a028b7c2412ed91f3e44ce4c462f3d0887d7ae9023922eebd25c296e4b,327253a028b7c2412ed91f3e44ce4c462f3d0887d7ae9023922eebd25c296e4b,6da5b0a86d3229c5f74cedc5594a9859894f294ea31fcf7687594b9f1599af65
NID5-V1-000042,42,0,NID Information Correction,train,NID5-G-6cd65fc990386cf609cafa25ae4aa36bca68010d9b9ef30b13906831048dd24a,6cd65fc990386cf609cafa25ae4aa36bca68010d9b9ef30b13906831048dd24a,b2f11c34f99547eccd60e72b68eed43dfeefc26ac7cb711e2bd4a081e5ae39d6
NID5-V1-000043,43,0,NID Information Correction,train,NID5-G-5cc66de0d51b770dd9b417ee4e78bbee3ba45cf0a3abf981cc8149100cf7efbd,5cc66de0d51b770dd9b417ee4e78bbee3ba45cf0a3abf981cc8149100cf7efbd,2f868e25fa67b89475790ed8d395526daed23b63032df8289b847bdc4fd931e6
NID5-V1-000044,44,0,NID Information Correction,test,NID5-G-fa1063cad5df117f8a4abc52047f53dcb9d9342bb6341a9e4a9736f326478f3f,fa1063cad5df117f8a4abc52047f53dcb9d9342bb6341a9e4a9736f326478f3f,12bbde759817a629f7671a51b7df0e38e679655d203a82f214e061d34c37def6
NID5-V1-000045,45,0,NID Information Correction,test,NID5-G-067f9a8a03ff68551eeff5bb364b7fee252d6f3076dc44c672d15a58640ccde4,067f9a8a03ff68551eeff5bb364b7fee252d6f3076dc44c672d15a58640ccde4,ecd4910a92393cc683aa8fc05e5b2288057ad698f6e1a18e3409dd9327ca1d87
NID5-V1-000046,46,0,NID Information Correction,train,NID5-G-cf82cab0accedeb3bd64b37ddeab530072a2c19ed6b3df7d5478927cfb63187e,cf82cab0accedeb3bd64b37ddeab530072a2c19ed6b3df7d5478927cfb63187e,5bed3859faaa6847a6663f554ab142b61f13e984e49b99c31106c38b9548f921
NID5-V1-000047,47,0,NID Information Correction,train,NID5-G-6a63fb2f3fd048c60b0eae46ddd313450975e6be4a96ee3e5c16fca642a5d7d5,6a63fb2f3fd048c60b0eae46ddd313450975e6be4a96ee3e5c16fca642a5d7d5,84e52f1a7e68234f4f30adf7508f148255dbf52eff681f8ebc5371de9edad220
NID5-V1-000048,48,0,NID Information Correction,train,NID5-G-f925a45cc60ac6e52f68ed5e7fee3b816013add96474dcdd47fc7c41af81312a,f925a45cc60ac6e52f68ed5e7fee3b816013add96474dcdd47fc7c41af81312a,184e6c99f4623dad8564f2eaf4d7d1fc940ab2bfd85aaf6d7611940e334f440a
NID5-V1-000049,49,0,NID Information Correction,test,NID5-G-d802d2f2a6a1c8a4078ef3c3c9728617c13888ba18ae9e077e575dcf4357870d,d802d2f2a6a1c8a4078ef3c3c9728617c13888ba18ae9e077e575dcf4357870d,f33f889d2e225bb691f05b65ce57b3486eb2afc0869a8f4344bc523f3a17e956
NID5-V1-000050,50,0,NID Information Correction,dev,NID5-G-0a38a09e5cee7699a8986d9493d98323f484e0cd7bef91ba2c6e1cca82832e1b,0a38a09e5cee7699a8986d9493d98323f484e0cd7bef91ba2c6e1cca82832e1b,6f11a538e21b1f0a8245fa5b9ef89fffb47f62d7dee24d5ae81202a4b07b4417
NID5-V1-000051,51,0,NID Information Correction,train,NID5-G-ca17dbdc8173176b62fb70ce6f187bcc731da123ea60a7d8f097495547c76cfb,ca17dbdc8173176b62fb70ce6f187bcc731da123ea60a7d8f097495547c76cfb,2354691f81a264ee2c1e1db30bc180eaf53e447d378f3fb4f0e4d8534d847143
NID5-V1-000052,52,0,NID Information Correction,train,NID5-G-15b43493e54f0b9d1c4869aec662b7f99a963b290d840df69044e98d0d7ee8d5,15b43493e54f0b9d1c4869aec662b7f99a963b290d840df69044e98d0d7ee8d5,e568692fb2369001c0be5977476a6b60aefd9335fbbb72df69851113e4ff9788
NID5-V1-000053,53,0,NID Information Correction,train,NID5-G-d3402b6d6af5d21aa766d0848908fdd6319417937af17476468f35bc7bd61661,d3402b6d6af5d21aa766d0848908fdd6319417937af17476468f35bc7bd61661,9531b2f86cc80f8e795030893b0aec193ea6c6ad02a19e9d3015270b3b22282d
NID5-V1-000054,54,0,NID Information Correction,train,NID5-G-d44dabe9712c6b3b1e9737617004473c113813e67a0d64ce2919ae8d3d32302a,d44dabe9712c6b3b1e9737617004473c113813e67a0d64ce2919ae8d3d32302a,3dc3e3b639076b3f38ebde49766e28d0249b479a1e1f4b1df708b24fddc9d65c
NID5-V1-000055,55,0,NID Information Correction,dev,NID5-G-1c9917d6df395ca459c3ca19b8ce51d277376c032b335c1d18244bfab6532c83,1c9917d6df395ca459c3ca19b8ce51d277376c032b335c1d18244bfab6532c83,db1982ad6c294f2230483bb546243cef112128773e8bcaf809bba1ae03211d91
NID5-V1-000056,56,0,NID Information Correction,dev,NID5-G-e51b6c9aeb8fc23e2dba1c407f219f6bd851eccca3325dfb5e8fa4633c5265bb,e51b6c9aeb8fc23e2dba1c407f219f6bd851eccca3325dfb5e8fa4633c5265bb,221d48e39645e6ff5bf7d6f83aafbd2f0a3e809b101b74647c5711500446ef62
NID5-V1-000057,57,0,NID Information Correction,train,NID5-G-fcd6311a212b23441b72662d7590364b788a61c3fbec86b5340ba6e294235c54,fcd6311a212b23441b72662d7590364b788a61c3fbec86b5340ba6e294235c54,bb89474010ebafad21fc862a25b926840d28cafc50d528654ee7b13e15eaff58
NID5-V1-000058,58,0,NID Information Correction,test,NID5-G-0e13a9c6f77e111208439874a70942bc14f098dc047b0f2271848449d5150f7f,0e13a9c6f77e111208439874a70942bc14f098dc047b0f2271848449d5150f7f,560d4a5fcfc7c895e58d974f0d20fb8b1bb35770e17c6a7f0b319768b67120d9
NID5-V1-000059,59,0,NID Information Correction,train,NID5-G-4e5c3712b7df5e7cc7c18483bca5ec171e2354437dfe8651eda52bc8cf1f0de6,4e5c3712b7df5e7cc7c18483bca5ec171e2354437dfe8651eda52bc8cf1f0de6,2e08c307498de9eae2260df08e49f58ead3685f4d18c888f4bd5a6008a295dbc
NID5-V1-000060,60,0,NID Information Correction,train,NID5-G-66ea9d3bc8f39eab0c3c526417c72b5c9f3f1fd228b3ca79d9d617645d33c832,66ea9d3bc8f39eab0c3c526417c72b5c9f3f1fd228b3ca79d9d617645d33c832,304be813bf3e075aa9e6d52d40c0b8f2d170cdac8077d139fed1f5143b9a9db0
NID5-V1-000061,61,0,NID Information Correction,train,NID5-G-011c526f33065bf9ecdf59c897b3cadb43d9b8fd485a975375f27bd557b1f19c,011c526f33065bf9ecdf59c897b3cadb43d9b8fd485a975375f27bd557b1f19c,73750a514a474600bfb5bdd93c1861e36bf14233b9e0d4dcdd43222cf88b5967
NID5-V1-000062,62,0,NID Information Correction,test,NID5-G-72dea20cbff5fbee12c103136eb332a097ab1e9fcdd8dc16db2a301af50726fb,72dea20cbff5fbee12c103136eb332a097ab1e9fcdd8dc16db2a301af50726fb,e539a614d23848429bfbdb15904c842f856496c067a6ebfd042a7c7f5a1e6563
NID5-V1-000063,63,0,NID Information Correction,dev,NID5-G-68b20818d35a1ee14d4af8dc4c8af7861ba1c4fb5a359e1c5fcf76bcf949c326,68b20818d35a1ee14d4af8dc4c8af7861ba1c4fb5a359e1c5fcf76bcf949c326,c796c55ecc74ef7c8421a8a11d5db7a797998476f7f6e19afbad227b4bedfe4c
NID5-V1-000064,64,0,NID Information Correction,train,NID5-G-24ac1fd8eba2045891b59007eeff1681dc372cf5a05b4110a0ea2384cbd927ee,24ac1fd8eba2045891b59007eeff1681dc372cf5a05b4110a0ea2384cbd927ee,e971ac0dbb7337d876cc729109861dce6af8cde7d8c9d1d52f51d59011f1a534
NID5-V1-000065,65,0,NID Information Correction,dev,NID5-G-a53b6732f63054f7571bb0a2a53b155d2b45f24dfdb9b89165f3985e2e888755,a53b6732f63054f7571bb0a2a53b155d2b45f24dfdb9b89165f3985e2e888755,7db6c997772c3e4ba6cccd26e241d34b837bccbe7b292b523bb262697c5b4451
NID5-V1-000066,66,0,NID Information Correction,train,NID5-G-adb592b4c9eb5115e51d3a94b9cd241a2ad1041ea0014df3773f586897ce4877,adb592b4c9eb5115e51d3a94b9cd241a2ad1041ea0014df3773f586897ce4877,211d8cd5c188cd40291e738faa236cb9c6c10723a50224892c3e6c6647480632
NID5-V1-000067,67,0,NID Information Correction,test,NID5-G-9b424b23290abe5b25dc8739d3eeb8fad56414cee8e8826e311e67cc70c0c731,9b424b23290abe5b25dc8739d3eeb8fad56414cee8e8826e311e67cc70c0c731,7f717de091a1e876e34927fe7ff50e93b9b221478b7361b8602179e8b320bbb2
NID5-V1-000068,68,0,NID Information Correction,train,NID5-G-d58f158587d9cb89a13a16c687ed7119ea489f5bd95321a1761dcb1510f81e4a,d58f158587d9cb89a13a16c687ed7119ea489f5bd95321a1761dcb1510f81e4a,1c45dfe48fc82a06dff78229b3b817959cb981a1852a3494cc8c95f5ac69689c
NID5-V1-000069,69,0,NID Information Correction,dev,NID5-G-8c001ae12574fca37af48b4ab8b74389d5b073a52eb2ce779fa947210fd0a083,8c001ae12574fca37af48b4ab8b74389d5b073a52eb2ce779fa947210fd0a083,f862369afab9602f7a2b2a3f5ede4870cbbb64f5ff6663cab45a926580362681
NID5-V1-000070,70,0,NID Information Correction,train,NID5-G-6101edd466742b96eb7a0285d47a1cc214fe0d5f2ecd76945b0b1a263f7dcc60,6101edd466742b96eb7a0285d47a1cc214fe0d5f2ecd76945b0b1a263f7dcc60,32006768e9204c6c3234add90af1a5a80896864aef94eed286103c9f214e1726
NID5-V1-000071,71,0,NID Information Correction,train,NID5-G-91ab74f7cac1333069018e6168057e355d8c60e098ff7ed253069a0969e4da06,91ab74f7cac1333069018e6168057e355d8c60e098ff7ed253069a0969e4da06,ad016990b7564ad39995f8dab9753c44782f82acf8d7ca8e93151cfab3f6cb71
NID5-V1-000072,72,0,NID Information Correction,train,NID5-G-39e79ddc740e20aa826e853be47421e0c9b8de0df45ec83265627aeb421257f8,39e79ddc740e20aa826e853be47421e0c9b8de0df45ec83265627aeb421257f8,28927a9e7b12f148e57a1916e684e9623e4519420df779e86d8440298ba23b1f
NID5-V1-000073,73,0,NID Information Correction,test,NID5-G-23b2cc051ee7860a6d91a736462ca7d895b79b85dc251f98a4043d8f5a4e85e6,23b2cc051ee7860a6d91a736462ca7d895b79b85dc251f98a4043d8f5a4e85e6,0bde41870ff7f2a306286ba1d1da4f67caaa690c564022c7f94846862338c57d
NID5-V1-000074,74,0,NID Information Correction,train,NID5-G-3d07b03be671ee6f09afa12cd95512776b703c65d5daaec0a15baabd12235759,3d07b03be671ee6f09afa12cd95512776b703c65d5daaec0a15baabd12235759,bff3b4d2ab3f7a3579f7876245f5ac7f56044c6655f7b1e09d12443ba375f871
NID5-V1-000075,75,0,NID Information Correction,train,NID5-G-b3c4065c0398bdfe9df1495571ee639cd51680a38aa3f77382fa9c7f0267f637,b3c4065c0398bdfe9df1495571ee639cd51680a38aa3f77382fa9c7f0267f637,f6f0d4af4e2bd5fe94f8e885f84eeeeb2c4eb00ddc5dbc4f04a8116f550b786d
NID5-V1-000076,76,0,NID Information Correction,train,NID5-G-0e1c11dbb281ecc0dbb83f927747d0c905da0acaccf4408735566e9511b6d0e7,0e1c11dbb281ecc0dbb83f927747d0c905da0acaccf4408735566e9511b6d0e7,29d9cbf509bb4dd81f3b16ce5d0c8ebac8bae5c0b787b92e55553a10f02f0d0c
NID5-V1-000077,77,0,NID Information Correction,train,NID5-G-0fcc7bb097d2e36dbd38c195e241e6da8bca25659a10f028d5fdb4683ad625e1,0fcc7bb097d2e36dbd38c195e241e6da8bca25659a10f028d5fdb4683ad625e1,50496158874b1012a8a90e5bfede98d03eeb6ff50cc635adfbe40ebb7f8f285c
NID5-V1-000078,78,0,NID Information Correction,train,NID5-G-a373ee0024b28784d143a264c610c8bd2c0613ccb37c1d4a079f215b3e34b53b,a373ee0024b28784d143a264c610c8bd2c0613ccb37c1d4a079f215b3e34b53b,bd94c2342b058e7312ec67955c47b62fc557216c441417f084d924561bf2c2ae
NID5-V1-000079,79,0,NID Information Correction,test,NID5-G-1ac8ed3e73ff9812ed3be7a4739615458f2b8de9f4fc6a0c320074d312771d9f,1ac8ed3e73ff9812ed3be7a4739615458f2b8de9f4fc6a0c320074d312771d9f,4cae1ee2b66d0fd21a9e0c819ca6a65e7189339355e1e847a0e82045fcdaebb1
NID5-V1-000080,80,0,NID Information Correction,train,NID5-G-079fdfcf088827a7749a0f11f37cdde368e3588b3d08708c7e392feb49123e31,079fdfcf088827a7749a0f11f37cdde368e3588b3d08708c7e392feb49123e31,69969d6c7926b1d8861c42277b86315ba53feddd82099d648418d110de7703b6
NID5-V1-000081,81,0,NID Information Correction,train,NID5-G-25e7086f66b484096466ee8990d58eb15e428e55cbc9a1a02b7e666fc1fa5ace,25e7086f66b484096466ee8990d58eb15e428e55cbc9a1a02b7e666fc1fa5ace,2e48ab291112c63b3d25c03c0a6e4ecab3ac6171927feba44588ff4878d91d03
NID5-V1-000082,82,0,NID Information Correction,train,NID5-G-640dc78f81992869bdf717801d236a706f01c5b465505b69c5ec203c5f5e8f96,640dc78f81992869bdf717801d236a706f01c5b465505b69c5ec203c5f5e8f96,387842f4b4f036986a4431b968bdd2e8ab7762f6542d85480b5bc9ffc2ec8820
NID5-V1-000083,83,0,NID Information Correction,test,NID5-G-cadd68a9542a66960bfb23fdaec06e710291b05fec14a8ae4246ea4142819ab6,cadd68a9542a66960bfb23fdaec06e710291b05fec14a8ae4246ea4142819ab6,c353a26f1ef8faab2d4649231fbc33dd7195d93158f5f6eecd22167343faa0da
NID5-V1-000084,84,0,NID Information Correction,train,NID5-G-637dd49a13dab458a69904b8dd2fe473b87c806a847dab861173b82880608b1d,637dd49a13dab458a69904b8dd2fe473b87c806a847dab861173b82880608b1d,5aa53fe4d4dab34a7a62f6b54aec5195c299adfc345216397706552c0c8efad2
NID5-V1-000085,85,0,NID Information Correction,train,NID5-G-86afd29a3402699ff0036868aafe57d603d44bc8cf171e4193366fe57d04df77,86afd29a3402699ff0036868aafe57d603d44bc8cf171e4193366fe57d04df77,53072b46dac124abbdeebfb39bbff73b74d99685fe6404800a72ec7e5559ace0
NID5-V1-000086,86,0,NID Information Correction,train,NID5-G-315b336cdb3b8b92aea07e2aca3809b1050cb0b12235daf143714eae7fa98994,315b336cdb3b8b92aea07e2aca3809b1050cb0b12235daf143714eae7fa98994,c8c444db1e9e1e6d3431c8a4b48eb6062e1fd881c409ef8b61163ef403a6440f
NID5-V1-000087,87,0,NID Information Correction,train,NID5-G-2c5711c376b1a2e59feefc64401628039d21e5176b99176cf7ad70842e8267f3,2c5711c376b1a2e59feefc64401628039d21e5176b99176cf7ad70842e8267f3,8419cf3770a062234e69732efff058371162bc3ec3a0b924c2e8341a01b924d0
NID5-V1-000088,88,0,NID Information Correction,train,NID5-G-6f6d4dcc919e9a29b11bd238d782b3f0d2818e789cacc339831092b3d40f321d,6f6d4dcc919e9a29b11bd238d782b3f0d2818e789cacc339831092b3d40f321d,4394d3fcb3119081592ee30a21b56a526376bf1d67790ced82bd609ed97d121e
NID5-V1-000089,89,0,NID Information Correction,dev,NID5-G-687412a2906c6aed61e119a77d20059cc8d72e7591a5decb2e90fb51670d045f,687412a2906c6aed61e119a77d20059cc8d72e7591a5decb2e90fb51670d045f,8b00657c27f73fc532778630548e31e7615c97a1096bf80621c46cad2b861c92
NID5-V1-000090,90,0,NID Information Correction,train,NID5-G-f52e688c28f202b55fc5efa64e0d39e91d9a80ec1e9c78b3908465659f682ffc,f52e688c28f202b55fc5efa64e0d39e91d9a80ec1e9c78b3908465659f682ffc,8ebd8e4e2dce1955f4de5e1251c9ee104983c25e26d07c5f767f5ebdf8b009a5
NID5-V1-000091,91,0,NID Information Correction,dev,NID5-G-23897ce7b95357abb86383da52e0363557baa6accda6382e6df929716de2d609,23897ce7b95357abb86383da52e0363557baa6accda6382e6df929716de2d609,b36f0a70fe6c2acdf3f0745d26d9d2f052395b0f53a010f32bfd9d6c41f2ff6e
NID5-V1-000092,92,0,NID Information Correction,dev,NID5-G-9b75af3f79aae8d4df1efc7190b8dd12b8ed73c333c6e0a5f26111e493688cca,9b75af3f79aae8d4df1efc7190b8dd12b8ed73c333c6e0a5f26111e493688cca,40cb70d988f4edc6004dbbdafc8f6447ac9293829d6787a9349e22564fe16a67
NID5-V1-000093,93,0,NID Information Correction,train,NID5-G-c0411a4194db8b1f86cdc704f5bb70df5fab91dbce7dd79869e635849dedfb6a,c0411a4194db8b1f86cdc704f5bb70df5fab91dbce7dd79869e635849dedfb6a,01fef2f7a572487480fbae17218e63976b4b6e3ff4a113fcc9e6b9dae1cfd0a8
NID5-V1-000094,94,0,NID Information Correction,train,NID5-G-9e1a6abe775ab59cd576bd9ff7ec4cfe6edc738c9421f12021d1483aec2db698,9e1a6abe775ab59cd576bd9ff7ec4cfe6edc738c9421f12021d1483aec2db698,4e30e51648cd86f6756aee7d41d9fc3404506fa0b1bd4d7cad4703963ab464bb
NID5-V1-000095,95,0,NID Information Correction,train,NID5-G-be38b3e3ada9f50ae281f4ea138e65c8a63f294a7bd5bd32a481746e0028fbce,be38b3e3ada9f50ae281f4ea138e65c8a63f294a7bd5bd32a481746e0028fbce,ce6f2da7d187f1dc3913f2b83081fbdd0da87c1dee4115d652ee940374a05406
NID5-V1-000096,96,0,NID Information Correction,train,NID5-G-d1dbbec3481531a47d83ad564091a4166d24a78f4127bd4099a7b3e1a41a589b,d1dbbec3481531a47d83ad564091a4166d24a78f4127bd4099a7b3e1a41a589b,2b34334b96405205d7db8f2bac93151906af1a045b712982f8a128cbbaf9a1f2
NID5-V1-000097,97,0,NID Information Correction,train,NID5-G-2f297a78eb4ca9c2809d3ba175f0cfa6738c3feffec63523aa86646e94efefb5,2f297a78eb4ca9c2809d3ba175f0cfa6738c3feffec63523aa86646e94efefb5,dd3c0f2a7382967bb342879f54ae0aa4b76288d100689e559a4552046536c52b
NID5-V1-000098,98,0,NID Information Correction,train,NID5-G-8db2d8cc4f62321c5bf970f55396720de2519f210648f578b6205ba2c43b2f4b,8db2d8cc4f62321c5bf970f55396720de2519f210648f578b6205ba2c43b2f4b,dc70b3d1d951cba90efb60999bb51d0b09712a729aef29e945c38b0d808c9d22
NID5-V1-000099,99,0,NID Information Correction,test,NID5-G-bba70e14dce8b892351b4f0af05a603fbea0adf70398d5ad1fa2eee3c38b8a55,bba70e14dce8b892351b4f0af05a603fbea0adf70398d5ad1fa2eee3c38b8a55,688fa3dea4538acbcb0fc118b16afacde70c5895d7573e374af5de1aa3ac9e05
NID5-V1-000100,100,0,NID Information Correction,dev,NID5-G-0c0c4b3013a8c314c9ce8f45b3b2eb5162e0ed8acdc9fde52fa848814aeb5789,0c0c4b3013a8c314c9ce8f45b3b2eb5162e0ed8acdc9fde52fa848814aeb5789,3e3113a22e9f81150d8b601903bc5b9c4fcdefe8a8bd0bfae826100d7847cc54
NID5-V1-000101,101,0,NID Information Correction,dev,NID5-G-540a4d8f614bac82015f61039eb178f143eb62c24e8370a5032cbedf61e5b1bb,540a4d8f614bac82015f61039eb178f143eb62c24e8370a5032cbedf61e5b1bb,8999cd7a0085c0295eee7ada4321d3c605e90c2ce9bf360335bc72331d31470c
NID5-V1-000102,102,0,NID Information Correction,train,NID5-G-482a3554c31489755f0371cc68e22699f0f5be2cb7a658e90ec0be0e941feb1a,482a3554c31489755f0371cc68e22699f0f5be2cb7a658e90ec0be0e941feb1a,32e895acff858ed2373070ef1b2958ee9196c23183990b471bce3fcce1da7904
NID5-V1-000103,103,0,NID Information Correction,dev,NID5-G-deff8c8fa1d11e0a51c6c49720959749b4b1e29459311793cb27b90d2250ff08,deff8c8fa1d11e0a51c6c49720959749b4b1e29459311793cb27b90d2250ff08,0beebbf7ca0e13dd136d957be3133e2c519b8f765e9c5917e6091fcc5ceb6bf0
NID5-V1-000104,104,0,NID Information Correction,train,NID5-G-12b7f5db54ba1162ec2910bf710c07550ce0c75a050a431df5ad59384661357d,12b7f5db54ba1162ec2910bf710c07550ce0c75a050a431df5ad59384661357d,d72916df3828fb3ae5a24a262480090031a78c150a13927b89ecd7529786da8d
NID5-V1-000105,105,0,NID Information Correction,dev,NID5-G-eea28436ba77a43011495a4a4629971bb93f6a7fe51723d0d91c5e21be635daa,eea28436ba77a43011495a4a4629971bb93f6a7fe51723d0d91c5e21be635daa,47fcaca4a42e1751c045bc85963f012df4bc97e3673e1f80b1965162c21c8a61
NID5-V1-000106,106,0,NID Information Correction,train,NID5-G-b6e07202f754aeb79d0893f667abc74d154ba78a4efa1e2e0902446e285ab857,b6e07202f754aeb79d0893f667abc74d154ba78a4efa1e2e0902446e285ab857,04d3b2578288ba8f5eaec7db10df16dccb98428567cc94756e1d437193e68bcd
NID5-V1-000107,107,0,NID Information Correction,test,NID5-G-09445d23c8fb2ce2ba198a84f3001764dbd4dc54542f9a278ad35321af1779cc,09445d23c8fb2ce2ba198a84f3001764dbd4dc54542f9a278ad35321af1779cc,359d09abf2d8eb69597c37fd6162340f23980772baf65fa43c3410d9d65cadd2
NID5-V1-000108,108,0,NID Information Correction,dev,NID5-G-5f1d7a9558cdbff3219c17b53062fd23ad60b0c814dda10dfa0ae929e7d99be8,5f1d7a9558cdbff3219c17b53062fd23ad60b0c814dda10dfa0ae929e7d99be8,07320cc21b0e15a655d2d03bbe5fd1e5c233fe90c0f7f4603491972a8b9b6b3e
NID5-V1-000109,109,0,NID Information Correction,train,NID5-G-b6fb7b41f1f108528f6a5a2341f7ede94ecdb158f8e30db32f073a6c134d518a,b6fb7b41f1f108528f6a5a2341f7ede94ecdb158f8e30db32f073a6c134d518a,51ddef61eacf1ee8a08bc0596288b412d781d34f66628e09df7cf7f827f99138
NID5-V1-000110,110,0,NID Information Correction,test,NID5-G-67f25c8050a5e52131258bf8abd636a116cfc1b2466c012dddb8bc471c959c2c,67f25c8050a5e52131258bf8abd636a116cfc1b2466c012dddb8bc471c959c2c,28deaec6ac24a93bf8ffb370824d4182690f6d1a7b17ffe07438995a6a806b1e
NID5-V1-000111,111,0,NID Information Correction,dev,NID5-G-5e58848a2e4d4ef56ce859933df5df0a243dd06372a7f41b861ad7e039b853a5,5e58848a2e4d4ef56ce859933df5df0a243dd06372a7f41b861ad7e039b853a5,092509d8f08a983428f75849e063d2f6dd895e0844dcc161bc8da62c1a59f49e
NID5-V1-000112,112,0,NID Information Correction,train,NID5-G-9092b33dfa2d8ac140ced0e2bbb69a1fc8d3cca0f982d010435b015bb63fc093,9092b33dfa2d8ac140ced0e2bbb69a1fc8d3cca0f982d010435b015bb63fc093,a84954330ef683b2dbbfe42dbf68133cea0cb6a11fb7aa6601bb26438dfa4d97
NID5-V1-000113,113,0,NID Information Correction,train,NID5-G-7e55dfa2fbeb020bf9a743e1033c0b791ae5314d880da14070a1001287173fe6,7e55dfa2fbeb020bf9a743e1033c0b791ae5314d880da14070a1001287173fe6,00615aab4f2c5c734a190e68a857ab952a9a97eecff88856c0efc906c46e9d87
NID5-V1-000114,114,0,NID Information Correction,train,NID5-G-336b60fb091d7cdadc454fea614c46b45da399a97a4c22f9ea239e03baa31ea3,336b60fb091d7cdadc454fea614c46b45da399a97a4c22f9ea239e03baa31ea3,3efb0ad8487dc76a4b6b110d90cbf7bc096883b46ffe6647f32b782b3497c4e7
NID5-V1-000115,115,0,NID Information Correction,train,NID5-G-326a9cb302bfc2142d81dca2febaba5deda9e928703d3ef4bf8a941d8dc88c79,326a9cb302bfc2142d81dca2febaba5deda9e928703d3ef4bf8a941d8dc88c79,eda5d5af24376eefa94afc87036b202dc819a576ee2be92af4c9006aea171e67
NID5-V1-000116,116,0,NID Information Correction,train,NID5-G-57622b3cae26a9a1d68f872059227d7699e7390e1bd49f1e880eb5cd5a045afe,57622b3cae26a9a1d68f872059227d7699e7390e1bd49f1e880eb5cd5a045afe,c58eaeac5ee300af1d4a4a952102e539aaadfbc7983a204cf535f5ed42f1f4d2
NID5-V1-000117,117,0,NID Information Correction,train,NID5-G-03fb1c93f8433c4c8ada42efe528232250f555a761242ee96b6f2ebc92b0ed8a,03fb1c93f8433c4c8ada42efe528232250f555a761242ee96b6f2ebc92b0ed8a,b4282c3c6458b21df2a6d60bc7641135a87946381053625a86549cbfd96877ff
NID5-V1-000118,118,0,NID Information Correction,train,NID5-G-d9744aca446d7fe4b0aa0a12a1d7a6ef99a781f77548ff65317b7378324ff8aa,d9744aca446d7fe4b0aa0a12a1d7a6ef99a781f77548ff65317b7378324ff8aa,bb9cb647e0ff96d79c40ef46775bcb49ce44ac54f57d66b6969d6af1595908c9
NID5-V1-000119,119,0,NID Information Correction,train,NID5-G-7cb2899401fa7f178b93ae3f70f9e5529b2ab86ba47661b6b0e5993aa736cf0b,7cb2899401fa7f178b93ae3f70f9e5529b2ab86ba47661b6b0e5993aa736cf0b,fa104936d34772b87a2d419b4904214ac098c6931f7690de15a40b59341ba266
NID5-V1-000120,120,0,NID Information Correction,train,NID5-G-6028b727bc917a871c907c48667408f6ef8690439df489a89c13b2d8f6f58cbe,6028b727bc917a871c907c48667408f6ef8690439df489a89c13b2d8f6f58cbe,48fde8cfeaf0cde49c6d3946e3b11d81703af88064b1104bdf0a7dd3d2a4efc8
NID5-V1-000121,121,0,NID Information Correction,dev,NID5-G-93a7fb550c42026e93f41cfed67a10cea116bcf3423a5f577fb9c54b8ae58741,93a7fb550c42026e93f41cfed67a10cea116bcf3423a5f577fb9c54b8ae58741,035836846d1f231ae49d17370155bceafe3f2f6f0433d8d601293d27815b8ce8
NID5-V1-000122,122,0,NID Information Correction,train,NID5-G-e2695875e5164a598addd80a17fdc608e418374ceaf20f711e96872cf7ae1495,e2695875e5164a598addd80a17fdc608e418374ceaf20f711e96872cf7ae1495,2d1f25dbc5dffd9fe20646e18943fd0e6e69e0c7cebc5975ed9bd2959d89a434
NID5-V1-000123,123,0,NID Information Correction,train,NID5-G-652fb2229e68e5d2164acb44b8bb268f31c01485d663d08803594e49323a5347,652fb2229e68e5d2164acb44b8bb268f31c01485d663d08803594e49323a5347,76ecac97c9d25ddc0152f4ba74c2482ba21c9f01ec535839609a9dbe95b07c2b
NID5-V1-000124,124,0,NID Information Correction,test,NID5-G-49dc60971b34363a9a0eb980e0b98b66b99567d5d2c9095adeeed5367fa40da5,49dc60971b34363a9a0eb980e0b98b66b99567d5d2c9095adeeed5367fa40da5,5c4125746109cf5e5eeb6a1cac782b7a47b10bd1fe7f2b7c7efda7f1533af38a
NID5-V1-000125,125,0,NID Information Correction,train,NID5-G-7505f9742f18a310e02c636ffc180995d00495dc8b1ca02118f120bb10bc8ae5,7505f9742f18a310e02c636ffc180995d00495dc8b1ca02118f120bb10bc8ae5,6112373e60a2f0b277833c041d2d4646188219fb558e2a6d43a5a52090e345f5
NID5-V1-000126,126,0,NID Information Correction,train,NID5-G-39216c70234fa6ba417152b36ce47d2c73e44749c79a14094dcc8c3214077a88,39216c70234fa6ba417152b36ce47d2c73e44749c79a14094dcc8c3214077a88,81468292810839c65cf35282de36f562f68d728bcaf4c18ca66e508746c8441f
NID5-V1-000127,127,0,NID Information Correction,train,NID5-G-23690da2d13341caefc59f462989d02bef9d210bf9145c7adfc1a73c1fadef74,23690da2d13341caefc59f462989d02bef9d210bf9145c7adfc1a73c1fadef74,08dcd513459d38077d4572b6cedd2043c737cc205eb3454a14dd16af2d1feace
NID5-V1-000128,128,0,NID Information Correction,dev,NID5-G-5e00fc7bb15ae71970b48f07058d5ad833f6a1bc3be11caf1d648ac8bfb7e94f,5e00fc7bb15ae71970b48f07058d5ad833f6a1bc3be11caf1d648ac8bfb7e94f,c206e69b3419971dbe3ffa6da3bd8e769d49985bf145c5baa776a045f1d921c9
NID5-V1-000129,129,0,NID Information Correction,dev,NID5-G-01fbb99306efa9d38aed6b785fcc79ae22c9902c29de39981bae2a022e0707d0,01fbb99306efa9d38aed6b785fcc79ae22c9902c29de39981bae2a022e0707d0,a9510a003ddfffa9d9288bcfed6bcca85f2bca6ae72db6b3b4bc2696ba0e3f15
NID5-V1-000130,130,0,NID Information Correction,train,NID5-G-17cbbe78c8ee191f4590d70ba687a8428812c442a2580c029ae867d73dff508d,17cbbe78c8ee191f4590d70ba687a8428812c442a2580c029ae867d73dff508d,f9d13338366bcb63aa7b64c78bb1772d411aac4de21a58e13fdd3d5a62347783
NID5-V1-000131,131,0,NID Information Correction,train,NID5-G-1e1fcc3d527a9136b9390960b93c7aa7df155f39a63c60d1848b9b3085e368ca,1e1fcc3d527a9136b9390960b93c7aa7df155f39a63c60d1848b9b3085e368ca,a22df64680a0ebaf55ca451885220eb30d867587334faf4a6587483e79b76775
NID5-V1-000132,132,0,NID Information Correction,train,NID5-G-761a97dd4938d02d8d45baba5a3e623dcee1faff1dfe8a585cd593664e366dd9,761a97dd4938d02d8d45baba5a3e623dcee1faff1dfe8a585cd593664e366dd9,1a0c8942e69a658b3fb2317e473590cc6559b95a489d3de17d43fd4e368a5cd5
NID5-V1-000133,133,0,NID Information Correction,train,NID5-G-3ab23c7eb1dde4a715fac2e4103cb96de0371499c64643a99bf0136efb01c0bd,3ab23c7eb1dde4a715fac2e4103cb96de0371499c64643a99bf0136efb01c0bd,407b2765253f782e6f85ca6f55665f3acf2f75a4d0391d0a539e3949d792a45e
NID5-V1-000134,134,0,NID Information Correction,train,NID5-G-750bd6a0e6fc0c9a2408aca44c59c05327dc60529dff60622e9967cbb88780ee,750bd6a0e6fc0c9a2408aca44c59c05327dc60529dff60622e9967cbb88780ee,47109ee740af30baed06e28178349f8ff389cac82bcda21bae0c248a92ecbbbf
NID5-V1-000135,135,0,NID Information Correction,test,NID5-G-2a6f99e91b35e9c95fb994be060b62cf533bde4cd3a760794f8317ca33d1f0b0,2a6f99e91b35e9c95fb994be060b62cf533bde4cd3a760794f8317ca33d1f0b0,7a167fc63658862d7487a5fd67e1fe1ba9d9d9f39915694789c6beaad5eeadfa
NID5-V1-000136,136,0,NID Information Correction,dev,NID5-G-c1abb3dfbed5e5078f999795a7778b405f9e49d23c9ce96ec948a7b97780442f,c1abb3dfbed5e5078f999795a7778b405f9e49d23c9ce96ec948a7b97780442f,87915e76735fa24995b746cdc1cdcc65d1b0cf23b9c439ef9c7bf361a0e951bc
NID5-V1-000137,137,0,NID Information Correction,test,NID5-G-a9609eabfec87c154038b1151c65c5916ceff87ce3ea5f08e00b2e3e58328adc,a9609eabfec87c154038b1151c65c5916ceff87ce3ea5f08e00b2e3e58328adc,3a8de8f5597d9fad82a6d04f95ff611b81f675322d8db900bdf547c3eb12e0f2
NID5-V1-000138,138,0,NID Information Correction,dev,NID5-G-e03861297d0e610c42d8f11e4755910e06c50cf4745c0d550d7e67217d717565,e03861297d0e610c42d8f11e4755910e06c50cf4745c0d550d7e67217d717565,647aaae24955ec47750a8437adf17e584638f8b12d4bf1a45ea903b9c55f5015
NID5-V1-000139,139,0,NID Information Correction,test,NID5-G-2a6f99e91b35e9c95fb994be060b62cf533bde4cd3a760794f8317ca33d1f0b0,2a6f99e91b35e9c95fb994be060b62cf533bde4cd3a760794f8317ca33d1f0b0,04043d9be57d7dcaa6c370d03012bd5774a349828e28a43fc1e9b33f93d15678
NID5-V1-000140,140,0,NID Information Correction,dev,NID5-G-c1abb3dfbed5e5078f999795a7778b405f9e49d23c9ce96ec948a7b97780442f,c1abb3dfbed5e5078f999795a7778b405f9e49d23c9ce96ec948a7b97780442f,7503d546f650c41a1fe120bd25b2078ac4a1006502a18ca9d986d9c16960b121
NID5-V1-000141,141,0,NID Information Correction,test,NID5-G-a9609eabfec87c154038b1151c65c5916ceff87ce3ea5f08e00b2e3e58328adc,a9609eabfec87c154038b1151c65c5916ceff87ce3ea5f08e00b2e3e58328adc,3e7cea697cb80e424baadbe04a1036a5508996a2cb0460da02cc68df7cb7be93
NID5-V1-000142,142,0,NID Information Correction,dev,NID5-G-e03861297d0e610c42d8f11e4755910e06c50cf4745c0d550d7e67217d717565,e03861297d0e610c42d8f11e4755910e06c50cf4745c0d550d7e67217d717565,79cd520fb902902ecd8d347720cce2671189707604859fd72dd98c60534bb2dc
NID5-V1-000143,143,0,NID Information Correction,train,NID5-G-af530f31935b6adb39e2edc9e2cfa1eae2a83042ca3a8f48439934b89518a367,af530f31935b6adb39e2edc9e2cfa1eae2a83042ca3a8f48439934b89518a367,647171e23ce15960c31b3d9018806b4faa2b68d506aa5038b88a6c81a4000f9a
NID5-V1-000144,144,0,NID Information Correction,dev,NID5-G-c0a4c5793a5823bef7a6e5099afbc88e5fe4f3f7b5b57b209935161dbbbf5e16,c0a4c5793a5823bef7a6e5099afbc88e5fe4f3f7b5b57b209935161dbbbf5e16,262d3e95492a0823f901f053a818741d909bc55b1b0d5a4d77a1685114f6b58f
NID5-V1-000145,145,0,NID Information Correction,train,NID5-G-f58a911267fd0c2322216af681a20dd4786c01abe06d019303c900cb318110e5,f58a911267fd0c2322216af681a20dd4786c01abe06d019303c900cb318110e5,bf5640b75c6ccd81faa7845f10a4b3866d29d747ec4eb6ea588dd2fef76ae835
NID5-V1-000146,146,0,NID Information Correction,train,NID5-G-77c7724213f86f3df8cbdf8e6d39dea7cb0348c83f595ce8aba9fd813c79f988,77c7724213f86f3df8cbdf8e6d39dea7cb0348c83f595ce8aba9fd813c79f988,0bb6816f3d097c93741c20d330d93cb8087059d2c0efc830f74a1658df80414d
NID5-V1-000147,147,0,NID Information Correction,train,NID5-G-5e5f033cb2cd522b6c864e03015152fb028c44f009363c62e45f6d7c478a128b,5e5f033cb2cd522b6c864e03015152fb028c44f009363c62e45f6d7c478a128b,5a8e3dde9c818677891efdb9216536854d82302110de525df69c2b41279b2123
NID5-V1-000148,148,0,NID Information Correction,train,NID5-G-b68ab1fe71991d9db9896b46df65014503571444ef3c3a64ef004cf2ae4b8cec,b68ab1fe71991d9db9896b46df65014503571444ef3c3a64ef004cf2ae4b8cec,51c7b917dac6c4551e5f7fd05e9e99ef622b9e491b65a979d0dffc91d020ec14
NID5-V1-000149,149,0,NID Information Correction,train,NID5-G-cdd5eff296b8182fd788c6f1a58d1d482af81bd3d92abde1d5b06ad34eccc270,cdd5eff296b8182fd788c6f1a58d1d482af81bd3d92abde1d5b06ad34eccc270,7f3227643b4b5ed43b8e25ab29f8c6732fb3b2fd1530e20518a7c713c12b3289
NID5-V1-000150,150,0,NID Information Correction,train,NID5-G-9f081155bd38f5777a610e4c39824cdc3cdf57cc6217a87bd2fa0416aa4f4cc2,9f081155bd38f5777a610e4c39824cdc3cdf57cc6217a87bd2fa0416aa4f4cc2,81c867f760d9b67fa37b065212d58e45266927182e9712031d31f082e2d90a88
NID5-V1-000151,151,0,NID Information Correction,train,NID5-G-5726d95d7902e5980468bb4047a9514df02db35525b28f2179654596bd942eb6,5726d95d7902e5980468bb4047a9514df02db35525b28f2179654596bd942eb6,f9856f3aca835773f6178676ec332e9b45c99e392bebf4bf710ced642b7cfcff
NID5-V1-000152,152,0,NID Information Correction,train,NID5-G-7d814345f39cd3139042d4c4d4c25df0c1873f818768222b7f12e05e7855d209,7d814345f39cd3139042d4c4d4c25df0c1873f818768222b7f12e05e7855d209,1a51084d34114d6a335d94f33bc8c90f82a26e4b667b6ebb40cf226bffff5b6c
NID5-V1-000153,153,0,NID Information Correction,train,NID5-G-6e51a9a5aea14b44ab91fea642370069334b21b3a4e3ed04851e88156a66b952,6e51a9a5aea14b44ab91fea642370069334b21b3a4e3ed04851e88156a66b952,5fb728178b8338e3289167ac6b6652184154b027cd64b7586bc0765e41c0fdbf
NID5-V1-000154,154,0,NID Information Correction,train,NID5-G-a8470e944e1ba47464629579df48b25b2a9831a5e9dea923b03f06b04322ff0b,a8470e944e1ba47464629579df48b25b2a9831a5e9dea923b03f06b04322ff0b,01ab98807e3a35f11ec303736e360bcd635fe33b93e8e5300f6d2b159434ce4d
NID5-V1-000155,155,0,NID Information Correction,train,NID5-G-4060dbbd2433936faa6ea6d227ff28b39d5d0e478dc2a54a7b45efa773ed9fbb,4060dbbd2433936faa6ea6d227ff28b39d5d0e478dc2a54a7b45efa773ed9fbb,84385ffcc06efa525f8b1f93e8cd01e6020585d8eaf5fdf0fb57c38abc1e8a2c
NID5-V1-000156,156,0,NID Information Correction,train,NID5-G-cf9956b9537c1e036338f46f5173620d20b823473f0f4145e436fe15bdfc64ea,cf9956b9537c1e036338f46f5173620d20b823473f0f4145e436fe15bdfc64ea,675ec4dc797d93a03caa65ff31056634bd55c612117534078ff5af43dc34cfb6
NID5-V1-000157,157,0,NID Information Correction,dev,NID5-G-4d24e4bd9c7c16ff1642a023e355df45741abc90d7c942cfa2a1fe5f9068254b,4d24e4bd9c7c16ff1642a023e355df45741abc90d7c942cfa2a1fe5f9068254b,4561509fe42aa72689724cbccb8258879b6111b44618b41f5afc112902f16963
NID5-V1-000158,158,0,NID Information Correction,train,NID5-G-11ef61b79ee2ef268113025bf428cc42e647b31a7cf0148c897ee46d0bb0fa73,11ef61b79ee2ef268113025bf428cc42e647b31a7cf0148c897ee46d0bb0fa73,bb645f49875bb2fafbedb5f45d564cbf97e2e5fb3cdc5438aa3ee8157e34db02
NID5-V1-000159,159,0,NID Information Correction,train,NID5-G-08c03d8b358a98465e77360d18154de693863ca94df2f3dadc8ed4af2b1ba358,08c03d8b358a98465e77360d18154de693863ca94df2f3dadc8ed4af2b1ba358,d388a34bd373b9a94b96dabc517e59d59e1c69aa4c45717b484b1884a52d8294
NID5-V1-000160,160,0,NID Information Correction,test,NID5-G-40235c5370be46e7f401a48ddc37170315ea5507fd66602ac84d67328bdb89ad,40235c5370be46e7f401a48ddc37170315ea5507fd66602ac84d67328bdb89ad,70d3052c340b3a3c33ab5355cbcdaacd728f44825066fdabe3637c06dd1eb979
NID5-V1-000161,161,0,NID Information Correction,dev,NID5-G-cf6d2b0ff50f4bc89fff5549b0d41a245a8c74356b63e60d6ff7ab883d02e197,cf6d2b0ff50f4bc89fff5549b0d41a245a8c74356b63e60d6ff7ab883d02e197,12dae2ee83a7cab267a87465774ce5c58464256e6691005ec6cf92f06642dacf
NID5-V1-000162,162,0,NID Information Correction,train,NID5-G-cef8225bfbd3a8630730e261085a31c3ad12a1a29c412e6482f96e42dfe94be7,cef8225bfbd3a8630730e261085a31c3ad12a1a29c412e6482f96e42dfe94be7,7b8609db0762bf387e874599ee5fa0459dd5f03d4591dc4213d7fd85a2fdd7ca
NID5-V1-000163,163,0,NID Information Correction,train,NID5-G-8e4fbb9efd8d96c15222a37423add331a8f5efdbaac00a7a14f08779c1314c11,8e4fbb9efd8d96c15222a37423add331a8f5efdbaac00a7a14f08779c1314c11,89f51b541c374dc8195292797cbb5acc08471edb147ea850ef18060d5bab272b
NID5-V1-000164,164,0,NID Information Correction,test,NID5-G-03807ed5fdd72b2a4b17a090b622b82b740a98129039174c6d420eed1e9eaf7d,03807ed5fdd72b2a4b17a090b622b82b740a98129039174c6d420eed1e9eaf7d,beb3ad02418d751590d5c0fe6de1d60612184bcbf940c778d33a0e13325cf1c6
NID5-V1-000165,165,0,NID Information Correction,train,NID5-G-f7ee7372d99513a80a4bf98df4de335b1167bd9d0856d25f7e6000e280e04567,f7ee7372d99513a80a4bf98df4de335b1167bd9d0856d25f7e6000e280e04567,b3267ac2fe69fc2670e23709b4b787de14032f078f018d433a83c307a7712fd5
NID5-V1-000166,166,0,NID Information Correction,train,NID5-G-ce37d7fd00597bda9970aca7ebc48ee44d6fea9040b41f7a467f3deafc37c9dd,ce37d7fd00597bda9970aca7ebc48ee44d6fea9040b41f7a467f3deafc37c9dd,5da05cc92608ae47f6c33cd2bf90c72db06469b723df32aa54367fd2e95103f1
NID5-V1-000167,167,0,NID Information Correction,dev,NID5-G-50c28b18e40299bec72271ab740ccebb7c1b98be1dda3f8652519262af837e18,50c28b18e40299bec72271ab740ccebb7c1b98be1dda3f8652519262af837e18,a5b48619e4d13d1d602a5b666fe3f4b3fdae525ce0749efbd38713b25443d4d9
NID5-V1-000168,168,0,NID Information Correction,train,NID5-G-874b3be55f5b08a2ec6e5e30e5603eafab9ce88e0198cb016e75f89239aa92eb,874b3be55f5b08a2ec6e5e30e5603eafab9ce88e0198cb016e75f89239aa92eb,eab5a633cbda1440c1571a1248b1f50e2458eeff14806b749cfa2fad535ad827
NID5-V1-000169,169,0,NID Information Correction,dev,NID5-G-e0db87087df4407f71a9d14561787083b9a43cff63ccce30a2ba2b0522cb703c,e0db87087df4407f71a9d14561787083b9a43cff63ccce30a2ba2b0522cb703c,e8f78f4c1b85a7a1e758d80e2422ade7bcef9fcaad89384f7b461ca6744f2e13
NID5-V1-000170,170,0,NID Information Correction,train,NID5-G-f739e06a17e50c5d6bda08b4675876e5b8578c551fcfbaa9d7165c63fe0c5f7e,f739e06a17e50c5d6bda08b4675876e5b8578c551fcfbaa9d7165c63fe0c5f7e,fc8fa32dac4f567b5ff3e26c9716599ec7f5945ace53b6fca1131092369539a2
NID5-V1-000171,171,0,NID Information Correction,train,NID5-G-a4ca7741997c55788bae1963e5de8aedd5401e5ea7073d4a0776707b3199d9e8,a4ca7741997c55788bae1963e5de8aedd5401e5ea7073d4a0776707b3199d9e8,1721123b6b8670d41da357e5467f3159219c36e142a580bca43f54d58eef1005
NID5-V1-000172,172,0,NID Information Correction,train,NID5-G-4611e4c7ca6dbeb583e3646d4b87e348faf48a6c3adbbeeb799c4faf399ee5f8,4611e4c7ca6dbeb583e3646d4b87e348faf48a6c3adbbeeb799c4faf399ee5f8,fae89e8dec3184f7332b44ea4d133a5622d4362263418da2c75f0b0ea0d2750d
NID5-V1-000173,173,0,NID Information Correction,dev,NID5-G-ff1d100c766bb91e0d7e7db9d8940e362db207c8e0caabebeb3da87ef7477c95,ff1d100c766bb91e0d7e7db9d8940e362db207c8e0caabebeb3da87ef7477c95,be9bbe8b55ce0e3ad2849237c7915cba61c1c96a4d9f68779b8dac883c645cb3
NID5-V1-000174,174,0,NID Information Correction,test,NID5-G-719335ce1281815879480887bd0efd7232073cd7012c6e2c269419b98947f65d,719335ce1281815879480887bd0efd7232073cd7012c6e2c269419b98947f65d,07e2ba623fe7ee465a146c38d1b3a38c037a0d128ebe2485296c6e3d1ddca0b1
NID5-V1-000175,175,0,NID Information Correction,train,NID5-G-198fefb97be5b6e18b6c0417472653cffafa86841dec9f3f9e248b62dfc0c1cd,198fefb97be5b6e18b6c0417472653cffafa86841dec9f3f9e248b62dfc0c1cd,699ccff3665486aa202308f03d9176a399c644f00e856180dd424e1fd19df97b
NID5-V1-000176,176,0,NID Information Correction,train,NID5-G-8901d4813fb26f8c520eb8707f25f8991904c424d788953b454ee7a8d0572328,8901d4813fb26f8c520eb8707f25f8991904c424d788953b454ee7a8d0572328,941b22c0538580bc1a1215bffa4b0acf539cfc33e9ecaa0eaaaccb26f0f8d567
NID5-V1-000177,177,0,NID Information Correction,train,NID5-G-2bd816774f3e3fe9812e1b231c91b427f66467e80db2296e855b0c7d2c469355,2bd816774f3e3fe9812e1b231c91b427f66467e80db2296e855b0c7d2c469355,69368ca5ee9561cdccfb464c33f1a34307c4dcf17e8cf9f03f8f5ac671e50a62
NID5-V1-000178,178,0,NID Information Correction,train,NID5-G-c382153ada20c3fd29b526f9581eb66c2c7f0d8f59adf23013824c7029083643,c382153ada20c3fd29b526f9581eb66c2c7f0d8f59adf23013824c7029083643,c89be337e2c69d0838b00e1ef876209e344588a19ee13473b2df976d87061933
NID5-V1-000179,179,0,NID Information Correction,train,NID5-G-4bfc035dfa9d8ba26004cb60a99945f40ec616b6bf6dea6b0f716f46f618a915,4bfc035dfa9d8ba26004cb60a99945f40ec616b6bf6dea6b0f716f46f618a915,ebadade1e494a8feb2040ca60d1586e417eeb79568474008a507919761b89ae3
NID5-V1-000180,180,0,NID Information Correction,train,NID5-G-7599c759b29d84ff001f448e390a857b37c03cb15efafb14f749569d10d81770,7599c759b29d84ff001f448e390a857b37c03cb15efafb14f749569d10d81770,88ed36c8ede84487732a11a8ffbf2e8b2ea315c2012e786b7c57b24d9231f796
NID5-V1-000181,181,0,NID Information Correction,train,NID5-G-18c4cb216a7d25891c8d02ca9920f9a463999acb164fdafb0b37d8102d1fecbb,18c4cb216a7d25891c8d02ca9920f9a463999acb164fdafb0b37d8102d1fecbb,8bbd109ccd1c697eefa112250cf3838b87d410a48742d3b514dfce2c60188b3b
NID5-V1-000182,182,0,NID Information Correction,test,NID5-G-f8777b78434aedc132e6003bc3d9dce3dad1be1efe4ebc2697b8e1947ed6fa9b,f8777b78434aedc132e6003bc3d9dce3dad1be1efe4ebc2697b8e1947ed6fa9b,8af78124ac004e724cea0d4a421e50e65aefb56c644a8f9d4a31d24f5e1ee41f
NID5-V1-000183,183,0,NID Information Correction,train,NID5-G-393284f91c07acd7d308db5481665c7f46670afbeb7d22131e077e561c5f2a48,393284f91c07acd7d308db5481665c7f46670afbeb7d22131e077e561c5f2a48,f85e34fb06ac9ded3552737225da00426ba3b9ae2a0aa35eb92e1ad8b3a7e6a0
NID5-V1-000184,184,0,NID Information Correction,train,NID5-G-4fc71eafd295aca1561a897f661e845f8ab0225b8487e772d09b1632845ba166,4fc71eafd295aca1561a897f661e845f8ab0225b8487e772d09b1632845ba166,75cd26f3f2926ce61b1113eceb06eec686d1e7110ad38b944846ff89872adbd8
NID5-V1-000185,185,0,NID Information Correction,train,NID5-G-b9e218f5c2d73c083cd3451d5c464faac78993bf9a065470d8bb5112a2971dd4,b9e218f5c2d73c083cd3451d5c464faac78993bf9a065470d8bb5112a2971dd4,18c5c67b6818fb62a32fb27d1107e85ae4d8ca75252f223979c52b1fde49816c
NID5-V1-000186,186,0,NID Information Correction,train,NID5-G-453f0ce41e9a7d6220d71e8f08b749e03217ef408d625f904c6f777ea56e7781,453f0ce41e9a7d6220d71e8f08b749e03217ef408d625f904c6f777ea56e7781,bd86b34ba74e7631b9825cbb72c2e0af80e53aa03692e847b7957f9129047143
NID5-V1-000187,187,0,NID Information Correction,train,NID5-G-fa44a3ab54f7cf66265224fa42aa9da937acdfa6cc4683ffca433f48cc660847,fa44a3ab54f7cf66265224fa42aa9da937acdfa6cc4683ffca433f48cc660847,71f823e2c8fc606e1a12b493259230eb1bdbb163ce2988e982ace1ecd4126f96
NID5-V1-000188,188,0,NID Information Correction,test,NID5-G-1afaf32012af2695c37ad7df18954d2e6f696ad491fee871328d2ddf71c27eed,1afaf32012af2695c37ad7df18954d2e6f696ad491fee871328d2ddf71c27eed,9cc5c58ef60e52b93a25d86b2e10334cf6417865be93f69ec034e2cc66c2d188
NID5-V1-000189,189,0,NID Information Correction,train,NID5-G-da1d2e3dacab34e8578b4d2f9b9279f18cd58d2da5677450c0843463013528b2,da1d2e3dacab34e8578b4d2f9b9279f18cd58d2da5677450c0843463013528b2,29e71169c6b41cd03945ee51a742f2feafee8f5dee30a710f6e08c7e84e8b82b
NID5-V1-000190,190,0,NID Information Correction,train,NID5-G-04110185c32a93ffa0f6f8266ec87776bc40af3dab574c265ff78af025fbded8,04110185c32a93ffa0f6f8266ec87776bc40af3dab574c265ff78af025fbded8,0d93a90b612685bd6ef726cbb481e0aa9265f9f6d3c071a925e82a6a53cedf1b
NID5-V1-000191,191,0,NID Information Correction,train,NID5-G-ded8c98081032e82259882d5f325f3a0e4e394f600bcf6ae75ed891f00d2e1d6,ded8c98081032e82259882d5f325f3a0e4e394f600bcf6ae75ed891f00d2e1d6,22b94008cea72d9916b1be619916a382774ef0d06cbfa1f87bb1db4838ec9b51
NID5-V1-000192,192,0,NID Information Correction,train,NID5-G-283bfaf092dd75ed1969606faf3d01a062841bd59e1ce4a7cf0b2b00098108a8,283bfaf092dd75ed1969606faf3d01a062841bd59e1ce4a7cf0b2b00098108a8,40b7eccc04a15676ee3b6f9799ecf22436d5a571a9e43787df2e341bb11aa4ef
NID5-V1-000193,193,0,NID Information Correction,train,NID5-G-eedcbb47f0a4dcc93ad803f576e8c8a632a0a5ba80a34cc2ba0ebd66a08afc5f,eedcbb47f0a4dcc93ad803f576e8c8a632a0a5ba80a34cc2ba0ebd66a08afc5f,775743cc3c5e28464d69e80ecbfd0cded1b53f430f5b193c71d109dc02fbedd8
NID5-V1-000194,194,0,NID Information Correction,dev,NID5-G-89ecc2a499f8011631d22066e21997cfabb7aabaea084d763927669f9d658d6a,89ecc2a499f8011631d22066e21997cfabb7aabaea084d763927669f9d658d6a,e2a1c245c64862810883198b8700faa573880c4ce56f6e46e940c6154bb042e7
NID5-V1-000195,195,0,NID Information Correction,train,NID5-G-2b125b0e139e65508b5c51be938e4c089f803687e849eb730452d38d3a0c1986,2b125b0e139e65508b5c51be938e4c089f803687e849eb730452d38d3a0c1986,d8bdced7fe33101babc82c878e2eae3d5423399c04d131b0cff09b3c21c5972e
NID5-V1-000196,196,0,NID Information Correction,train,NID5-G-017aba1bbcab61de964ed8e926b8b2828aa33d04624f4c4ee73143ff6b93319a,017aba1bbcab61de964ed8e926b8b2828aa33d04624f4c4ee73143ff6b93319a,1cf09f46d471d61f445c07955e8bd0827304e7c27e71326d332e91a8e1948f20
NID5-V1-000197,197,0,NID Information Correction,train,NID5-G-1e3ef3902a999e7e689dc77d8ba471a9db5ea0f55b76d5758d304b48c5cb077f,1e3ef3902a999e7e689dc77d8ba471a9db5ea0f55b76d5758d304b48c5cb077f,fd318d4ab33b04e552789d78ef860528fda4926209d9bb19f301aedb963c5594
NID5-V1-000198,198,0,NID Information Correction,test,NID5-G-fadbfa676729c3dea9c1824958f6ea7834ee99a34e4ed51b2f4d0125a7f97eb7,fadbfa676729c3dea9c1824958f6ea7834ee99a34e4ed51b2f4d0125a7f97eb7,52770f43bc21d8a72a402367568bc79cb4ec7f198444e836aea83db997f1184f
NID5-V1-000199,199,0,NID Information Correction,test,NID5-G-e16c96123d050075779cfd7eda1174ced2595b032e9f38c6500a39fa8c3acdee,e16c96123d050075779cfd7eda1174ced2595b032e9f38c6500a39fa8c3acdee,d9c04341875a7ea07c65b93aa463ec7005713403f1b45ce20e238a542bc640c9
NID5-V1-000200,200,0,NID Information Correction,train,NID5-G-d561fc7370196fc165f43285b87723bcdb8eab28aaddf51f4249afce8dab0d09,d561fc7370196fc165f43285b87723bcdb8eab28aaddf51f4249afce8dab0d09,dfdb136de7190ad67545ba4aa57810ae07deed6c374167504f27d329c95588dd
NID5-V1-000201,201,0,NID Information Correction,train,NID5-G-085b52726fe0c86eab91a2052bd32ff6ea21657103f9d07d50ca35db4b5e1bfc,085b52726fe0c86eab91a2052bd32ff6ea21657103f9d07d50ca35db4b5e1bfc,785a90c59648b537ba93c7e2bcd958e0ab5e113eb9f86d7426b4665d330fc53d
NID5-V1-000202,202,0,NID Information Correction,train,NID5-G-40075f19c47978e62bdfa3c91b983afda3917291cefc42b58ea4db42f3c596f7,40075f19c47978e62bdfa3c91b983afda3917291cefc42b58ea4db42f3c596f7,bb7b742b547c16ab772591b7c91a2f41d4f9bc80d7bacfd7f340a830444540e5
NID5-V1-000203,203,0,NID Information Correction,train,NID5-G-d9f1cfb42d5aaba99ec6f9aef47ab126347e75e41d7e775dba75359ef81dfb33,d9f1cfb42d5aaba99ec6f9aef47ab126347e75e41d7e775dba75359ef81dfb33,35b7819168dfe6ac8a310c7de2d98186d4f7f23c82bce9598e21de5e0fa1dfd5
NID5-V1-000204,204,0,NID Information Correction,train,NID5-G-f99573a7846bba6672ea4e17d9b4f59ac2995a9b1151db54bc7d6d21879d67cc,f99573a7846bba6672ea4e17d9b4f59ac2995a9b1151db54bc7d6d21879d67cc,55e20df7108ff518db1d031e0ca82d3965d8a8306a611afe0bc76457e7d2a244
NID5-V1-000205,205,0,NID Information Correction,train,NID5-G-21cf9b570f2fd3a3a20e6f094d73ad9ea20f40c2cf8455f7aef6f96d4daf68a7,21cf9b570f2fd3a3a20e6f094d73ad9ea20f40c2cf8455f7aef6f96d4daf68a7,27935a00f576278357a8e247f04644e68884ca5cd2b06d1c77409494330eb704
NID5-V1-000206,206,0,NID Information Correction,train,NID5-G-d9a15bf6b59b8c30535175db147c0d8b9057f5118211f1f568a4dd9112b4ff8a,d9a15bf6b59b8c30535175db147c0d8b9057f5118211f1f568a4dd9112b4ff8a,1aa77c9e0c7ca8a79ed660d0240d901ef4843b8b2aa369fdcfd5591fd94ed400
NID5-V1-000207,207,0,NID Information Correction,test,NID5-G-d01645267477ba248f28807f044554bcd5688d1f35bae8357b9c5684c7000f6a,d01645267477ba248f28807f044554bcd5688d1f35bae8357b9c5684c7000f6a,8192805a61a69ed1eaada34aae9a8792375378b5bcb0f1a3acc585db555c89af
NID5-V1-000208,208,0,NID Information Correction,train,NID5-G-3ec54e7b9688b65796149b5257f1ad3253a78d8f5f5731faa4d91b8b72310d6f,3ec54e7b9688b65796149b5257f1ad3253a78d8f5f5731faa4d91b8b72310d6f,7a8370b32ca9e4cdc647df5b7eea6b3b4bf8d23d716064a98611fa9e2428e499
NID5-V1-000209,209,0,NID Information Correction,train,NID5-G-9eb071b3504f4f9919574c9c8b1bde711424fdcba1d7617aa53edfdda04a4c9f,9eb071b3504f4f9919574c9c8b1bde711424fdcba1d7617aa53edfdda04a4c9f,58f584f942d1898163d9dbdbe3bea135dc5421ab7d44fd0c00e285eb1aed536b
NID5-V1-000210,210,0,NID Information Correction,test,NID5-G-6a610dfcc051272f51a2fbe25c5add44d36d56835b28ac2f2d1c38d28354f677,6a610dfcc051272f51a2fbe25c5add44d36d56835b28ac2f2d1c38d28354f677,da19b66a9f82e22cd9c1d843997893097efe9a24d293864214f8759f4a3dddef
NID5-V1-000211,211,0,NID Information Correction,train,NID5-G-c35af5a2aa63da3fab36e8dcc5a84b4706506b36f8c8c464c1596c14b5a8f94d,c35af5a2aa63da3fab36e8dcc5a84b4706506b36f8c8c464c1596c14b5a8f94d,7c4008f4904f0663d16f315b72a091f8ed44c60feee44e31a2052464eaa455ad
NID5-V1-000212,212,0,NID Information Correction,train,NID5-G-e2d2e936b80242133a6e62e89564a86d0697ced3aa379bca00e7dce68b8d35be,e2d2e936b80242133a6e62e89564a86d0697ced3aa379bca00e7dce68b8d35be,7b1c08049dc4b82d9a9f9a6ca31a00c05d6e0bc309bc2292784a12efdfc42be9
NID5-V1-000213,213,0,NID Information Correction,train,NID5-G-0165aa8eb8c30095654546809bdfcc3ebc6f55190b2ac2e53b8df9a70799ca39,0165aa8eb8c30095654546809bdfcc3ebc6f55190b2ac2e53b8df9a70799ca39,6ba745c15dfea512d3df7043141075d305b2df8adc82ece4a18ace8cee116913
NID5-V1-000214,214,0,NID Information Correction,train,NID5-G-95b38a7bb560b5d3063623f9a093b39a074caa346c7bb4774d26a330fcbbf42a,95b38a7bb560b5d3063623f9a093b39a074caa346c7bb4774d26a330fcbbf42a,2c6c4fd32f7a072dadadaea4371d7a7b78af57bb8506cce180e15c694e055a36
NID5-V1-000215,215,0,NID Information Correction,train,NID5-G-957e97df5b9d03a7eac34a032a5c979f4191d9b1394ac3ecbc04adc239ea3e97,957e97df5b9d03a7eac34a032a5c979f4191d9b1394ac3ecbc04adc239ea3e97,ca98f966fefae3de467ec5d0b8f39172e77d9f470c4e0d605b36a3bf9e56db42
NID5-V1-000216,216,0,NID Information Correction,train,NID5-G-aa9359fa248ed96b3e3dfd40073d4d6e346c20ae54f3adee57307bc5e39cca7a,aa9359fa248ed96b3e3dfd40073d4d6e346c20ae54f3adee57307bc5e39cca7a,df8d1b269b116657d96704e717478cf07534f9ca906d7c3ac313a59e340bb302
NID5-V1-000217,217,0,NID Information Correction,train,NID5-G-3cd5a8860d960a62210ac081f19e38edf56eeb620ffb4691e60396051a8614fa,3cd5a8860d960a62210ac081f19e38edf56eeb620ffb4691e60396051a8614fa,ccf6937f9193d9ea5588c05f9c07d552283e8447a4246d74e11bb3168c8a0577
NID5-V1-000218,218,0,NID Information Correction,test,NID5-G-1933b80fea580178c2a910d1a71d0029e1784d08c44ee099f97bee7a751f858c,1933b80fea580178c2a910d1a71d0029e1784d08c44ee099f97bee7a751f858c,db1e8bbdfd066d6df9114149ff95d3942866649a025758dca509569bcf12ea55
NID5-V1-000219,219,0,NID Information Correction,train,NID5-G-e717794d1c83683b28439903999c3f1a3d0d4cbdd81f1d1a12888beb55228a80,e717794d1c83683b28439903999c3f1a3d0d4cbdd81f1d1a12888beb55228a80,8d354deca343ef7b61bfb25acf91cea3c53500d404847a313876c30beabd4c2f
NID5-V1-000220,220,0,NID Information Correction,train,NID5-G-de32e9f41d55637cff9a16d91e04da3ac5137f3b09c4ae3bf742229f66087abf,de32e9f41d55637cff9a16d91e04da3ac5137f3b09c4ae3bf742229f66087abf,c324a7efc2f09d5aa1600e3e4a873fe21b681a6e564678851a9286130bf352f4
NID5-V1-000221,221,0,NID Information Correction,train,NID5-G-696f18eda1da69f1819b1162cc084a5aeded659a28d0e31846a4e5d357eccc3b,696f18eda1da69f1819b1162cc084a5aeded659a28d0e31846a4e5d357eccc3b,6384bec5766bfb62ea0e22e0af5b041c6779b980ee0ba4901105fb2a4ee50432
NID5-V1-000222,222,0,NID Information Correction,train,NID5-G-da3e1100287930a7a7ffa4ab7b4173a6ce958ca586a43b86a4e0043c12a55777,da3e1100287930a7a7ffa4ab7b4173a6ce958ca586a43b86a4e0043c12a55777,d4cf198cec73a07bba269635177a07cf7a4e3001ad08b2b1ba7ddcf421b15177
NID5-V1-000223,223,0,NID Information Correction,test,NID5-G-55eed4b1ede53fe02744048577e31e46866759e1b72318f79864e340f6f1c2bf,55eed4b1ede53fe02744048577e31e46866759e1b72318f79864e340f6f1c2bf,862932cccfc388ed2d92a410b779faf772f932a01a7937e9a1b59916bfc1e73a
NID5-V1-000224,224,0,NID Information Correction,train,NID5-G-1185ad815760a2e207415f48dff83027ecb3c82b5530ad573f6c86b27decbf4d,1185ad815760a2e207415f48dff83027ecb3c82b5530ad573f6c86b27decbf4d,6fe42c0463ba6bb395e460fac6aaaac76ef462f776346ba827a82d0098b350bf
NID5-V1-000225,225,0,NID Information Correction,train,NID5-G-d8a2f707772761b82371197f3bf6abf17f919863424b1cc299f42c6df75aa5c5,d8a2f707772761b82371197f3bf6abf17f919863424b1cc299f42c6df75aa5c5,09e5d18c7c636264f8d6d60ed4572273d946c1fa22b42572e3a5ca0c71c7cc11
NID5-V1-000226,226,0,NID Information Correction,train,NID5-G-be5059e8b3378d6e67a040744900fca6fde4e9b4c39d7cab17088bc841288536,be5059e8b3378d6e67a040744900fca6fde4e9b4c39d7cab17088bc841288536,ff62eddafd644ef9c027c1dae56cfc8dd9b6031b57cef1995001df9e6c276c7a
NID5-V1-000227,227,0,NID Information Correction,dev,NID5-G-ee0cb44eeaa8f7cb0a4fe9120c53b619cc9613910c85342e945604c93a37be18,ee0cb44eeaa8f7cb0a4fe9120c53b619cc9613910c85342e945604c93a37be18,86a7aeb28369dae41649f231a91e115a03a724f4cba7e798cb4e979662bacd89
NID5-V1-000228,228,0,NID Information Correction,train,NID5-G-84677be0ba0ca5b02c58f372e82c138964f229994e762754c1bdec3fa193dd42,84677be0ba0ca5b02c58f372e82c138964f229994e762754c1bdec3fa193dd42,1d985f2f52476c2ce41a9fad2c30e8902eda5a9b3ff5341cd0366e0df169a98b
NID5-V1-000229,229,0,NID Information Correction,train,NID5-G-d46f3bee232667a9d4e724ca97b02f1080f84ed3725fac219786e4782403e056,d46f3bee232667a9d4e724ca97b02f1080f84ed3725fac219786e4782403e056,7fb034f570649865cd997b74494d0cec18caf43f3f2932d64579229ede357af2
NID5-V1-000230,230,0,NID Information Correction,test,NID5-G-954848ba0c0f5d75351a99a8c63aaf1861cc98d7171cbd6cb313d12ab987a6b6,954848ba0c0f5d75351a99a8c63aaf1861cc98d7171cbd6cb313d12ab987a6b6,de5404fb4dcb86ef8c0ba3ecb757a61d547fffe41393f4e92e11420b1731328b
NID5-V1-000231,231,0,NID Information Correction,train,NID5-G-d249b206a9c4b1d2de6e32425c37e204c8c2d4218050ddd841f2976931ca13cd,d249b206a9c4b1d2de6e32425c37e204c8c2d4218050ddd841f2976931ca13cd,42a15ee4ccbd60993abf28cda98988c205e613eba03af55485ed235e519db810
NID5-V1-000232,232,0,NID Information Correction,train,NID5-G-eddb72907c453a32557e557810f9a529ce979aaea052755cf77ec96ebe01f2ba,eddb72907c453a32557e557810f9a529ce979aaea052755cf77ec96ebe01f2ba,fb9d7d50d8b177cddfe6561a4fe49b8f70fc0f5bec17eceb4b7e85cd100fe5d8
NID5-V1-000233,233,0,NID Information Correction,train,NID5-G-712a1087304571280b005a8f36a3a6552ba300c8f3cd7bca878cef79963876bd,712a1087304571280b005a8f36a3a6552ba300c8f3cd7bca878cef79963876bd,1b05f02e50d8485e90232171b79e3c6459cc8fd9b684793418483fad47796e4f
NID5-V1-000234,234,0,NID Information Correction,train,NID5-G-3350084fb0734f32a51ed02f05d34e50589949fd733da4a1e81b7a68c8108bd9,3350084fb0734f32a51ed02f05d34e50589949fd733da4a1e81b7a68c8108bd9,95c661ee1aa1ff5ff28ddd5c512d6ac961f150422cdf4064a7744a7ae46beed8
NID5-V1-000235,235,0,NID Information Correction,test,NID5-G-f598d930abfe45e88ace7b10d5663ebed804828615335bcef4f988c14b83d2b4,f598d930abfe45e88ace7b10d5663ebed804828615335bcef4f988c14b83d2b4,14549b7314fc836b65fd51898d09f34fcf7f84cf73c65bba68d2a8dc7457aee0
NID5-V1-000236,236,0,NID Information Correction,train,NID5-G-c6ba6b387d85ba4cc41de3264795ff9a627ee823fef9066ae041489608711c64,c6ba6b387d85ba4cc41de3264795ff9a627ee823fef9066ae041489608711c64,63cb860cafa9263368f718addb67344cb6ff17dfbfe64fc817dd3469653a4c0c
NID5-V1-000237,237,0,NID Information Correction,test,NID5-G-6cb52853d6d3c3e84dece6bcc0e6cf0938cdf11710e4a43561c328604411400e,6cb52853d6d3c3e84dece6bcc0e6cf0938cdf11710e4a43561c328604411400e,e279128df6da37bd0e83deafcff6443f7bf8df2296cb9cba412141c06cfc54d1
NID5-V1-000238,238,0,NID Information Correction,dev,NID5-G-321705c07d7b1033b4d5b6bb93b765b57c5274457ecbb27b7811ea49eb098a44,321705c07d7b1033b4d5b6bb93b765b57c5274457ecbb27b7811ea49eb098a44,f42286d11e0fb6cba6e9ed0b8f37344cfa546c536cbde16ef32d2b82f6fd891b
NID5-V1-000239,239,0,NID Information Correction,train,NID5-G-481079b44c33d222d2ef9f8272695ae545fecfb2f4af9ea923139a57343cfdd8,481079b44c33d222d2ef9f8272695ae545fecfb2f4af9ea923139a57343cfdd8,4c6b207e623123eec30c5909a4228e17ef76739a72e7d2dd878bdb6ba3dfa5f0
NID5-V1-000240,240,0,NID Information Correction,test,NID5-G-a5212a17c517670c9fe23421ce853f410181459395655e554e3cb18287d10ce4,a5212a17c517670c9fe23421ce853f410181459395655e554e3cb18287d10ce4,61d7cfece8e8bad0aff7e0ebee544bf0f75ffd822cfc82053ec421ef44b23266
NID5-V1-000241,241,0,NID Information Correction,train,NID5-G-9f44b19a879494491ede01bb3d7e00bf601bbccfbf36ff067a3f0698284500e4,9f44b19a879494491ede01bb3d7e00bf601bbccfbf36ff067a3f0698284500e4,5619275befa0185a4a61051e33b708854758340fb427ec9cf0a4ee8b4e8072e9
NID5-V1-000242,242,0,NID Information Correction,train,NID5-G-26c4c4273dc3c097c9a1734724565352879984e69cab294dcb2b05ddc655b2e4,26c4c4273dc3c097c9a1734724565352879984e69cab294dcb2b05ddc655b2e4,037e71dd0eb8f2bb058c57c1cb9264ee14ec74a0a9213faffebd3bb136841633
NID5-V1-000243,243,0,NID Information Correction,train,NID5-G-69ece0716510a285ef8c1c2699633cc1d8c114ce7ff9d3ce2f93cd8960fdc775,69ece0716510a285ef8c1c2699633cc1d8c114ce7ff9d3ce2f93cd8960fdc775,df6bc0b2b4a82491116f43dd400fae6da4e665d2019d717705703ef11d7b4b7c
NID5-V1-000244,244,0,NID Information Correction,dev,NID5-G-2f9129f15ffceb82dea90dfe4b9fceae022b7754ee6c619456ef3cc2b4298189,2f9129f15ffceb82dea90dfe4b9fceae022b7754ee6c619456ef3cc2b4298189,4213e792de04b504ab192ef9fd621b6caa7cbe0c97aca21538a6e642aeb19764
NID5-V1-000245,245,0,NID Information Correction,train,NID5-G-b7ede3e69d7a881152d30457c1f7d36776756bb4507e1e51d0e20e1157a96f32,b7ede3e69d7a881152d30457c1f7d36776756bb4507e1e51d0e20e1157a96f32,27bc7758fc0e948d7a441dd1b265699018ae8f738e596a3605d91c38bbf34fb4
NID5-V1-000246,246,0,NID Information Correction,train,NID5-G-dbc0a33de8440b5289d0f9e9cc4dec38d27c9cd8805689a632dc6b79b90da162,dbc0a33de8440b5289d0f9e9cc4dec38d27c9cd8805689a632dc6b79b90da162,baacbd384fbc573d6d5e6df1a80ac181b512529f932377bc15f2057d6b821baa
NID5-V1-000247,247,0,NID Information Correction,test,NID5-G-de3b01e7d8806c56c9d8712404012beff8c3b946bd0c9b83c1a6debe21561dc8,de3b01e7d8806c56c9d8712404012beff8c3b946bd0c9b83c1a6debe21561dc8,46cf9f157b5052c970c81a10995d98b003dfe526186f617eaf076dade4fbd7d0
NID5-V1-000248,248,0,NID Information Correction,train,NID5-G-5eb5332900a6bfd22965e358ffaa35f2aa302961c1f8ac3b70ddf48216d85235,5eb5332900a6bfd22965e358ffaa35f2aa302961c1f8ac3b70ddf48216d85235,4f3a51e5b3ff4e1c37da67491247f22a159760d0c7df746ea9b18d2e26ec5fdb
NID5-V1-000249,249,0,NID Information Correction,train,NID5-G-7b4f1d45d2b125a450d46e4ebe6a93053617ee75a4e3096c3b485342f66619d6,7b4f1d45d2b125a450d46e4ebe6a93053617ee75a4e3096c3b485342f66619d6,7825aab7b6edc795c1086cf4b4ed7b9daac40fca63d75d942ee546280cdab273
NID5-V1-000250,250,0,NID Information Correction,train,NID5-G-e615574289489ef99651dd49ceff1649e4cc82edd83687a98a46b2dfe313d453,e615574289489ef99651dd49ceff1649e4cc82edd83687a98a46b2dfe313d453,ac46af679a8a61d6eddcba4a1893dd3b5c387d4cba8834a587aa4ba89a624980
NID5-V1-000251,251,0,NID Information Correction,train,NID5-G-538d248adf4d7cd07383ba2598746ec17884fdc68275b134d3bc30eb03054f1c,538d248adf4d7cd07383ba2598746ec17884fdc68275b134d3bc30eb03054f1c,9e6dbb0fe24b5abc81fc346f761ce80626f1164d92cd1c92ef42cd43b9d012ae
NID5-V1-000252,252,0,NID Information Correction,dev,NID5-G-cc3d73b899653d324f4fbb94d3ed6388312a3868256356e701c26075ce3b2361,cc3d73b899653d324f4fbb94d3ed6388312a3868256356e701c26075ce3b2361,119618dc698da579b16d98773ec41a1e326f6f18576066339e57bd44b3a3ccbf
NID5-V1-000253,253,0,NID Information Correction,dev,NID5-G-0aff5f6e7b6788376d975dce8746df52de527213549f87ff1ef874b1b39529fc,0aff5f6e7b6788376d975dce8746df52de527213549f87ff1ef874b1b39529fc,be11e476e7db2229cf39e161cfa4df3a8ac695a871c4128f15448e6daa2f42bf
NID5-V1-000254,254,0,NID Information Correction,train,NID5-G-4d27006894fd2c9fde0891f87f94de14e1d1ad01bac0ea41bcc5a05475e059f1,4d27006894fd2c9fde0891f87f94de14e1d1ad01bac0ea41bcc5a05475e059f1,fd61fd1c67db9f4fa546b285c56560ab6bc6c441b3b8a141dfbe75e5a1007335
NID5-V1-000255,255,0,NID Information Correction,test,NID5-G-02b0564fab7c8ad01dd73521c66870c7673567966d32eeca67b59a2181961723,02b0564fab7c8ad01dd73521c66870c7673567966d32eeca67b59a2181961723,9d79a3441f1cf940fdcb70bed749bb06f526750e2c4812015fd373de95760358
NID5-V1-000256,256,0,NID Information Correction,train,NID5-G-47f7e4129742da36f86038fb315968064e2ea2a025f05e6f8ddc236d7b6b40d4,47f7e4129742da36f86038fb315968064e2ea2a025f05e6f8ddc236d7b6b40d4,8027f6bff96763589330a79a7b663b8a10242e024eb949e1c4ef4feaf9abac24
NID5-V1-000257,257,0,NID Information Correction,train,NID5-G-03d07e9b45e6f13273feaf6015702c6da0026988de455741627bf5b8b94e6e9e,03d07e9b45e6f13273feaf6015702c6da0026988de455741627bf5b8b94e6e9e,fc192af7fb1aadc5dfeceb9806cc6254cfce7d45a371ae467d360854be673c3e
NID5-V1-000258,258,0,NID Information Correction,train,NID5-G-362fcfaca1a5912973bde7f40200954af2a183d1b5ac3acc3887d49b8d17097d,362fcfaca1a5912973bde7f40200954af2a183d1b5ac3acc3887d49b8d17097d,3a45f0db9242243472814b561c5fb3e5234a622a7f3ca5645b6b4a4784f10453
NID5-V1-000259,259,0,NID Information Correction,train,NID5-G-5f7532cc180fcdc3b07e7999d923c14069e35c0182c86a05479110eaf3c42c11,5f7532cc180fcdc3b07e7999d923c14069e35c0182c86a05479110eaf3c42c11,7762ebfeb4788f065ec70146d7e3a5c20a16e34511d413766929dc6f69f6514a
NID5-V1-000260,260,0,NID Information Correction,train,NID5-G-e83e2651e17d142d14d651a5cbef86432a4344b05facee1b97841dcaf10ea3ea,e83e2651e17d142d14d651a5cbef86432a4344b05facee1b97841dcaf10ea3ea,3a9607f72494064f5102f0d34987bea2c11fe506af5dfdf428f988750b516bbe
NID5-V1-000261,261,0,NID Information Correction,test,NID5-G-e7dcec9341cc4ee4dce3677b4b2ea1e283f5be007647a8148918694f918dc15c,e7dcec9341cc4ee4dce3677b4b2ea1e283f5be007647a8148918694f918dc15c,1e60eb218ca6cbb88a30bf3cc4f3a64cac276fa4ed0a6e2e0cfbd6e29bc795bb
NID5-V1-000262,262,0,NID Information Correction,train,NID5-G-7b11f3f18f35383e4719d62403bc78f052a0c78436dee3469ad7a94c436006e2,7b11f3f18f35383e4719d62403bc78f052a0c78436dee3469ad7a94c436006e2,c3e0b8b7f0a229390d54a72fd2668774a02ba9b82522bf104975331bfc22ff45
NID5-V1-000263,263,0,NID Information Correction,train,NID5-G-603dabae97a49a211746010c9d863545e462997f454ee0ab2a8854116ec1bcf3,603dabae97a49a211746010c9d863545e462997f454ee0ab2a8854116ec1bcf3,d26eccbb17e1a6e267c8ac197c92917ec5c6fc14aeddf09620d97161d4a4e630
NID5-V1-000264,264,0,NID Information Correction,test,NID5-G-ba70f7cbe42b88a0ab802de46f91f22198cbe3b74526b653f98a8d8b88d3af54,ba70f7cbe42b88a0ab802de46f91f22198cbe3b74526b653f98a8d8b88d3af54,7d4480df7a7fd7da396c64571201f649985ef34eda98d9614a88a2d2a4aa8f97
NID5-V1-000265,265,0,NID Information Correction,train,NID5-G-b0ff0ac252c02148969d24be7f835dd570eba1684b78d8af217704081192a045,b0ff0ac252c02148969d24be7f835dd570eba1684b78d8af217704081192a045,0fadae847092fef01414d4ad6d96858ee349ff3cd1bf94d0a52e786d4c74dcc1
NID5-V1-000266,266,0,NID Information Correction,train,NID5-G-23e4c39780f68f5e6f3cfdef51d84ba589dedf301c86f91a3fb31380fd15a519,23e4c39780f68f5e6f3cfdef51d84ba589dedf301c86f91a3fb31380fd15a519,f3640d75b6408e843a6cc5c0e3b3e8463b60fbf4be9faf0ba8bfcd39dc7cec4b
NID5-V1-000267,267,0,NID Information Correction,test,NID5-G-e5e4d7ae94db417c42bcb8504e2d801fb6cedbc27dd788daa41317d7edd90f0e,e5e4d7ae94db417c42bcb8504e2d801fb6cedbc27dd788daa41317d7edd90f0e,a98c8194f888f777916e1da98f1ffc6e233fdec96a4611531295a446256de8a5
NID5-V1-000268,268,1,New NID Registration,train,NID5-G-49d757de1d83d42297aeffa96f1269482638287fbb98c5217bf23b0776c4f98f,49d757de1d83d42297aeffa96f1269482638287fbb98c5217bf23b0776c4f98f,70a6ba9a12ec5aadbc8b2c2ea9880d3e3421a5a5d80cb4d43c7b1011778b020a
NID5-V1-000269,269,1,New NID Registration,test,NID5-G-49ecaed2b299ddd0654d06e0c6e99bf399c0f990ad8af791eb4ed73fb3a8d0f0,49ecaed2b299ddd0654d06e0c6e99bf399c0f990ad8af791eb4ed73fb3a8d0f0,8d4c8cadb1d793e68b38d143a57ba5ee3cb0e998cc63462b31f78487e2601350
NID5-V1-000270,270,1,New NID Registration,train,NID5-G-04fc3a26c22f2d4c1f1dd319487428c1e0cafbc971c31bcb31338bf1135cd091,04fc3a26c22f2d4c1f1dd319487428c1e0cafbc971c31bcb31338bf1135cd091,da54d7758926c96e05bbdaa5eeed849139b28869998cd13ce3938df0754a4f63
NID5-V1-000271,271,1,New NID Registration,train,NID5-G-877cc5888e1a87ea40b4cb3873eebc4118a8a9071d0f66758abc4a0e817ca38e,877cc5888e1a87ea40b4cb3873eebc4118a8a9071d0f66758abc4a0e817ca38e,12578cba2f07222c3e6770d94e853861565cb69f80599654c96f39d131f816c3
NID5-V1-000272,272,1,New NID Registration,test,NID5-G-062096648672e4998a325e2672f4ccf26d6f3b1d1e89a4223157b2291bc081fe,062096648672e4998a325e2672f4ccf26d6f3b1d1e89a4223157b2291bc081fe,8a1a78bccf6ecfc0d6729ed8008db9dc8c810f86c4eeaf698394d7b8d0e66a65
NID5-V1-000273,273,1,New NID Registration,train,NID5-G-94c341221f3dc7b14716a74bb3ecab4f0623f9a48467eb42f5168bec82e2c95d,94c341221f3dc7b14716a74bb3ecab4f0623f9a48467eb42f5168bec82e2c95d,f448791701537853d91cb5a24cb586ca347bf7160f47f6b993e51dbb7f300993
NID5-V1-000274,274,1,New NID Registration,train,NID5-G-dbf1f7523b0e2c794a417a24d4dad6c4f2252443c039d3cf776958f14ba12b45,dbf1f7523b0e2c794a417a24d4dad6c4f2252443c039d3cf776958f14ba12b45,d9acdc608a353d68bfbcc6e90fd2d682d343b78109a5e8d74e1d6c832be778c4
NID5-V1-000275,275,1,New NID Registration,train,NID5-G-b3872eefa88636171b217ce9584c290a9d1909d7c82f3a2f887bf1c3434f2b8d,b3872eefa88636171b217ce9584c290a9d1909d7c82f3a2f887bf1c3434f2b8d,87551797d8d9212df70f991340156fdee56f81a05919a695458ed071021950b4
NID5-V1-000276,276,1,New NID Registration,test,NID5-G-460e67c3ae6345cadf80c1a9c1fbeded62ebec51bd833d4b6ed14b26bb91e00c,460e67c3ae6345cadf80c1a9c1fbeded62ebec51bd833d4b6ed14b26bb91e00c,25892f902a3533f65a8e7c49013100f011fda8242031f0f724b7608d4f810c14
NID5-V1-000277,277,1,New NID Registration,train,NID5-G-85d84aa97753bbcdfe0d34fffd114633c6c6a1e1bd3660814ba6243cfc913a19,85d84aa97753bbcdfe0d34fffd114633c6c6a1e1bd3660814ba6243cfc913a19,bb296b35ea4339b45cca351fa64d4ea62d9809f5cb2343c8d3f0699f1a23e0e0
NID5-V1-000278,278,1,New NID Registration,dev,NID5-G-7e6c9e55bb536fb5df377fa39e8d6424c7a99b7cbf8c2b221380c56ddfc47276,7e6c9e55bb536fb5df377fa39e8d6424c7a99b7cbf8c2b221380c56ddfc47276,f9516a77e40d5ac8a5f6831ef6cb1b69318203d62fbbf71731017d2f1ce9647a
NID5-V1-000279,279,1,New NID Registration,train,NID5-G-d2534aa4b388ef0f4fa3e0941f8dec2a601c67b44929ee998f20d3dbbec83a0c,d2534aa4b388ef0f4fa3e0941f8dec2a601c67b44929ee998f20d3dbbec83a0c,6d17dedeb022c540958b9a7bef0963e3e86070185f5b4326582324dbb96ec5f3
NID5-V1-000280,280,1,New NID Registration,train,NID5-G-ebe3d28fcda0cba3afa270daa9163475b8dd2c0700a6232104b0976d004f8779,ebe3d28fcda0cba3afa270daa9163475b8dd2c0700a6232104b0976d004f8779,c1561c83404a71380a19f97a9e7363daf32e786059b1e5328432a62e3c288b02
NID5-V1-000281,281,1,New NID Registration,test,NID5-G-6a2c4b18a40a960ed0f071ae00c247c0d1f6e358763063f9c43c9c40e43d03c0,6a2c4b18a40a960ed0f071ae00c247c0d1f6e358763063f9c43c9c40e43d03c0,d4ff98909d9630779b952a4af49a981f4366e0f3ed133e93d3bfad94597f94de
NID5-V1-000282,282,1,New NID Registration,dev,NID5-G-fb8c25d18d3562d088e9739e1d4e7bc7adb55ec0f28f20e09b4ea22e43fa9211,fb8c25d18d3562d088e9739e1d4e7bc7adb55ec0f28f20e09b4ea22e43fa9211,1b25754b6f03459e9c8954e1ca02865b8a6d88230923fe4c6edc61877445be6d
NID5-V1-000283,283,1,New NID Registration,train,NID5-G-53ccc4c06eb9502ada14e0786b67725eb45951c6918d1c0ac7bef176bcfa0220,53ccc4c06eb9502ada14e0786b67725eb45951c6918d1c0ac7bef176bcfa0220,b63d6fb04d7c6a9eaab96bcd74abaa053078f80382ba3b1d7a3862be9b84cce6
NID5-V1-000284,284,1,New NID Registration,train,NID5-G-c32b035b53ef34a1f62f8df61c51e9bd4ba2995612a995fb4d8b1c22ad45e26b,c32b035b53ef34a1f62f8df61c51e9bd4ba2995612a995fb4d8b1c22ad45e26b,49ace13374018e5ae2185882a61d1885f448c133cb7bd11c23b47645b832e930
NID5-V1-000285,285,1,New NID Registration,test,NID5-G-2ea75164ac454f353d86836fd71bc103abc93a974ccd73b797998a2fe215e635,2ea75164ac454f353d86836fd71bc103abc93a974ccd73b797998a2fe215e635,45c13bd2cc60777f48460d19783104ecb9936b2e9fdf9bcfd62f2244fce6a807
NID5-V1-000286,286,1,New NID Registration,train,NID5-G-1d53ad1bc91c4d9188b8f631552e881687f91a44b8b7716d2f969ed5f3d519a4,1d53ad1bc91c4d9188b8f631552e881687f91a44b8b7716d2f969ed5f3d519a4,50072745554ff794c007a1d1b86f1d8508ebb64ff2da6e06cb56c36cc1871d6f
NID5-V1-000287,287,1,New NID Registration,train,NID5-G-e16bb15baf114099809d0839fd314125b6d1721c5d4371a90d295e14eade0371,e16bb15baf114099809d0839fd314125b6d1721c5d4371a90d295e14eade0371,15a3c384e6984528882cc5485f044866f7a4d1f6e5031d0665c1f089aa8a9f03
NID5-V1-000288,288,1,New NID Registration,train,NID5-G-5b6d92fc70724297c7917bdbce53b6872a3c70babde9281c0fa5976a692e3f90,5b6d92fc70724297c7917bdbce53b6872a3c70babde9281c0fa5976a692e3f90,7aa663b0fe8c1685516fee3043599fa77b15c043960bae596b21c9a132c5294c
NID5-V1-000289,289,1,New NID Registration,train,NID5-G-cdf6bc5b3928d7feefc71343956090338ec9420ab84536e9b09547403d3d3f5a,cdf6bc5b3928d7feefc71343956090338ec9420ab84536e9b09547403d3d3f5a,83877b861d0993a01d968e4e9c29d115f9effec1cddf794bf63b70c62000d888
NID5-V1-000290,290,1,New NID Registration,dev,NID5-G-46df5143c99cf79566c677fe3ec994620fa87e487519af1121f87fa4e188dba3,46df5143c99cf79566c677fe3ec994620fa87e487519af1121f87fa4e188dba3,b44b2a73e73e421635a5eba52b74bc2b0b0b7feeff30bf50ce111a58a4064816
NID5-V1-000291,291,1,New NID Registration,dev,NID5-G-4d0be6fd55fe7a8d89739933c1513bccb3217d4da7b44aa3e35cced62b6ef642,4d0be6fd55fe7a8d89739933c1513bccb3217d4da7b44aa3e35cced62b6ef642,a0078f8cb30dad3f0a23c0236b4cd2d09abc6bbab5756bd47b45a5b36b4f3625
NID5-V1-000292,292,1,New NID Registration,train,NID5-G-80c08c3dc44edb1b705a79f5a64026642bb07bc5b93a37e052b03438448c5938,80c08c3dc44edb1b705a79f5a64026642bb07bc5b93a37e052b03438448c5938,b9236b56ca346f3239e969647d16a073f4dce387465678f951991b179402f182
NID5-V1-000293,293,1,New NID Registration,train,NID5-G-acd1a04a2f14abd5382529b5e411261f61fe2c003c6c28316a3a7b4094c68c4c,acd1a04a2f14abd5382529b5e411261f61fe2c003c6c28316a3a7b4094c68c4c,05039f59a5cdb02034e02ffa0070e1002a24e414ed55c48b1c95281de992444d
NID5-V1-000294,294,1,New NID Registration,test,NID5-G-4bb11627fc1626148678caa7bb58bde123d81f5bc41dfbf153c12dace6342eef,4bb11627fc1626148678caa7bb58bde123d81f5bc41dfbf153c12dace6342eef,4c0683a77180c684ba45dcb3aa428e7efe15587c7d762b822dac9fdab03e3d52
NID5-V1-000295,295,1,New NID Registration,train,NID5-G-3331b5e6318babdc365d51a5216394cc30c62b5827559e8cd67856c7b78fc814,3331b5e6318babdc365d51a5216394cc30c62b5827559e8cd67856c7b78fc814,da9385a58b05d9fabec5dbbfec09f491311a73cde8c94e81666151d138a22295
NID5-V1-000296,296,1,New NID Registration,train,NID5-G-a867e127a1af929544fd1d1816033e509c8a1a8d3d70127af5bfcabb498e29d8,a867e127a1af929544fd1d1816033e509c8a1a8d3d70127af5bfcabb498e29d8,74bffff02b5f07448c034a72eaf4d2a1f7339febc93eaadca4c4a141d6a80dff
NID5-V1-000297,297,1,New NID Registration,train,NID5-G-9fa277fe4b9a5fe22c995f7c23f4d120272eb922d5020dfd582ee5b9208c7ce6,9fa277fe4b9a5fe22c995f7c23f4d120272eb922d5020dfd582ee5b9208c7ce6,e35f9e61afad68c716f8718d25c8c6942e77b625d2d35a39e29bcdcfae1340c6
NID5-V1-000298,298,1,New NID Registration,dev,NID5-G-c71518545f046429b55245178e52053f3edd56abb69fad9647fb7a23006193c1,c71518545f046429b55245178e52053f3edd56abb69fad9647fb7a23006193c1,e1c506f6c4febc0ddde7bf10a17adab3d4f558a22393db8f703a7537b893fd6b
NID5-V1-000299,299,1,New NID Registration,dev,NID5-G-6fa16def0b623f78904b8670a23419ec5a5e2d2a3cb121770c093f468ba37b56,6fa16def0b623f78904b8670a23419ec5a5e2d2a3cb121770c093f468ba37b56,23c043abd719c7a2aaf6071b5368c8b03b1c2894986217be54e4aad1d31e9bec
NID5-V1-000300,300,1,New NID Registration,test,NID5-G-bdde88058e45605f007b5c9ff74dc1b394378770dd6c4001b1038af9233ed616,bdde88058e45605f007b5c9ff74dc1b394378770dd6c4001b1038af9233ed616,a451cb2ad939fa6605b318d991b841df40bbb4b87f88da6a26c792d99e54dd72
NID5-V1-000301,301,1,New NID Registration,dev,NID5-G-206631e9ed40da19bb7c738aaa6b828c031c6bf59fd0d2b0f971c0255d395021,206631e9ed40da19bb7c738aaa6b828c031c6bf59fd0d2b0f971c0255d395021,cfe793e91e3f78a0e7bbac426056fe67dbdd97db0c607e554e85fd8a6b5445e8
NID5-V1-000302,302,1,New NID Registration,test,NID5-G-f9d5a93ea0d0f26969fcabf2b5f556ee809102edce4ca327852b0c7e030cf37f,f9d5a93ea0d0f26969fcabf2b5f556ee809102edce4ca327852b0c7e030cf37f,375e1d0338f1949ee6c51dd39d2094c16596ce7ef1be4b8da2f0b864952a9a91
NID5-V1-000303,303,1,New NID Registration,test,NID5-G-57eff20cef1b045e826c1de80da6252df165e45dea0e4b866cc5fe9c01eb7450,57eff20cef1b045e826c1de80da6252df165e45dea0e4b866cc5fe9c01eb7450,f6bca7166db3d251e160151241453e1eee1f0d709f59549f5fee76aff32b0c64
NID5-V1-000304,304,1,New NID Registration,train,NID5-G-bf421e8eeb3ab14d54fac0621ec9ccb1d4d00e47a908fb19c30975c8d26b5494,bf421e8eeb3ab14d54fac0621ec9ccb1d4d00e47a908fb19c30975c8d26b5494,53d5a8d7914b8f27a8afb81fcb4ebe9db43720a109cfb212cf1c95ce89c2b8cf
NID5-V1-000305,305,1,New NID Registration,train,NID5-G-fe25011e5346ef33868caa7092be61761e5ccf069219a8a40ef468c3f71a4964,fe25011e5346ef33868caa7092be61761e5ccf069219a8a40ef468c3f71a4964,f45a1651723b3507636e5732c822f450aee96ea78d620ae360265b1298286c03
NID5-V1-000306,306,1,New NID Registration,train,NID5-G-89f216aef6184d4b39c5fa80f9a7e943d00f0c36539e7567ade18d5c89236692,89f216aef6184d4b39c5fa80f9a7e943d00f0c36539e7567ade18d5c89236692,71e76e3e28e525c02503c55e43361f6bed5e4b3067939d9261d8690c6dd6ae59
NID5-V1-000307,307,1,New NID Registration,test,NID5-G-b94c992f1e6a4282c13a2244dbac777f67679ef7eec5eb5295785fb38b05c876,b94c992f1e6a4282c13a2244dbac777f67679ef7eec5eb5295785fb38b05c876,4ab1eacc7d142735ac3a217ab5327831c843a88705de7eec01613cea4ef9d7f5
NID5-V1-000308,308,1,New NID Registration,dev,NID5-G-c840bcd8dfc935cf09b340168f119633f39a8f4de43637756d36bfa6bf7c1961,c840bcd8dfc935cf09b340168f119633f39a8f4de43637756d36bfa6bf7c1961,09198209c11e6efee579121b5854a02b5b1cf0b0f770d34d4149e8d5b7880043
NID5-V1-000309,309,1,New NID Registration,train,NID5-G-06789bc3f9a983d2a1230140bf047458ee5023a9e3a8ed176f376f7098ec44f4,06789bc3f9a983d2a1230140bf047458ee5023a9e3a8ed176f376f7098ec44f4,e8af82adebb107643636c9998b42343d548b6e8b74ecf88d6db7a265a15c6373
NID5-V1-000310,310,1,New NID Registration,train,NID5-G-7ad1828802cecf48dd689d177a39319a0360ef72ddd8c96e51deb2573e58a555,7ad1828802cecf48dd689d177a39319a0360ef72ddd8c96e51deb2573e58a555,bcc73da9e2260b40bd4b6feb4da49b2cfd87d09fd5e7c569df4a85018e25ce0a
NID5-V1-000311,311,1,New NID Registration,train,NID5-G-10c3dc2b1beb3936c183208e744d190452b5818a49a197f0ce384486e44860ee,10c3dc2b1beb3936c183208e744d190452b5818a49a197f0ce384486e44860ee,1d0d1f173101f63a4ddb43be5ae9309c543ec200b485354de6f47f1593140c3d
NID5-V1-000312,312,1,New NID Registration,train,NID5-G-4e1acaa9ae611865a090f2a64af68aecb37770bbd6a6b305812328a778d601b0,4e1acaa9ae611865a090f2a64af68aecb37770bbd6a6b305812328a778d601b0,27c0367f9daf8a6a9a540e49ea9d6111964d52ec5f124562b192fb89bdd8bdaf
NID5-V1-000313,313,1,New NID Registration,train,NID5-G-e022dcd36b692f4ec544793a1dfc5b9af2270332af2d295842f7fa49600e1e1d,e022dcd36b692f4ec544793a1dfc5b9af2270332af2d295842f7fa49600e1e1d,b0a67d9ed4cb0584f984e947bd044c463896c4dbff36874f66484c5ec73daaae
NID5-V1-000314,314,1,New NID Registration,train,NID5-G-130737754205b4af3c88b5896186529b5a1bec267c9ed5755598ccb4e8a22380,130737754205b4af3c88b5896186529b5a1bec267c9ed5755598ccb4e8a22380,478047e5ba6880c9121d357f5c7008c185ed74412a86cb2c2205b5591b4debca
NID5-V1-000315,315,1,New NID Registration,train,NID5-G-d0726f18b90e5263ca84e766ab27e62568feb14efbbb32fb95f931af38ed6962,d0726f18b90e5263ca84e766ab27e62568feb14efbbb32fb95f931af38ed6962,01d6c4ad4ced46d7b59b242102e43f5ae6ea9366c1a70fe725cd3b213d28733f
NID5-V1-000316,316,1,New NID Registration,train,NID5-G-2b7bc3d3f7a1ea1b31c513ddc1ab5efa4bcc307f9947b5f47c18da24e59fdd1a,2b7bc3d3f7a1ea1b31c513ddc1ab5efa4bcc307f9947b5f47c18da24e59fdd1a,6bbc5882e26336db74ccd5d6ac370882c8b1b037df1923eb9e866ef9afa0fa67
NID5-V1-000317,317,1,New NID Registration,train,NID5-G-c82f1cdaa927269296d1acbf6dc333650ddad5150a64ce1529d954aeff320dfe,c82f1cdaa927269296d1acbf6dc333650ddad5150a64ce1529d954aeff320dfe,b99ec965fc835c16e5390224d265bd019f186c62f31334f81d1448a0718d749d
NID5-V1-000318,318,1,New NID Registration,train,NID5-G-b8cffc218e60fabec2e7cfb4629cce776ff2e2492ebc5ade27f34cfef5230149,b8cffc218e60fabec2e7cfb4629cce776ff2e2492ebc5ade27f34cfef5230149,4d7f32f6fb3a47f9f9b25de4c6c5ec03f36b3d3016b5ef213eb6411c4cdd5345
NID5-V1-000319,319,1,New NID Registration,train,NID5-G-c507191a38b150718113c55cb113ac6513cf2472b23d5ebe9877559a66cfb949,c507191a38b150718113c55cb113ac6513cf2472b23d5ebe9877559a66cfb949,e685b3fa00280d7a09d337f7d728d27ecbdb31fd9d54d3d0b45b09d595cf69e7
NID5-V1-000320,320,1,New NID Registration,train,NID5-G-68d88878b79d46fb64d233c0e9675e152c56240dc4a28b52bb1b1d1853978002,68d88878b79d46fb64d233c0e9675e152c56240dc4a28b52bb1b1d1853978002,542f268dcdfa33236cc004dec5b6760bac3a03ad1eca173da1a6f2be77a30a55
NID5-V1-000321,321,1,New NID Registration,train,NID5-G-470d6e4b7d56ffeb9bdd87663f6610d171e74246c186bc38aefbca4913ee8238,470d6e4b7d56ffeb9bdd87663f6610d171e74246c186bc38aefbca4913ee8238,5c7cb9dd8f1b567d041939fa0694bf5b203440682d58a0020ab035ee65fca303
NID5-V1-000322,322,1,New NID Registration,test,NID5-G-a242cd5fd043b181a01b048511c710d0f896ab6c36a9bf980489d261c229d66d,a242cd5fd043b181a01b048511c710d0f896ab6c36a9bf980489d261c229d66d,ecb03ee96486164e53331ac6bc2d3750300440fe24cfb7cacd44d002ed6ca440
NID5-V1-000323,323,1,New NID Registration,train,NID5-G-a752fcd9f94a87089bff6f706890f6adf02679553ebe5af26c4bc580717a5771,a752fcd9f94a87089bff6f706890f6adf02679553ebe5af26c4bc580717a5771,973a1d09090b457e8e0d6c4be6a77e48c771fdf3a8d3a2299b0b7dd9efdab3c8
NID5-V1-000324,324,1,New NID Registration,test,NID5-G-64dc0b6118cbab689c5cc8979e5b13d82d39177407954d4027eeb7ffdab9591f,64dc0b6118cbab689c5cc8979e5b13d82d39177407954d4027eeb7ffdab9591f,4e8837b27fd365aeabd94e9727f8ef32d64bb57d4ad55178a16f81805a525b45
NID5-V1-000325,325,1,New NID Registration,train,NID5-G-42caa2c5b61d66ff7abd7a53826eaceb82c58df093f64ed10d404660c54099f1,42caa2c5b61d66ff7abd7a53826eaceb82c58df093f64ed10d404660c54099f1,3f40fd5ee215a74798a488fcc3cedf64c462e23726a1ccd1146e3109ef3df387
NID5-V1-000326,326,1,New NID Registration,test,NID5-G-9b47af3adac772f5b7a8017a11deb4ed81a97986610362a99482eb8350748d2a,9b47af3adac772f5b7a8017a11deb4ed81a97986610362a99482eb8350748d2a,87cdeaac27e7ee0da352eb956636647366f58282a94b1352a74e9d148ff4029a
NID5-V1-000327,327,1,New NID Registration,test,NID5-G-935b62a431db284712bdefbfea4fba938bb37763c76e53942d53af4296f98531,935b62a431db284712bdefbfea4fba938bb37763c76e53942d53af4296f98531,8c9909419da782e9628432e4d012cba917e5cd0cc26f87043492c0ec784b81ee
NID5-V1-000328,328,1,New NID Registration,train,NID5-G-c495bfb826d632929ff3d760b563b397e3aa4c5a19fe06686c93182cad0e293e,c495bfb826d632929ff3d760b563b397e3aa4c5a19fe06686c93182cad0e293e,fde539297a1a31ab92b0ea2aacd4b18dbbab7a8231845bea4d34cec3d5710ef7
NID5-V1-000329,329,1,New NID Registration,train,NID5-G-2c810585622e397f189193f54b9cbafcdaff641dc9ec5220a06bb28c333f6ea4,2c810585622e397f189193f54b9cbafcdaff641dc9ec5220a06bb28c333f6ea4,7e26cbb549784a94d1a897de56cb99666e20aeb32894f656f190579646f3be9b
NID5-V1-000330,330,1,New NID Registration,train,NID5-G-a5f2ff18c4006d12b8327f738fa51988f3856aa4457f65ea9af628c5fcdf2f9c,a5f2ff18c4006d12b8327f738fa51988f3856aa4457f65ea9af628c5fcdf2f9c,1d57fc7d99bfd86ff0fbd4595f057f5c33878b7ad896f189147702515d3bcbbe
NID5-V1-000331,331,1,New NID Registration,test,NID5-G-a051e4da42bb64a6b19cc97d451c4f2d723da9f1b21797980277c2e484dfe05d,a051e4da42bb64a6b19cc97d451c4f2d723da9f1b21797980277c2e484dfe05d,efa6d89f82bf7afda855f1b8e83742db4831c74c467c37bbc6e31dbdb85f1295
NID5-V1-000332,332,1,New NID Registration,train,NID5-G-abb5c553684f7d390b21b2cddb525a72937f307c56c3cbc242a3ca274b71af2f,abb5c553684f7d390b21b2cddb525a72937f307c56c3cbc242a3ca274b71af2f,e074cc47743d9ae4167fe0e1a7c92cd7c8d29eb76a0af2fbecb7a9341e841da3
NID5-V1-000333,333,1,New NID Registration,dev,NID5-G-62e97bcbc7f16c688a3b6bcc6c3bd425d5c15e0b27c943b64810eaa7937fa220,62e97bcbc7f16c688a3b6bcc6c3bd425d5c15e0b27c943b64810eaa7937fa220,d7182222fb6c7c50371524ed5a29d2ef281fa5f0d5ff04a88c91dba427c9dc66
NID5-V1-000334,334,1,New NID Registration,test,NID5-G-c13bc79129a195fba266931cd649d99422fa628a39bb1ed22707105ef2a45e96,c13bc79129a195fba266931cd649d99422fa628a39bb1ed22707105ef2a45e96,3620ba9d40cb9f5fa0dcdfcfd8d93365480a2d167bd334868de159e4b9e5638a
NID5-V1-000335,335,1,New NID Registration,train,NID5-G-22620e4c22e92e4bff471d5106fb98ad1baa5a4926097c4e97d32ed9410cf1ce,22620e4c22e92e4bff471d5106fb98ad1baa5a4926097c4e97d32ed9410cf1ce,a8b15b063516c904fb1ed440695b392fc6e06a270a4c90a9bf6e425ef2c7be7e
NID5-V1-000336,336,1,New NID Registration,test,NID5-G-d5a4c3c3da395745fb3260ae6cb391271f7daf4833bc4ac6fb0c18a6228885e3,d5a4c3c3da395745fb3260ae6cb391271f7daf4833bc4ac6fb0c18a6228885e3,0fee8a39131bdfeb8170b409e4a502b789c6f77baf9eb2dd1708afc67e15e4e3
NID5-V1-000337,337,1,New NID Registration,train,NID5-G-b59f6c9bc6dbf4d05e3889b67661266401e057e8bc1becb8fb137002c8920b2b,b59f6c9bc6dbf4d05e3889b67661266401e057e8bc1becb8fb137002c8920b2b,95766d565b13204f53770a83a797871938b92d29f3ed4a6730f97ea5447a7d2b
NID5-V1-000338,338,1,New NID Registration,train,NID5-G-91a6496144e7b8a83326f581cbf2c2bd8650e36a20c0e5011d485bf56dc3f0ca,91a6496144e7b8a83326f581cbf2c2bd8650e36a20c0e5011d485bf56dc3f0ca,1b422d44fe2dbb5b172cb132fdc3193d2f3efdcd554eb1daa1827627b6c8678f
NID5-V1-000339,339,1,New NID Registration,train,NID5-G-ccc429fb70a8361d13b5cd6d07f776cde1dbef332623c0b2e59bef3ffbc97e3a,ccc429fb70a8361d13b5cd6d07f776cde1dbef332623c0b2e59bef3ffbc97e3a,f8bcc3dfd616078535d931a7acef591df312b59c1252d4f457d2fadec03def98
NID5-V1-000340,340,1,New NID Registration,test,NID5-G-2c0b122cb6aa3370d65bb366ee1c8f9cdc6c972fe925c68bf71b34bca099c0f7,2c0b122cb6aa3370d65bb366ee1c8f9cdc6c972fe925c68bf71b34bca099c0f7,ffaea8721b122f6eb2686723dc4314f0687a9e810b2c8ee98dd5e4631c103a59
NID5-V1-000341,341,1,New NID Registration,test,NID5-G-0db5f4c43ac71c4ce55df004b53289163d3fc67121eafe684fafe4c5e9359a09,0db5f4c43ac71c4ce55df004b53289163d3fc67121eafe684fafe4c5e9359a09,8ae5378e824b4e01f6f2841ef7e4e30e1771a95179f032d1dbcae8f1abf16221
NID5-V1-000342,342,1,New NID Registration,train,NID5-G-3c245a6d1039ef4a681173a009522f78ca5baa7746dc7e20bb56f8357b51295e,3c245a6d1039ef4a681173a009522f78ca5baa7746dc7e20bb56f8357b51295e,70baad030c5bd0428896eb0b497bd3e89257657ea7c413f01e7a5f53c7dbc839
NID5-V1-000343,343,1,New NID Registration,test,NID5-G-c68c6618eb69b57ec340061fcc3c7e8089e72694d251fba258e042facecad6e3,c68c6618eb69b57ec340061fcc3c7e8089e72694d251fba258e042facecad6e3,87b5a8b8a1e3fc018696226b6aa67cc52abcd4d5ad5fe24ed31a79c973a609a0
NID5-V1-000344,344,1,New NID Registration,train,NID5-G-bf8cd6bc11b5598ae936b25c4ffbe3d6d432ce2d5084c3ef50823b1224934865,bf8cd6bc11b5598ae936b25c4ffbe3d6d432ce2d5084c3ef50823b1224934865,4c4af4238068cdb88f2996823db4ce4e3d315eaf63e92d88a18c02261efcd776
NID5-V1-000345,345,1,New NID Registration,train,NID5-G-f693441e2345e47ecf00f2704b01710bc65aece5bc73c5019aa5a21fc354a352,f693441e2345e47ecf00f2704b01710bc65aece5bc73c5019aa5a21fc354a352,7624a20a6730751bd885958aa13191293730d6f7211a17daf0b19348e325237e
NID5-V1-000346,346,1,New NID Registration,test,NID5-G-9d9768bb59eadffbd84e1afbdd80d48504e9ae4071e6d1a27ef819d4dcc96711,9d9768bb59eadffbd84e1afbdd80d48504e9ae4071e6d1a27ef819d4dcc96711,1dd66f6de5d8943ad7b4a723700e57572be7835f2c7916d742b5258ed59570c6
NID5-V1-000347,347,1,New NID Registration,train,NID5-G-6ef9a8ade0525fa9bdab23b21406b5bde435d8d6c6e8bd53b4dd783966af56f2,6ef9a8ade0525fa9bdab23b21406b5bde435d8d6c6e8bd53b4dd783966af56f2,cea34cc7d49b46ed919277b0b7edd164135f4661000a41ccb858e7fc355edb0e
NID5-V1-000348,348,1,New NID Registration,test,NID5-G-510eea7d34edfd1ca13ddc017db7dc126036e3f634b785d3c24f392ebaac948c,510eea7d34edfd1ca13ddc017db7dc126036e3f634b785d3c24f392ebaac948c,e6d4882b5a3d730d8f7621d2c0edef1eb9fc10fb17aab3901c93b0918c4b5383
NID5-V1-000349,349,1,New NID Registration,train,NID5-G-38ab249a02e0b435815beab375c5433048ed3affcab674edc8cb55428a9c36c8,38ab249a02e0b435815beab375c5433048ed3affcab674edc8cb55428a9c36c8,87dfe1b441267f7475e2688f006b408e364cec6d6c2cc33c7c99a82f3d421384
NID5-V1-000350,350,1,New NID Registration,train,NID5-G-a0e4775525759eb0f421c5a8aeb118ccee54ca566d59656f55c312ab7ce8c0ef,a0e4775525759eb0f421c5a8aeb118ccee54ca566d59656f55c312ab7ce8c0ef,388ec879f6f3ac0d33a0363b266f32b4c6782959f102facb5b735e7aab96ce06
NID5-V1-000351,351,1,New NID Registration,train,NID5-G-9d632d9133999e5d8f226b4df7e18aced3bbb5276aef0c50486033b63203385c,9d632d9133999e5d8f226b4df7e18aced3bbb5276aef0c50486033b63203385c,7125ce51bde0ec1944c14d87ec487c78a299c2cbe3e4a3cfbec609761c5b63eb
NID5-V1-000352,352,1,New NID Registration,test,NID5-G-9e2726acba3fb5bdfe8ae58145f3fb8f0b6745192405b41beaac5b9719ebf74a,9e2726acba3fb5bdfe8ae58145f3fb8f0b6745192405b41beaac5b9719ebf74a,290a41f2fd9cab9a82dd1e46b6db1456a07229b0fe3d7e20cbb11b6e86421b79
NID5-V1-000353,353,1,New NID Registration,train,NID5-G-26c7e2e0d1044c8f6391f31a4fdcfc0290c1d1819b890aba054ffcfc699fc179,26c7e2e0d1044c8f6391f31a4fdcfc0290c1d1819b890aba054ffcfc699fc179,778b8fd3e3046b1ed299eb89b37bd212b9dad95d2e73d28b93f888fcbbea4933
NID5-V1-000354,354,1,New NID Registration,train,NID5-G-1014d9008b66d41b3299007b26b85a00713dd476d9ccc5fe3b467b52942e069e,1014d9008b66d41b3299007b26b85a00713dd476d9ccc5fe3b467b52942e069e,00af9d8cbeb4f9bdb4f4073817e765d6bb6789b7764189df9b2a08a7bf4849d2
NID5-V1-000355,355,1,New NID Registration,train,NID5-G-5a19f6e66f55c0897b89a9fe6e3fba01c182e6ef2897a308ac3b52fb7fb753dc,5a19f6e66f55c0897b89a9fe6e3fba01c182e6ef2897a308ac3b52fb7fb753dc,80a9f09601433bb386cf11eaedf88e42b6f1d1185fb32aaea1470313330ae02a
NID5-V1-000356,356,1,New NID Registration,train,NID5-G-e4dd2cb2a83dffbeb51cf06e798347ebae9fc1661dfe6f9d1fd6e07c9391d6dc,e4dd2cb2a83dffbeb51cf06e798347ebae9fc1661dfe6f9d1fd6e07c9391d6dc,0093990a4e4f4e8d1729694becd4194ffa7cf8deb2b8839b2e1426cf405557a9
NID5-V1-000357,357,1,New NID Registration,train,NID5-G-eb97a2234072326c99fbc82f2df1cdbb02b66744acd8dd3541012ab61d234099,eb97a2234072326c99fbc82f2df1cdbb02b66744acd8dd3541012ab61d234099,e3592b4e936c885c9e0de5d88e10b786e50f90e352e325a9d1f438e38d72224c
NID5-V1-000358,358,1,New NID Registration,train,NID5-G-048d530d36a89f20ba670575587ac48362d0b565bbe5074c5c44fed63a64cc92,048d530d36a89f20ba670575587ac48362d0b565bbe5074c5c44fed63a64cc92,c2bb599a4723866d7d2beb8ca51167b61c152a45830b14b0a63bfd968a6bb27e
NID5-V1-000359,359,1,New NID Registration,train,NID5-G-d324178f341fdfb7c1bd989f9fb85b86fbbba9b7f1c0945f7f6afb36011cccde,d324178f341fdfb7c1bd989f9fb85b86fbbba9b7f1c0945f7f6afb36011cccde,22f054be1dc63bd74551192da6e1a7d7d6e1438ca40bedfeb03f8a0e9f53e962
NID5-V1-000360,360,1,New NID Registration,train,NID5-G-a3213efb43228c4881c213944d20da919052c562a270b521450a831bf287bec7,a3213efb43228c4881c213944d20da919052c562a270b521450a831bf287bec7,03a5b2f7390744b20f606cffa95faf3569c768830dbff9c37d0c4c79a9e9a760
NID5-V1-000361,361,1,New NID Registration,train,NID5-G-868f36a82c5077277305f0063cb5b4fc3768f6451cb1dc21bbba9eff81a3b979,868f36a82c5077277305f0063cb5b4fc3768f6451cb1dc21bbba9eff81a3b979,2707f0848681942b6896d4fea18f63c770562fba38ce47da11de0439727de413
NID5-V1-000362,362,1,New NID Registration,train,NID5-G-155451194d9b2365da843418be92d0ceb7e6171abdaa8807e5e1e76bf2952d7c,155451194d9b2365da843418be92d0ceb7e6171abdaa8807e5e1e76bf2952d7c,3a5d18b46d81e28c0f95839b3dbc3b6fa9b4b58a93349cf468578300105f19f6
NID5-V1-000363,363,1,New NID Registration,train,NID5-G-fef8702c8b4232783bc8ad7ccd063a4d05b656eafb59ddae7e07c5fd0512cda0,fef8702c8b4232783bc8ad7ccd063a4d05b656eafb59ddae7e07c5fd0512cda0,ff0cf93743328b24bd8b4d2cf434376d8fac0bd93785d677c53793e4f4d69904
NID5-V1-000364,364,1,New NID Registration,test,NID5-G-935f9ec9ec6e781f94947737707b231241e9883ac4439c36d023456642a50db7,935f9ec9ec6e781f94947737707b231241e9883ac4439c36d023456642a50db7,096c75491e75577e4d5cf74a2110386aee67b740d115b51dff568e86696cc58a
NID5-V1-000365,365,1,New NID Registration,test,NID5-G-31e44107e2d87e0a807b418e1c0e80ae7dc513f7518afc69e2dd3b7656a858ea,31e44107e2d87e0a807b418e1c0e80ae7dc513f7518afc69e2dd3b7656a858ea,3dcb34e539fb59bed87ba6ce1c24981b5e7e7397619d3d45699b43d7b9b1a7ad
NID5-V1-000366,366,1,New NID Registration,train,NID5-G-c976bcb0684e699df1020d7b49abac9997582b5a216ae16329472ad844b07591,c976bcb0684e699df1020d7b49abac9997582b5a216ae16329472ad844b07591,7ba8ca0f3c99ee8299ba462ff096dcfed00c2a481622cd62087b7fe79cecb179
NID5-V1-000367,367,1,New NID Registration,train,NID5-G-2d7204fc5ad68b4465e2c3a7b724297b9eb2be39bfb68d5c43b0b37bdb5e825e,2d7204fc5ad68b4465e2c3a7b724297b9eb2be39bfb68d5c43b0b37bdb5e825e,ca6d96e20f0200c8fc00ea77bb740d4b44fc15cfd65acc1d56a1544483faf0e4
NID5-V1-000368,368,1,New NID Registration,train,NID5-G-6a052037aead64376cc94b1e7092ce06cb92bbd0c43f0c20ba15c6a0e1a53b6d,6a052037aead64376cc94b1e7092ce06cb92bbd0c43f0c20ba15c6a0e1a53b6d,a88283f3683ba9f93c7316c33aa37a966f91c38c7bc9341abdb8af12cb476990
NID5-V1-000369,369,1,New NID Registration,dev,NID5-G-7f25a7a098e73a05afce7739f76296dc40409d54229ba8998efb2d09349410e7,7f25a7a098e73a05afce7739f76296dc40409d54229ba8998efb2d09349410e7,825c9424652ce55095f4660f28d5a13d43aea753aa424d1a9c80b63ba8c57094
NID5-V1-000370,370,1,New NID Registration,train,NID5-G-03c4f3fbedf2c8028f2c2ec87b14f7eadebf78cc20452f530fe965e8f0883cd6,03c4f3fbedf2c8028f2c2ec87b14f7eadebf78cc20452f530fe965e8f0883cd6,6ffa9151e707cebdbc328b01e64ef9919275fff1eb79ef2d7fbf72a51f7bce8d
NID5-V1-000371,371,1,New NID Registration,train,NID5-G-1b3605de19d7c6fc41da3f2ba1b59c333eb7cdb5ccaade74a8a8e710bdd05212,1b3605de19d7c6fc41da3f2ba1b59c333eb7cdb5ccaade74a8a8e710bdd05212,9b391e56355865ddd7eeb845c618a985cdaa5baa6789718bd6d41ae05cb9b542
NID5-V1-000372,372,1,New NID Registration,train,NID5-G-833db1cfcdb0e0260d285f0e054186fb19690c54b55707bf3e90ae691386778f,833db1cfcdb0e0260d285f0e054186fb19690c54b55707bf3e90ae691386778f,28f393ac36c0fcae335c1d1d6618d321d0fa57080987e35dea9929a0088ff50d
NID5-V1-000373,373,1,New NID Registration,test,NID5-G-c5f4f20c63a60b5c24bb814940ada7cfd47f52efc8eddf4185d7fd4ae1eb364d,c5f4f20c63a60b5c24bb814940ada7cfd47f52efc8eddf4185d7fd4ae1eb364d,146761c8037bdc87f45566bcfd3560026b31b12f6622552513889f35d5dbd89f
NID5-V1-000374,374,1,New NID Registration,dev,NID5-G-f5cc53df215898c886ac4636023eca3576fbc6c03a594231ba1b966182391065,f5cc53df215898c886ac4636023eca3576fbc6c03a594231ba1b966182391065,4b5d9f8e63d8c6afca6386d367ae6e2cdd57be5fed7430e9766fea1f832ec682
NID5-V1-000375,375,1,New NID Registration,train,NID5-G-46a992f26900b8448976e30a397178d43ddd97f8c1d737da61142416f727e114,46a992f26900b8448976e30a397178d43ddd97f8c1d737da61142416f727e114,63685a1128802cab0da05220bd6b012cefc994b74824e7a48acdb5c1d4d7bad8
NID5-V1-000376,376,1,New NID Registration,train,NID5-G-e6cca3799e582ce845d779fc4efc6acfaa42906dd0144e02c379e1bea0915c92,e6cca3799e582ce845d779fc4efc6acfaa42906dd0144e02c379e1bea0915c92,de9bd17ede27033488873206db0d70183a0a2be6bcd179f4fb6749e79b0c9bda
NID5-V1-000377,377,1,New NID Registration,dev,NID5-G-dfd2200ce194bf076a9d76ca3d34c4dfe6b135dcfe575ca555dc33c1404c4887,dfd2200ce194bf076a9d76ca3d34c4dfe6b135dcfe575ca555dc33c1404c4887,df942d6e0cc8d5ecfe21a8381b0c778b342a2af6aa2c479d61fc01ff71bd17eb
NID5-V1-000378,378,1,New NID Registration,train,NID5-G-038af2f1cb39eabb22ecbc078bf90e30f65d1f0da6d956cbffc821586b9a7d0f,038af2f1cb39eabb22ecbc078bf90e30f65d1f0da6d956cbffc821586b9a7d0f,9c62ecd4b23f99b5d7e04a18c14c26f2acafa84ad7c8851beca2d12d0e60117d
NID5-V1-000379,379,1,New NID Registration,train,NID5-G-424517d144b60d274eb17e29be0a95b0316878624ca19941fceac95a8494e7e6,424517d144b60d274eb17e29be0a95b0316878624ca19941fceac95a8494e7e6,b6e769156f999189057cef64313cdb2b74b5fa99bc03457e07559369bb876020
NID5-V1-000380,380,1,New NID Registration,train,NID5-G-27d3322dc2503b47288a9a0b6a33d110d7c170ca8e54cf7d12e211fbad2b24d5,27d3322dc2503b47288a9a0b6a33d110d7c170ca8e54cf7d12e211fbad2b24d5,c2769aecc9d11580fdd2623601019a221fb0197fcbd4761e6336e171d7305244
NID5-V1-000381,381,1,New NID Registration,train,NID5-G-cd36220839d22ae23a93ef57381f92930e0fcdc9b9214d9366cebc37c742927b,cd36220839d22ae23a93ef57381f92930e0fcdc9b9214d9366cebc37c742927b,137829ea68147e373cf28a7230985fc152ad04e8c4899780f579e78d39bb1ed5
NID5-V1-000382,382,1,New NID Registration,train,NID5-G-a2188fb4882c068079f34b5a757a5d85b4e3119ab815242a3cbafce35bdcdf53,a2188fb4882c068079f34b5a757a5d85b4e3119ab815242a3cbafce35bdcdf53,d6a910c7c809928579a9389b4436a9877613a4a067d1b684946de787da86e56d
NID5-V1-000383,383,1,New NID Registration,train,NID5-G-48a621fe46e6ea10606ed0f047cd3309b63ad747f660cca5a331774a7bbe9679,48a621fe46e6ea10606ed0f047cd3309b63ad747f660cca5a331774a7bbe9679,b94850cc6d761b055cfcdad8f100f8ab7d07c3b4004d3cfedacf30174a0aae55
NID5-V1-000384,384,1,New NID Registration,train,NID5-G-6b6c9feeded34eebf9859b5538753e99376d3133320fb5abaa3d966f5fda8c69,6b6c9feeded34eebf9859b5538753e99376d3133320fb5abaa3d966f5fda8c69,35de0e4d61e811f78f5784725e10f58acdf477c50774537d16ac37275819fcdd
NID5-V1-000385,385,1,New NID Registration,test,NID5-G-24ecbed3b28dae13ea386fb32a185546d2953bfa7974abe36f0d5511efee8309,24ecbed3b28dae13ea386fb32a185546d2953bfa7974abe36f0d5511efee8309,bc1dcd1ff868e476dfaffd09da3aca215c618d6ef8a658a559a35f3e51affb8b
NID5-V1-000386,386,1,New NID Registration,train,NID5-G-b95e51e6bfe8990158e15bf962a5916347f123d52da0e9177cbd1561d145a132,b95e51e6bfe8990158e15bf962a5916347f123d52da0e9177cbd1561d145a132,7b6c443941f1f3c868a36239676b0566d52ff6b73f5aed98ed84d7ce5814734b
NID5-V1-000387,387,1,New NID Registration,dev,NID5-G-bb1875588b35a02cd2ac7bd4d4fb83aeaabe77605daf1c5ffac62b8d1d46df42,bb1875588b35a02cd2ac7bd4d4fb83aeaabe77605daf1c5ffac62b8d1d46df42,064daa94ee86106bf737ce203af4e2cdcf066977e63780dcd5cdcef9b19676cb
NID5-V1-000388,388,1,New NID Registration,dev,NID5-G-573207b851f54190101aad097f07610a8aba4a04f4ba3daea20c8016adcf85fa,573207b851f54190101aad097f07610a8aba4a04f4ba3daea20c8016adcf85fa,a5c3f907a2f13487aaa9b02e4b53cc9e0a97d552e5b5adc11fc5f8edfbc49961
NID5-V1-000389,389,1,New NID Registration,dev,NID5-G-66e3608d49c43caaed5b069af3c698714b9c3828de931f40bc8468d6d7e491a0,66e3608d49c43caaed5b069af3c698714b9c3828de931f40bc8468d6d7e491a0,285119a1765fcb317ab09744c04085b8f61bb27160753b9e59fad52a49bf1700
NID5-V1-000390,390,1,New NID Registration,dev,NID5-G-11085674b748d9cf55660d2499a62c52a1aef0ee795daf046ef00b0e75f041ed,11085674b748d9cf55660d2499a62c52a1aef0ee795daf046ef00b0e75f041ed,4e13e8a482e1d4cdcd4b02e578206f8e34ab0e8a29b1624081cf57b1c633eb8a
NID5-V1-000391,391,1,New NID Registration,dev,NID5-G-a8c01d4ed76d8a84ff74c30681480cdfa82412f16d1ac8c3b1e1263dd86edc32,a8c01d4ed76d8a84ff74c30681480cdfa82412f16d1ac8c3b1e1263dd86edc32,29cd420d4d986d115941d2f07255d3c22c7ad864336ded5e070c1316d743bc11
NID5-V1-000392,392,1,New NID Registration,dev,NID5-G-e6911b8292908d4d5f9afdc4aebfc4feca3e895d066ab81e74f1f0e953d4cb03,e6911b8292908d4d5f9afdc4aebfc4feca3e895d066ab81e74f1f0e953d4cb03,bd4d63f3cff0cd5113261520f449627b2977f955f94aeb0416b3811a972f0d68
NID5-V1-000393,393,1,New NID Registration,train,NID5-G-7456ebb31baf04e1ed422a4eccd001c75588eccb5c44dd2d7999c881fab487c0,7456ebb31baf04e1ed422a4eccd001c75588eccb5c44dd2d7999c881fab487c0,b8fb535941c6d8ae074b3b3721b9f1328af68f211c25a917bb769ca4c72ed905
NID5-V1-000394,394,1,New NID Registration,train,NID5-G-df7edec688af15c5ac214e71592ace67764fbf6163dd8ce739ceb015e1857366,df7edec688af15c5ac214e71592ace67764fbf6163dd8ce739ceb015e1857366,626ac8d0694340aa7675c4b5deeebaa9fd98aed5ae60fb6e2776657fa4bb664a
NID5-V1-000395,395,1,New NID Registration,train,NID5-G-012497b4a4b4f0b8b7801191b06de9af2ccfc9e7860da2028d0cdbcc6d2df345,012497b4a4b4f0b8b7801191b06de9af2ccfc9e7860da2028d0cdbcc6d2df345,b4d03936729765cee148e073e210de3219167d8fbd987c05009cb4a029d2b2db
NID5-V1-000396,396,1,New NID Registration,train,NID5-G-2018478eecf3753ffb6d0c9c44780e977f2c06050fa88a6a3d3134df86319249,2018478eecf3753ffb6d0c9c44780e977f2c06050fa88a6a3d3134df86319249,1f56514022a1db7212549cde2c6ff4d0c69c644091269954ba6acf41e29daa69
NID5-V1-000397,397,1,New NID Registration,train,NID5-G-27fe22e6b9b81381f51f4e139654c3cc9781819de3e80e6204aa90adce0515b4,27fe22e6b9b81381f51f4e139654c3cc9781819de3e80e6204aa90adce0515b4,808fdce0e8da904231cc55f07b44e529e611927c206397a2986db996e83e5c02
NID5-V1-000398,398,1,New NID Registration,train,NID5-G-f30d4d6e8db843b6835781846baa8399272af6f134b704401fb8bc0d74e05e2f,f30d4d6e8db843b6835781846baa8399272af6f134b704401fb8bc0d74e05e2f,ee742197446e132cb31638999388df3d9f57effd505fb19e6af5d1302d1e4e2c
NID5-V1-000399,399,1,New NID Registration,dev,NID5-G-d05b314e6b5fe1967ccd8f7a1259086fff60057eb96f6da0178834bf2c59f367,d05b314e6b5fe1967ccd8f7a1259086fff60057eb96f6da0178834bf2c59f367,f02a5081cebca5f651d6027715100e7e86566bf504d7a1ddd48f775294bec2d1
NID5-V1-000400,400,1,New NID Registration,dev,NID5-G-d392adaae93f9fa545aca0e0dc8e7bc57e9e71dc5c0346cd220da24fe7dae5cc,d392adaae93f9fa545aca0e0dc8e7bc57e9e71dc5c0346cd220da24fe7dae5cc,cd76708ac4d7b01914cc4af48fa8ef623cc6fa9a62738ed11703ffd5e57ae3d2
NID5-V1-000401,401,1,New NID Registration,train,NID5-G-2213a37596bbe4d7477e89c512c56089460b3cac86dc5504b0873ae6569dc86c,2213a37596bbe4d7477e89c512c56089460b3cac86dc5504b0873ae6569dc86c,0bff997058b8054c96722ef43bd7ef991f22bbb8a184f10a0690edf910c27919
NID5-V1-000402,402,1,New NID Registration,train,NID5-G-1bb067578c8a8e3a5eb7e4505ddae6eed838eae77790ed15e02a17acb74dc438,1bb067578c8a8e3a5eb7e4505ddae6eed838eae77790ed15e02a17acb74dc438,a2670e32a07a758d504df3e2d2106903aade229127e51aba95755f28f20464ee
NID5-V1-000403,403,1,New NID Registration,train,NID5-G-d0e2e3a89ac721aaf01bd82ee17b737060d2c3a9d42503a8b50cc71828f163e8,d0e2e3a89ac721aaf01bd82ee17b737060d2c3a9d42503a8b50cc71828f163e8,164932ac22d12c0afe68af53a06aa7175b689651dee136046b613206585c0927
NID5-V1-000404,404,1,New NID Registration,test,NID5-G-a9a6dfa62af14e025e6ce5288fde646ba6ff1e1c5e87f038eba2ee9e1ff6328e,a9a6dfa62af14e025e6ce5288fde646ba6ff1e1c5e87f038eba2ee9e1ff6328e,739c6b85fd4af690fbda683f9fa5a57ca4b0231c63bc37138467074d51d1785e
NID5-V1-000405,405,1,New NID Registration,train,NID5-G-601d4ed34574a8c50bce937ba16f9b15a475a21f41d12b1f219f116333434c41,601d4ed34574a8c50bce937ba16f9b15a475a21f41d12b1f219f116333434c41,d944260501f67810d29a49a40faf2e6d3040570ba2c60a7ef66ffb447ff896f1
NID5-V1-000406,406,1,New NID Registration,train,NID5-G-5df6959d03e315745dce5a4b69c2de9e5ffc1b2232eed70db44d7eb1236bd578,5df6959d03e315745dce5a4b69c2de9e5ffc1b2232eed70db44d7eb1236bd578,06f7953e76a985156d156a26a4468f8f4b19b1832d76198678718f49eac20ba2
NID5-V1-000407,407,1,New NID Registration,train,NID5-G-b2d72705ddcdec576c574c55f1c756e924ce66baeddf8e2767bd26bbb7f6ef3f,b2d72705ddcdec576c574c55f1c756e924ce66baeddf8e2767bd26bbb7f6ef3f,38aed6ded0c7b0a5018893310c8fdce490eaa073126351a49c93751c3f7860ae
NID5-V1-000408,408,1,New NID Registration,test,NID5-G-5030447de5a73d06fce6b09c328b25c48abf29ee142e2f4e42b5578f556dd3de,5030447de5a73d06fce6b09c328b25c48abf29ee142e2f4e42b5578f556dd3de,6d3e9c1c6379667b5dbfd4de60c9080408c1b0b4a050bea4e853ebb31a607dfc
NID5-V1-000409,409,1,New NID Registration,train,NID5-G-8ed781c0ef515bbc4f8686e7a764f661940d1799c28537bb051aaba4564c70c0,8ed781c0ef515bbc4f8686e7a764f661940d1799c28537bb051aaba4564c70c0,8c0a2c0b2b13a7992457bbd0eb1ef3c40f97d8784f26f9c48235156f769938bc
NID5-V1-000410,410,1,New NID Registration,dev,NID5-G-5a19d84b89bfab7382cc39d183420a491f32b5d431c349d48f802da964caa410,5a19d84b89bfab7382cc39d183420a491f32b5d431c349d48f802da964caa410,788318a088710f6e7bd429e7c8409a07c6b473d4030e04e5efb62c026eed3f1b
NID5-V1-000411,411,1,New NID Registration,train,NID5-G-e82be8365a51632756973a06da55501da01d546531153f6d586c7129bc76fd3f,e82be8365a51632756973a06da55501da01d546531153f6d586c7129bc76fd3f,58f3c3769b595262b387d453129192058b498013d85ba1098432c1d72eccc974
NID5-V1-000412,412,1,New NID Registration,dev,NID5-G-eaf2cd1bd445238d6bea28ac5b265fa585fd5778cd4b73d2fbaced76e4bf12fb,eaf2cd1bd445238d6bea28ac5b265fa585fd5778cd4b73d2fbaced76e4bf12fb,c60ff23951ff33c455cc032315ea2105f9b53025aea55d5df8ae2badda1b6de5
NID5-V1-000413,413,1,New NID Registration,dev,NID5-G-83b6dd746cb66e4265b9e3533e0ac994458ab0bb3da41d5c4365a295e2a5af6e,83b6dd746cb66e4265b9e3533e0ac994458ab0bb3da41d5c4365a295e2a5af6e,a7d3009161a2287f6d251b93fa34f153c587130ddcb754277fc7d80aed5bef3e
NID5-V1-000414,414,1,New NID Registration,train,NID5-G-70caa02494df5f6c7d12d703518648d74848c56dfa72667494e4d1c219da8f50,70caa02494df5f6c7d12d703518648d74848c56dfa72667494e4d1c219da8f50,4aab7ac81f1bd3a248dcf7cbc04d88cc0af3005392aabc010063374d948be220
NID5-V1-000415,415,1,New NID Registration,train,NID5-G-a13133c6201f2b30813ed7921b54fddba3f90d9fecd370c94f39622a928d29db,a13133c6201f2b30813ed7921b54fddba3f90d9fecd370c94f39622a928d29db,154bac86753271c80809100203356b84c161450ae1639521d06e3cffa16dfba0
NID5-V1-000416,416,1,New NID Registration,train,NID5-G-e3da5e4bbd4ba53a4c6679e49d31a224014e56f96c96cef98bf565b3980dbfb7,e3da5e4bbd4ba53a4c6679e49d31a224014e56f96c96cef98bf565b3980dbfb7,38bbb2e80acc326264561d212a2f39439a6932a07660d56eea82cf81eb1a7b93
NID5-V1-000417,417,1,New NID Registration,train,NID5-G-de8220e9e3062ce5c9f6c9d75d68fa6bc4f078487fc244c725839cc6f114d0ef,de8220e9e3062ce5c9f6c9d75d68fa6bc4f078487fc244c725839cc6f114d0ef,cf9dc6cd7a2b480ed7750d549c738b4639568e704f87a1fbd5e33cb0a108ee7e
NID5-V1-000418,418,1,New NID Registration,train,NID5-G-2beaae20558714dad458b2a7420c2737af6d9aa6091c1407689c237d00ed3b67,2beaae20558714dad458b2a7420c2737af6d9aa6091c1407689c237d00ed3b67,e953d8c8a275e23903816be983cd996fca516bac719ab2b27371b9bc637c962e
NID5-V1-000419,419,1,New NID Registration,train,NID5-G-1e5d3de012609221133e2dec82553d03d0a4623be6ff9abec49cc2158d81a1fb,1e5d3de012609221133e2dec82553d03d0a4623be6ff9abec49cc2158d81a1fb,dc401eb3168a8d8a08940de48e9bdcc16e0b5296340eeb76a69337699a030b20
NID5-V1-000420,420,1,New NID Registration,dev,NID5-G-5d6ebf1c2b96e187c7fe968722987e9d2837352da522bca2c46a10b0b3cf28d4,5d6ebf1c2b96e187c7fe968722987e9d2837352da522bca2c46a10b0b3cf28d4,d9c2eae067ff1d36b26c076aa99d71dcd034493227f3d610f2ea01dabeb114b4
NID5-V1-000421,421,1,New NID Registration,train,NID5-G-81646605fae0d5dde141584a97fa1598c3a100c00c8df3bb8381ce3cf655bf46,81646605fae0d5dde141584a97fa1598c3a100c00c8df3bb8381ce3cf655bf46,cc5cd3076f755b8a30d3b6c9ca58b2ea8b81b88fe31f728c7a8fc830fb35c4cc
NID5-V1-000422,422,1,New NID Registration,train,NID5-G-9aed9390d31bd37a0b8bfcf631f665c0ddb268a89ca815a8fcf41c42eda6ef2e,9aed9390d31bd37a0b8bfcf631f665c0ddb268a89ca815a8fcf41c42eda6ef2e,e0f1f9de2dd4b1999aafbb5dc0c7ea44ac7f13844788a029beaed9796f42ee57
NID5-V1-000423,423,1,New NID Registration,train,NID5-G-8a20251c7fc3257f21539600846293e16d737a95a6c51c0594defa451a8e9e34,8a20251c7fc3257f21539600846293e16d737a95a6c51c0594defa451a8e9e34,e7a6294af76e380c090a3920c42fcc93d8c2ee43bf2d73ceb648e1b8f9fa2ef8
NID5-V1-000424,424,1,New NID Registration,train,NID5-G-a899ccbaf3d683053cf80583d322712c0cc9d765b2fd94147c5920470ff8fa65,a899ccbaf3d683053cf80583d322712c0cc9d765b2fd94147c5920470ff8fa65,ece230cbc88e60be46333d2e22bd999a0dd9e737e5edee706d170adb2eff9819
NID5-V1-000425,425,1,New NID Registration,train,NID5-G-bffeab02523b6c6074e286932b2d0c703f42c7b9f5598f70b3a53460b1de498d,bffeab02523b6c6074e286932b2d0c703f42c7b9f5598f70b3a53460b1de498d,a1b271ae29acf621382bcfff08df874aabb3f454d4f0f7f9066701262dbc0f1a
NID5-V1-000426,426,1,New NID Registration,train,NID5-G-a0ef0336a21547651b47541247f55c156540ccdb500e777d5aaa3fe26fe732ba,a0ef0336a21547651b47541247f55c156540ccdb500e777d5aaa3fe26fe732ba,e1b435f6a04da0604fc27585c9f2ec64bde79e9f4f0f81cda987915040ab488d
NID5-V1-000427,427,1,New NID Registration,train,NID5-G-00948d77c0765e5278c27d990d7a3838d87cda2386cede4ee0c12fd213297e13,00948d77c0765e5278c27d990d7a3838d87cda2386cede4ee0c12fd213297e13,f12972ddaf6707062c5e84983ee339e50a55d23c7045dd6aab711f7df9acecc6
NID5-V1-000428,428,1,New NID Registration,train,NID5-G-fe69153d1a65acc97e9934932dd358201fc70e13f4ab8dc6af3f55b8ffcce259,fe69153d1a65acc97e9934932dd358201fc70e13f4ab8dc6af3f55b8ffcce259,d0d81a1c03afe0f1e4682b061c2ea1c5a8c8f6c20737fdf8a624126475bbcb5f
NID5-V1-000429,429,1,New NID Registration,train,NID5-G-0d1ffeb4110be57e4d554b3159ea40c3a56e0dce6168a6a5559c43fa8135a633,0d1ffeb4110be57e4d554b3159ea40c3a56e0dce6168a6a5559c43fa8135a633,e4d73003e626aa984c090a2d1fbb082b22635fc8d7908c7719b1dfe6ebb5959a
NID5-V1-000430,430,1,New NID Registration,train,NID5-G-dd6f6a210927118406bfdccb8296a3e7d214caf6af422343e7bb4c0550507cd2,dd6f6a210927118406bfdccb8296a3e7d214caf6af422343e7bb4c0550507cd2,65703844fe391953763de401966ce77fccfe48c75e3e778d59e1b9b1364aed30
NID5-V1-000431,431,1,New NID Registration,train,NID5-G-b0a8f1294503273f19f936ce37bf17b89c4c23a63dd4416035443e1df01d3e84,b0a8f1294503273f19f936ce37bf17b89c4c23a63dd4416035443e1df01d3e84,185cedb638a4dbdfb397accdfc6108606dcedfde166586ec3eccd19c7031b89f
NID5-V1-000432,432,1,New NID Registration,train,NID5-G-a04d62e7eba57ce325b225416429aae31567394b0fe1ef64224f54f1fe242c36,a04d62e7eba57ce325b225416429aae31567394b0fe1ef64224f54f1fe242c36,aeb86a6de2e6e43e48d265666188a3eb904f2d073c8046f1230ad69f07ffb965
NID5-V1-000433,433,1,New NID Registration,train,NID5-G-55346f32ff6ad57e0285957d3cc29038ea283ecc0098c2a7372694157e621ce1,55346f32ff6ad57e0285957d3cc29038ea283ecc0098c2a7372694157e621ce1,8f89aec7827692bb87d013805f180b22ddee157fbc968fbf47a78ef3608e13db
NID5-V1-000434,434,1,New NID Registration,dev,NID5-G-0bf803d7ebd2c9e8cd22d98df70e01284d7dc8d8ca94d8e9d4bdff34325f9e41,0bf803d7ebd2c9e8cd22d98df70e01284d7dc8d8ca94d8e9d4bdff34325f9e41,9df417bf857c2d12ac8b8da200538a5df2393e2cac15580345221d0f2c6b009a
NID5-V1-000435,435,1,New NID Registration,train,NID5-G-04f09e4bc8ede2e6ac792b6f40faa62f953b3197c981a426804227dbaa8cfd57,04f09e4bc8ede2e6ac792b6f40faa62f953b3197c981a426804227dbaa8cfd57,8c4443e50230c2a6324ae449a609982b2e4b6bfbe2bc93f0efc7cd60990f964b
NID5-V1-000436,436,1,New NID Registration,train,NID5-G-ca89e7cd8427a61d0db9630ed5b3e18fa62c17bdc2d38ee2d664eedf806b42d8,ca89e7cd8427a61d0db9630ed5b3e18fa62c17bdc2d38ee2d664eedf806b42d8,f2f3a5c35327609f4e050988513d7504b2fc2dbbcf62a3e15f819ab328c8ff04
NID5-V1-000437,437,1,New NID Registration,train,NID5-G-af82db527bdf23878fb239389283858875bfd9bba7722fc2a96f5bf5b7ec3c8e,af82db527bdf23878fb239389283858875bfd9bba7722fc2a96f5bf5b7ec3c8e,bf639dcd8b8639be00bfc99e907cd9b58416f37d13926129d9634e34f933f72d
NID5-V1-000438,438,1,New NID Registration,train,NID5-G-432d11ec576a6171f08125affc05258e1b598d61b50f8e9224c3265691e574a4,432d11ec576a6171f08125affc05258e1b598d61b50f8e9224c3265691e574a4,6d4b39190c8d6f23a7e79245f7ab6ca75c88aa2201e3ae0076eefc6f4cb0072b
NID5-V1-000439,439,1,New NID Registration,train,NID5-G-2e6a9b4c1d63ccd2cfa1d02e3520cafa9528f26f45b11be3f4c35d9643e8de4f,2e6a9b4c1d63ccd2cfa1d02e3520cafa9528f26f45b11be3f4c35d9643e8de4f,9d6b8b88d3a58ae9e2caedf9f3b52fc131046c9b58941928a62b55b653b67746
NID5-V1-000440,440,1,New NID Registration,train,NID5-G-0125a7adb6839b38bc4c9b0bf2de40e03eff858d4b02cad2bc5fd9946f563171,0125a7adb6839b38bc4c9b0bf2de40e03eff858d4b02cad2bc5fd9946f563171,bcb05cc24f3412d805309cb1e2bcb02a9046ebb818f003eb5871884de220a8cc
NID5-V1-000441,441,1,New NID Registration,train,NID5-G-822215a92116a888666fea574db9f14df6769f361619479b7cd3317015e34aad,822215a92116a888666fea574db9f14df6769f361619479b7cd3317015e34aad,f47be4556bc745467602b8e9dc8359205027775c909c8834d0b7240fd629d6c4
NID5-V1-000442,442,1,New NID Registration,train,NID5-G-e14cd58f340943b920d5b84e18d6be1969500bd21e53edebabbbdec5da00c501,e14cd58f340943b920d5b84e18d6be1969500bd21e53edebabbbdec5da00c501,1597a753f4aaa4f655a4d90543ccde77281a4d0a57dc535f9f95ee529600b118
NID5-V1-000443,443,1,New NID Registration,train,NID5-G-917d7045868e949050ff3c339b10ff4ea2854c62bb8d0bb6c99a16230cc6e3f0,917d7045868e949050ff3c339b10ff4ea2854c62bb8d0bb6c99a16230cc6e3f0,8fab52d8f93f75b7d9122c97a0c092f4fe92c6c719d274f5747555ab162a1547
NID5-V1-000444,444,1,New NID Registration,train,NID5-G-7a01df8a1d596b5f989d7d13cd5b2a5e6aefb232ff5251a9eeb8bf50d9fefff7,7a01df8a1d596b5f989d7d13cd5b2a5e6aefb232ff5251a9eeb8bf50d9fefff7,6ae719f689e0c287a8801a6242ebd823087d235d538f20dccac6c5ef0d4162a3
NID5-V1-000445,445,1,New NID Registration,train,NID5-G-bbf344c266ac1ab2d1dd94da7c346d1bc9b7c85dbb1a6eaad4a570d77844bca0,bbf344c266ac1ab2d1dd94da7c346d1bc9b7c85dbb1a6eaad4a570d77844bca0,11e9d6925ba4085a9edc803ffe477c649b992de0d08f88a0b38cbc7211aae96b
NID5-V1-000446,446,1,New NID Registration,test,NID5-G-cd4a9e019d0910d00f09aee33b433039fc14696f80814a950b0b9d3416395068,cd4a9e019d0910d00f09aee33b433039fc14696f80814a950b0b9d3416395068,a8768e1c34972766362cacfca8b778bf4a55c533e5a316150ac6964e164b19d3
NID5-V1-000447,447,1,New NID Registration,test,NID5-G-52b90ef34628c628ce94fa1eda6c2d2fefe276e23daf64d809903719fd7e4335,52b90ef34628c628ce94fa1eda6c2d2fefe276e23daf64d809903719fd7e4335,969d816c65f79861e4fc378deb77a9269af85516cb3d0c9983c9d5502201f71d
NID5-V1-000448,448,1,New NID Registration,dev,NID5-G-0a727a185209ab6760b1141d3a835672f341b16eb2c8eae091ca56338defbedc,0a727a185209ab6760b1141d3a835672f341b16eb2c8eae091ca56338defbedc,af7cabc86ccde861843093a9d5355ff30a667965f46169037b323cf1c74ae40e
NID5-V1-000449,449,1,New NID Registration,dev,NID5-G-3ec9dc006185b866ea5c83152740755858fe76749c3b9dcf160bca03eb6d8f18,3ec9dc006185b866ea5c83152740755858fe76749c3b9dcf160bca03eb6d8f18,c97863554a6a8b17f890ea71527af13a08637edaa22df9ec6c0cf4c4e1af519c
NID5-V1-000450,450,1,New NID Registration,train,NID5-G-f683f052e8f74a2a9705434ba14adc1a5d8d92131d8c62fcd24c735e3edf9509,f683f052e8f74a2a9705434ba14adc1a5d8d92131d8c62fcd24c735e3edf9509,b24639aba39efce49b04bf1586530ce929595a912855d5cefc79f029c2924bf4
NID5-V1-000451,451,1,New NID Registration,train,NID5-G-44a90f1a9dfec645506c50537d081eec0580e16ea7dd2fa74cbcc3ebc0d696fb,44a90f1a9dfec645506c50537d081eec0580e16ea7dd2fa74cbcc3ebc0d696fb,c1c4cd036bf6059bc315c14425f35391cb4049fe999e01fdd9c2e48f08c9cc6b
NID5-V1-000452,452,1,New NID Registration,train,NID5-G-d4d0f1350e2806f54d7e992d5ad9db933c61ce0d3bb49f57e72ac16117a411ed,d4d0f1350e2806f54d7e992d5ad9db933c61ce0d3bb49f57e72ac16117a411ed,9c226dfe65f6b049fa82607ae7ca1f746051cf664bb0a4acc2c358c06f48ee2c
NID5-V1-000453,453,1,New NID Registration,train,NID5-G-78693ce4922365cf223cc6c2a632f226969afbddcce223fcf0e0ea7a6c205dad,78693ce4922365cf223cc6c2a632f226969afbddcce223fcf0e0ea7a6c205dad,faa9d46d2666814bf78c718a9990679d398eb64abe992483418d3feb95f8abc9
NID5-V1-000454,454,1,New NID Registration,train,NID5-G-159f6e14bfa001a458c28d8140650fd4315b027aa670b9cd775a876bd0d48b1c,159f6e14bfa001a458c28d8140650fd4315b027aa670b9cd775a876bd0d48b1c,fe05c7a58f82d8bc0617787f082d15eda86ca9a4454aa3ed0bdc7630d4222134
NID5-V1-000455,455,1,New NID Registration,dev,NID5-G-d83855c72361c48708d81f089583cea0a885acec5e55ca24827cb771caa0921b,d83855c72361c48708d81f089583cea0a885acec5e55ca24827cb771caa0921b,8a2d177a45ae63a6b4072e32fd797b09f60e5bfc084dbcc396a5fbcc65b73588
NID5-V1-000456,456,1,New NID Registration,train,NID5-G-0787cd54551301e8fb3e508addb537c1fbd26f4d41db0652f1aa7f63b1f8e8c5,0787cd54551301e8fb3e508addb537c1fbd26f4d41db0652f1aa7f63b1f8e8c5,b76aed9302378cbed0cffb3c64f1881560f6efe8ab083544bf92d9f2e0f98524
NID5-V1-000457,457,1,New NID Registration,train,NID5-G-e1151050a6414bcd36e99916e53273a1365b7eac5d9e6bc4416bd8a78e78dc52,e1151050a6414bcd36e99916e53273a1365b7eac5d9e6bc4416bd8a78e78dc52,0beef26226e2f9a2521a51b75912bad6790ed61bc031aba0e95c92159bf0bb5b
NID5-V1-000458,458,1,New NID Registration,test,NID5-G-98228568fddac92dc7824f67fdfd14386fca62d2e0220aafd959cb3dd30bf1b9,98228568fddac92dc7824f67fdfd14386fca62d2e0220aafd959cb3dd30bf1b9,ef409bbd5bb6aada01e10e1c53209363e9d91277e461213af729e4855f1cfcc0
NID5-V1-000459,459,1,New NID Registration,train,NID5-G-8e00a60313f080f2c6736e9d4b22dc43e543a59f1a806af9702dd117c919dbf7,8e00a60313f080f2c6736e9d4b22dc43e543a59f1a806af9702dd117c919dbf7,d123f055b70f73f42ee1691dc1e2dc318335b7bb46898a207225ffc056b9a27a
NID5-V1-000460,460,1,New NID Registration,train,NID5-G-a124702fb1d28a2ee7b6082323c522e489c16a43532758882a6a59b14c4bb00c,a124702fb1d28a2ee7b6082323c522e489c16a43532758882a6a59b14c4bb00c,57fb9c6ba70337d2082a41b73c4b592fde15d1fbade0c79f1866e44dee244c43
NID5-V1-000461,461,1,New NID Registration,train,NID5-G-ffa18352544a595212c4d043e9eb8ca9211b0c2aeb1f16d3f4e4eedae5ba7d91,ffa18352544a595212c4d043e9eb8ca9211b0c2aeb1f16d3f4e4eedae5ba7d91,cb29e25b1b1263ad17a6dc5e760ebe427eb0f95b296bc64184176be2057792c1
NID5-V1-000462,462,1,New NID Registration,train,NID5-G-cdd496a71cd6c7cad4c9ab70a295a9a166b2e40511afaee48d1ee140ccc16a62,cdd496a71cd6c7cad4c9ab70a295a9a166b2e40511afaee48d1ee140ccc16a62,c2c2010d5a702c46115b32312d3746d9204ac4692fbc08719d2882ab57d9f7b3
NID5-V1-000463,463,1,New NID Registration,train,NID5-G-1e9190391ad7499abec99675ae5cbf8243efceb6e6a7cb56efb6542aa7e5b882,1e9190391ad7499abec99675ae5cbf8243efceb6e6a7cb56efb6542aa7e5b882,a3d0ce63ad29063a964399c35bb156bcabcfa50b9350c5deb24a6b6e129b15bb
NID5-V1-000464,464,1,New NID Registration,train,NID5-G-fb4773bbdb3ac7ea5f2caec43fbd93031e0485a5bf798f28dbcb8c289991f7cf,fb4773bbdb3ac7ea5f2caec43fbd93031e0485a5bf798f28dbcb8c289991f7cf,9742d3cbedd78a516487f5701e3a54553e100457f664d51a971b9766fb1612cb
NID5-V1-000465,465,1,New NID Registration,test,NID5-G-6a02739892a41b561f0355d8d64b90afe34c5e1c235e27246476e34a7398f296,6a02739892a41b561f0355d8d64b90afe34c5e1c235e27246476e34a7398f296,10fb46971673f20ca672d1c2b24c8e100b7ccb0ac4e32b960c0ce8680192ff88
NID5-V1-000466,466,1,New NID Registration,train,NID5-G-ad66e9156adfc751550b3cd7f33274366a70ad74362c79be5078a618980e5cdf,ad66e9156adfc751550b3cd7f33274366a70ad74362c79be5078a618980e5cdf,cf2e094a9079b4aaf779c75a199f96494e953e4e8b5e358937b7943af2983b16
NID5-V1-000467,467,1,New NID Registration,dev,NID5-G-4adb87e4124ed6ad503756f25ca0b3fbb72e2744aab0270ffa28537827b24fc9,4adb87e4124ed6ad503756f25ca0b3fbb72e2744aab0270ffa28537827b24fc9,a442d49bfeeb1a33ab7cc9ee9c00a773bf3d42b6e76c104da22d7adf95300dd2
NID5-V1-000468,468,1,New NID Registration,train,NID5-G-782fffb158b29f6e947b6c75d8f26bb6dfc183cba1b92105951ce76a14a49b7c,782fffb158b29f6e947b6c75d8f26bb6dfc183cba1b92105951ce76a14a49b7c,0e5128a3aaa8d6267109ef60198354f8f640f73523d47ef3c012be0d3f4d781a
NID5-V1-000469,469,1,New NID Registration,train,NID5-G-abe2cd8803f050fda83f9ce7a41fee114633395f6065c5f067ef3a5508fe63e1,abe2cd8803f050fda83f9ce7a41fee114633395f6065c5f067ef3a5508fe63e1,cf80cea1d7b3d5918341743426e90cff8c1b531eb5d8dfa4b3ef255c7640941f
NID5-V1-000470,470,1,New NID Registration,dev,NID5-G-3d5a12c692b00eb6e2a1e0c05f66355200e86ad29c832a203ba4e1db0d7d4eb7,3d5a12c692b00eb6e2a1e0c05f66355200e86ad29c832a203ba4e1db0d7d4eb7,207ca665f794d7d63c659add074281dfc08cc13102c72ce0cf7f30d98fb7b729
NID5-V1-000471,471,1,New NID Registration,train,NID5-G-2620398a5dc5eb683462138f94732124da5ba6699e739206a285d64993911762,2620398a5dc5eb683462138f94732124da5ba6699e739206a285d64993911762,09d3d67ddb54af1c1a0a2416d8d0867edf3f23b9f5168ed01081bb662136b25f
NID5-V1-000472,472,1,New NID Registration,dev,NID5-G-ccf4d6b8efb113713fcd3731953f58c49ddec23b1b0fa01650073a04ff6fd42e,ccf4d6b8efb113713fcd3731953f58c49ddec23b1b0fa01650073a04ff6fd42e,13457c70e6a895176815beab6f1200d5522e24a61edf172311ccc33ed26d2c8d
NID5-V1-000473,473,1,New NID Registration,train,NID5-G-78a93d3bebc0a3e42bc1f399b029676bc8e8906314bb375546dfca4ceb6a3dcb,78a93d3bebc0a3e42bc1f399b029676bc8e8906314bb375546dfca4ceb6a3dcb,a36dfce878a3f1968ba633fdb286cdc71ae71c7d65dde3bf788fb77ec2007105
NID5-V1-000474,474,1,New NID Registration,train,NID5-G-c18ecd80e8e063aba23a091835f8c30a9f635098fa3134c1adffcd151829bbc1,c18ecd80e8e063aba23a091835f8c30a9f635098fa3134c1adffcd151829bbc1,8b5ea7211897e767ccd10f42891876ff03f8847587ebb47a6ac5a6b881d12552
NID5-V1-000475,475,1,New NID Registration,dev,NID5-G-a3a8fd5abac35d4147bccab144bb8f2db1b09a8e64fb3e40372f2884fdb0460a,a3a8fd5abac35d4147bccab144bb8f2db1b09a8e64fb3e40372f2884fdb0460a,8c5b6647afdb76e581cefcc0fa0a4b63c19f4a62dc8697bdcd4e2c351a018c83
NID5-V1-000476,476,1,New NID Registration,dev,NID5-G-7ca095f6b8561ca0e211ed08812082df71e4cbc362c435aac222b600aecef6d8,7ca095f6b8561ca0e211ed08812082df71e4cbc362c435aac222b600aecef6d8,0003c668f1fd294945281a179c77e655120282d14bb662213d37d6429ca8f533
NID5-V1-000477,477,1,New NID Registration,train,NID5-G-af29ddd6fd83000698910f8f0782dc863f907b713c30c8196137c68aacacaa09,af29ddd6fd83000698910f8f0782dc863f907b713c30c8196137c68aacacaa09,ad861968b5c0ec162d52bd481af3b0d11574b95888f869885eda21d88485bdf1
NID5-V1-000478,478,1,New NID Registration,test,NID5-G-1e479b983fba27b4a6d9cddfd531874e4f6a7290ff82d58728baa72c7976c387,1e479b983fba27b4a6d9cddfd531874e4f6a7290ff82d58728baa72c7976c387,6daa05744b24fa999f4da76ec1bb987b1b24b2e321b49fccaf97c5b4d2923b91
NID5-V1-000479,479,1,New NID Registration,train,NID5-G-30e13b3d7ae352f8e2117938bd9745b1bdd179550dc22081b6352f1ac1109579,30e13b3d7ae352f8e2117938bd9745b1bdd179550dc22081b6352f1ac1109579,51f696b77fffa23e6dcd028751cadc78eb1d7df6c6fddadc84c1d1ba036e1748
NID5-V1-000480,480,1,New NID Registration,train,NID5-G-0cb21db27bd05ca1ffd3bead27dd80604faeb08578122fe038eb1e5a5f3c83df,0cb21db27bd05ca1ffd3bead27dd80604faeb08578122fe038eb1e5a5f3c83df,9a15cbfa4ecf46fb0d32ba535db95094b7bea05de51f4e755c6bd60ed3b00b80
NID5-V1-000481,481,1,New NID Registration,train,NID5-G-385588031bc67439f04a7234e92fd8ba035ef36a702a6ded3f15aef008c1429c,385588031bc67439f04a7234e92fd8ba035ef36a702a6ded3f15aef008c1429c,15475bb6f46b1363c81dc58368b600f763e56b29eddcbd1596a279d8e6ff080b
NID5-V1-000482,482,1,New NID Registration,dev,NID5-G-87a29a087b9a9787022e24e02ad9f254bf1118fc8bb767ca2b3a3a5b39a8817c,87a29a087b9a9787022e24e02ad9f254bf1118fc8bb767ca2b3a3a5b39a8817c,7b350b436fe40999e082ba7a166c09ee4264403c8884e69542d2508907baf6ff
NID5-V1-000483,483,1,New NID Registration,train,NID5-G-1612cb535f70f1f21c2bde305ab6cee6852c7bfe76d262486d5320d870b02a4b,1612cb535f70f1f21c2bde305ab6cee6852c7bfe76d262486d5320d870b02a4b,6dae5016b0f00345920dcdb22f1223d9b13a76f5ed7807f1cd68f35206e53976
NID5-V1-000484,484,1,New NID Registration,train,NID5-G-69a265520ffb93a62c718361c025b37ccaa78fb1490299db56800449540e2757,69a265520ffb93a62c718361c025b37ccaa78fb1490299db56800449540e2757,45e1cd49c10328b1a407bb52902fd207e82f9849f85885e0fa93b16947c124a6
NID5-V1-000485,485,1,New NID Registration,train,NID5-G-f0130aa27ab6dabda20ea9ba5121ffc51a6ef5100f02af3700cd4f345ed80b05,f0130aa27ab6dabda20ea9ba5121ffc51a6ef5100f02af3700cd4f345ed80b05,7acfd9dee265bf21a71cbfe04398a07060b8433afe7d232c42e21910a8373039
NID5-V1-000486,486,1,New NID Registration,train,NID5-G-2d7fd60155408fb17dc6a54713db19bf6aa59cf937d0bb72fbfcdbec624b58f0,2d7fd60155408fb17dc6a54713db19bf6aa59cf937d0bb72fbfcdbec624b58f0,103326cda8757fd2b7681948b89f7e846f2763599f46bbf67c22f955f3b7f244
NID5-V1-000487,487,1,New NID Registration,train,NID5-G-e3ba0e6849e80800df2705a13a68ab25044418fb1e0ab0363ed3a520bc3ef717,e3ba0e6849e80800df2705a13a68ab25044418fb1e0ab0363ed3a520bc3ef717,2b70581ccfd4b3a6a60d206e6c1ba3ca75dcc0f7b269edbbf6b272de987df2e4
NID5-V1-000488,488,1,New NID Registration,train,NID5-G-1daefda813304153fb1790a9e3d29e87ce347256dbcab7919f88c9f149bc5015,1daefda813304153fb1790a9e3d29e87ce347256dbcab7919f88c9f149bc5015,0df301ccb110336e49141e69ffb9e30eb8a17a0441b9da591880e917aa9b0b07
NID5-V1-000489,489,1,New NID Registration,dev,NID5-G-66b9110a1eb6d451c97192ec918a221a3b5ce034b908ad56d9f627289412cbe6,66b9110a1eb6d451c97192ec918a221a3b5ce034b908ad56d9f627289412cbe6,66855c14befc46bcbd3b197d84a37ddafb47500f2885ed99c480805ec7970c9d
NID5-V1-000490,490,1,New NID Registration,train,NID5-G-6d7317345b9b3697cfce389d4d85db93860eff99e3709b64de0f626357ef7c2d,6d7317345b9b3697cfce389d4d85db93860eff99e3709b64de0f626357ef7c2d,bf428f00dff8212843b51c9b82e934de96f043d4c0f7e18889493d68f93a24b6
NID5-V1-000491,491,1,New NID Registration,train,NID5-G-beb7ac039e7d062a770307add4bb0ab1a81f8bd94c39c5e030920358aaa2cd03,beb7ac039e7d062a770307add4bb0ab1a81f8bd94c39c5e030920358aaa2cd03,5bd4764f6122b96c4b035037794b5141efeccb191c4121d1100ea67ee18c0f87
NID5-V1-000492,492,1,New NID Registration,test,NID5-G-b52f02f5585e8579486c9b85133fe3835210e184cf69e603d498f3a17a31aa3d,b52f02f5585e8579486c9b85133fe3835210e184cf69e603d498f3a17a31aa3d,5346d0c0f2dc58233898dec8377c73339f30bad62877889323d94cfc7d6e79b4
NID5-V1-000493,493,1,New NID Registration,train,NID5-G-557cef285eff128b5b5a6e15329b89e9b7e678ca51b0e9b8fbf0cd946717b290,557cef285eff128b5b5a6e15329b89e9b7e678ca51b0e9b8fbf0cd946717b290,2e284f8769a17ad7094bb03ff21cb62360b16fc4b1e46e2a0a850cbc6cbbfc5e
NID5-V1-000494,494,1,New NID Registration,train,NID5-G-ea6c3d3781e0570246403afee14b24e670b458426785a8c7926d8e7d508790ea,ea6c3d3781e0570246403afee14b24e670b458426785a8c7926d8e7d508790ea,3611feb228612a98983c6c25917cb6b447e53b059553a30d9a4cfd794c622485
NID5-V1-000495,495,1,New NID Registration,train,NID5-G-327bff64c9b527c805a38a4acef6bd9336c85ed6ebe1fbc2cc83743744753c41,327bff64c9b527c805a38a4acef6bd9336c85ed6ebe1fbc2cc83743744753c41,2edbc6b4914d998307dd2b96c79828f51701e13e5c0528dd5273ab030a24c7d9
NID5-V1-000496,496,1,New NID Registration,train,NID5-G-0c83931145762f845f035e7190c362a4ebd67e97694745049a130e73d9fc2a66,0c83931145762f845f035e7190c362a4ebd67e97694745049a130e73d9fc2a66,02779b6d68635515554c3bef12f3ab98006ca97911d9afb67e350c92d8ab34d0
NID5-V1-000497,497,1,New NID Registration,train,NID5-G-0a0286df9e5a805c872c0396cd03c3d03ab13bc0555f51378d74a67339e10a46,0a0286df9e5a805c872c0396cd03c3d03ab13bc0555f51378d74a67339e10a46,750bb4d9d2bfff98b3401dab8d7762c8c6258430aaa0fe68d4795c91f1270bf5
NID5-V1-000498,498,1,New NID Registration,train,NID5-G-452ac0b24d0434a249aa190dcc1e36c6ea203f0cc5a8f9237f26363fdd324cb8,452ac0b24d0434a249aa190dcc1e36c6ea203f0cc5a8f9237f26363fdd324cb8,821703a62dc5e82e5a86455f6c50c271897848eb90b87dcec936de399f4a4bb6
NID5-V1-000499,499,1,New NID Registration,dev,NID5-G-a53364905f972e587fbd89fc6ea74ea1aaebb2e759b13fb24bb033d3d2538d31,a53364905f972e587fbd89fc6ea74ea1aaebb2e759b13fb24bb033d3d2538d31,b70c25a4f22bc78aeeb9e4e4f30816f4ac561d1499a3c9bf27628e266ba5fa30
NID5-V1-000500,500,1,New NID Registration,test,NID5-G-72110f3cbb1e55c5ab7f6722e9598348ab4b4e49cc88b16bf153fe2e0d52bc93,72110f3cbb1e55c5ab7f6722e9598348ab4b4e49cc88b16bf153fe2e0d52bc93,41149a1136b7d0393e95a2195e80924e48b67743120fb44a5bc998e3a1e4c54c
NID5-V1-000501,501,1,New NID Registration,test,NID5-G-879083d3b721d21c67f9db41fb743bc2a7b2eff325a573f84c15f9955a5ef72a,879083d3b721d21c67f9db41fb743bc2a7b2eff325a573f84c15f9955a5ef72a,8cb4c4f5b6c709d0a87129fdc60bbc940362a3b4bee4290dde93776c8962c7c2
NID5-V1-000502,502,1,New NID Registration,train,NID5-G-4eb56b199b9d58740fc1407e9157ee065fb3b467f3b3f090d4b1a973ffa7a0fa,4eb56b199b9d58740fc1407e9157ee065fb3b467f3b3f090d4b1a973ffa7a0fa,245369e9ff16c28b56f1d4b0759ee392ca80aee57e7db655c4cd07fcec8b5a00
NID5-V1-000503,503,1,New NID Registration,test,NID5-G-728edcdaf55c08a2b20a6ee926a166b936a1351aa1d5cc918b03cb3ddeaf2e54,728edcdaf55c08a2b20a6ee926a166b936a1351aa1d5cc918b03cb3ddeaf2e54,c2674f3a0357736e5c76f5775a2d267212b0d4fbc7442b1f05694ce65404a452
NID5-V1-000504,504,1,New NID Registration,train,NID5-G-105773a86c245331cb7daa0ecdbc31b7f7206be58e2f9428c4ad0d39c15a43d6,105773a86c245331cb7daa0ecdbc31b7f7206be58e2f9428c4ad0d39c15a43d6,43f43948e5d94f4951773da9dea01a7a3b19ba5a05e9b596f9eadd0856840b8e
NID5-V1-000505,505,1,New NID Registration,train,NID5-G-6b75f27bc5adee4fefd1cd47f1002a912bc1de86955c2d80f98cd008b54ff14b,6b75f27bc5adee4fefd1cd47f1002a912bc1de86955c2d80f98cd008b54ff14b,28ae65d1801aed095e7f0c1cb07b155571c2194e9ecbcb4703649ce3e22d647c
NID5-V1-000506,506,1,New NID Registration,test,NID5-G-c53713ac272bc17f9c3c1e274effd2fc785968cb0e9bfbbb302cc8797845b400,c53713ac272bc17f9c3c1e274effd2fc785968cb0e9bfbbb302cc8797845b400,36a386d0c5f9265a77edf232b712119424423f07d8784de71585c0ed83c69cd7
NID5-V1-000507,507,1,New NID Registration,test,NID5-G-b85c1f1b52dc308ceac1a0e67f4b5df2d3d95dc188b9a7be88d9e39179ba3894,b85c1f1b52dc308ceac1a0e67f4b5df2d3d95dc188b9a7be88d9e39179ba3894,9cb5fed7edb97d2633bb661b064779fbb23e5dddda5b4b882b11975f5f5b50cc
NID5-V1-000508,508,1,New NID Registration,test,NID5-G-28676a1147f5b7964c9a86cc6b5f52ee5b194c9e77fcd0476f8c899f72929c27,28676a1147f5b7964c9a86cc6b5f52ee5b194c9e77fcd0476f8c899f72929c27,677d99ea364e8b9560c517c9a74cd9cca447949c5c43957f91f236c7cc714e59
NID5-V1-000509,509,1,New NID Registration,train,NID5-G-48d032aad962960f431619094906c72b369d748cb0cc5c91b27e3f2a50e218b9,48d032aad962960f431619094906c72b369d748cb0cc5c91b27e3f2a50e218b9,c198f7a352aedf8b7ebf877be931013bc56a1727aadaf775b86f7d95fa3ea52f
NID5-V1-000510,510,1,New NID Registration,test,NID5-G-c7a56e28de7956a54721a65f8db9e27f55d4436e9a2b5df3c08a33ea55a4fc7e,c7a56e28de7956a54721a65f8db9e27f55d4436e9a2b5df3c08a33ea55a4fc7e,65ac9b3f66fa286254c6ffa2068f3923b292d8c7776082d51b06102110c063c8
NID5-V1-000511,511,1,New NID Registration,train,NID5-G-2559707a176ad13ad99d701c8800faec161aff7b7f4e89829bbb2ec5d3db164a,2559707a176ad13ad99d701c8800faec161aff7b7f4e89829bbb2ec5d3db164a,157300e7d4352afcee8748bd7bba5d576d9ff9306e63ef827b4e3176207bad7b
NID5-V1-000512,512,1,New NID Registration,train,NID5-G-f4a07b22214a065ff195c35bab6f3f0d3306ac2bd7b56d712902486adaf7cf98,f4a07b22214a065ff195c35bab6f3f0d3306ac2bd7b56d712902486adaf7cf98,72e382aa0e06c437657bb84defda49870d556af42034c5b649d8344cc009ef4a
NID5-V1-000513,513,1,New NID Registration,train,NID5-G-9341691df39eaecff58b451af1d38532ace032dbf521a8b28c8523157f66178c,9341691df39eaecff58b451af1d38532ace032dbf521a8b28c8523157f66178c,694a0ef0e64a013b79c43e4f15c3f6405a04d530ea3e97bfacf49edf2808d96b
NID5-V1-000514,514,1,New NID Registration,train,NID5-G-5dd68cf875ce4862bc69bd7b9423fd891ac558cafd793806f78938e1fb546bc9,5dd68cf875ce4862bc69bd7b9423fd891ac558cafd793806f78938e1fb546bc9,06465c333ac2fd3756a470f533e7f6b35b3a89561874d2df7ff623c064aaee31
NID5-V1-000515,515,1,New NID Registration,train,NID5-G-b25b950294938b0b62bc9b0434eaaf87b0f6d99012c18bc47836e229e5c3e9ed,b25b950294938b0b62bc9b0434eaaf87b0f6d99012c18bc47836e229e5c3e9ed,cda83d39cb619c6c27afe66abee91228911178619c9e8e942b70d97652709713
NID5-V1-000516,516,1,New NID Registration,train,NID5-G-b19e99c520542005591bcb0434a84221cc32f1874af0c0bd963e1f9544812374,b19e99c520542005591bcb0434a84221cc32f1874af0c0bd963e1f9544812374,c049ee85b6ebfc0845ded8e30a3590991e123f7021ed9fd0710c9cb30efc68b6
NID5-V1-000517,517,1,New NID Registration,train,NID5-G-c96b9c7f8f0cb95f0362204f0791e0e2f06605bd7a52d3a279a3c0e3c2c19aad,c96b9c7f8f0cb95f0362204f0791e0e2f06605bd7a52d3a279a3c0e3c2c19aad,0260f31ff5841a5f0f81abcec6924db650ef9d008b4d5e5e45014370e2002f2b
NID5-V1-000518,518,1,New NID Registration,train,NID5-G-8a754fe3e14e1c650b7d833cddc858d679c3c17a10988ce8f400639deac2005a,8a754fe3e14e1c650b7d833cddc858d679c3c17a10988ce8f400639deac2005a,55ed6fa53296b90b3efaa7dd4d204ebb77f0dc0a1abac8e6219d1ce472ec3f26
NID5-V1-000519,519,1,New NID Registration,dev,NID5-G-4f47e7f7c68c2998129a83c87a3a8ba5211bcd0e863938b634d6ca179a8316bd,4f47e7f7c68c2998129a83c87a3a8ba5211bcd0e863938b634d6ca179a8316bd,b824706f6deb51ec6b7b4262c36275b16268d7bebf0789e2343b7d2f709ee906
NID5-V1-000520,520,1,New NID Registration,dev,NID5-G-be508e9bf19bbe27dd70f10a0ce55e489e35075ce719f3a2d63b50cdd9634a1d,be508e9bf19bbe27dd70f10a0ce55e489e35075ce719f3a2d63b50cdd9634a1d,f1b4e925f23438df0771ded8172ecb9b9caf5cf975f50b6ee390dc140aca5e25
NID5-V1-000521,521,1,New NID Registration,dev,NID5-G-0b580eb22d4ea71bb1ed6bf6a26244adb909443008efb0c2425ec95a7ade6a31,0b580eb22d4ea71bb1ed6bf6a26244adb909443008efb0c2425ec95a7ade6a31,fe860be6e67058aec7376edca88bab0193d89d89b27c961ff48589744fc2d6b4
NID5-V1-000522,522,1,New NID Registration,train,NID5-G-b6aa00bdab4b1a279d47b70f4ce3c63f4a6fd6b0cfce568a3f9896e5f2ca8719,b6aa00bdab4b1a279d47b70f4ce3c63f4a6fd6b0cfce568a3f9896e5f2ca8719,bbfb68b04e15951222fe8a08c43a4d0e5ae03ef7ebd153161278f75a163666e4
NID5-V1-000523,523,1,New NID Registration,dev,NID5-G-84e66406093f5c3b12e6832574e3b38312046c0ac6343b11124b56df4a0f5896,84e66406093f5c3b12e6832574e3b38312046c0ac6343b11124b56df4a0f5896,89a656a7fab56a7e3cd1fbd6161c59f8840af03da85b21428e0dd0ec24a480ef
NID5-V1-000524,524,1,New NID Registration,train,NID5-G-9e33b6710b50404d07886abe5953b6a2bb9a241749464dd5acd42fbe76433e87,9e33b6710b50404d07886abe5953b6a2bb9a241749464dd5acd42fbe76433e87,0ffeed4ab7f9a9026bf097ccc9c6fa8db1125b2be0e0d84fc79dd02d05cb5801
NID5-V1-000525,525,1,New NID Registration,dev,NID5-G-4c8d33d8f08c51fc71312c39b03c6a9e717611dcb34e7dbac8ac19578714826d,4c8d33d8f08c51fc71312c39b03c6a9e717611dcb34e7dbac8ac19578714826d,99eef768a34f06a7ea5b9b4766a4c7b108c1c798391a8bf5e43924e6a7176f68
NID5-V1-000526,526,1,New NID Registration,test,NID5-G-096ab06f3312af1b0318c93b1e23aa853f49bcbf6726e3d4c5b4c06a1c3cc45b,096ab06f3312af1b0318c93b1e23aa853f49bcbf6726e3d4c5b4c06a1c3cc45b,d7b5a6aca5b650843d1ac08185ab47add7083d57f586d1edbf133024ff769b35
NID5-V1-000527,527,1,New NID Registration,dev,NID5-G-f982767dae3ddd4bd344956d86d50c3ac0ca0a2554cfda8705e1130b22375259,f982767dae3ddd4bd344956d86d50c3ac0ca0a2554cfda8705e1130b22375259,3d347bcdf8b7180f70ca6fa066508140fcdf71dda9b7a37ef3ba4c617d827556
NID5-V1-000528,528,1,New NID Registration,train,NID5-G-24a67b2df220aa686cacc082472d6bbef32e8eed1c1a1be6478c049e9029ea56,24a67b2df220aa686cacc082472d6bbef32e8eed1c1a1be6478c049e9029ea56,ea3fce564940728d29443ec1aef04d7fd7a2d0fc9d7abd844de68e906bdc082f
NID5-V1-000529,529,1,New NID Registration,train,NID5-G-a192a5a0b3d7f621b700ea0581ff31b40b4ebeac4b63c33c65b2ecd490876f74,a192a5a0b3d7f621b700ea0581ff31b40b4ebeac4b63c33c65b2ecd490876f74,2d6a497886c09de0e79d7100d322bdcbca7fb686a98c77f69c6823827d93eed4
NID5-V1-000530,530,1,New NID Registration,train,NID5-G-a7e44236bad04d2a0a561adf31e6cd8acf4640a56c2a83a8698a53acbb2aa445,a7e44236bad04d2a0a561adf31e6cd8acf4640a56c2a83a8698a53acbb2aa445,42fc8d7c3fda915dbda886c652a9b9b2fd5ce8e84465b1cd2b73fe7a29c05030
NID5-V1-000531,531,1,New NID Registration,train,NID5-G-7dc502c97e97a204ef708633bd0addfbeadb5b344e587ace0f40c61f4f927689,7dc502c97e97a204ef708633bd0addfbeadb5b344e587ace0f40c61f4f927689,db5c8a1945eb1e25d85d2de855fa3dd8e5f0f2fb01097143037c797b86ee01f5
NID5-V1-000532,532,1,New NID Registration,train,NID5-G-7eee29d904f4aab79ac5dca3c33f88667a197803ce4d6b2cc55d7d66e74039ba,7eee29d904f4aab79ac5dca3c33f88667a197803ce4d6b2cc55d7d66e74039ba,cae8bc764a8f343ca96f89b3b8de548c04db791b046351fd582818c4ca86987a
NID5-V1-000533,533,1,New NID Registration,test,NID5-G-74521022205f6c892cf862fc1f57af5d8120585705b10452201c6a4e09394c66,74521022205f6c892cf862fc1f57af5d8120585705b10452201c6a4e09394c66,a0d191b312f136fe856da2be2057d9f10a658b5d88007c22d0244d117474943d
NID5-V1-000534,534,1,New NID Registration,train,NID5-G-5c16c3d6ca425a72b599375974455b6a23010f4fd14692ce5800f170a3a80dd5,5c16c3d6ca425a72b599375974455b6a23010f4fd14692ce5800f170a3a80dd5,975e9e18590d8676cbccdbdce83b971245b59affdde915210b31b73cba9bbf63
NID5-V1-000535,535,1,New NID Registration,test,NID5-G-485820f84da9111b0e5eb0660c985bac779f0df4b86c95c836018725ebb9aa8b,485820f84da9111b0e5eb0660c985bac779f0df4b86c95c836018725ebb9aa8b,bff82402c2e42d815c223fb780c08aaaa89dc84411d0e4d01f4e64365a653d90
NID5-V1-000536,536,1,New NID Registration,train,NID5-G-f3ac8fe6ae6c3fe0fe014a4776738cd3ef8aca09609e406849b86c695aff92af,f3ac8fe6ae6c3fe0fe014a4776738cd3ef8aca09609e406849b86c695aff92af,eae14a319b1de707f606da4f6c009f8c1db35480692161e7da21c7655ff91901
NID5-V1-000537,537,1,New NID Registration,train,NID5-G-448994fff1566f4c9a1d00e9924ccf8cd46baadc475a893029c685968b57f79f,448994fff1566f4c9a1d00e9924ccf8cd46baadc475a893029c685968b57f79f,7a41b41b7dab0c2faf5de1b362a175f6b882190cd354584959a0a8b4e573b4ae
NID5-V1-000538,538,1,New NID Registration,train,NID5-G-d024331ca9aeea62e2eff03ba905ed24580be90657a479a9f72ab90f45eb9095,d024331ca9aeea62e2eff03ba905ed24580be90657a479a9f72ab90f45eb9095,f47365f496ff41239a1f00a3afdf21847c3ab4b07ba7704dd75e782254cb7670
NID5-V1-000539,539,1,New NID Registration,train,NID5-G-f9e26e9c15e28751b3a9ccb2bdebd9c7b6de3620e22ccc87fa7bdef91b088673,f9e26e9c15e28751b3a9ccb2bdebd9c7b6de3620e22ccc87fa7bdef91b088673,283c4c604d9b9f2e154eaf40fa5eded21e2e5c87f03cbb769266e8e45a77f3f8
NID5-V1-000540,540,1,New NID Registration,train,NID5-G-5340652e08f79bae369e696d68991b5ed616c1e82062185e0912d811f21b7752,5340652e08f79bae369e696d68991b5ed616c1e82062185e0912d811f21b7752,44fa415618206d0584c6c8c9738c4a6aa8f518841d57c8f2c74e527c417caa60
NID5-V1-000541,541,1,New NID Registration,train,NID5-G-c884256a15b24bfd39952709aae9f2acf026bc283cdc18f2fab0d48fada90ba5,c884256a15b24bfd39952709aae9f2acf026bc283cdc18f2fab0d48fada90ba5,fba696bda3a749b3633324791111a38d961ff6cc91d5e951620242dadae37044
NID5-V1-000542,542,1,New NID Registration,train,NID5-G-33250dbab3ca7a7b3204e6989ebce2d77e6c70a9343bca087a72767b88fcb4e3,33250dbab3ca7a7b3204e6989ebce2d77e6c70a9343bca087a72767b88fcb4e3,c43718c58cff40970228665b17a03aa8d1593069ddddd543e3462f0bea4688e4
NID5-V1-000543,543,1,New NID Registration,train,NID5-G-93d46abda1725228182eee269f553c55583437e6c1f4793c5c1fe04725d6952a,93d46abda1725228182eee269f553c55583437e6c1f4793c5c1fe04725d6952a,96f16b3d438923eea58ae72461430279705b28de00f2c4d4b04a34034d93f2aa
NID5-V1-000544,544,1,New NID Registration,train,NID5-G-ec13d94cbacb8f2166699499aa569ae2119bb9733cb2641131a5b3658f6906b6,ec13d94cbacb8f2166699499aa569ae2119bb9733cb2641131a5b3658f6906b6,08c765a6aae94d4ef6690ef06d0f58d6dff5b3d0c64729605675fa9a0c65d43e
NID5-V1-000545,545,1,New NID Registration,train,NID5-G-7f38e9a592b5fde660aeeaa5b62cff77ea8a1e5ab9d5fbaa0f37dc77b5e8583d,7f38e9a592b5fde660aeeaa5b62cff77ea8a1e5ab9d5fbaa0f37dc77b5e8583d,b89e870ea2de3e17b74c1c53238c81dbfe8389f1ec84b26e9b5f8000ac744a70
NID5-V1-000546,546,1,New NID Registration,train,NID5-G-745f06350978a23a6d216498bf24be012c6b5d3ef541fed6f71ab078b179fd3e,745f06350978a23a6d216498bf24be012c6b5d3ef541fed6f71ab078b179fd3e,8de6ffe9ee971f191c09204aeb9ae6bab4d495bd309917efc781e9cc13fafc30
NID5-V1-000547,547,1,New NID Registration,train,NID5-G-04d380a859620b288628775b516642d032ecaf7d7239a31ecd582aa476b179b9,04d380a859620b288628775b516642d032ecaf7d7239a31ecd582aa476b179b9,57cfe56fc62749ebf1b498ddf88a2121d66083f5423bc454491a598a2f600212
NID5-V1-000548,548,1,New NID Registration,train,NID5-G-0cb93948d88c5881dfa4708f0c92cd4b0ff53a17710a6d259e4ac666752508fd,0cb93948d88c5881dfa4708f0c92cd4b0ff53a17710a6d259e4ac666752508fd,851f6c9ac6bfa2772bcc8d66a5319fce7b7359de16aa64dcb8397d3ac1b44efb
NID5-V1-000549,549,1,New NID Registration,test,NID5-G-81afce01eef163a8a4c3a770a1e147bf7b7f7ab1aef63e08fd72c5d68c3e2951,81afce01eef163a8a4c3a770a1e147bf7b7f7ab1aef63e08fd72c5d68c3e2951,2eb0ffefa696787352eb61a639581ba1d318321fff31b46428c3a16d9885649b
NID5-V1-000550,550,1,New NID Registration,test,NID5-G-d0198c718324f61bbece1b9c10603f13b9ed94dddd57e09b3ee316ba287bfc26,d0198c718324f61bbece1b9c10603f13b9ed94dddd57e09b3ee316ba287bfc26,5b44729c734060bd1dda9bde898373b1c59d61fc74d9dd528b846920fe091a21
NID5-V1-000551,551,1,New NID Registration,test,NID5-G-30a353fac853da7c195b049654169e35595c3e0b1878d51af5948f8312db9065,30a353fac853da7c195b049654169e35595c3e0b1878d51af5948f8312db9065,16a131de1433211bd29431b8e883ef6e49bf97586296af27d0c23fad08abcf45
NID5-V1-000552,552,1,New NID Registration,train,NID5-G-f8cb45f2283f2d42581f580f3a0507911c7f5df5f4dccc6acfe45a8b65d61559,f8cb45f2283f2d42581f580f3a0507911c7f5df5f4dccc6acfe45a8b65d61559,426a7d739e8eaf141ce9b9e4b546fe0fed11af915b06d0d4b36d6dec58cef6ac
NID5-V1-000553,553,1,New NID Registration,train,NID5-G-82a1031287f551702bd0306f9245828a169b3a2cffd5913d46811a8f9ede880f,82a1031287f551702bd0306f9245828a169b3a2cffd5913d46811a8f9ede880f,971f59ca46bf19ea7f38d45e31cc778fdb9b83996241905d914da9bb9e1a328a
NID5-V1-000554,554,1,New NID Registration,train,NID5-G-0330f49ec1e4a673e35f8044078be28108e3ce93a84e6db7ba5a2af8540de450,0330f49ec1e4a673e35f8044078be28108e3ce93a84e6db7ba5a2af8540de450,01230fef1091266a9c7870f2fd71d50e0048cf2707f010965425c0d03c9147de
NID5-V1-000555,555,1,New NID Registration,train,NID5-G-a8fe469af51267b7ce0b7e1ccfe8ea6cacf8ccbe01299af56341dda20911d298,a8fe469af51267b7ce0b7e1ccfe8ea6cacf8ccbe01299af56341dda20911d298,bd44b53fd41e74910e4c5759bd470d94fe3ab4c54e75c777cda81c87293028bb
NID5-V1-000556,556,1,New NID Registration,dev,NID5-G-6aa588c896812e9cc6db4280acb8afbc367c82319c945d2dd554da16224f5667,6aa588c896812e9cc6db4280acb8afbc367c82319c945d2dd554da16224f5667,e86e31f9409b6ac8100f7dbdfd29e1508273b84ce44dfd59d9a5f459f91ca984
NID5-V1-000557,557,1,New NID Registration,train,NID5-G-c09df0c0083768d7a3a7958715bc8923ff55f751918ed00093a5e9f632cb195c,c09df0c0083768d7a3a7958715bc8923ff55f751918ed00093a5e9f632cb195c,fcda76c9247be1c61704c9b740c2a4713b7ca222eab1a811a11b6d71da009135
NID5-V1-000558,558,1,New NID Registration,train,NID5-G-1ea77565d8f4071a169a61d87f891a7d8903fb4db6f666dd3efa0e035388ca39,1ea77565d8f4071a169a61d87f891a7d8903fb4db6f666dd3efa0e035388ca39,61bf8faf9403e8f5ad5899d9d9bfc816af2d2c31bbf1b6a0718b871d610f2238
NID5-V1-000559,559,1,New NID Registration,dev,NID5-G-8aa8ffd1b8868e6c75cc90f69e93300fd1dd2857fe0257ebaf586c65a0f47110,8aa8ffd1b8868e6c75cc90f69e93300fd1dd2857fe0257ebaf586c65a0f47110,bdcd017e732b12687b4687a27563ec532a7adb9bfb5548f08f698ffbd2b23c71
NID5-V1-000560,560,1,New NID Registration,train,NID5-G-50d89bf15aafcaef2e971d40923c8a69fecd9073ee9e18fad97214c6c3bfa4d8,50d89bf15aafcaef2e971d40923c8a69fecd9073ee9e18fad97214c6c3bfa4d8,9f0fd7af39b361c4a1837a9d2c9bb1dcc31e6f4de156d57fbbdfdf2f0bd43741
NID5-V1-000561,561,1,New NID Registration,train,NID5-G-c9431fd48c3e05642ee24d316d009dc234a24fc779b041870da3f6efa2a0ce93,c9431fd48c3e05642ee24d316d009dc234a24fc779b041870da3f6efa2a0ce93,8d22e386c82add3920bbbaa3af39e915e4815c8b315f1bb3215e204b44de0ff2
NID5-V1-000562,562,1,New NID Registration,train,NID5-G-1dcd465a2821f77089de1bec3418c2fb20cc78a7a65b2215100f605377e090b3,1dcd465a2821f77089de1bec3418c2fb20cc78a7a65b2215100f605377e090b3,8bd77a3880dec448adf21fe8b241e95ea48fb3edfe7696dc065e626f3ee2753f
NID5-V1-000563,563,1,New NID Registration,train,NID5-G-1080efe31e06caad4df07cb077650e485428388c3d78d6cc93eb7d25dc6424a4,1080efe31e06caad4df07cb077650e485428388c3d78d6cc93eb7d25dc6424a4,dd705c874c425dfab247d89d9663aec98bb526616abb9445f483563a1b6125a9
NID5-V1-000564,564,1,New NID Registration,train,NID5-G-efea88fd254206e5bf5ce262095069da9def042035d9fc674ab44bcb23e08e1f,efea88fd254206e5bf5ce262095069da9def042035d9fc674ab44bcb23e08e1f,c63c5ce0d66d82620a9117cca6774447b976349bffae1000e5ddea72ccffa4e6
NID5-V1-000565,565,1,New NID Registration,test,NID5-G-669ad2e733d71cc158b1388e1f4cbc8f9978f9a2cac555e4774fe235fd932878,669ad2e733d71cc158b1388e1f4cbc8f9978f9a2cac555e4774fe235fd932878,822b16a7f8cceb047e6538ea84b21a5b621b6d2029bdc240c5427a193bf76541
NID5-V1-000566,566,1,New NID Registration,test,NID5-G-3218089f25cd68f8ce14606f10c4556550d91da7d9b9a02e6c0dae83c4e02de5,3218089f25cd68f8ce14606f10c4556550d91da7d9b9a02e6c0dae83c4e02de5,4016f754cc18da4a2a288eb99a725c9fa0be25df3c75e1c295bd9c97488ebb24
NID5-V1-000567,567,1,New NID Registration,dev,NID5-G-07631e12c5e8ea76574379fa2c735bb771e10714382b0f09c333efb2deb84491,07631e12c5e8ea76574379fa2c735bb771e10714382b0f09c333efb2deb84491,047519069d4ad38c7f91507441d407c6b10b2bb58c04e328fd804790eb4be396
NID5-V1-000568,568,1,New NID Registration,test,NID5-G-647243c9fcce86a1fd68f43451745f9bdedf50c25fd4dccdd490ff0416487ef4,647243c9fcce86a1fd68f43451745f9bdedf50c25fd4dccdd490ff0416487ef4,7baafbf0f5bdf197121452a0252c902ecf584ae2773d29634bc514b4b89f6ea4
NID5-V1-000569,569,1,New NID Registration,train,NID5-G-04ee81854d4cef493cd4cb87d231fb9ea1571f6350e7a8df86b540b37318f80e,04ee81854d4cef493cd4cb87d231fb9ea1571f6350e7a8df86b540b37318f80e,9077606dd9a16a848dd7eeb58eefdd27220ce62f3a8601afc78de7895aa17044
NID5-V1-000570,570,1,New NID Registration,dev,NID5-G-fb40002d16429ae8fb26d986bf6d6f238f92399aa93c0c7986a66a399930635f,fb40002d16429ae8fb26d986bf6d6f238f92399aa93c0c7986a66a399930635f,61dc1160a2b173fcba546107a00f3f5b774d4d9923ce88ed5d2575b666391203
NID5-V1-000571,571,1,New NID Registration,train,NID5-G-113a3dfef37f2908f04fff23a7ac1d4ed1beb302242c321b5e59354056a9755f,113a3dfef37f2908f04fff23a7ac1d4ed1beb302242c321b5e59354056a9755f,a960e89f23d5c6dafb6d93cb9cbba75aa43bc32d5a1b27ee4054b2d916c12997
NID5-V1-000572,572,1,New NID Registration,train,NID5-G-8fc817ebb956a1b1bb6a6351404d2e38b23226fc1ab21a5a0e4d51ef531c79a0,8fc817ebb956a1b1bb6a6351404d2e38b23226fc1ab21a5a0e4d51ef531c79a0,afbd88904aaab66359c7775a80a35c593b4700dc15c3948823d736e2106eee93
NID5-V1-000573,573,1,New NID Registration,test,NID5-G-d43614efaafcfccb6d61e1b4302cb083253a49d37c6344a4691dedc5be28f136,d43614efaafcfccb6d61e1b4302cb083253a49d37c6344a4691dedc5be28f136,3ffede008b136f537b29dc4f8c9faec738b365acf9c3631f1e2bc7a7d5246e8e
NID5-V1-000574,574,1,New NID Registration,test,NID5-G-d392b4426259340d776768ee52bd847a44ab0bde322f0ccec1975715ecc33466,d392b4426259340d776768ee52bd847a44ab0bde322f0ccec1975715ecc33466,76f7804671503c632743478d82953f607c9072fce886a1ea5d8af5c1d2f494e8
NID5-V1-000575,575,1,New NID Registration,train,NID5-G-a596d34336a9ebb0dca8bd6b9798403847892dd58e67672647f2bfab27b15e43,a596d34336a9ebb0dca8bd6b9798403847892dd58e67672647f2bfab27b15e43,59f5952cc5bddbd28b511f5042d6d36be580904d4e703f8efb9d022ed4744d22
NID5-V1-000576,576,1,New NID Registration,train,NID5-G-b241959ac947d98d2c1b95d9bf412a530ab1a883a00c53626aafa900fa4ee541,b241959ac947d98d2c1b95d9bf412a530ab1a883a00c53626aafa900fa4ee541,9df39dcc00a56891b5f11e4d1f67ca3129a28afd950077fbf5279f2506554fa8
NID5-V1-000577,577,1,New NID Registration,test,NID5-G-adb7b1df84da8c727105b2b78f4d38c53d186374f407d5e3833a27c964892e41,adb7b1df84da8c727105b2b78f4d38c53d186374f407d5e3833a27c964892e41,052ef8a7423b0b4b152c3f71ec68afd7f229613085ec43fcd163369657e72e17
NID5-V1-000578,578,1,New NID Registration,train,NID5-G-b4c17e79bf1437acefa0aaf6552cb184cb8dc6afe4e3e8dc1496c210a0a2c6c8,b4c17e79bf1437acefa0aaf6552cb184cb8dc6afe4e3e8dc1496c210a0a2c6c8,98a5a5cee05087d1744d0898f4c48dff0fd5fc922b217acb224e2417f7899104
NID5-V1-000579,579,1,New NID Registration,dev,NID5-G-8c9bd091e1058feebdbc942af2e804945ee18a53aa1e089305209b29aad40199,8c9bd091e1058feebdbc942af2e804945ee18a53aa1e089305209b29aad40199,7e6233bd1dd48aa562cf1be96a61a577354296e096dd106b0e5dfcac2ec87613
NID5-V1-000580,580,1,New NID Registration,train,NID5-G-7c680be19a7f9788b25004228d7c8801547d0e26e20377d351e093e8e9540dc3,7c680be19a7f9788b25004228d7c8801547d0e26e20377d351e093e8e9540dc3,f92012eec280ff74871fbb41311cc1ff7079e721058fc9ada550c47e47045e2e
NID5-V1-000581,581,1,New NID Registration,train,NID5-G-3d55224e8899106232d02b49565adc73e4ec60b1e1b533d84e081ecb68e08f0e,3d55224e8899106232d02b49565adc73e4ec60b1e1b533d84e081ecb68e08f0e,9b28fe7d28ed389b89e4176a3661f53bcc4197718211668072eaef37c1a17414
NID5-V1-000582,582,1,New NID Registration,dev,NID5-G-2094c0fc82a1dd1763d223225d498f87300557e96447a03c38a67aa2413b9af9,2094c0fc82a1dd1763d223225d498f87300557e96447a03c38a67aa2413b9af9,adb1b5db89b55e40a0fb67c3269074758460b0a8657d3f4dbe8c1cc1b5352282
NID5-V1-000583,583,1,New NID Registration,dev,NID5-G-f52915d1080ddebc15ad4cacb07f0c8b81f0b859e4cdd53c80aa0426762d5ba3,f52915d1080ddebc15ad4cacb07f0c8b81f0b859e4cdd53c80aa0426762d5ba3,ea57ab7e20c87cd8eb7848af614000fa1238fb7f839b8e580eead85b49c44c4c
NID5-V1-000584,584,1,New NID Registration,test,NID5-G-443ddd053fdf9db0d809d08101f3ce8714364b32ef99362912f2411089162baa,443ddd053fdf9db0d809d08101f3ce8714364b32ef99362912f2411089162baa,8cd38ca62c746d71dd46546f771c6b7406510dfbb8cf024f53aaef9ab792c605
NID5-V1-000585,585,1,New NID Registration,train,NID5-G-d82a0b2dfb48b4e73eff81d8c8a2ce38aef0fcfdd89f159973a04b07115e1939,d82a0b2dfb48b4e73eff81d8c8a2ce38aef0fcfdd89f159973a04b07115e1939,234903189da09c29c1fb0a16c64549dd2005f1114b4a4f34946bed442b0335fa
NID5-V1-000586,586,1,New NID Registration,dev,NID5-G-5a07ad0df6070db5fd0def2462d7db5fb7b4753df9c51afbb5ac76122ea17fdf,5a07ad0df6070db5fd0def2462d7db5fb7b4753df9c51afbb5ac76122ea17fdf,4b8c6b3734a5668d6f2c81791f1064fb25bfcb824e85effb1d00b8c4cf301dc0
NID5-V1-000587,587,1,New NID Registration,train,NID5-G-644ceccdf3975eb399418165620174fc3e74bc3a1a3abfbcf472e1be4c875156,644ceccdf3975eb399418165620174fc3e74bc3a1a3abfbcf472e1be4c875156,13a3d073fd536d68339d10a546dfcaf1f620bfdc90f3e860aca68f28c98b1b55
NID5-V1-000588,588,1,New NID Registration,train,NID5-G-dab863830bb741722878d24cfab0129e5888112ba1ef62be2900c569a50051a6,dab863830bb741722878d24cfab0129e5888112ba1ef62be2900c569a50051a6,9cff50e889cb269db918f31dbfcc4ffa5491b5a43beb16e0205fc66c0787a038
NID5-V1-000589,589,1,New NID Registration,test,NID5-G-923e3149e3ed15fd7f84065047f708d2553c80b279e3d8f5272e87dc3ba80b57,923e3149e3ed15fd7f84065047f708d2553c80b279e3d8f5272e87dc3ba80b57,c2e9e2f31bc83731f6ed241854096d97c5ad8650d641420da9c1e3e7e576fc2a
NID5-V1-000590,590,1,New NID Registration,train,NID5-G-719320d8a65fe711c08361dbe1cc70c116a0f3d85811c8856afa1c637f8fc8cb,719320d8a65fe711c08361dbe1cc70c116a0f3d85811c8856afa1c637f8fc8cb,95aafcd476f91c5ce1d3c67b9fd6b9740698c5f78b155b096e374e0b0edd10f3
NID5-V1-000591,591,1,New NID Registration,train,NID5-G-3fcb8af1f1d4c9387e00b8213dd3525eceed38cef8255b893b9c422b495eb878,3fcb8af1f1d4c9387e00b8213dd3525eceed38cef8255b893b9c422b495eb878,82df09279f5bf86090144ed86f4382adac58be935e9b4b049d2649528092221c
NID5-V1-000592,592,1,New NID Registration,test,NID5-G-2731efe83266714848774942bd0a7b19e39a6c58b71c9f399676944c9765cfba,2731efe83266714848774942bd0a7b19e39a6c58b71c9f399676944c9765cfba,426fa47826ab8aaa6aa3e971e7ae0678d4755a13d004d9a3f7b9288dee3f7ddb
NID5-V1-000593,593,1,New NID Registration,train,NID5-G-0ca183c0849b36e49d8eb7a4edeb7d283e909204e933bf3e099860da8b6f7e2c,0ca183c0849b36e49d8eb7a4edeb7d283e909204e933bf3e099860da8b6f7e2c,d345b1bb4c61580c77c73a5633ec4ff744b4cb49c5fc187b9f0d2f4948f1e06f
NID5-V1-000594,594,1,New NID Registration,train,NID5-G-4796f0e7be34bb52e6b88f0d7239dd6bf4b30119c264e31c017612c9de112a3e,4796f0e7be34bb52e6b88f0d7239dd6bf4b30119c264e31c017612c9de112a3e,a023f38a115247a37a85962962b94e67a21c1f9f3a27ce23ebae290457fbe20e
NID5-V1-000595,595,1,New NID Registration,train,NID5-G-1a0878f7164c0ed276f63bd62674975b919210f09707046be35742617cf82956,1a0878f7164c0ed276f63bd62674975b919210f09707046be35742617cf82956,011481208c1d1d840c3ce074c38bc38adf85c262fc701437080bcc5ece5786ca
NID5-V1-000596,596,1,New NID Registration,train,NID5-G-db7f8fa2a9b941debd664f2f11012fb5741b69c75b020fb639994a7250080630,db7f8fa2a9b941debd664f2f11012fb5741b69c75b020fb639994a7250080630,37451176c82fee9c70016853a48e5bae19ec9e717d29291c0b3758cd41be8e61
NID5-V1-000597,597,1,New NID Registration,train,NID5-G-1c1120d5be980739ce141ab51b311d3943972186649d75aaeb927336e26d2a0e,1c1120d5be980739ce141ab51b311d3943972186649d75aaeb927336e26d2a0e,2e68607155d233816f6c55eb0db9986fb01f0ec74504d1c1fdd044da8e695406
NID5-V1-000598,598,1,New NID Registration,train,NID5-G-ea129ba6599cb09a5d0abf59bc9ac33ee02f711a97b307c3f819d7d17019a71b,ea129ba6599cb09a5d0abf59bc9ac33ee02f711a97b307c3f819d7d17019a71b,b86ab5c241b28fc5a4efb1b6ed9834d8cffee5bd3986b819e1cb900441f10366
NID5-V1-000599,599,1,New NID Registration,train,NID5-G-f39b63b37d738ab22b1ab7f6b1409d052a32d66d9f97926e9c840d7057a16a31,f39b63b37d738ab22b1ab7f6b1409d052a32d66d9f97926e9c840d7057a16a31,cc1b9f9875f11278d7bbace16bb4a1f860814b9caeac1275e3b840b4978b5d1e
NID5-V1-000600,600,1,New NID Registration,train,NID5-G-901747404598031e71342640c127aa541b3c157a5761ec39bc6d453200f920bc,901747404598031e71342640c127aa541b3c157a5761ec39bc6d453200f920bc,3ec5892d4a0951b3c9926946ccb01022fedd38f64647feb152a33fbb179f9269
NID5-V1-000601,601,1,New NID Registration,train,NID5-G-abf38a0ec4d54319e6d783f05f88cae8042f93ae73859e36163e33afcd7d63fa,abf38a0ec4d54319e6d783f05f88cae8042f93ae73859e36163e33afcd7d63fa,aebf2ddfd7f94e217955280298338d41eb25b63ab74973c3dcdcb5ae45700223
NID5-V1-000602,602,1,New NID Registration,dev,NID5-G-822aafb6b0cf593df2dce2c1c8dfc0fab9b1167ff65007fa28baa001c763cebb,822aafb6b0cf593df2dce2c1c8dfc0fab9b1167ff65007fa28baa001c763cebb,4359f17d6ec3240b473450ab2ce515812cb245e40efed6ff08ef6013fb526f09
NID5-V1-000603,603,1,New NID Registration,train,NID5-G-c7211ca02e38dfa90585c4d427b15cc5eb1b411ee0f73e9b9c6bfa175549ce94,c7211ca02e38dfa90585c4d427b15cc5eb1b411ee0f73e9b9c6bfa175549ce94,7f7d37bb7f50d6e165bd8a8d1635979d07cef39f6aafe66d84e04aeb114f974a
NID5-V1-000604,604,1,New NID Registration,train,NID5-G-ff6b70ab5bb50a5a78867382d0ddc47ca86aa223bb19a1bb049e381c42048c00,ff6b70ab5bb50a5a78867382d0ddc47ca86aa223bb19a1bb049e381c42048c00,670f58d21ebbac49dca766c1d4005ddd040d488c91b52d03d707e6f53660b7cb
NID5-V1-000605,605,1,New NID Registration,train,NID5-G-55c7c8fd4b38decf850e2f70d0a6d91dc39c15da9ef9c5f3fca97eea459069fa,55c7c8fd4b38decf850e2f70d0a6d91dc39c15da9ef9c5f3fca97eea459069fa,ee04bd49cc679d41faf6c391da8edf3ff6809b14812c3b443348934398be2b47
NID5-V1-000606,606,1,New NID Registration,train,NID5-G-0e47ee6aa542ba9451a1d02df9aec6fe6bb6bcc294f9d305e16c66441957dd20,0e47ee6aa542ba9451a1d02df9aec6fe6bb6bcc294f9d305e16c66441957dd20,e695607bfa6c2d6ed01e030b3fbd3f6ee12ba88714c077f252a44071df9ba6c4
NID5-V1-000607,607,1,New NID Registration,dev,NID5-G-d2ccfa638dd0494cbe1463c2bc4c967e8a2a8fb35c8847c2061e22060ef1fa28,d2ccfa638dd0494cbe1463c2bc4c967e8a2a8fb35c8847c2061e22060ef1fa28,6bb83c61968c07c149d0df1be5541a2b292833d8a937198d419c266ba10c6bc2
NID5-V1-000608,608,1,New NID Registration,train,NID5-G-7218b52db9093fb43112060a0eed67be8ee5d8b87262b5502429a951c054fb50,7218b52db9093fb43112060a0eed67be8ee5d8b87262b5502429a951c054fb50,58813541e451a54f1537e2deee9355906e1a10b7e32baebbe971d18d782ecae0
NID5-V1-000609,609,1,New NID Registration,train,NID5-G-a5186b8542021e9618f6d5940459d09923c3fe70060a979f13b71d9f22249b35,a5186b8542021e9618f6d5940459d09923c3fe70060a979f13b71d9f22249b35,cf6356727bae34132a7ab717208e1b629f9e55dc8ebdeb8269cf208a474fc098
NID5-V1-000610,610,1,New NID Registration,dev,NID5-G-abbf020f7602e3384dabc0c3acce1f7dc427255f098de25095d66af211d5f57f,abbf020f7602e3384dabc0c3acce1f7dc427255f098de25095d66af211d5f57f,e244574c70de4183bc79bd81d5415c705af5fc9f1020107c4539ed15515f99a8
NID5-V1-000611,611,1,New NID Registration,train,NID5-G-1c85b63714fba2ac931aeb81a531b93e6338d8645303f00752ce5d71fde31cfb,1c85b63714fba2ac931aeb81a531b93e6338d8645303f00752ce5d71fde31cfb,61e06b2cc87a296fcc5d3a6f0d596e132ac034c34c22c938c4b0410f63979558
NID5-V1-000612,612,1,New NID Registration,dev,NID5-G-4dec44236441952bdad1fd0013430f76137ed067183df93638eca9ea8fa096bc,4dec44236441952bdad1fd0013430f76137ed067183df93638eca9ea8fa096bc,de4a6b99e0e00961fbc862f4440f1f1beab7e6bf04430d58e88cf071f090f69c
NID5-V1-000613,613,1,New NID Registration,train,NID5-G-a12bd0d5ed4e59f1304ddf4ae21bea8cb24f8f1891d7518ec4a0d1b227934de5,a12bd0d5ed4e59f1304ddf4ae21bea8cb24f8f1891d7518ec4a0d1b227934de5,ea69fcd1e5e01c13f81fd88acd9209e9f893f18da250e91689cec0c95e604de6
NID5-V1-000614,614,1,New NID Registration,train,NID5-G-8a60b70e256a83fe4de235d5c04d31a8a0e729178c8aee382f591a9ed5540140,8a60b70e256a83fe4de235d5c04d31a8a0e729178c8aee382f591a9ed5540140,54f03aaeece14b1a9c2f13990b15f434cdeeb5605a2782d91f741b11fd6f19e1
NID5-V1-000615,615,1,New NID Registration,dev,NID5-G-d9cc5d3700a433d61aac66fdfb2947f742c144038ef76dbc8ce930dbf290839b,d9cc5d3700a433d61aac66fdfb2947f742c144038ef76dbc8ce930dbf290839b,b2bb630d66687d24b54bc2646c10fa1ee5de30f5c4348f5977b1cdb15f4d7725
NID5-V1-000616,616,1,New NID Registration,train,NID5-G-70960a19aee3079bc5ec815148dabe14875cb0e5a3964eebc5f342a9a1d748d1,70960a19aee3079bc5ec815148dabe14875cb0e5a3964eebc5f342a9a1d748d1,cb79dbeb029d3eb1c07452b646382741ec48cdc2a0d419efecf2601aaa621393
NID5-V1-000617,617,1,New NID Registration,train,NID5-G-3534f929ebfccb65dd67b8c532ee9c3042ed1bc6c5703b167c8223b87e96492c,3534f929ebfccb65dd67b8c532ee9c3042ed1bc6c5703b167c8223b87e96492c,43dfe401967b432b8907629257418c1b1f36a0bcfccb07abb1fed1a18bc7bef6
NID5-V1-000618,618,1,New NID Registration,test,NID5-G-bb6dcbc92a5a6003f3f66fc43f6b442e131db7921f9dac615a2a36c494b0d0cb,bb6dcbc92a5a6003f3f66fc43f6b442e131db7921f9dac615a2a36c494b0d0cb,0ddc247f94b553a4f87dba02164841a9ee88e4ccb1e4ed217914c39d64ac3a0c
NID5-V1-000619,619,1,New NID Registration,test,NID5-G-f9490fb13386f0918c85b232705fa50aa4f5f3b78f670b37537ea5286b95b4c7,f9490fb13386f0918c85b232705fa50aa4f5f3b78f670b37537ea5286b95b4c7,aa552a91948da80c2b9f00bbe2fa9d87436dca5f7e0f9bd5abdc7e5d39cca59a
NID5-V1-000620,620,1,New NID Registration,train,NID5-G-6ee7e9cba49adf972d33e900b99d15f690fba2175e5369b2d97345a455094844,6ee7e9cba49adf972d33e900b99d15f690fba2175e5369b2d97345a455094844,f25688ad2de0969b0f307d4b3be854c7eaa584f7675b698a1ba8560496f8ba58
NID5-V1-000621,621,1,New NID Registration,train,NID5-G-860905eb2f28e5b758f0598d3b25c8fa42cf57b256c34dc2b981a223bb53bf01,860905eb2f28e5b758f0598d3b25c8fa42cf57b256c34dc2b981a223bb53bf01,2ddadeeca00353c9c5281f45ae18caf6b59edb03c26cba2b938f55523978e249
NID5-V1-000622,622,1,New NID Registration,train,NID5-G-66a545811ff4587ea7c4e0c707e986d23046cab4e076026f55b808df6d4b3fa8,66a545811ff4587ea7c4e0c707e986d23046cab4e076026f55b808df6d4b3fa8,5b1c4981455812264edc1f654dec8580e6cd9343b411efcfd4523bea94299c4a
NID5-V1-000623,623,1,New NID Registration,dev,NID5-G-8b16f0b417784788dbfefa7c1daeec3863f4757e82bcdfd7140fd8b7859ea328,8b16f0b417784788dbfefa7c1daeec3863f4757e82bcdfd7140fd8b7859ea328,824ba309218f4d5e4e9e44d76d28e1fe670b75914841a69d19ff7d6d49eb31d5
NID5-V1-000624,624,1,New NID Registration,train,NID5-G-c9171aa520e03455a9d810d2e94f6c28f082f46901cf0e5a5265a3246289b667,c9171aa520e03455a9d810d2e94f6c28f082f46901cf0e5a5265a3246289b667,82a5ad2d8ebe2c9d5c74d2eb21127b02085c868edc39aed335499b5ef3e62701
NID5-V1-000625,625,1,New NID Registration,train,NID5-G-6891ab349471ad834122b96bb1ff5e45c005ff6e7d23e952de1c93ab30e1f51d,6891ab349471ad834122b96bb1ff5e45c005ff6e7d23e952de1c93ab30e1f51d,5adae43a5751d44230e3a7cd2ce9e5de9bf477be28e796d63d966bffd67bd59b
NID5-V1-000626,626,1,New NID Registration,train,NID5-G-fd3e5471c7f78c6b464a10cee8ceca098a5df16516e8ab596298a06f1802acd4,fd3e5471c7f78c6b464a10cee8ceca098a5df16516e8ab596298a06f1802acd4,18016f69658332e63218a6266d3af8e32a4dabec0c33cd13e36c71f7e9ea8e72
NID5-V1-000627,627,1,New NID Registration,train,NID5-G-d7d9511d21733e74e6c21d11f08dfb662b9de967a3b86e16146053b887815f15,d7d9511d21733e74e6c21d11f08dfb662b9de967a3b86e16146053b887815f15,1bd4e614c0c667346ca7bb40b83c52647255f81ac82809a32f765dd52e61cda7
NID5-V1-000628,628,1,New NID Registration,train,NID5-G-27330eded32f493b69fcd0491b2696b1aabfe85b727fd79314736bf958b9830d,27330eded32f493b69fcd0491b2696b1aabfe85b727fd79314736bf958b9830d,b9dde6c0dc2cc57ca146a901eabef942c5cacb262031104413ac721c73f6fe80
NID5-V1-000629,629,1,New NID Registration,train,NID5-G-6e45ebc808140f0f330fcba1691b359df32db9796f0048c428bf0a9501fe8a65,6e45ebc808140f0f330fcba1691b359df32db9796f0048c428bf0a9501fe8a65,a4b367c2d53ceb92c3912678cf1ef44bfc222ca2379435d12ab929235f64bbdf
NID5-V1-000630,630,1,New NID Registration,test,NID5-G-b0e1364c65d12e98b519ea4d220dd9296bab08867d5c5043f2403935ae00c6f5,b0e1364c65d12e98b519ea4d220dd9296bab08867d5c5043f2403935ae00c6f5,5854314a0b9075c9280e47cac31dd2e17d582d3712dc039f63af55cfea0ed735
NID5-V1-000631,631,1,New NID Registration,train,NID5-G-10edabbee8fdf3fa1efd390bd48d8bc5116a0b5722b42d7c0288ab4f93471102,10edabbee8fdf3fa1efd390bd48d8bc5116a0b5722b42d7c0288ab4f93471102,eda56ecbfeced63ef6ec81610b6ca3da1535cfdea3dc6232259acc5471f54eac
NID5-V1-000632,632,1,New NID Registration,train,NID5-G-e4a3d3bc3fb082128e15fe2916c6c6fa84f80560fc19dcb0d4dce7779f321e52,e4a3d3bc3fb082128e15fe2916c6c6fa84f80560fc19dcb0d4dce7779f321e52,05ff0d61166cccc28d4b35f538680e4ec76399952449cbfc3f43ffcc2b036891
NID5-V1-000633,633,1,New NID Registration,train,NID5-G-bb59f441304b3020bd47c0ed8eaf8956372f2d2cc60c85059c7d2455cd353f38,bb59f441304b3020bd47c0ed8eaf8956372f2d2cc60c85059c7d2455cd353f38,2847809bb745dbc627fa33147a8696b430c5ef931216d9d3a3588b4afd2d7ffc
NID5-V1-000634,634,1,New NID Registration,dev,NID5-G-4f6408c103863bb2ced8a4d1b34acf0b61eb7fb5da66d88889851ab6d3b594eb,4f6408c103863bb2ced8a4d1b34acf0b61eb7fb5da66d88889851ab6d3b594eb,c5d77e3ae6a894c2a7cadcb5cf63dec74845efb354da13d5e943103d0f5e4f22
NID5-V1-000635,635,1,New NID Registration,train,NID5-G-6817e64b765c354ff03a35e763cd31a4a4f9abcb56d1aa738970d876fb6ec683,6817e64b765c354ff03a35e763cd31a4a4f9abcb56d1aa738970d876fb6ec683,5dfad0697dc756aa801733bcbac7c079bbad6933dcdec8f8f1494e62421ae276
NID5-V1-000636,636,1,New NID Registration,train,NID5-G-df902db48a639452872d837f808586c9f1fedb5ae41ccc18ab9bce1c5aff89fd,df902db48a639452872d837f808586c9f1fedb5ae41ccc18ab9bce1c5aff89fd,97a655f814d531a675880154309fdcaa9f3c404b5cbf10e59d7e1ddb0deaab84
NID5-V1-000637,637,1,New NID Registration,train,NID5-G-c05ed2876b7835d8d9636adaf4cfe6a13424107746fef84c179b8906654c9f99,c05ed2876b7835d8d9636adaf4cfe6a13424107746fef84c179b8906654c9f99,28d13bf27f2a7d20f91a989a20e189800f4e64e40c595ee0c76e7e9e5f66b48e
NID5-V1-000638,638,1,New NID Registration,train,NID5-G-2226ecff323bc9a3c0f32bd92b6b3fd7e6270efadf4d92dd46f5a38346c5bb3f,2226ecff323bc9a3c0f32bd92b6b3fd7e6270efadf4d92dd46f5a38346c5bb3f,3abacea2d66adb95bc8577cd16f3a3bf0704eb7cdc4c0d0253b2d24ff76d2194
NID5-V1-000639,639,1,New NID Registration,train,NID5-G-e456b147799c134242f3cb52635474aa632344a7d31f4c6f58a6f0ac8eb26857,e456b147799c134242f3cb52635474aa632344a7d31f4c6f58a6f0ac8eb26857,119458df11b350851c5b3653d97d23e6dc46079f95d76366024013260bb11767
NID5-V1-000640,640,1,New NID Registration,train,NID5-G-1951f94becc8ad74460247bf2e222c3586ee275bfec332864542e74830506057,1951f94becc8ad74460247bf2e222c3586ee275bfec332864542e74830506057,6c97e9a3353a57368e6f1f128ce31249ccb7054b07ac6f5e16426cad43b45330
NID5-V1-000641,641,1,New NID Registration,train,NID5-G-633d826a8e3858c4c30b6439f3f36334ff708bfe2dcfca42e86ef56ce453cb01,633d826a8e3858c4c30b6439f3f36334ff708bfe2dcfca42e86ef56ce453cb01,78acdcafa561edc9c0a6265b6f06ec6cb30c7b7c02b8ae3d4b006fdc297a0457
NID5-V1-000642,642,1,New NID Registration,train,NID5-G-8761ac236ff96b74f58a88dca03dc87b8dbdd13dcde5b728f69c54f5b9095dc7,8761ac236ff96b74f58a88dca03dc87b8dbdd13dcde5b728f69c54f5b9095dc7,aca2b49eae3da8532e38d3da407c991a03a2c5f4899a90fa556051a6708b8b68
NID5-V1-000643,643,1,New NID Registration,test,NID5-G-142b4194cbc71a00d1d0b9cdf506e2d8fb7e000b40dab614d06de6de9d7c0cc5,142b4194cbc71a00d1d0b9cdf506e2d8fb7e000b40dab614d06de6de9d7c0cc5,68f4bc514d70b109fe6d90ba1f682c38936f2a4075f640d0c365a1803dbfbe3e
NID5-V1-000644,644,1,New NID Registration,train,NID5-G-547ce288f6f37ed06bee894132b122cfb018a632ccd50af5bb143146ece6fa42,547ce288f6f37ed06bee894132b122cfb018a632ccd50af5bb143146ece6fa42,e6cb648f8a7777aedc62fc68e931d19a2f800f7c66817353504fad1f920997ae
NID5-V1-000645,645,1,New NID Registration,train,NID5-G-243a43b430b7117e9ac61ca08f58d5a3077a5d9915a5685dc05e15bd5dbee09c,243a43b430b7117e9ac61ca08f58d5a3077a5d9915a5685dc05e15bd5dbee09c,31cb83af36bdca21f6694f04995b788b6e3198e6940026667304b82894bdc47b
NID5-V1-000646,646,1,New NID Registration,test,NID5-G-8443cc9ea3c7bacec678c81ba280b4148da42e21ea76f783a9f56dca0b474513,8443cc9ea3c7bacec678c81ba280b4148da42e21ea76f783a9f56dca0b474513,e116fe4e547f75bf94a1f6a590db376de60751dfbff978f39bc70002dafef637
NID5-V1-000647,647,1,New NID Registration,train,NID5-G-7dd884878da035a64f098ce1f8825b8a01bb3d00171015d833c64a74759fe9fe,7dd884878da035a64f098ce1f8825b8a01bb3d00171015d833c64a74759fe9fe,6abf10db95d49dc28e850e9932f5f346d025e5e73cbf6c95d40fdfcd3290cbfd
NID5-V1-000648,648,1,New NID Registration,dev,NID5-G-57d745a3df029c074c0dbcf8b777c16251dbfdd96d6a7ded57659fef5ed413f4,57d745a3df029c074c0dbcf8b777c16251dbfdd96d6a7ded57659fef5ed413f4,1589cb38769f66f228efc31972e72cf93ff0f445e635f091d039e89fa801677a
NID5-V1-000649,649,1,New NID Registration,train,NID5-G-d808dcae4261c983870ac42ab43e44c1e687e53602a9e7eeea7362930296113f,d808dcae4261c983870ac42ab43e44c1e687e53602a9e7eeea7362930296113f,2e44f77d8d6d0485ce040ea6dd5e068f3b9337be4b415e410025954d849e342a
NID5-V1-000650,650,1,New NID Registration,dev,NID5-G-79aac465b55fb813409b082c4c081764d84295586b06c6262f59685e32c15900,79aac465b55fb813409b082c4c081764d84295586b06c6262f59685e32c15900,50b2e7ec0a56a39b2a397686624540b02d6bed1a3df07b4ab53981313abf1fa0
NID5-V1-000651,651,1,New NID Registration,train,NID5-G-758f37e4e2c2696c4d9ed61d9825e4e8294cea0ea9f9fa7ce9ccaa38c3d0ffdf,758f37e4e2c2696c4d9ed61d9825e4e8294cea0ea9f9fa7ce9ccaa38c3d0ffdf,18e7aacfb2f83895508f7a1553db38093f3926f7a22189040966fe61d7283568
NID5-V1-000652,652,1,New NID Registration,dev,NID5-G-83f22c4525311baa1eb5d4abf5284e72aeb82136270d166f0e4d11347e3c8abc,83f22c4525311baa1eb5d4abf5284e72aeb82136270d166f0e4d11347e3c8abc,05a21548a53b10aa739ba2f29fa5cb891d6da03faf4945334ab577de9fb01ef9
NID5-V1-000653,653,1,New NID Registration,train,NID5-G-c8b4d20b225bcabe2090ae4efc2fe049127ea34258abe7d2134b7fd26a781157,c8b4d20b225bcabe2090ae4efc2fe049127ea34258abe7d2134b7fd26a781157,1a3c2e2636fcdbfacd5c5ad36901727522c0464db459a34d7eba1d249be3b780
NID5-V1-000654,654,1,New NID Registration,train,NID5-G-6e297e69e1c3e924130ebfaa2126bde1cd9805c347a106e3000eb8ca30fd8868,6e297e69e1c3e924130ebfaa2126bde1cd9805c347a106e3000eb8ca30fd8868,9c16ea8f750f46da7fece14a494e9c0f016843407f6e2a57f4b8b43396d8c19d
NID5-V1-000655,655,1,New NID Registration,train,NID5-G-9bf836cd07dda681dc01bdcd7a281496be4094307b97fe2cb658097f17c6a72b,9bf836cd07dda681dc01bdcd7a281496be4094307b97fe2cb658097f17c6a72b,97207f0da9a5413dcf6d835f2a0a803812a2966c5294105fe3344a58df2ceed6
NID5-V1-000656,656,1,New NID Registration,train,NID5-G-720389d245007a6d22f520d65f2e9c29d1d72c2a50b6a9ab49c4589c6f49a299,720389d245007a6d22f520d65f2e9c29d1d72c2a50b6a9ab49c4589c6f49a299,054576f478c489dedfd147682a7dbd22a1dab00edf60ca909aba3affcf032360
NID5-V1-000657,657,1,New NID Registration,train,NID5-G-94d2d147ebd8b2e9f3d1aebe393991cada26ad158411282178a73a0feaef954b,94d2d147ebd8b2e9f3d1aebe393991cada26ad158411282178a73a0feaef954b,94988cf33487e316ae000b0b2ff58a668b4198f57704282e457a5e384ad61b10
NID5-V1-000658,658,1,New NID Registration,train,NID5-G-b6241509f7cb1bcd1ca4cc30eadfeed96bac26d75a862847b923b48e872a708a,b6241509f7cb1bcd1ca4cc30eadfeed96bac26d75a862847b923b48e872a708a,d51f275f1864fe57aa36673b527426e6bc83a1278d19d2b05e79c9e9b0cdc7e1
NID5-V1-000659,659,1,New NID Registration,dev,NID5-G-f38a4da222bc53a35a0407fd34580b7640c51adf74693a967f63eb13841ff642,f38a4da222bc53a35a0407fd34580b7640c51adf74693a967f63eb13841ff642,cd5ef6d513c08524fd98726982b6b29e39fa79d1961b052c5f2eb1deaf6194d4
NID5-V1-000660,660,1,New NID Registration,train,NID5-G-3e5802d77b8fc1f9ad34ba592d65c2a41fd374c85cd8122d1c6df4e8ceb299b8,3e5802d77b8fc1f9ad34ba592d65c2a41fd374c85cd8122d1c6df4e8ceb299b8,dcac365c939a210c7ce36985239e1e7ac8d619fd73411455547f30e7fa9fe493
NID5-V1-000661,661,1,New NID Registration,train,NID5-G-454abba7cf0fb1f06bc35bec608d80188ac7d87aa716587c4eb12dcb4a18e975,454abba7cf0fb1f06bc35bec608d80188ac7d87aa716587c4eb12dcb4a18e975,b022da177ce81605c6de34d14fd61de3695c2213b93357c6cb3fbfd95d7067c4
NID5-V1-000662,662,1,New NID Registration,test,NID5-G-8900bd4fafa113709758d4e440dcece437e0a1564d8ebcab8eaaaa847b3ae188,8900bd4fafa113709758d4e440dcece437e0a1564d8ebcab8eaaaa847b3ae188,6a6d7d27eeb69fc222a6aaf8a19a084e06cb58c6bd4ce24b65f46bf24d6eba0f
NID5-V1-000663,663,1,New NID Registration,train,NID5-G-1cc3d90848a4b9b89f096247a77391515c0e96c4f3755bbe283d25707ba2c91e,1cc3d90848a4b9b89f096247a77391515c0e96c4f3755bbe283d25707ba2c91e,7d81be3aecfd812d7b25070a4154b88ca483c4e39fdc5d8cee511af0f8ce2ec9
NID5-V1-000664,664,1,New NID Registration,test,NID5-G-c68ee6d88bee7e97b28350e42a5bb772c2f41db8afb2755d8c696484250fc2f5,c68ee6d88bee7e97b28350e42a5bb772c2f41db8afb2755d8c696484250fc2f5,bd69b91e08d4aa78ca8de19bf4dcd98c15d86113ffa6ef7a64e224abbac6ec4f
NID5-V1-000665,665,1,New NID Registration,train,NID5-G-a0b76e87cb8d0d3ab27078bee9d6aa1df791b130912cc2e0ba977ef24a9132c2,a0b76e87cb8d0d3ab27078bee9d6aa1df791b130912cc2e0ba977ef24a9132c2,23c9bafab7fc473b9d5d2314099bedcbc1260c488f0af0889c5c274d9e1e391f
NID5-V1-000666,666,1,New NID Registration,train,NID5-G-728c7c6b36f5e7478d23db261f1f7c628ac72eec1b46020aad780e69aadd0ee0,728c7c6b36f5e7478d23db261f1f7c628ac72eec1b46020aad780e69aadd0ee0,0a1bc461964e2c4fefe4e8e6c2f5d38fc9da7053411f6237cfbede63f4625972
NID5-V1-000667,667,1,New NID Registration,train,NID5-G-92407f8e4ed53004c4fb97e85cf903af521208eac4422031f9ca16391e9a82eb,92407f8e4ed53004c4fb97e85cf903af521208eac4422031f9ca16391e9a82eb,9d956661aa0d2c7c43e6734861da11e5f5468117ad124b407b3a85069d471bb7
NID5-V1-000668,668,1,New NID Registration,train,NID5-G-a249dd3c196773b57641480732dcfd37bdadea7e619b0152b58a5c70d832c317,a249dd3c196773b57641480732dcfd37bdadea7e619b0152b58a5c70d832c317,c7c7b5df72a454f2ad74b886c158ee02cb5e54ce0bdd55db702d12ca93fa3150
NID5-V1-000669,669,1,New NID Registration,train,NID5-G-10895b70d095e6b472bd3316160cfaf52b649df7bc73b452950615f0182ba074,10895b70d095e6b472bd3316160cfaf52b649df7bc73b452950615f0182ba074,32f43b1798f1e1560f40faaf837fe243178aac7f2b477997545b339caf06ac19
NID5-V1-000670,670,1,New NID Registration,train,NID5-G-015fb85f490abe9c02f70a7971099f02004c30db137c027054f1eaf54446dc65,015fb85f490abe9c02f70a7971099f02004c30db137c027054f1eaf54446dc65,bee965e9721849993c1c2e80c198b383bf634ac7d3e8d932fa4952ecd1867894
NID5-V1-000671,671,1,New NID Registration,train,NID5-G-a75f74cdbbe007abb4ed02299efb6eb1b71b285b5e4c78d42b7d7e12e44e8a0d,a75f74cdbbe007abb4ed02299efb6eb1b71b285b5e4c78d42b7d7e12e44e8a0d,6fd7363ff35430d5633ed4c4356dc67d4423b9961cf954ee2126cfa7a42cc596
NID5-V1-000672,672,1,New NID Registration,train,NID5-G-f5d9e25d10643f8140c7a5d8c1b71ce33f5e6c08b2b36c5d0e90d6a438dab5f4,f5d9e25d10643f8140c7a5d8c1b71ce33f5e6c08b2b36c5d0e90d6a438dab5f4,2142986a8b0c73e89b22502386ac49149dfc3371e37b1194cbc49d09058ddf64
NID5-V1-000673,673,1,New NID Registration,train,NID5-G-94a2a41e4e7014d5dfc30c3ce5e8aa0d0b1735d9e0e3f0308b832f97ebd8b4f5,94a2a41e4e7014d5dfc30c3ce5e8aa0d0b1735d9e0e3f0308b832f97ebd8b4f5,8b6c426c91063a0d3cd29c5c2a960bda01087893fbf162b1bd79b9a7de3d7684
NID5-V1-000674,674,1,New NID Registration,train,NID5-G-5a40d6d81a80be2cee28bd1b97c79ea3e9be8b6df145efd728e79ef1b6033e61,5a40d6d81a80be2cee28bd1b97c79ea3e9be8b6df145efd728e79ef1b6033e61,04f3ae472026d1df2a15c3652920aff578a63161855d0a5de1d61acc970d49e6
NID5-V1-000675,675,1,New NID Registration,train,NID5-G-3c6a36ea42ea141091aefe1dd2fb2db4f81fc66d56968b00be529b08c75f41a1,3c6a36ea42ea141091aefe1dd2fb2db4f81fc66d56968b00be529b08c75f41a1,005af5031479bd427a631856a75aaa8849e8be70fbc7c18cb4461ee924c54d3c
NID5-V1-000676,676,1,New NID Registration,train,NID5-G-6373a60b5c309d29b894ac256c369cb4363cb72a813d2f80dd6746fa96af9c28,6373a60b5c309d29b894ac256c369cb4363cb72a813d2f80dd6746fa96af9c28,32a7ab225f7f8ba609b7b2de42981379fdd1f20425b34774d2e55c357a467d94
NID5-V1-000677,677,1,New NID Registration,train,NID5-G-d9fde837b97aea865598d998a124f4aa7e743886d9eacac256c67081306d23ab,d9fde837b97aea865598d998a124f4aa7e743886d9eacac256c67081306d23ab,c15a508832e163349bd4489e97085d86ef369aa2184c7d768dc03c562e5a7490
NID5-V1-000678,678,1,New NID Registration,train,NID5-G-2e8e1f305cf4c57f0fa2099e478c08d308796632790618ba3474e3b1823c5f75,2e8e1f305cf4c57f0fa2099e478c08d308796632790618ba3474e3b1823c5f75,d50a360ca8dd2d0ee3807c9f92f158b1661cbbfca9a1768c106dcb0e775bb156
NID5-V1-000679,679,1,New NID Registration,dev,NID5-G-760c87468236e4794e8eb52d4b408790921e4469e993bb6ce35bf3a51c00e1e7,760c87468236e4794e8eb52d4b408790921e4469e993bb6ce35bf3a51c00e1e7,36da3ac22ff35049bf23f176c9f0dd36fa9c94b544315b4ec6829a155b8704ee
NID5-V1-000680,680,1,New NID Registration,test,NID5-G-e9417af70f5cde19e1bd73337e71206b82e73bb37d85a6ed785f4efb0a428823,e9417af70f5cde19e1bd73337e71206b82e73bb37d85a6ed785f4efb0a428823,303b2e6894cb83eee9e9ba48e3d1bf7032e2219f856ae19640bc09f746a034c3
NID5-V1-000681,681,1,New NID Registration,train,NID5-G-993fc0070bf491c5bc0b4b1553b0a91483ea0b671c585663e4f6e5608b44d242,993fc0070bf491c5bc0b4b1553b0a91483ea0b671c585663e4f6e5608b44d242,156005e62b08973ea1f70ff600943377f6cd4f437580edfc86f5b2e90305db11
NID5-V1-000682,682,1,New NID Registration,train,NID5-G-652162498fbecee84e5f08d739fccfaa36562b6e4ae1df5fd011989b48163d92,652162498fbecee84e5f08d739fccfaa36562b6e4ae1df5fd011989b48163d92,790d14d22a76bf0cfc1b6c8d7c24ac93181b45ad04bbf0aec1b3ef0fc4b6b079
NID5-V1-000683,683,1,New NID Registration,train,NID5-G-b9434a94077253caf89a53dcc84222979d4b2f19e07e6946bc1e4a3dd57ff11a,b9434a94077253caf89a53dcc84222979d4b2f19e07e6946bc1e4a3dd57ff11a,16b66511438149f7d75f3422d37a06ee61f42e59d889f93964a965b4e0a4d2a1
NID5-V1-000684,684,1,New NID Registration,test,NID5-G-80e0fa5fca9bb37f69a2a8a1adcf4c48bc0ad3e2d2b7418d4b262888218bae04,80e0fa5fca9bb37f69a2a8a1adcf4c48bc0ad3e2d2b7418d4b262888218bae04,d1f56067aa898082d2b820eb709369d05ab39e2879a5844a6ddfa454db6d86e1
NID5-V1-000685,685,1,New NID Registration,train,NID5-G-26b5ff8017ca6bd247a5cff1332354874bbe03837a01e544ebb644b29c263455,26b5ff8017ca6bd247a5cff1332354874bbe03837a01e544ebb644b29c263455,3ad4091d2812c744e1037a9fee39887f7f37e3ff862758f69eaa209f8a48dda6
NID5-V1-000686,686,1,New NID Registration,train,NID5-G-26a5c8d547f703705cf03467b53a1f76fbf1bdec3bf03b2da6f80da729ecbebc,26a5c8d547f703705cf03467b53a1f76fbf1bdec3bf03b2da6f80da729ecbebc,bc5cb0ead6296d9a4638beb7c550dcf2c0c97057ecc52d1011ad21f415d6fdda
NID5-V1-000687,687,1,New NID Registration,test,NID5-G-c5f8373ed6a6fed9770bb0da1b32e074b6019c2903af8a1a9da04d792dd69906,c5f8373ed6a6fed9770bb0da1b32e074b6019c2903af8a1a9da04d792dd69906,cb5f18335f7a5c885f1290716b1a8e5c1e799d0daffd5cbb52869882ca053ed3
NID5-V1-000688,688,1,New NID Registration,dev,NID5-G-74071af94fe8a2393790e8b737b223968b8d5d60e2de1e3ee602283acbfe1416,74071af94fe8a2393790e8b737b223968b8d5d60e2de1e3ee602283acbfe1416,fcef4bf7d22639d608c05209b17cffd861a410ced7247895924a8a88b4b9e8b5
NID5-V1-000689,689,1,New NID Registration,train,NID5-G-dda7f4fddf47c6ff5275aeeb351f658b4e0ee45eaaf48b3c1afee802971ba034,dda7f4fddf47c6ff5275aeeb351f658b4e0ee45eaaf48b3c1afee802971ba034,809385866ce9d18aa83907dcb1926fa8249602f82bcdbf95c4ac921471970581
NID5-V1-000690,690,1,New NID Registration,train,NID5-G-4b81641372614d0e2a50cde1b2126210fef345f722dde94f953698dcb4c5d38b,4b81641372614d0e2a50cde1b2126210fef345f722dde94f953698dcb4c5d38b,15e0bb0c83e38bf90d0eb83f7ef8008925b3146bbc4fa1ac700afd2b743ac0fd
NID5-V1-000691,691,1,New NID Registration,train,NID5-G-59a17e849dfa6aa3359e3e4685fac49b0e21fde69098b2da8c46bf9bdec58862,59a17e849dfa6aa3359e3e4685fac49b0e21fde69098b2da8c46bf9bdec58862,304d2746f793df62d2c24079ae0e68a8ba39f52be607bda4998a899a8c31304c
NID5-V1-000692,692,1,New NID Registration,dev,NID5-G-aaaff9b9b4bb02fd6e00378ddc06d2d52a2428f7025695fd31660f943b19755c,aaaff9b9b4bb02fd6e00378ddc06d2d52a2428f7025695fd31660f943b19755c,84da155142fc1c6b9f9e559c8487b5c6f236d1a05eaa811b04fa96bbb367a9a7
NID5-V1-000693,693,1,New NID Registration,train,NID5-G-67753a26b5f508574ed2ec7b496d1f6e28531fc3c8ca8f62ee4300fc63605bb2,67753a26b5f508574ed2ec7b496d1f6e28531fc3c8ca8f62ee4300fc63605bb2,6c17481dc47fdc571224956294e58ae2a81a73cda36a4e3043fe796a24aaeadc
NID5-V1-000694,694,1,New NID Registration,train,NID5-G-edcac296f3c35610b747768c00a133f179236af53d88ee9cbdc042508628d0c5,edcac296f3c35610b747768c00a133f179236af53d88ee9cbdc042508628d0c5,8c3ba65a0483a0a093b338793acfb9d4820bad01f36ef4a9c4c2b55c22e42eea
NID5-V1-000695,695,1,New NID Registration,dev,NID5-G-efe6060111d2b251e3a462355d9ae4a7b8b2f1ac07c99d76016c5514989b296e,efe6060111d2b251e3a462355d9ae4a7b8b2f1ac07c99d76016c5514989b296e,18e44c0fbfef79647c2a514acdfb506f337793664c21de97c4cff1b5427e059f
NID5-V1-000696,696,1,New NID Registration,dev,NID5-G-d91983c357dd7099d4f402f4a8db2dbf57514be4f385d0f0db7120e01c80fee2,d91983c357dd7099d4f402f4a8db2dbf57514be4f385d0f0db7120e01c80fee2,b079def1a39de18435e34a57faefc4329bd856e142f457ffa5b9e4c6bac42bdf
NID5-V1-000697,697,1,New NID Registration,train,NID5-G-3cebf7c2fda14542a7cc1ecfc3f576410a5169434bc0d2a5260a2711a31eaa1a,3cebf7c2fda14542a7cc1ecfc3f576410a5169434bc0d2a5260a2711a31eaa1a,299f008f8ee83a3f4ed2f24b7daaaa26c53b9f15691eb40f8a3d98b512216f59
NID5-V1-000698,698,1,New NID Registration,train,NID5-G-3ea7decd810b3e4225692e02fd47c2c506d20162daf767e861c4070fdd3b5b8e,3ea7decd810b3e4225692e02fd47c2c506d20162daf767e861c4070fdd3b5b8e,f665b6ec8d728777b50f4ecbd14cf45df40a9f0806b32e097ed9a14aa0601fac
NID5-V1-000699,699,1,New NID Registration,train,NID5-G-4f256bbd1f60ac4dd9550de7c19200664561b7cd89e05bb400695813dcd93ec9,4f256bbd1f60ac4dd9550de7c19200664561b7cd89e05bb400695813dcd93ec9,9e313adb930ccd3bdace1028898715bdaa6d9a0c6ad86baff85805e92d415088
NID5-V1-000700,700,1,New NID Registration,train,NID5-G-92915f06de38f27c67b78b4e85a91173b15b3ef21570cefc889cfba988d0287b,92915f06de38f27c67b78b4e85a91173b15b3ef21570cefc889cfba988d0287b,9b22effdd77e3ed245660a7c3bdb4fc2c67cb281078330e41b6b39746828bd33
NID5-V1-000701,701,1,New NID Registration,train,NID5-G-e3269c61fdc01576e528051871cd6823f68fd42f34eaaa69ff28f7c1d9172291,e3269c61fdc01576e528051871cd6823f68fd42f34eaaa69ff28f7c1d9172291,fed988bc4f4b07da28d632f013a24821b833338d0e2d8265184d08947e471ee4
NID5-V1-000702,702,1,New NID Registration,train,NID5-G-97bcb5e7a1d21ba5fac1fe4a95959f8fa77e01c185e4e8505e273223ab95e8eb,97bcb5e7a1d21ba5fac1fe4a95959f8fa77e01c185e4e8505e273223ab95e8eb,35eb07a9c1331f74466c746fc5e6525896897ed14fab1e087fe22c480a06a606
NID5-V1-000703,703,1,New NID Registration,train,NID5-G-7bc5031aa8391b05387c64fafae9d878881ffc16bd172b36474f4ec38ca1f766,7bc5031aa8391b05387c64fafae9d878881ffc16bd172b36474f4ec38ca1f766,386d75f593a4f9bb75a0346ddf2588f01ec022790c4024427b961a19e4b04387
NID5-V1-000704,704,1,New NID Registration,dev,NID5-G-97294688afea5f7517e03de9e723b8efa095dcc1ec28c5e8ba4242395088b16d,97294688afea5f7517e03de9e723b8efa095dcc1ec28c5e8ba4242395088b16d,81335b67078a50e0d7cab67e33d63323114dd28cc3461696eab675181853fd23
NID5-V1-000705,705,1,New NID Registration,train,NID5-G-bf1ff4575fa2caaa23ee9cba66495c91601888812d3993c0b41163210a6ea0d7,bf1ff4575fa2caaa23ee9cba66495c91601888812d3993c0b41163210a6ea0d7,9600d76dbb34602ac488e5c83044d3b11618d080f8046b9c7115c1b5c4ebdb46
NID5-V1-000706,706,1,New NID Registration,train,NID5-G-0e97e1d519a0c4a440e901069ea1ec23cbed486b668344575e679db635734c00,0e97e1d519a0c4a440e901069ea1ec23cbed486b668344575e679db635734c00,e1eb8a066655a5af6c489d69da9e5b662e76e07cf3caf77102f04b47e6d53aba
NID5-V1-000707,707,1,New NID Registration,train,NID5-G-e955a2764e494a3a211cce8bf4a72410c269903aba54b7a9a7ef01af41d59471,e955a2764e494a3a211cce8bf4a72410c269903aba54b7a9a7ef01af41d59471,e0e5ce9f08e558e4ac05a566fc95c3706de973e29fd29ad5719a04472d09d3ff
NID5-V1-000708,708,1,New NID Registration,train,NID5-G-4e7a870f928574f2e5179f1a611f240d38fcf6a2c963d7f21d524d12d173aa38,4e7a870f928574f2e5179f1a611f240d38fcf6a2c963d7f21d524d12d173aa38,85988db3fdf61bd42fbfb31271326d2fa3dcaf34e6543e4d248bd03ef6f94efc
NID5-V1-000709,709,1,New NID Registration,train,NID5-G-d9eedef291be123b936855d4474c2a362b4fa7abe3f9dccac93ecb71de2bd3d0,d9eedef291be123b936855d4474c2a362b4fa7abe3f9dccac93ecb71de2bd3d0,49d91749ae905c0c48eac2257ddc3572d00e75acfedeecd3e2ec60c04b22321f
NID5-V1-000710,710,1,New NID Registration,train,NID5-G-de4a0a2606ee269c17cf6ad34c913fc76f6d9c8fa885a8e8c04162bf6ed62abe,de4a0a2606ee269c17cf6ad34c913fc76f6d9c8fa885a8e8c04162bf6ed62abe,447e6797eff0058e259d1aa4ce7648eacf61679399eae8077bbd757b351db534
NID5-V1-000711,711,1,New NID Registration,train,NID5-G-07906fb5f485477d6429f80ebb953ace60002e77e4278eca0e79678fe1572a68,07906fb5f485477d6429f80ebb953ace60002e77e4278eca0e79678fe1572a68,58bdafb3000bea65034f9a56e80bfc69e562c01ff559e4dafecff1fa46e7ead2
NID5-V1-000712,712,1,New NID Registration,train,NID5-G-9f7f1262f57ca987fc972efaf3870ecbfa9cf7cedc35ca3be39255361ad6b8cc,9f7f1262f57ca987fc972efaf3870ecbfa9cf7cedc35ca3be39255361ad6b8cc,2aa778c6d5d292a8a330f2f17b9d730d1e4ff4ebd9c470b6569efe2a7a6e84c5
NID5-V1-000713,713,1,New NID Registration,train,NID5-G-e92983558253b1d6528e5679bae33fd424b7f49a4345c36e4704fc71ed2daa4c,e92983558253b1d6528e5679bae33fd424b7f49a4345c36e4704fc71ed2daa4c,f1690d90e790603e18f7dc6005deb935e9fef658fcabb0142a15b97e6b84f83f
NID5-V1-000714,714,1,New NID Registration,train,NID5-G-4954b4b041297d0a9f096bb1098613d4f32703ff1718f7a41b2f53c8dcb45ca1,4954b4b041297d0a9f096bb1098613d4f32703ff1718f7a41b2f53c8dcb45ca1,ccbba7c2078f67967b91b24f4a7abe11f06ebce18395607e83629f933f333c5c
NID5-V1-000715,715,1,New NID Registration,train,NID5-G-32de934fe312cf39391ece39c77630983a8dddc72643d02083afd62061bd58d9,32de934fe312cf39391ece39c77630983a8dddc72643d02083afd62061bd58d9,2d0a04e883ee61b151f4db78253e5a6a9d357cfc5a6b30c8ec92ce39283e637a
NID5-V1-000716,716,2,Lost/Stolen NID,test,NID5-G-edf2e6b17b9b85d6fbf9f4ffff9452d44716428c8a7d2589ddd2ef7042f63b4a,edf2e6b17b9b85d6fbf9f4ffff9452d44716428c8a7d2589ddd2ef7042f63b4a,d9b472995871c1ff3880d2505620226ecdbf52b46fd5c59da3d18b340bc92658
NID5-V1-000717,717,2,Lost/Stolen NID,train,NID5-G-edc36e4a90798633787cde86d1f3f6e8e2ac11ed4fcfb3a7aee5653739b33085,edc36e4a90798633787cde86d1f3f6e8e2ac11ed4fcfb3a7aee5653739b33085,856280bd027f1956a774f5475fbc946d0dd045f8af8adb78c49bc18684d40b1b
NID5-V1-000718,718,2,Lost/Stolen NID,train,NID5-G-977ba9bb1b118a99a52680d7a8ea03948c5bae7a05d41738268fe94c7f658c09,977ba9bb1b118a99a52680d7a8ea03948c5bae7a05d41738268fe94c7f658c09,7d475619af079b0386bc64c56aecbae7775c71c37f68592d74fd5d66c71c7e04
NID5-V1-000719,719,2,Lost/Stolen NID,train,NID5-G-d0752eb7f3ffa50f50b900e3ebf7705425d7cf8593e1c90d2ad2a53c90cf88b5,d0752eb7f3ffa50f50b900e3ebf7705425d7cf8593e1c90d2ad2a53c90cf88b5,a3d52de2bba50126e235c003a4ea7701b3c65a38bcf01cbe5eadecd0d023bd15
NID5-V1-000720,720,2,Lost/Stolen NID,train,NID5-G-50d5bddb594d6a00c1dc181b65ca197596c45937026d388a493b61fc6a3b3dff,50d5bddb594d6a00c1dc181b65ca197596c45937026d388a493b61fc6a3b3dff,33326f47123e9dcc74c50a8f9b8bc08fe2a09a391e942e2e5426008ba2f577e1
NID5-V1-000721,721,2,Lost/Stolen NID,train,NID5-G-e777e1470ff2892bdb29e92bc12c63d46ccc01351688c8574e2625ad61e5c5bd,e777e1470ff2892bdb29e92bc12c63d46ccc01351688c8574e2625ad61e5c5bd,b1e423f9890b9715a38d8275b95d4bff0147a0ee3b6302f43b85b8e21d7613d1
NID5-V1-000722,722,2,Lost/Stolen NID,test,NID5-G-53400b43ca59242a436aef0e88db92c12438888c575048ad2ee3922bab571cc7,53400b43ca59242a436aef0e88db92c12438888c575048ad2ee3922bab571cc7,a46cb90c83531ac53ca14da0b4d3b1ca14761ae0f1b18cea4d3ebf0d4c175f77
NID5-V1-000723,723,2,Lost/Stolen NID,dev,NID5-G-56c0b90bed5c79b87dd5873cf23a898c843a139fb387ef26fc58fcf9e2f8d9a1,56c0b90bed5c79b87dd5873cf23a898c843a139fb387ef26fc58fcf9e2f8d9a1,b986998379d3eac9502ae1931d03ef151ca04ab2ef0537e62124e64d5c63fa4b
NID5-V1-000724,724,2,Lost/Stolen NID,dev,NID5-G-d1272ed6fdf783bf8ff2b918e4b89daec81f43ecbd53b22641e46427abaedd53,d1272ed6fdf783bf8ff2b918e4b89daec81f43ecbd53b22641e46427abaedd53,b70fb29a8583cda3eea697dfda32fbd86523c67b5cd7dc73cb82f3da6ed662ff
NID5-V1-000725,725,2,Lost/Stolen NID,train,NID5-G-93bdb9da5a8e8ab5efd7a2052f0aac121e545a3ad5fa459b61d0e55b56b5a93d,93bdb9da5a8e8ab5efd7a2052f0aac121e545a3ad5fa459b61d0e55b56b5a93d,efef6d85e3c8e20ea568f27aabd5d1ac6d02e7d16a3339e78057623fecb2d8f4
NID5-V1-000726,726,2,Lost/Stolen NID,train,NID5-G-e28887188e428ef2f373c1b8373b4dc2aa3c7c19e3e8b7cb857330711d1eb5e0,e28887188e428ef2f373c1b8373b4dc2aa3c7c19e3e8b7cb857330711d1eb5e0,e982ef7e557dfb869c1509a1bad5c1b54bc0281fddaaa6668e3fec45f2747465
NID5-V1-000727,727,2,Lost/Stolen NID,test,NID5-G-5fddf1fd5c55e2703e1243b36d9bd9678183e3d28077f945ea6265b594d4db72,5fddf1fd5c55e2703e1243b36d9bd9678183e3d28077f945ea6265b594d4db72,7e80b95241b9c28ef9b60433e58e5556cb810f36d8a799894626b74688b352fd
NID5-V1-000728,728,2,Lost/Stolen NID,train,NID5-G-181c183216aa51cde9c8ebf56a24dd7324bb9cddbeb3f66c9eada74a40be83e6,181c183216aa51cde9c8ebf56a24dd7324bb9cddbeb3f66c9eada74a40be83e6,506b913d4a2b9fd2032385ae162c197061bc2f64b61bb49c5d1d364bbba41197
NID5-V1-000729,729,2,Lost/Stolen NID,train,NID5-G-b0c1e8d1865f51e41962bf6a48ef7f98aa46084ae364c027804ed34e9763682e,b0c1e8d1865f51e41962bf6a48ef7f98aa46084ae364c027804ed34e9763682e,5d9124430f724325599b127a3c65e3a45e6d9ad3238c69738a14a792591a55ec
NID5-V1-000730,730,2,Lost/Stolen NID,train,NID5-G-355272f3b48ba4c700b8026a12158c8adb7f74c51eb40b6cf5dec65e1b0384c0,355272f3b48ba4c700b8026a12158c8adb7f74c51eb40b6cf5dec65e1b0384c0,d57308515e8d301e918bd98892216004fb19e957036d9aa73590489da5182539
NID5-V1-000731,731,2,Lost/Stolen NID,train,NID5-G-f8d64a92e02854d252aedb94bb645de35115dd3670973d2baa81d39dbc819fa1,f8d64a92e02854d252aedb94bb645de35115dd3670973d2baa81d39dbc819fa1,f2cf8b79fbb0deac77271747f7f81f03107ecf6700240e39f574b12e762a4836
NID5-V1-000732,732,2,Lost/Stolen NID,train,NID5-G-bc49ca1f9f858e574719f27b5d079336414ec32aeb75f9f4926518e12251e738,bc49ca1f9f858e574719f27b5d079336414ec32aeb75f9f4926518e12251e738,8beb84fe720a116332219e4279ef4c4fe15601d2105a15cd637957a2b4336cbb
NID5-V1-000733,733,2,Lost/Stolen NID,train,NID5-G-4a79ec0d7b74334566fbd4fb15751f8c6397465abc8ffceb3ad35cb720946fef,4a79ec0d7b74334566fbd4fb15751f8c6397465abc8ffceb3ad35cb720946fef,6a6beb41c4cd4abfe46dd519a4f897d6560d9336a6652eb9302d4a820777a323
NID5-V1-000734,734,2,Lost/Stolen NID,train,NID5-G-0543c55d6dd5ce64cd2cfb83726cc4a5cad5dff0d2484be6750228a988d54848,0543c55d6dd5ce64cd2cfb83726cc4a5cad5dff0d2484be6750228a988d54848,e83687d4b2620d5ed0b631ad202b31b496a024657bac64527d2a729f6bedf74f
NID5-V1-000735,735,2,Lost/Stolen NID,dev,NID5-G-9b6958d24047382da960cb8283009284c9e7b4c87d335b088d8c580576b76fb8,9b6958d24047382da960cb8283009284c9e7b4c87d335b088d8c580576b76fb8,b401f9454cdb531cf1356cb6563bc8eb24ea5016679ddf43df24edcab8abe651
NID5-V1-000736,736,2,Lost/Stolen NID,train,NID5-G-8a78c072308cb8c2c21bc340e830505705f178da733b78599311b938d11a50a8,8a78c072308cb8c2c21bc340e830505705f178da733b78599311b938d11a50a8,84ff0468db1e56e57b8e4c5a0fd16955014c191d8186978d1859ad78e5897ddd
NID5-V1-000737,737,2,Lost/Stolen NID,train,NID5-G-abe12d4e7cfe1e405b52b302db81950fbcb5f3cb60b141ff20d94675559b959f,abe12d4e7cfe1e405b52b302db81950fbcb5f3cb60b141ff20d94675559b959f,fe1efb31c410732d456493213bea1519091230f097a748df21c9248d8c658ecf
NID5-V1-000738,738,2,Lost/Stolen NID,train,NID5-G-c3b4509eb1a987d9c68a85fda6984fe77ddb1c68664aab0e680a3e31a842b88a,c3b4509eb1a987d9c68a85fda6984fe77ddb1c68664aab0e680a3e31a842b88a,f1038ecbd6cb81cb64f63f5d8da7c92c21cc5ea74b974e5327c8efee340f7373
NID5-V1-000739,739,2,Lost/Stolen NID,dev,NID5-G-273567c58fba29c0d53516a97e383b3807ea1057aee575c10ec853113d7a648e,273567c58fba29c0d53516a97e383b3807ea1057aee575c10ec853113d7a648e,3a6b020963e37cfb8ae4630e6a4a185a1a9f685533469dec4439f498a5570833
NID5-V1-000740,740,2,Lost/Stolen NID,train,NID5-G-41a1985096a2120abc4f57adc5b0c95f7e07fdd6c0cb6ab10c0fc4869662ba66,41a1985096a2120abc4f57adc5b0c95f7e07fdd6c0cb6ab10c0fc4869662ba66,f483885599ff69ab1146965f8e68054deca96f93e6f45e04f10496814bc3fc51
NID5-V1-000741,741,2,Lost/Stolen NID,dev,NID5-G-4a8b014b91a9821d9d0710100da50b3fd735fde572b675e03f11ddb162530e27,4a8b014b91a9821d9d0710100da50b3fd735fde572b675e03f11ddb162530e27,4e68ff4b3dacbc524fa3cb7c8b89f50f01081c42eeb7baab7c02ed8fc7374cc0
NID5-V1-000742,742,2,Lost/Stolen NID,train,NID5-G-6ebe44fbed5fb55cf84fad9f68b0e08572ddfc14f192278705c3703faa09a051,6ebe44fbed5fb55cf84fad9f68b0e08572ddfc14f192278705c3703faa09a051,4ae7ef8e395a710a53743217e83b8f2d0308bdaaafc3f7be6bbcf9d027ee5cf4
NID5-V1-000743,743,2,Lost/Stolen NID,train,NID5-G-600ba3a30d8544935a2c2c379173b91e840341cfbb28fecd2692ad9dc316f6f9,600ba3a30d8544935a2c2c379173b91e840341cfbb28fecd2692ad9dc316f6f9,78bc6b8f1496b8b7b5c0e58cc5846810eb26ea596c2df6b4bc37b8fee06eeb76
NID5-V1-000744,744,2,Lost/Stolen NID,train,NID5-G-f866c1176702156d2e073a81dacf51a7eb0e9e22c1aebaf366e78b6025ac9ead,f866c1176702156d2e073a81dacf51a7eb0e9e22c1aebaf366e78b6025ac9ead,0a86ce92fafb0ad7e2c489029acc987d23f18827df802fb2705472aa53395fc2
NID5-V1-000745,745,2,Lost/Stolen NID,test,NID5-G-717700b4fd8a6ecc0dd4a590e37f79a5aa04cd765f3ebce223762f85a04dc496,717700b4fd8a6ecc0dd4a590e37f79a5aa04cd765f3ebce223762f85a04dc496,b5d23354e98c5a642c2bef7e7d5f4cbaa368757800d5d5e3c907120e4f3fa3c8
NID5-V1-000746,746,2,Lost/Stolen NID,train,NID5-G-e8bfc497e20a89924017601e2cfef1ec6d5628b5d65194f6b78ca47988ea8385,e8bfc497e20a89924017601e2cfef1ec6d5628b5d65194f6b78ca47988ea8385,f6af08991145a39915bb5654704ef67844e9bf5301e0a4212b97074f96f13c69
NID5-V1-000747,747,2,Lost/Stolen NID,test,NID5-G-b915471bce76491fdedd991c3f139ecd5537f15fa52662edff7d188d0fadeff0,b915471bce76491fdedd991c3f139ecd5537f15fa52662edff7d188d0fadeff0,8ade8c546e34d7e4083da0d2c461face23d33d8c63e86cbf65cf00c7ce19b11e
NID5-V1-000748,748,2,Lost/Stolen NID,test,NID5-G-72f033154f935919e3657c78c575743d0e079e19a25b761fb1aeb292c1a3cc8f,72f033154f935919e3657c78c575743d0e079e19a25b761fb1aeb292c1a3cc8f,1f0d6496008121fd454df9d54e45140d918643dcc4bac00e0137412860ccfa86
NID5-V1-000749,749,2,Lost/Stolen NID,train,NID5-G-684ff46318d36b2278180406e0c21ccf7e5fa98b165c683b96af32605091238c,684ff46318d36b2278180406e0c21ccf7e5fa98b165c683b96af32605091238c,69c20de4c46e74158cf4dd158462ffc032d12fd47cf0d00cbac2e02c9973c93b
NID5-V1-000750,750,2,Lost/Stolen NID,train,NID5-G-36ff7d7836ff2c74f58918ba49c9d7c07834fde405c84cabd967e4954f11b8b1,36ff7d7836ff2c74f58918ba49c9d7c07834fde405c84cabd967e4954f11b8b1,36e9fad016d1cc04a4ed3f782e61b84622364492ae3c6a8fbb3704ab89e8d9dc
NID5-V1-000751,751,2,Lost/Stolen NID,train,NID5-G-ce483efc2b4b7c68849ab99258a7b9ea53165b4a0abf9ef55b74005d2659e285,ce483efc2b4b7c68849ab99258a7b9ea53165b4a0abf9ef55b74005d2659e285,c1b986943f7c8b7d425a835c21b6ff90a36582a0e48ddc834e499e84556e3f4f
NID5-V1-000752,752,2,Lost/Stolen NID,test,NID5-G-e2c62541811b9f304e0e53b5c4c6e5fd986275a955ceb735053a334cd9c162b3,e2c62541811b9f304e0e53b5c4c6e5fd986275a955ceb735053a334cd9c162b3,bc7a10736fad556117132efa7ab96da94e2ea2969a90f9df3f16b1db25514fa6
NID5-V1-000753,753,2,Lost/Stolen NID,train,NID5-G-60740cd0c84ad2ab15f44d5c5ee7e2aeb06df4e83b94e39d2950b8a6182e854b,60740cd0c84ad2ab15f44d5c5ee7e2aeb06df4e83b94e39d2950b8a6182e854b,5efacec631f6886db1af6d96bdd7d0a4e9503b49f0b8bf37929d3230af50192e
NID5-V1-000754,754,2,Lost/Stolen NID,train,NID5-G-484f1811f3c1e8ad9ee422b0be301cdd5ace4cfd19ac31c3ea36e692c5c72845,484f1811f3c1e8ad9ee422b0be301cdd5ace4cfd19ac31c3ea36e692c5c72845,1d025d5dd3333c772b3321973e74b0c3b4773ee8fd2129fae7512709b7db89b8
NID5-V1-000755,755,2,Lost/Stolen NID,train,NID5-G-1f117aae8b7910081fae134484370b3a997179b7f62fef601df9380a08a3eeea,1f117aae8b7910081fae134484370b3a997179b7f62fef601df9380a08a3eeea,9718d8ab4cbf4f8ccb2cf20a68736072d633958ed83762d90670c73084532f8c
NID5-V1-000756,756,2,Lost/Stolen NID,train,NID5-G-9683e5acba0fb1e8ba334a77f11a1bd65241acdc733327fd71ea60504baa1c1d,9683e5acba0fb1e8ba334a77f11a1bd65241acdc733327fd71ea60504baa1c1d,c062f19f81d7926a361bfa7ed718e553c1b1356f61f1c4592d6284526bcbc8cf
NID5-V1-000757,757,2,Lost/Stolen NID,dev,NID5-G-ebb3575bfa734d007ca6750910ada03975177d61019858ca803ae65c10974751,ebb3575bfa734d007ca6750910ada03975177d61019858ca803ae65c10974751,da985f67c3c366d5af59038e3ad4df8148a1ffe0a9055b363dabf0f8ead18461
NID5-V1-000758,758,2,Lost/Stolen NID,train,NID5-G-5c4f9834287a9dd9e020d3a42a4341d69d40184e2b14c70c2b197806826e5651,5c4f9834287a9dd9e020d3a42a4341d69d40184e2b14c70c2b197806826e5651,977c50945e7b2e817d6c93bde0b0df0b2399df4b31ca92068264fb564d1e0c15
NID5-V1-000759,759,2,Lost/Stolen NID,train,NID5-G-b33f406be2bc2a8d998a5efab0d12670ba6556c8b2614db20b69fe235f69c3ab,b33f406be2bc2a8d998a5efab0d12670ba6556c8b2614db20b69fe235f69c3ab,515d0a88c6ea9afca88ad2eb05b365f3540d70a285d7a8d4913df24a35370eac
NID5-V1-000760,760,2,Lost/Stolen NID,dev,NID5-G-012881bd24e7cd128ea9896703ca8ef7ae6d773e5f27e686d285d12f09055618,012881bd24e7cd128ea9896703ca8ef7ae6d773e5f27e686d285d12f09055618,b6e2c3ede27fcd00ed09e7539c3d638f4b9aaef59cc26256dc90b59e59a2ad1f
NID5-V1-000761,761,2,Lost/Stolen NID,train,NID5-G-f68cea8eb20756170b2a7f4dc89b9746308ca194a9bec3bba489f6c0a7706049,f68cea8eb20756170b2a7f4dc89b9746308ca194a9bec3bba489f6c0a7706049,cf92ffc198287cb4f6dd24978c2f40e152bea08ad00569e48de78ddf3bdffc35
NID5-V1-000762,762,2,Lost/Stolen NID,train,NID5-G-a1aecf54233e8206e70a6d39e0f820f8986b5394ad7a9f591e3b961177166cac,a1aecf54233e8206e70a6d39e0f820f8986b5394ad7a9f591e3b961177166cac,aea1873c269d79e94cca8b70ce9eabba146c267ab46fda0d5181b0d23001ed74
NID5-V1-000763,763,2,Lost/Stolen NID,train,NID5-G-b9acd6f87bcb92d26327ae7cb651ca0247fc1e272f5bc73084a5c5979083f263,b9acd6f87bcb92d26327ae7cb651ca0247fc1e272f5bc73084a5c5979083f263,358e0946118316f5201780c26628200aad3a36311eb19c0ada062db0432f7752
NID5-V1-000764,764,2,Lost/Stolen NID,test,NID5-G-cf757cde9b074e4cff623d318fad2c6484372ee3f5e036146b65d7c5aae92cd9,cf757cde9b074e4cff623d318fad2c6484372ee3f5e036146b65d7c5aae92cd9,2a0c597b997bc5b0888cba290422c728367eee6833cdcb34394313a5f02499ad
NID5-V1-000765,765,2,Lost/Stolen NID,train,NID5-G-dbacfdb9f607d6d9f06cad05caa5eb6a1bbb335dfcff8137c79a3247254c356c,dbacfdb9f607d6d9f06cad05caa5eb6a1bbb335dfcff8137c79a3247254c356c,c0ce771cd9e2f6a5b338a8885da69277da17eb8d4074233948099e66e5d28d82
NID5-V1-000766,766,2,Lost/Stolen NID,train,NID5-G-0a72f67388be2bc5273eb042a6f22e81c09d6cbfd6310990f374e872e1bcd72b,0a72f67388be2bc5273eb042a6f22e81c09d6cbfd6310990f374e872e1bcd72b,1f964704edeaa868a394b8e1161472a60faed6ec8393fac915d3458f303c3fb0
NID5-V1-000767,767,2,Lost/Stolen NID,train,NID5-G-58cf5bc75605d08d642cb19c150968c27c1dc101434e4ddb699e18fcf901457d,58cf5bc75605d08d642cb19c150968c27c1dc101434e4ddb699e18fcf901457d,96838a5bcb6db803c5bed6526162b98cd8a446a455cf290ddf5870ee7348c5eb
NID5-V1-000768,768,2,Lost/Stolen NID,train,NID5-G-4717287cea24a68c6bf8d4224269a96cf98fdbf082166b10405e9b67e48aad6f,4717287cea24a68c6bf8d4224269a96cf98fdbf082166b10405e9b67e48aad6f,18c5d7ad3a558d57295f46347833b6a84b1c56221bc2586bb897c40882d5e8f7
NID5-V1-000769,769,2,Lost/Stolen NID,train,NID5-G-4eacca744456dec799c0f8a5df7f6c65f54f9e2856c9e124e81d79fc44abc1ca,4eacca744456dec799c0f8a5df7f6c65f54f9e2856c9e124e81d79fc44abc1ca,d07802b07b2bb3d70fa9017f5630d24283de01a7367282f9640a1324f8e10d4f
NID5-V1-000770,770,2,Lost/Stolen NID,train,NID5-G-d26e88ccf6a90cb1cd1b96e9ec67d2198f96077bbcb173c51d388a4392f51547,d26e88ccf6a90cb1cd1b96e9ec67d2198f96077bbcb173c51d388a4392f51547,f9ffbfec96b05fa192de6e8b32d8f3f21e33f2fe3185a51be05d27be686ea985
NID5-V1-000771,771,2,Lost/Stolen NID,train,NID5-G-d97b8e1ad6263b7994b994e53621ae4679a13f789daa3c739bcb62ecc5dc1122,d97b8e1ad6263b7994b994e53621ae4679a13f789daa3c739bcb62ecc5dc1122,a1e8464766d7b8f2b2c0d634fcd929bdd97148a36c2ddea92cfe84228ce02701
NID5-V1-000772,772,2,Lost/Stolen NID,train,NID5-G-b3944a1ccdb16eb0f69345afa69707178c16eea5b801b8e4c2af4f5deb4eb09e,b3944a1ccdb16eb0f69345afa69707178c16eea5b801b8e4c2af4f5deb4eb09e,2795ab3a80529e879a1247824cf192c0cd4b878cf8b5a08b25a8a05261b3f60e
NID5-V1-000773,773,2,Lost/Stolen NID,train,NID5-G-e07e1285cd230647e471eb30d2dafcda9b676864b70fe54db5499ee9d8398ff1,e07e1285cd230647e471eb30d2dafcda9b676864b70fe54db5499ee9d8398ff1,a9b5340258dadf96cf66798dfbefaae3caa6aedfe74b5b603c4ea02cf3f69f55
NID5-V1-000774,774,2,Lost/Stolen NID,test,NID5-G-1b1a3332180aa72b985050c518fe475b0852a82af78aa1888f7a4ac275401f59,1b1a3332180aa72b985050c518fe475b0852a82af78aa1888f7a4ac275401f59,83736dd3752de187a859e6f151df4f54e45faf9c12a634f63e1bb9337012416c
NID5-V1-000775,775,2,Lost/Stolen NID,train,NID5-G-d6a3f466ababab2c6f41ff56ed3196a827527e5ce582a383a887222831415785,d6a3f466ababab2c6f41ff56ed3196a827527e5ce582a383a887222831415785,1ca86bff6656e2f4cf05b04f33a35584abb8be1145208b2df64b4a51a0eadc26
NID5-V1-000776,776,2,Lost/Stolen NID,train,NID5-G-58c91be0c4d6f39390127cd4ab0191b98eef4cd54e74693e5a5ce8f1a16e901a,58c91be0c4d6f39390127cd4ab0191b98eef4cd54e74693e5a5ce8f1a16e901a,f6823385931af74b49c22fef4470f5d0f511f7b157dc8f6fcd33b819a35ab431
NID5-V1-000777,777,2,Lost/Stolen NID,train,NID5-G-7f0e9b3d251f9e5ba8534e5095155114e707252942a64682d0f5d83d7b6d19d2,7f0e9b3d251f9e5ba8534e5095155114e707252942a64682d0f5d83d7b6d19d2,c260148563eb63b3834ae873d6f7d274672e16634c8261a19d8c9cb8f54d4268
NID5-V1-000778,778,2,Lost/Stolen NID,train,NID5-G-4c0fab2a5bc49757b2fc9166444ed7b3e3ff432ccd341a52ec4f9bd9b4b06c77,4c0fab2a5bc49757b2fc9166444ed7b3e3ff432ccd341a52ec4f9bd9b4b06c77,386429238057f95dc2717772425cb9665a65a24950b3a5e6923d5bc78efe117c
NID5-V1-000779,779,2,Lost/Stolen NID,train,NID5-G-94e365fad2cb69077971dc5da22dcdbcaf20f72d8846cff38822a11ba5550b29,94e365fad2cb69077971dc5da22dcdbcaf20f72d8846cff38822a11ba5550b29,e075ab01b3f3da340b4a0b218d063bd78d1a2879f318c4f17830e47bb275c19e
NID5-V1-000780,780,2,Lost/Stolen NID,test,NID5-G-2c8d8d4eb9349fa800e38fb799423abc1e49d6be3de4c4bf4ea18072517e76a0,2c8d8d4eb9349fa800e38fb799423abc1e49d6be3de4c4bf4ea18072517e76a0,3a44e551d160be724e3b0c6be84a1733cbb36a0fedb97f4418b39bed5f6c87bf
NID5-V1-000781,781,2,Lost/Stolen NID,train,NID5-G-551fe846d1c775f149ebfade40c1250ea62465fd88b28197c5a5337938a4707e,551fe846d1c775f149ebfade40c1250ea62465fd88b28197c5a5337938a4707e,954774c8947a35676dde502c0c299c06d9641261c1b93c41e2b18d544ada6beb
NID5-V1-000782,782,2,Lost/Stolen NID,test,NID5-G-a7ecbf8ff0a0df63ec35a8bd6018808007a2bc1391141afbb295e025ff3dc24a,a7ecbf8ff0a0df63ec35a8bd6018808007a2bc1391141afbb295e025ff3dc24a,afdcdcbe6f022cc3572725df6c320f6b3ceba891ccbd7630472f5c08471828ee
NID5-V1-000783,783,2,Lost/Stolen NID,train,NID5-G-0524e25a7c54770b5e51639483f8c9949a6ade653ad4fa5c9879986b4321e261,0524e25a7c54770b5e51639483f8c9949a6ade653ad4fa5c9879986b4321e261,6b71126536e15b516b9baac16fcab8cfb206f03f2cae13a73934e0767bde212c
NID5-V1-000784,784,2,Lost/Stolen NID,train,NID5-G-e899428461e3ebd14cf5fbfdd8f1c13cba1507200e8d49c7782c6c0a14063c6c,e899428461e3ebd14cf5fbfdd8f1c13cba1507200e8d49c7782c6c0a14063c6c,3be5eb8a1da7b1ce6729204320dc1bf6f91c59c2dfd27d785ace33fb4f4c1971
NID5-V1-000785,785,2,Lost/Stolen NID,train,NID5-G-aa1f490abfdfbba5bb968be7a407c15be6d37d8fe71c52b022236175ac1aa2a8,aa1f490abfdfbba5bb968be7a407c15be6d37d8fe71c52b022236175ac1aa2a8,e3d44aee66601375c8157afcf4cfde094f4d4163f80695428d1db58c217637dd
NID5-V1-000786,786,2,Lost/Stolen NID,test,NID5-G-36c10125b7b7fe4bd4ca169f80eb2426d24c898667c4829499246b574a340d80,36c10125b7b7fe4bd4ca169f80eb2426d24c898667c4829499246b574a340d80,0449b4c9f77dcf08262862eb2e1af880c50f48d2eedfd30b68a17f575998d3ed
NID5-V1-000787,787,2,Lost/Stolen NID,train,NID5-G-905a5f55e90c967a8344ed8fba9f3f21527e3eb7e159439b56546d218689a190,905a5f55e90c967a8344ed8fba9f3f21527e3eb7e159439b56546d218689a190,2e09a555b9b41635816c455afd17ed5c413794431146c79846ee1ae9bf4314ff
NID5-V1-000788,788,2,Lost/Stolen NID,train,NID5-G-2d5e29adb525de44fb46fb1afb3802e73ed147d931ed232b292400c9ac72d162,2d5e29adb525de44fb46fb1afb3802e73ed147d931ed232b292400c9ac72d162,c792ac50a24617b323e3bd62d60fa7392da21e60d8284b55d64c0a6b3a922f2e
NID5-V1-000789,789,2,Lost/Stolen NID,train,NID5-G-35542b37df9f37dadbdee6d3c5f3ba2e8b2341e1129106d20958316eea3c211d,35542b37df9f37dadbdee6d3c5f3ba2e8b2341e1129106d20958316eea3c211d,448f9ff7eabdfe1e427b529ea486f634abae97715f474c1c2a191d882e81e870
NID5-V1-000790,790,2,Lost/Stolen NID,train,NID5-G-e23ca67573cc455ae6fef6bc717c8fa741de3ac4198f94518a3be881c170109b,e23ca67573cc455ae6fef6bc717c8fa741de3ac4198f94518a3be881c170109b,3fe5eaba48c94aea8570ca7ad3d3b40f3f4033b6cc83e0079a58df7252d60029
NID5-V1-000791,791,2,Lost/Stolen NID,train,NID5-G-9b7487a4443a5a09bb5ad2fecab1ca87c7bd14338d3d3bf70306d0d450a1a206,9b7487a4443a5a09bb5ad2fecab1ca87c7bd14338d3d3bf70306d0d450a1a206,d17a58af046f9ccda2ece3e14a347fb1d5c96c9cc605e5ef91f17fe6aaae3b88
NID5-V1-000792,792,2,Lost/Stolen NID,dev,NID5-G-b309b5b84294901be24e29b787843a1171087b95cdcd40d2742521d935bdd65b,b309b5b84294901be24e29b787843a1171087b95cdcd40d2742521d935bdd65b,8509d3161f51ff1629228c704913c9c800c7cc8f768df30472edce1f49247131
NID5-V1-000793,793,2,Lost/Stolen NID,dev,NID5-G-f03a4a89e77911efad3f4a79a0531c730f3fa0bef9956e9e7f5f8c28e7607e34,f03a4a89e77911efad3f4a79a0531c730f3fa0bef9956e9e7f5f8c28e7607e34,c850b51a70fbe816eb61364eb426993b2eb750ef441e9204f8b51071ea9b2cc8
NID5-V1-000794,794,2,Lost/Stolen NID,train,NID5-G-ad5501217befbadf2ee046a72d6a2e9ada092351ae96779074a7310b9939510c,ad5501217befbadf2ee046a72d6a2e9ada092351ae96779074a7310b9939510c,833be2edd13f83e1b6fe855a4e9c2f53bb0252e6d76d4e6350e68d4d8bf17330
NID5-V1-000795,795,2,Lost/Stolen NID,train,NID5-G-dc413f4ae1042c14558ecf4dd50c2cfcdb1cf4073d4c6182f4816a46ffc9fea7,dc413f4ae1042c14558ecf4dd50c2cfcdb1cf4073d4c6182f4816a46ffc9fea7,1872aef8d55ebcc9d17992075d7412048ee629de5561c150182bc6da667c034c
NID5-V1-000796,796,2,Lost/Stolen NID,train,NID5-G-badaf7f1f9e7de135e6ee56c23642cb1d75efbfe710c5d2047aa57f15faa9784,badaf7f1f9e7de135e6ee56c23642cb1d75efbfe710c5d2047aa57f15faa9784,9411ae29de5390bd3db0bff51f8c4b2e693be08048ccf1cdef32b6d9a6471444
NID5-V1-000797,797,2,Lost/Stolen NID,train,NID5-G-ee8f8b43adfa2efc7bc218b49bcf3bc299f1e22cc1b34f51248a3cecdedee80a,ee8f8b43adfa2efc7bc218b49bcf3bc299f1e22cc1b34f51248a3cecdedee80a,e290a7ccad950083092490cde4fe1b254de959ac51acecca664f1d689a44037d
NID5-V1-000798,798,2,Lost/Stolen NID,train,NID5-G-1f207e6e868c80dba014dcb4bb0ab799e23f20580cd33fa7409dbecdc988c773,1f207e6e868c80dba014dcb4bb0ab799e23f20580cd33fa7409dbecdc988c773,46c1c86ca6ae19a7d358a9e0950be9bb95589dbd6e3c7850ec4116bc02849db2
NID5-V1-000799,799,2,Lost/Stolen NID,train,NID5-G-c40cf0e1a922f8c2e5cce8b5ceb0ef1c8dd85ce2b94d02abab87ba3e0e59fc27,c40cf0e1a922f8c2e5cce8b5ceb0ef1c8dd85ce2b94d02abab87ba3e0e59fc27,ef6df6e8f6bdf2a35c6ac7b60d94bf3e65ccf4da213cd07749ce20a6ab555d34
NID5-V1-000800,800,2,Lost/Stolen NID,train,NID5-G-41a0d02e6a1a66d6b4100f8f1b0f357af9576472c8f0b0d812700f878cfd293a,41a0d02e6a1a66d6b4100f8f1b0f357af9576472c8f0b0d812700f878cfd293a,c71608821790ed6e223a3eb5c188e8559c27eb7adce2f751fcbeaab89f8da6a7
NID5-V1-000801,801,2,Lost/Stolen NID,train,NID5-G-a2d69b70083a03350fdeaf34985ec4dfb078f69715e4f5c2d5a1f08baabe2466,a2d69b70083a03350fdeaf34985ec4dfb078f69715e4f5c2d5a1f08baabe2466,97d5eca511e896ad9dcff73d152d348612eafa5a4bcb3adc18e32fa3f81bc31d
NID5-V1-000802,802,2,Lost/Stolen NID,train,NID5-G-9721f15b185899baaebab96caaee8cb5362a8a6296f99b3ace0da8631261569f,9721f15b185899baaebab96caaee8cb5362a8a6296f99b3ace0da8631261569f,e2ee783f96d763119ba6ff60e5e5508daa23afa2c6dfbb5407280630a033b948
NID5-V1-000803,803,2,Lost/Stolen NID,dev,NID5-G-87c9397c522347aa27969d61e6a0ecd388ceb3a8f33b581649ca0a6fbe1ffa90,87c9397c522347aa27969d61e6a0ecd388ceb3a8f33b581649ca0a6fbe1ffa90,5ec90c428dd81f831a96f2ebda28f92ab14606c0816e4d116b1b33d83b44a76d
NID5-V1-000804,804,2,Lost/Stolen NID,test,NID5-G-64f94505d25d9fb9341047fb10e37edfeaea7d2791fa4b171d9ca910b198644e,64f94505d25d9fb9341047fb10e37edfeaea7d2791fa4b171d9ca910b198644e,5fdb59b1fbb08e3c86e70e66edfa50612ab4dff33b13175f646a1837c06de859
NID5-V1-000805,805,2,Lost/Stolen NID,dev,NID5-G-8c8fd399937c43ff0505ee93ac6fdf06825ad2855c98c48d32ed236b6d1fcedd,8c8fd399937c43ff0505ee93ac6fdf06825ad2855c98c48d32ed236b6d1fcedd,48f324a9739c1a189378f830f1500713d08a64928f431a44c58585e3d9262459
NID5-V1-000806,806,2,Lost/Stolen NID,test,NID5-G-4dc6bab323f7c30f9a4e23a0add4bcffde683305d6bab5ef2b025d09983ac216,4dc6bab323f7c30f9a4e23a0add4bcffde683305d6bab5ef2b025d09983ac216,263e215ae9e893bbc703eadadfaea00e1f1bc6141fd2e9cf57cbc4894de7cff6
NID5-V1-000807,807,2,Lost/Stolen NID,dev,NID5-G-e58904275c6dcaf18bf66c37b38da22edb2e9dd980b5d36c24d92250161d4c63,e58904275c6dcaf18bf66c37b38da22edb2e9dd980b5d36c24d92250161d4c63,09bc882a4d3f3f778a7993deaae729ae27243868563273053fa57687f97699d5
NID5-V1-000808,808,2,Lost/Stolen NID,train,NID5-G-495cff048be278d64336b68b568c75f5b5da7e7bca60e93a58cfa5a7194a008e,495cff048be278d64336b68b568c75f5b5da7e7bca60e93a58cfa5a7194a008e,0e837f3cc8f5f47d370a0c6a4d7b92b36f09b542ea93809894d3a645ae24931c
NID5-V1-000809,809,2,Lost/Stolen NID,train,NID5-G-2f3aa27034504c013941f4e657097905767773f10ee39dbd3d73c8a5c59f8754,2f3aa27034504c013941f4e657097905767773f10ee39dbd3d73c8a5c59f8754,83c5f3c29dfc1f58e5ff8c09364531cab88231ce4707dd27d2c5d27189065a7f
NID5-V1-000810,810,2,Lost/Stolen NID,train,NID5-G-9c1106be7d49e27839dad9604ca1830b2a0b7d7f881b56ca64c914617b2ade73,9c1106be7d49e27839dad9604ca1830b2a0b7d7f881b56ca64c914617b2ade73,53efa07bbcba491ca37efb17cdc43857c6317cdb75a3fb2c258f356696a845ae
NID5-V1-000811,811,2,Lost/Stolen NID,train,NID5-G-46ac7920be4be4e39fbbeb121b72c2b37a28bd28bce3a82a7d9e7156cceea4e0,46ac7920be4be4e39fbbeb121b72c2b37a28bd28bce3a82a7d9e7156cceea4e0,8800ec682ddc929db2fca72aed6c5afbadda90778ff8215250924bc6d2bac427
NID5-V1-000812,812,2,Lost/Stolen NID,test,NID5-G-d2842bb819a3f8decadf169c47e3d81e13b9b015cfa8577b1c2da688ef1e7a95,d2842bb819a3f8decadf169c47e3d81e13b9b015cfa8577b1c2da688ef1e7a95,b258459ebf3b5c7576f97b8d78434e53005ea0a77b7f729e317e5e37be783a2f
NID5-V1-000813,813,2,Lost/Stolen NID,dev,NID5-G-bc0e2b2678f953945acf946c98660b0ed85894cf6505cca3c6a8333db277c097,bc0e2b2678f953945acf946c98660b0ed85894cf6505cca3c6a8333db277c097,81fbede1cb9f109750e1b25923e89f2bff3aeb2720ee9ee423c0e2f802492705
NID5-V1-000814,814,2,Lost/Stolen NID,train,NID5-G-6e82f6dd57b627d1ee94741c3b459f9298fc1536ceb38dab3389ea7999b50d8a,6e82f6dd57b627d1ee94741c3b459f9298fc1536ceb38dab3389ea7999b50d8a,65b9fc0dca366588143186f64abb2d5a1637b00a5c38613cf8784eb5d87271da
NID5-V1-000815,815,2,Lost/Stolen NID,train,NID5-G-738b0e65348b28ab9e136b3f813b467f66f95b76ed281a8b19589e532dba1afc,738b0e65348b28ab9e136b3f813b467f66f95b76ed281a8b19589e532dba1afc,57a8bc0856b2917379e9dfdce1b00b0ddc1e77bd6619c577e35f995525699267
NID5-V1-000816,816,2,Lost/Stolen NID,train,NID5-G-b50139e7828df8c31af6da7c2def11a0c144ebde257cf506f251c99456b75a6c,b50139e7828df8c31af6da7c2def11a0c144ebde257cf506f251c99456b75a6c,8ad5d41036d160645afcbf762711814615591f68fff977fef17fca27ec758032
NID5-V1-000817,817,2,Lost/Stolen NID,dev,NID5-G-8590bd73f00a6c0e54c35f52ee01d29263ec20953705defa88aa43b95353e5bf,8590bd73f00a6c0e54c35f52ee01d29263ec20953705defa88aa43b95353e5bf,4fd9c00ee3147272447559d17f0b0febef753036c8b7bca5a4b4c17ce8c1d1f1
NID5-V1-000818,818,2,Lost/Stolen NID,train,NID5-G-0245a59dab9822c999644f822cc7a6a0c99621e02b4d2c91c0d8bb77a5adfe7a,0245a59dab9822c999644f822cc7a6a0c99621e02b4d2c91c0d8bb77a5adfe7a,733ca5dd25131128867b9635377752fbe0ec23532f0fa1603355f47dfc30dc01
NID5-V1-000819,819,2,Lost/Stolen NID,train,NID5-G-6a11797db5eb54ef3da1e16130f5d3c46ec8df3982a3f0260c6d63c527c42af4,6a11797db5eb54ef3da1e16130f5d3c46ec8df3982a3f0260c6d63c527c42af4,16187648e7455b8adcb8b6dbcc9cc6adef59e287425e338682d90dbe8db111c2
NID5-V1-000820,820,2,Lost/Stolen NID,train,NID5-G-9e0acf35f8b0bffb9380ea393046b0f3f7875ce9fb2b788685b791813039946f,9e0acf35f8b0bffb9380ea393046b0f3f7875ce9fb2b788685b791813039946f,5bb1470acb2ec4e91469217a0834590d0d82447899c2c4181f0d31790cabaa4e
NID5-V1-000821,821,2,Lost/Stolen NID,test,NID5-G-b439a2c01e33fdd83b3f924cc8976ecc4282d9b5b7fbbe42b028f47efeb63515,b439a2c01e33fdd83b3f924cc8976ecc4282d9b5b7fbbe42b028f47efeb63515,c3f960dd528868d9aca83afdb53e128fc9b376c3fa1009f6ac2de76ac8734f54
NID5-V1-000822,822,2,Lost/Stolen NID,test,NID5-G-438310d5fd4aad3c36af713c184e60ffba2cd0b6e11a0b1d86f7228d834cfde5,438310d5fd4aad3c36af713c184e60ffba2cd0b6e11a0b1d86f7228d834cfde5,183474aff1c74abc2f121af46bc1611d323c0fcef4df72e15b05f4eb865c6cee
NID5-V1-000823,823,2,Lost/Stolen NID,train,NID5-G-614d46abbc7a8c86a058a3def2fd85dbd1ddd90b4b587b561f38ae496ba403b8,614d46abbc7a8c86a058a3def2fd85dbd1ddd90b4b587b561f38ae496ba403b8,7df14e1d6a19ac1faff257f688af62c7e0fee8f3f6c04d597d7a82da09ee6e4c
NID5-V1-000824,824,2,Lost/Stolen NID,dev,NID5-G-c3eb3366989b95ab75c8b898ce23f62e7b8fc71fbe6da4f066543d9b8598923c,c3eb3366989b95ab75c8b898ce23f62e7b8fc71fbe6da4f066543d9b8598923c,eb2ece46e3a3463bfe62b45c970469c229cdb73731668ad336103909938d9aad
NID5-V1-000825,825,2,Lost/Stolen NID,dev,NID5-G-51caeb7dd8406a0e1879eedd7acfdcad62dca070151db64f6efb592d38cfa5eb,51caeb7dd8406a0e1879eedd7acfdcad62dca070151db64f6efb592d38cfa5eb,a83d8416f82c2092966d761a9c10046e1e11737356e2193347a0c871aab6e109
NID5-V1-000826,826,2,Lost/Stolen NID,train,NID5-G-78de72e03b6e56987387de6bc5fae4e6ab7390ab2d07935bec47a934197b6a7e,78de72e03b6e56987387de6bc5fae4e6ab7390ab2d07935bec47a934197b6a7e,4591271baf8803d2d1cc7c2cf0c2fcf352e1a8473c794208d8fb07582271a3ec
NID5-V1-000827,827,2,Lost/Stolen NID,train,NID5-G-a6891609f4dbc4247e50745d734964720f123fe4d425785afd3a8ab170292ac9,a6891609f4dbc4247e50745d734964720f123fe4d425785afd3a8ab170292ac9,4f8408ef226798f9741bb507836bad6fc653bfbc6aa2faf01685f03599d395d4
NID5-V1-000828,828,2,Lost/Stolen NID,test,NID5-G-8dc402b33e64f5f86e0b9ed0d633243bcbd9c02b0b210041185e66009f4cf3b2,8dc402b33e64f5f86e0b9ed0d633243bcbd9c02b0b210041185e66009f4cf3b2,10b53783b3cdbbe7e463e35e676b74ab73d2fa0f86cecdf518ac2bf731d453db
NID5-V1-000829,829,2,Lost/Stolen NID,train,NID5-G-70b7d4e9dd2500ece8097390ca7920bfd09cdf25d2828be39d1e3e477b3ae646,70b7d4e9dd2500ece8097390ca7920bfd09cdf25d2828be39d1e3e477b3ae646,182411cda8d73e5357f28381a8d823bd86df987ea13072e8f0488437cdace215
NID5-V1-000830,830,2,Lost/Stolen NID,test,NID5-G-8ba166563819060a95e411e295353626c5b7d13522c7e797df3b6d5284a7e2b8,8ba166563819060a95e411e295353626c5b7d13522c7e797df3b6d5284a7e2b8,9f53727f77943ee07b0800363cf83c9a47a40f7c81a75fd0aa043660e0cad3da
NID5-V1-000831,831,2,Lost/Stolen NID,dev,NID5-G-f973dff0645a01fd1bc347eaf90f0f77bd1564522a786b517db0fefad4f6c4fb,f973dff0645a01fd1bc347eaf90f0f77bd1564522a786b517db0fefad4f6c4fb,e62e5ce73674309d84ad8e8364b6c750d73cf7da95e3cc46df9476fd7effa055
NID5-V1-000832,832,2,Lost/Stolen NID,train,NID5-G-2706f49e774f680e68d50a5b7cf984ad21c94db0b3e80f06fce2018c982ae470,2706f49e774f680e68d50a5b7cf984ad21c94db0b3e80f06fce2018c982ae470,7c17311f159230a4b1663032bb08f4313c2b8663a4d49b271e11c70d963f5299
NID5-V1-000833,833,2,Lost/Stolen NID,test,NID5-G-34e9395c9217727756f7cc0d37b2c2d0d82179ab910c4112f621ea67d86212c7,34e9395c9217727756f7cc0d37b2c2d0d82179ab910c4112f621ea67d86212c7,17eccc353fc99c49ca8bc77094ff3cf8f325b5b091306a4152dc8d3b6f52067b
NID5-V1-000834,834,2,Lost/Stolen NID,train,NID5-G-d91a172d8cc8a55f0a1b8c698cfe0d6a08eb8d538d99bb7cf464144430ad4e97,d91a172d8cc8a55f0a1b8c698cfe0d6a08eb8d538d99bb7cf464144430ad4e97,fea95200d30c8f713a304e2a897c2990199a408bd998feaabc6d5bbf1a4c1159
NID5-V1-000835,835,2,Lost/Stolen NID,train,NID5-G-4527386a13a1607eef472a48eb2981cd896b5a37710b494a130600e8d3777830,4527386a13a1607eef472a48eb2981cd896b5a37710b494a130600e8d3777830,d40d044137327108d388e2dc3f4d679bb286a6ea643f78f542e4283c5e6131b0
NID5-V1-000836,836,2,Lost/Stolen NID,train,NID5-G-e7e90a2eda2ac4507672c457f88c2fd28301c8ce01db042a0a8b78a808babca0,e7e90a2eda2ac4507672c457f88c2fd28301c8ce01db042a0a8b78a808babca0,c00289a346a57a05ffdc588f6abd9238ca7f5ef8d9520e23b4a7c2913d37b2ec
NID5-V1-000837,837,2,Lost/Stolen NID,train,NID5-G-c693d1b8823523f9a2a5952caa278c6c15947a6864cd55c889a4269ea2c5e920,c693d1b8823523f9a2a5952caa278c6c15947a6864cd55c889a4269ea2c5e920,00d4d91a5005cdb2ed84ec50bb2e007a84dc8272ceb68ef00ea2c60c8ba589d8
NID5-V1-000838,838,2,Lost/Stolen NID,train,NID5-G-a6f0f32eac87fe43aadc1ad7adf55ec168e64994a94e53582544715d24872c4c,a6f0f32eac87fe43aadc1ad7adf55ec168e64994a94e53582544715d24872c4c,d9c11ab2931ac48b831625ce364f89c2d992d68a4febf163c15da90eedf02a62
NID5-V1-000839,839,2,Lost/Stolen NID,train,NID5-G-7553422497753fbfebed7b855ca32beeac9390583268ad7711ff6fb467c1b3ae,7553422497753fbfebed7b855ca32beeac9390583268ad7711ff6fb467c1b3ae,894aa64f85357b8ba5e5fde2fc835cabf8d5b67fe91d17c5dfbd61e09c22e3b3
NID5-V1-000840,840,2,Lost/Stolen NID,train,NID5-G-63d70fa886ac6afcaa113a1cc86638fd204cf4cb69cfe38cf26969274a7d5b76,63d70fa886ac6afcaa113a1cc86638fd204cf4cb69cfe38cf26969274a7d5b76,3eedf7555f7ac2b5edcf8ab24e91645df9657d2f79cfd8dd335cca412c318f2b
NID5-V1-000841,841,2,Lost/Stolen NID,train,NID5-G-69501e526792a73d387d323a4e5d13738fc87f32e054073dfd864010a5317780,69501e526792a73d387d323a4e5d13738fc87f32e054073dfd864010a5317780,3b32214fff754b672121111577db12c464d5122f9d62d13bdf322fa1188c4eb0
NID5-V1-000842,842,2,Lost/Stolen NID,test,NID5-G-496134c238f10074d2c00aae5f7eafcaba277b94fe51035dde0f021c204a3743,496134c238f10074d2c00aae5f7eafcaba277b94fe51035dde0f021c204a3743,e084aa7d092e7741c2a19e1fb5d5de3a5207a7525a9ce4957ae24ab4dc5114d2
NID5-V1-000843,843,2,Lost/Stolen NID,train,NID5-G-cbc154582025073ffbb1d1ff93948f2a4b9b75137c4827f122cbc2c3dc719595,cbc154582025073ffbb1d1ff93948f2a4b9b75137c4827f122cbc2c3dc719595,e956d3dba48bb603a776e6137f5dc481a7e2e41fa050ef50caf4607312e49883
NID5-V1-000844,844,2,Lost/Stolen NID,dev,NID5-G-b1a00e76e94055774570e9d7ca7cc88d2dc6ae289fda1ee23599671f7bf912c3,b1a00e76e94055774570e9d7ca7cc88d2dc6ae289fda1ee23599671f7bf912c3,0e333ea917a2e24128f72523faf0abceb37317dcee091fdf8a0a270b295aae66
NID5-V1-000845,845,2,Lost/Stolen NID,test,NID5-G-1005294a83ad4a2a720259bbfe18892aba0775824439f962c05ff2ca4f223713,1005294a83ad4a2a720259bbfe18892aba0775824439f962c05ff2ca4f223713,03777cda2b87c21f36717b38f0c965eb0d4951ff720fc096c68e510f89691b71
NID5-V1-000846,846,2,Lost/Stolen NID,train,NID5-G-a65960be1b188085f1d272c1555e53785a7d890dd7a84572f199475186e72f00,a65960be1b188085f1d272c1555e53785a7d890dd7a84572f199475186e72f00,986d2b78db65b6c06e49085528043bae1e92d0620f97e902a2d8920b4ddf11d2
NID5-V1-000847,847,2,Lost/Stolen NID,train,NID5-G-253feba6a7845c55bff3c57ffed7a46de98f023eca0fc31edc2909f8b4526d46,253feba6a7845c55bff3c57ffed7a46de98f023eca0fc31edc2909f8b4526d46,6e37c9c16551218fe678784a8e0eec625d16f0b61dd8e16e938330e14a885348
NID5-V1-000848,848,2,Lost/Stolen NID,dev,NID5-G-b925898759e785d90295b955a00c79330341e6c7f8f542c5522fbb836836559b,b925898759e785d90295b955a00c79330341e6c7f8f542c5522fbb836836559b,21b073520cdb205652cc3c8e7fa8534f89575fcaa2d6b8890ab4d58e671d5d52
NID5-V1-000849,849,2,Lost/Stolen NID,train,NID5-G-6bf32def6c84e60fc9d90079d9423bc94bbbe763739215800b0c312bf13805fa,6bf32def6c84e60fc9d90079d9423bc94bbbe763739215800b0c312bf13805fa,a5541b80d23dc6852018060040c6d7608a71c8d5ed1ec3a95072a1b60f5fbb3e
NID5-V1-000850,850,2,Lost/Stolen NID,train,NID5-G-4e74f8315569965c1e244367453005536abce49fd4d54069950c3803d75f8379,4e74f8315569965c1e244367453005536abce49fd4d54069950c3803d75f8379,0daab691b9d9a54ab93d3bc28e371103f40969e8715fbb42c63e3c362aa00fc9
NID5-V1-000851,851,2,Lost/Stolen NID,train,NID5-G-d0d446b346e5e256ac919499852103e12d4fb526568ef5ba8d4915fa9cb9bbd3,d0d446b346e5e256ac919499852103e12d4fb526568ef5ba8d4915fa9cb9bbd3,01b90b2f38724d4a613bce50ad30d83ae4ff9aec914df8fa2759202d91721b4f
NID5-V1-000852,852,2,Lost/Stolen NID,train,NID5-G-160b1534d9fd2800ae49077e4d139a679e550c530933a1e45936fab12f69e841,160b1534d9fd2800ae49077e4d139a679e550c530933a1e45936fab12f69e841,06f8f2df678590e138bece524f1fd2b3a4141b696d482312725aac6b665ba75f
NID5-V1-000853,853,2,Lost/Stolen NID,train,NID5-G-ca8b36905b683d4da104b03bab51245893c1285b6bc9d5b47ced42d29e700e4a,ca8b36905b683d4da104b03bab51245893c1285b6bc9d5b47ced42d29e700e4a,7edea857ee1469d5b908aaa4e2080b13adc2a7ba5f91605b66b992a4237bf299
NID5-V1-000854,854,2,Lost/Stolen NID,dev,NID5-G-75ff1aceeaa81787afde8335453d8834c4e66698634f9b90af0cabdf12ad30a3,75ff1aceeaa81787afde8335453d8834c4e66698634f9b90af0cabdf12ad30a3,5bff4d56d9c3c1114dc558cf7919393d0d0cdfa8bcdb875b863701c742173f92
NID5-V1-000855,855,2,Lost/Stolen NID,train,NID5-G-6f5c83a16e2f424a8dd459bc36df0696c6ce2fe603863a7e032edd303782ee77,6f5c83a16e2f424a8dd459bc36df0696c6ce2fe603863a7e032edd303782ee77,ccfb99fb67d74f1c9256488dfecfae173687c4921a061a12409f8ed58ccd75b4
NID5-V1-000856,856,2,Lost/Stolen NID,train,NID5-G-2b9261e0f0de67765bf19b97560e66f982039a91a8ac6822faadb7ee32e3039f,2b9261e0f0de67765bf19b97560e66f982039a91a8ac6822faadb7ee32e3039f,5f6b3645a6927b38f8cccd972a0eee15493da1dbf773140968eebea2181e1f96
NID5-V1-000857,857,2,Lost/Stolen NID,train,NID5-G-560850d452575595bf39708f69940bba13471c1df9fd4239aacaaf3db74fc88e,560850d452575595bf39708f69940bba13471c1df9fd4239aacaaf3db74fc88e,16cf876a3bfee2f317ea55171359683d3568f3b708894b2de9650f2235cf2826
NID5-V1-000858,858,2,Lost/Stolen NID,train,NID5-G-692e04b62c68301ba48b1b7a98e21341234c1638624eb29f3ac9a477bc31a528,692e04b62c68301ba48b1b7a98e21341234c1638624eb29f3ac9a477bc31a528,84f079bf69e6e9577f4cb1d4caed7cb7a493aec3b748bd63f3aea7a82d2a2edf
NID5-V1-000859,859,2,Lost/Stolen NID,train,NID5-G-d169f3320d7a255aa3f3ec3666702c0a580963b0edd43200ca644153f75a8797,d169f3320d7a255aa3f3ec3666702c0a580963b0edd43200ca644153f75a8797,7df8bb121d33da01999641de1b222f03c9673209454a017893ddf955e609f958
NID5-V1-000860,860,2,Lost/Stolen NID,train,NID5-G-b6570ba3de7c8b5baf38fde2b1ea1d7e254eba51478301f3762d6277a01285ed,b6570ba3de7c8b5baf38fde2b1ea1d7e254eba51478301f3762d6277a01285ed,b9c93a5481924c0f95b2a66f891ba3aca623ab5aaa4addafae31603da0097b36
NID5-V1-000861,861,2,Lost/Stolen NID,train,NID5-G-99f311e6b33e7336540352d87fe092e3a95ada84924abbcc1abb0b5316945bab,99f311e6b33e7336540352d87fe092e3a95ada84924abbcc1abb0b5316945bab,5c08d5468942cae1ff909261d55d28020b81bf6b2e31613e1aceb5e50310ce32
NID5-V1-000862,862,2,Lost/Stolen NID,train,NID5-G-0caa2acbbe77f5049131acea8775314cdc42c20500726c3606455103c4165df0,0caa2acbbe77f5049131acea8775314cdc42c20500726c3606455103c4165df0,b42624bcfabac9314a8e06a3e3dbb48f8691a2a4df6d1a3c9ddb917cf2969bc7
NID5-V1-000863,863,2,Lost/Stolen NID,train,NID5-G-59cbb89d0bf98efe7959d7204ed69dbcab7c00e642e37129cf61d33dffd8f118,59cbb89d0bf98efe7959d7204ed69dbcab7c00e642e37129cf61d33dffd8f118,437ac8c9f4287047ce643a9c96629bb21de8dfa59fd51cc86601836364e09671
NID5-V1-000864,864,2,Lost/Stolen NID,train,NID5-G-6cc8ab0e18e47b049129d6228e535b5d494d92135096c1f05d2b4cf4c8263ba9,6cc8ab0e18e47b049129d6228e535b5d494d92135096c1f05d2b4cf4c8263ba9,a26163546e141808f28be390b55722402da80e401ebb13e10013d2dc934576e5
NID5-V1-000865,865,2,Lost/Stolen NID,train,NID5-G-34ada6a98905caa3af5e5eef06ab5699a258d198dbef4c640ec5b8c07a098e8c,34ada6a98905caa3af5e5eef06ab5699a258d198dbef4c640ec5b8c07a098e8c,fac398e3401603baaab18bf091ab9dfab051e33c779109cc3da106011afb61f2
NID5-V1-000866,866,2,Lost/Stolen NID,train,NID5-G-c75c189732298a983f4b4ed5d6861fc9e14fa7e4e2b21d76561a4b430f4cc573,c75c189732298a983f4b4ed5d6861fc9e14fa7e4e2b21d76561a4b430f4cc573,4fb3ec6dde6d5103abaece74cac05570ab59c02b01da1cf344635e3ac7d559c8
NID5-V1-000867,867,2,Lost/Stolen NID,dev,NID5-G-332d8b35b773e0fbedb6c0f029f66b23518c1f888d7749a1589e24ebeb564e2f,332d8b35b773e0fbedb6c0f029f66b23518c1f888d7749a1589e24ebeb564e2f,bdcc92c3ba97310b04c206b4029f2b76c1621e680915b85a670d787852d6d09c
NID5-V1-000868,868,2,Lost/Stolen NID,train,NID5-G-279b0f5078683758e4a96452e28e0fa219f7f7ea121c08fd3dd9320aa236d619,279b0f5078683758e4a96452e28e0fa219f7f7ea121c08fd3dd9320aa236d619,c9057e9ab7596ee1f960a575214876b639084c49ae4f866e42c4c90f6c91316a
NID5-V1-000869,869,2,Lost/Stolen NID,train,NID5-G-98d73b8d9e6ebf2262e219a74c1b01dd76e36c07fb6821538728022b8c9c343f,98d73b8d9e6ebf2262e219a74c1b01dd76e36c07fb6821538728022b8c9c343f,c762941145b2f651402818b1d719d284fcea890b425cb3eaeb5e7609e5677e4f
NID5-V1-000870,870,2,Lost/Stolen NID,test,NID5-G-958f8893133c205c485ccb7ba5dda9fcb51a5b0bd9b395727346bed6b017072e,958f8893133c205c485ccb7ba5dda9fcb51a5b0bd9b395727346bed6b017072e,44b25c0441c508865f413ca74d02c0ef5f9d399c031de486ac810b52077ff9d1
NID5-V1-000871,871,2,Lost/Stolen NID,dev,NID5-G-065a1a6e4672d60e5a6155b4d42f580263d5b25ae738c0c8720e8822e2b86468,065a1a6e4672d60e5a6155b4d42f580263d5b25ae738c0c8720e8822e2b86468,0b43d5d48c2dc90a95896b7de40441f9296c2e0bd7010bcbe6f8db13e54e3792
NID5-V1-000872,872,2,Lost/Stolen NID,train,NID5-G-95fb7034d075d54a50600985f94b834d90bdf757f43a529118cbfdb1870b7e85,95fb7034d075d54a50600985f94b834d90bdf757f43a529118cbfdb1870b7e85,6cd00ab2e89aaa265b36d1078f0d32f2ec0f301fc9e6466e1c5c216fc81f2fc1
NID5-V1-000873,873,2,Lost/Stolen NID,train,NID5-G-88c7e9497ccd71a5062d7458ca541f0a82ef030bf8efeffa2aebc9117651bb74,88c7e9497ccd71a5062d7458ca541f0a82ef030bf8efeffa2aebc9117651bb74,2dcc7272234dd9fbb920a46d1b125b095d3c66bdab30852e93f06cf7a1883106
NID5-V1-000874,874,2,Lost/Stolen NID,train,NID5-G-d88fbb813d10f392fb1a07c524165c98cbc26836ac01a6a9320d72e1852137ea,d88fbb813d10f392fb1a07c524165c98cbc26836ac01a6a9320d72e1852137ea,6f0608c8864e18905fb547c90df53a7272d5a7c06fda4e1d3f836f8093b9c157
NID5-V1-000875,875,2,Lost/Stolen NID,train,NID5-G-5155fb115cb2b8b737e88b9eadb6843afbe67bef4467f236445b4606d45b963d,5155fb115cb2b8b737e88b9eadb6843afbe67bef4467f236445b4606d45b963d,1d90e002354c08ee05c0fe75702585b0a651b4cb0741e01a4af2ad53ed498b81
NID5-V1-000876,876,2,Lost/Stolen NID,train,NID5-G-fbebeb2fbb9c639eb806745f1adb5700a3fb8d21b4843cc06f01ca2959e17fa2,fbebeb2fbb9c639eb806745f1adb5700a3fb8d21b4843cc06f01ca2959e17fa2,b5edae8c138d4964ec7bf29165f8b8fb505b0c64ea136fe13efb3bab2fa640ce
NID5-V1-000877,877,2,Lost/Stolen NID,train,NID5-G-8eb56a00b1e2001ad770f3ee6c98035928bc188bcd9ea29742245425c18f7802,8eb56a00b1e2001ad770f3ee6c98035928bc188bcd9ea29742245425c18f7802,c26850de8118f6ae78d3f3cc0897447cc4e6ba45f2be04c080597ebc3345f7d1
NID5-V1-000878,878,2,Lost/Stolen NID,train,NID5-G-17df03823ed2d877e54d3673cce7a2ff8f9b01a83ec5ae57054d89cca7a38aed,17df03823ed2d877e54d3673cce7a2ff8f9b01a83ec5ae57054d89cca7a38aed,bc0f50a68bd4e5688e2d3d61079bd1ee0e017cf7f1f977d7de9df7925d3e7333
NID5-V1-000879,879,2,Lost/Stolen NID,test,NID5-G-29054b285a714091fc560c85cf169d09fce962a63d4341518b51b3bf118e97a0,29054b285a714091fc560c85cf169d09fce962a63d4341518b51b3bf118e97a0,46b4c0138be6e3fe0a17c74c3878169a4485a7b829a242ae42606fffeb1efd4b
NID5-V1-000880,880,2,Lost/Stolen NID,train,NID5-G-db2fcb03f5f93556c99895f8a96203c13273016b0c362219e741f1f060adef05,db2fcb03f5f93556c99895f8a96203c13273016b0c362219e741f1f060adef05,60b4d18c3a8d79ddd1445a9522c924aadf2906a6a806b292db27483668c41039
NID5-V1-000881,881,2,Lost/Stolen NID,train,NID5-G-28baa8fdb6a42649e7f88bb6005de0b09ff4ebf99740d653ca065ab66b062d76,28baa8fdb6a42649e7f88bb6005de0b09ff4ebf99740d653ca065ab66b062d76,931b626329f85db08bacb3829d5f96c6011b01b5742aad4f3c7b3059ff13d337
NID5-V1-000882,882,2,Lost/Stolen NID,dev,NID5-G-b34ea8274950166ab24a61be6d6f7040f7f925668660a85b6cd9ed27de4f2580,b34ea8274950166ab24a61be6d6f7040f7f925668660a85b6cd9ed27de4f2580,405e5fcf95f58d0c417925a0dbaab9207a2d3ba76ecb9e3d9e1ecdf339ecc1e0
NID5-V1-000883,883,2,Lost/Stolen NID,train,NID5-G-f8092cdcddb0703de22230e2747d8bafe81c9f77b8649833171a6ffb82f75aaa,f8092cdcddb0703de22230e2747d8bafe81c9f77b8649833171a6ffb82f75aaa,3522efa5c8fa258b900e1638edbbe18181864c74f8d1f84a08ea350b0ae12fc9
NID5-V1-000884,884,2,Lost/Stolen NID,dev,NID5-G-0e760479670e188dd6f539b4a84370cbd6edf54e9a0b1f763b8319b59cec721c,0e760479670e188dd6f539b4a84370cbd6edf54e9a0b1f763b8319b59cec721c,bdc6fd7032583e16b46fd852ce0f13bcad5249b02582b5b7b387daa0015fae73
NID5-V1-000885,885,2,Lost/Stolen NID,train,NID5-G-7d8ae16ad28f31417567d575e2d302561bd0db4e76a2472d0f7dca4fe0102580,7d8ae16ad28f31417567d575e2d302561bd0db4e76a2472d0f7dca4fe0102580,359e9284c38a992fc8aa9a641f5e4d3240ed2ee60c54113f9a5ba39dfb209221
NID5-V1-000886,886,2,Lost/Stolen NID,train,NID5-G-859c5aff7c9f1362924f6b4c4ea199cd039a5f3c35539ce2f54df34fe3cab297,859c5aff7c9f1362924f6b4c4ea199cd039a5f3c35539ce2f54df34fe3cab297,dc9c3ebd82726d7c1e61201dbb2ace6e6cb654f891ec29a54c9fe23c74ea17e9
NID5-V1-000887,887,2,Lost/Stolen NID,train,NID5-G-b5933e2ca55dacdbfb7c7da18b8c68dfdc9b95f4ec41a90c465b1f29f4c0ae93,b5933e2ca55dacdbfb7c7da18b8c68dfdc9b95f4ec41a90c465b1f29f4c0ae93,db3ab5b71179bae0bb1c581ceda85a28c22ed8b862fdbdf99b320988631f600a
NID5-V1-000888,888,2,Lost/Stolen NID,train,NID5-G-f98a7b0e6b2e82e13ba1065702a3544bf1cbee426f31ac625a1e463a1ac5f28b,f98a7b0e6b2e82e13ba1065702a3544bf1cbee426f31ac625a1e463a1ac5f28b,bb1718f09b24400a1bf73ea7750f0f42e6ef1b187b113def2ed6ce6e837905f9
NID5-V1-000889,889,2,Lost/Stolen NID,dev,NID5-G-ef0f16499a6808b0e3f2b7392bd6aaa453a3cadd1f1eb1ff6488a12b17482e60,ef0f16499a6808b0e3f2b7392bd6aaa453a3cadd1f1eb1ff6488a12b17482e60,5bc436621cabf8f044a5bcafd4d87a89dbba170e7c7e6b1b413e4d8409b97aee
NID5-V1-000890,890,2,Lost/Stolen NID,train,NID5-G-b481e76f80cbec90a4ecf30410efa45565893d069517c666b92b1c2d69c50143,b481e76f80cbec90a4ecf30410efa45565893d069517c666b92b1c2d69c50143,9383fdc9551a8472e18717801883ad95e5d7089c156cda1380d39f9e3278a9ac
NID5-V1-000891,891,2,Lost/Stolen NID,test,NID5-G-ced4a5a505d7b777c2dc9c7f59f89262d3bc43213b6f170e9a75cd77b420726c,ced4a5a505d7b777c2dc9c7f59f89262d3bc43213b6f170e9a75cd77b420726c,dbc07b353ba17ab1539ffd6ac99a02cef08373e5ac11f1a440a41f277b3982fc
NID5-V1-000892,892,2,Lost/Stolen NID,test,NID5-G-5ad915ab52d54255f4f1f2237e4318e5aa2d8f5c03882c39c87edc4e47ca60d8,5ad915ab52d54255f4f1f2237e4318e5aa2d8f5c03882c39c87edc4e47ca60d8,c7505cc67aacb65002ca6154ae0b0321615135f9869cf7f262666d3d24107f87
NID5-V1-000893,893,2,Lost/Stolen NID,test,NID5-G-71e9af3de3dd8bce2637225c1706179ca1d25f254d7854d2bec1845eaf96a106,71e9af3de3dd8bce2637225c1706179ca1d25f254d7854d2bec1845eaf96a106,e0cb3444522038546d9a95b90ed7493396fd10ad57e2cde931e2a5f2676f47de
NID5-V1-000894,894,2,Lost/Stolen NID,train,NID5-G-eff94d73c0cadc94700b8025df00cb61e8c81dc0c4690531bb21c979ff136df8,eff94d73c0cadc94700b8025df00cb61e8c81dc0c4690531bb21c979ff136df8,458a7b76f6eadfd8c667981f064c395945d2edc0fdc2331f73da0325e1b03ee3
NID5-V1-000895,895,2,Lost/Stolen NID,train,NID5-G-d4c2e4e4e1f24e9b51a625aec8a960ed430e7598d2bc6a354321ec0879d51a43,d4c2e4e4e1f24e9b51a625aec8a960ed430e7598d2bc6a354321ec0879d51a43,4f60f163044cb244d631a37b4fd2779062baddd2e10e030d69b92d2bb0de9e4f
NID5-V1-000896,896,2,Lost/Stolen NID,test,NID5-G-f97b4d1f3890beeed1089520fb640903ab00a59730b6fa60797b21c05d5117dd,f97b4d1f3890beeed1089520fb640903ab00a59730b6fa60797b21c05d5117dd,882ef5c502982842c214532036ce08896acba0010f29421f6b0e356b4a3419ce
NID5-V1-000897,897,2,Lost/Stolen NID,train,NID5-G-9236561c35ba54ed4e21b2e163e3d7fc70a52a3652c417ce9edca3a99e8e94ff,9236561c35ba54ed4e21b2e163e3d7fc70a52a3652c417ce9edca3a99e8e94ff,b669ad2626c5e3dd572543a993b2042bd8a058254424d1fabdd70c8bc16dc9dc
NID5-V1-000898,898,2,Lost/Stolen NID,train,NID5-G-4471267341638d868fd5fe2cc354296fcde1aa768f9d6908043acbdd3d22f9bd,4471267341638d868fd5fe2cc354296fcde1aa768f9d6908043acbdd3d22f9bd,9642fe90cc227231dcb028631b011a5a0bf50d92b6b6e49e131c00dbf7f46987
NID5-V1-000899,899,2,Lost/Stolen NID,train,NID5-G-38882e7496d35700972a98134f5ba46277846cbf36fc2fbde006d53688f21e7d,38882e7496d35700972a98134f5ba46277846cbf36fc2fbde006d53688f21e7d,64786d71b0c036d25144485ec973ebf25ef29b2bc61595055558c3facffb4392
NID5-V1-000900,900,2,Lost/Stolen NID,train,NID5-G-cf5d84b841f2401b347617a4f15aa93153b3b69ea654a9999c3991916656fcbd,cf5d84b841f2401b347617a4f15aa93153b3b69ea654a9999c3991916656fcbd,b08ab2e3a7c745b5081a9952c32515221f2fb19b05aeafac59cc57ba14d79604
NID5-V1-000901,901,2,Lost/Stolen NID,train,NID5-G-a6efea579ffd5f0fb67a4610109ef24379de768856f44281aa14fd1ec056f490,a6efea579ffd5f0fb67a4610109ef24379de768856f44281aa14fd1ec056f490,4e34227134f36d15e2bb328601eee01cfbc60a6f2b5cfbc9a3ad3b0158200298
NID5-V1-000902,902,2,Lost/Stolen NID,dev,NID5-G-65883e8fd46cb93b0ac8841f06be8871f075f9d3e9ea667aa76c767119a8dc40,65883e8fd46cb93b0ac8841f06be8871f075f9d3e9ea667aa76c767119a8dc40,294c9d415804bda274aa95f814dce8bee08e8f39b453500e916d3844175d899a
NID5-V1-000903,903,2,Lost/Stolen NID,train,NID5-G-14b19acc001b3045524307f36beebc8e56b01739d795bd2a550ad232b13067b7,14b19acc001b3045524307f36beebc8e56b01739d795bd2a550ad232b13067b7,21a57b459eb4dcf5483887b189595746f8f6b539792ad2328b9a227dff538766
NID5-V1-000904,904,2,Lost/Stolen NID,test,NID5-G-7412543c4797e758fb7f4ed031e04ededa3d97293d79a129ebcdbd924c9fd63a,7412543c4797e758fb7f4ed031e04ededa3d97293d79a129ebcdbd924c9fd63a,6de1129833f44ec97bc49156ad3cab901fd71ce869830c2c7f08d956a13988c4
NID5-V1-000905,905,2,Lost/Stolen NID,train,NID5-G-10c8820887a135edd0032105997e25145f470b52e554ee59e69a13dc14145b7d,10c8820887a135edd0032105997e25145f470b52e554ee59e69a13dc14145b7d,18cb12843d362877f640fc98ceeb9b4b649c77f0cc011ec32bb8f2317b46504b
NID5-V1-000906,906,2,Lost/Stolen NID,train,NID5-G-47cee9fff38292cc90109336fc7b507b420f9af47014eeaa2a38a4eb0199a9db,47cee9fff38292cc90109336fc7b507b420f9af47014eeaa2a38a4eb0199a9db,c5dee8ec34780afdbf6a71492630f9fdabca7da02a76edb0467e61bf250cbd5f
NID5-V1-000907,907,2,Lost/Stolen NID,train,NID5-G-5d4408b3de4031b0a7c384d10e370311bfddc18680f01f1943212c04217a3bcc,5d4408b3de4031b0a7c384d10e370311bfddc18680f01f1943212c04217a3bcc,4a1c175bf90e6b84ab6432c47cb456b0cb8cb8e9ce4dd19913e32e43a9d62d96
NID5-V1-000908,908,2,Lost/Stolen NID,train,NID5-G-bb4877b1d06c69cddba4bca8da05088ec7cc7e3c1dd4c1a77728fe5c62c44bc2,bb4877b1d06c69cddba4bca8da05088ec7cc7e3c1dd4c1a77728fe5c62c44bc2,990aac73c16b20f3c0f1d7b38b333260834116c730ba1dada94cce6b10e46496
NID5-V1-000909,909,2,Lost/Stolen NID,dev,NID5-G-595b2d02775d0cb29e7218af1a4fef5a19f7470371e43290f2063f4338185cac,595b2d02775d0cb29e7218af1a4fef5a19f7470371e43290f2063f4338185cac,0fb622e91b909395ee0557d6168685b665e07626b35375ee72606eb42d693891
NID5-V1-000910,910,2,Lost/Stolen NID,dev,NID5-G-64298837081ac576e28cae9a462fe6be9b37843d18f6a2e0f5344ef50201a718,64298837081ac576e28cae9a462fe6be9b37843d18f6a2e0f5344ef50201a718,7014ea887189f16216caa8ad3f109a4c3ece03173a5112022134c24aef362f66
NID5-V1-000911,911,2,Lost/Stolen NID,train,NID5-G-460c34cfc1d75705d0e731faff304b81784303882d118852d93a79af86db18bb,460c34cfc1d75705d0e731faff304b81784303882d118852d93a79af86db18bb,621230663e3477b85f3383bf9c1c12231644fd388ddac8963ec46a6ad86b4410
NID5-V1-000912,912,2,Lost/Stolen NID,test,NID5-G-ad87e390cdcbbdde97d46158cf50bce68264ee36dd7534c6a145af38878c841b,ad87e390cdcbbdde97d46158cf50bce68264ee36dd7534c6a145af38878c841b,b20fa57fa967e55762baa4df08f54e9e80b73609e4e47596e92bf4727ef9c290
NID5-V1-000913,913,2,Lost/Stolen NID,dev,NID5-G-f3c1a13ded417379109be0a795fb179b9bfc90d8507e3413b23a4d2cd140d98b,f3c1a13ded417379109be0a795fb179b9bfc90d8507e3413b23a4d2cd140d98b,7b84d46f14e2d953784e61a62c4779f9d7574aa6a45441ef9e2540d7391ed7f4
NID5-V1-000914,914,2,Lost/Stolen NID,test,NID5-G-aa699e17f63fe2b45a7df7f76ef0da62acf5fb817271a29cad01e145ad4a9288,aa699e17f63fe2b45a7df7f76ef0da62acf5fb817271a29cad01e145ad4a9288,1892a2b905c429801b7aa43e5962b3a3e6854f5aaae11ab60d22551eebf96245
NID5-V1-000915,915,2,Lost/Stolen NID,train,NID5-G-8cb6b7599a0ba711bbe3db24838f9917f4db77d43c2675c544a0e7a74841dd1c,8cb6b7599a0ba711bbe3db24838f9917f4db77d43c2675c544a0e7a74841dd1c,4422a5f4d22e362076dc267bb19ffc085cc02622e9b2385b1157396283abc226
NID5-V1-000916,916,2,Lost/Stolen NID,dev,NID5-G-d5be6922ee0d1230725bfc52036717ab56ea36a1ded0fb7d2dd60914abb4fad7,d5be6922ee0d1230725bfc52036717ab56ea36a1ded0fb7d2dd60914abb4fad7,9642cbc38bb56d5bd60024f0205525519c936f55b2b73f5dacb04e784dd31920
NID5-V1-000917,917,2,Lost/Stolen NID,test,NID5-G-28ec53a83ea016cf489217f18f1c25f163e13439989996cab5077739831d018d,28ec53a83ea016cf489217f18f1c25f163e13439989996cab5077739831d018d,6b70bb93e8679347ae9063060b56e2cef2c968b66b73e43040433e4130d26539
NID5-V1-000918,918,2,Lost/Stolen NID,train,NID5-G-f8ad96c82e13935e15bc6e4271fad652be285f8963cac9bf091169092ee58ec6,f8ad96c82e13935e15bc6e4271fad652be285f8963cac9bf091169092ee58ec6,275e1648b0c3b647b535908168239cd439232d41a5e9fb95c72b423c64d6455d
NID5-V1-000919,919,2,Lost/Stolen NID,dev,NID5-G-9ab8fbc4415b89c60f513db4914fd48712ec047aaf63f03f5e0e82faefcdd77c,9ab8fbc4415b89c60f513db4914fd48712ec047aaf63f03f5e0e82faefcdd77c,098be5500555d369dc6268798cee73680f9678d3f03ae045da578279d4647245
NID5-V1-000920,920,2,Lost/Stolen NID,dev,NID5-G-f94892d93762e3a56fefda34c7fa3f6a18ac1e586b16235c5f4ed1cdc25e39d4,f94892d93762e3a56fefda34c7fa3f6a18ac1e586b16235c5f4ed1cdc25e39d4,2c5f84c9194dc50bf52cee65c3f35b8f782ab5f10e68933c8872f0a324d29420
NID5-V1-000921,921,2,Lost/Stolen NID,train,NID5-G-e69e185f836ce341a4601bcc9e9ac76b7f970851ddf62835883499b2ed3495b7,e69e185f836ce341a4601bcc9e9ac76b7f970851ddf62835883499b2ed3495b7,7d2806d2ae94d368f20a13be3629d8c8c2b54f8bbb9521ac7fd5c5f9fed1a4bd
NID5-V1-000922,922,2,Lost/Stolen NID,dev,NID5-G-9e6e4db0b9903f418e3768848e4c214e18dcdc00615ffb8364f384d65941e965,9e6e4db0b9903f418e3768848e4c214e18dcdc00615ffb8364f384d65941e965,ed61c35ba1f5f6e2a6b3a47663dcd88e1b2907b393b81809948afd2319e12ecb
NID5-V1-000923,923,2,Lost/Stolen NID,test,NID5-G-f6503e751117adfbdaf34e70103dba4cab8a6b58184b14626a3899651de45380,f6503e751117adfbdaf34e70103dba4cab8a6b58184b14626a3899651de45380,6f87ea1fa49c018fa5ad31b1ac2c922e294be24a00a0ad253a5b87615460094e
NID5-V1-000924,924,2,Lost/Stolen NID,dev,NID5-G-76f3bbb44d36136d120d6e576fba0a0351a3b2ea9be52eea1dee10c8469eae38,76f3bbb44d36136d120d6e576fba0a0351a3b2ea9be52eea1dee10c8469eae38,7957bd91c7bf23c32aa60bc79817edae01ebfec6c932f7f322997b2fb3be2b27
NID5-V1-000925,925,2,Lost/Stolen NID,train,NID5-G-7587d86c8750e265ffd0975e0aac40a91c38879bd1acbd2be55cd31c4ecf0fcb,7587d86c8750e265ffd0975e0aac40a91c38879bd1acbd2be55cd31c4ecf0fcb,e78c5f03a646541738695d3e5b47301a233a3aab8cf5db7df2b61dc72cd40822
NID5-V1-000926,926,2,Lost/Stolen NID,train,NID5-G-07ee3f198c258ac22c158d05f94d2b00847b329073e635a8068cad90a4f36ebf,07ee3f198c258ac22c158d05f94d2b00847b329073e635a8068cad90a4f36ebf,7ec11192ed42f4b8492755fbdb04ec00c5fd365e076c3d95d127cbc7c92ad38f
NID5-V1-000927,927,2,Lost/Stolen NID,train,NID5-G-ce7f421ef50b9f7e10b5634e92159a3122224489941be21f01f8897732938f62,ce7f421ef50b9f7e10b5634e92159a3122224489941be21f01f8897732938f62,239c786cc8e744511b1f5d04f1b7b2758a246e98c2607eaa82b6acfebe46ce56
NID5-V1-000928,928,2,Lost/Stolen NID,train,NID5-G-87164b1bae7c879a41849f1b8234a10022113a692ff53946ff953adcba8f1524,87164b1bae7c879a41849f1b8234a10022113a692ff53946ff953adcba8f1524,75451fc399d1b488c39212aee86cba2f8755be75e4e775fcb5dea99c042bc60a
NID5-V1-000929,929,2,Lost/Stolen NID,train,NID5-G-ed863120ed2cd66e32159be86bef2822f11d5af9184f9fc2471c3cb7c6ee230b,ed863120ed2cd66e32159be86bef2822f11d5af9184f9fc2471c3cb7c6ee230b,3bb2d1e82645b59b5b831f19fed791349a66df2a1d3af67e0293f7f6e5b4e0e2
NID5-V1-000930,930,2,Lost/Stolen NID,dev,NID5-G-e87e73489782afa318a3e55f58362bd7aa536be2d345128f31b488c73be1b5f3,e87e73489782afa318a3e55f58362bd7aa536be2d345128f31b488c73be1b5f3,ff6e2447fceb03e664b477442633c8a521bd73c4e8a206787088f053f696ad03
NID5-V1-000931,931,2,Lost/Stolen NID,train,NID5-G-9f1908a243766742ddec4428bd76a17e2b198d5aaa50fd76a9a734b93dc69e06,9f1908a243766742ddec4428bd76a17e2b198d5aaa50fd76a9a734b93dc69e06,effdf9adf3d013f2b6519fcfc14e6b9e3f94ab2958e94d7e936ba0e0510b9d87
NID5-V1-000932,932,2,Lost/Stolen NID,train,NID5-G-87bdefa937277a6e48d8c736c81215e4a5adec8c9743522d84cf540e1abd889c,87bdefa937277a6e48d8c736c81215e4a5adec8c9743522d84cf540e1abd889c,19e96f2a10df8417b1481b985e29f01fa4605edf7f0ebf7b8c991b44fd5309b8
NID5-V1-000933,933,2,Lost/Stolen NID,train,NID5-G-8eedf633a4227492456eee37305b3f97594ce1e830d7756040858a1610aa7f63,8eedf633a4227492456eee37305b3f97594ce1e830d7756040858a1610aa7f63,b63fd1c745171c3bef912963b8388a85ea839ce5c856a2e6a8d0b7fa2a351aee
NID5-V1-000934,934,2,Lost/Stolen NID,train,NID5-G-5ae3232095e80b76cd6a35539f3830444107270b197e24d756c6ef91269bc587,5ae3232095e80b76cd6a35539f3830444107270b197e24d756c6ef91269bc587,aedce125c96f71ea0c42555ab8cdfab67d03c733c55eef5a2912c58aa3cb0608
NID5-V1-000935,935,2,Lost/Stolen NID,train,NID5-G-c828e056b11b00319669a6d56e92390f9795c344c6fb2f79aaec93a279cd5996,c828e056b11b00319669a6d56e92390f9795c344c6fb2f79aaec93a279cd5996,df71cfb1178e13b6e9f3e96b47a0d4e77af7ae60f03bb857e30e5f060c9ec976
NID5-V1-000936,936,2,Lost/Stolen NID,train,NID5-G-2f659bce707d2bac65a0b84684d275e12fe3aaf3d5e1d2a2c9a0459679c5deb2,2f659bce707d2bac65a0b84684d275e12fe3aaf3d5e1d2a2c9a0459679c5deb2,8c48491d2c886d8fceda2aefbfd9aa293fe76b4a9d1a9443a53c5a1088031ad7
NID5-V1-000937,937,2,Lost/Stolen NID,train,NID5-G-3ea7a03ca0be3b554417c74a133795ba5a4f4f5b32d33c49fc91c8b303a33a6d,3ea7a03ca0be3b554417c74a133795ba5a4f4f5b32d33c49fc91c8b303a33a6d,348c84e845ba72e0605fa959207fb0482a4f0fc9f631a68969408fe6b5110ff9
NID5-V1-000938,938,2,Lost/Stolen NID,train,NID5-G-5a4a0b08d4b28f41ebaba2fc30315ff0594efb1779f03b1d3cc4c27edc2109de,5a4a0b08d4b28f41ebaba2fc30315ff0594efb1779f03b1d3cc4c27edc2109de,94b74eecd557e3b444f46bb6521d54aa11562ebf6de014f8ac71758d6e0f43b9
NID5-V1-000939,939,2,Lost/Stolen NID,train,NID5-G-0dd0ffda0216512b27abb5438e6e904512c51e6ef867e71cd7ba9e39747162b4,0dd0ffda0216512b27abb5438e6e904512c51e6ef867e71cd7ba9e39747162b4,ed88d1ba73be87670409c1fca570757feccea67451d304f72d9e23bcd2afa3ee
NID5-V1-000940,940,2,Lost/Stolen NID,train,NID5-G-5fd3a14bfcea97378be2e8f0834ec506f53d1b2133d50bc1d83b8a7e6b60c401,5fd3a14bfcea97378be2e8f0834ec506f53d1b2133d50bc1d83b8a7e6b60c401,ffb2e11b471345cfbaeb368cfd88594ada5e8d3679641ab53dfcc521ed404b1b
NID5-V1-000941,941,2,Lost/Stolen NID,train,NID5-G-5c36c89852f8b0a86e2e4433e07c35f1035a5ae3c9c41bc34d85fa69f9ae5853,5c36c89852f8b0a86e2e4433e07c35f1035a5ae3c9c41bc34d85fa69f9ae5853,4c00e6512f88a3b3455be9cfbc3ce75a3f8722781863da29ef522dd4bbaa2598
NID5-V1-000942,942,2,Lost/Stolen NID,train,NID5-G-11761d676b7a5affb5aee039abd8f4f1cc4d8cb9a19054bc5d5d5880bfdd6efd,11761d676b7a5affb5aee039abd8f4f1cc4d8cb9a19054bc5d5d5880bfdd6efd,c9da323cdebe9ea4e71f7e9d8e63662dc050fb0d86d4aaa0168c0e2810c96d15
NID5-V1-000943,943,2,Lost/Stolen NID,test,NID5-G-ba5336599fa0ea0735ede814b6c88efd40571365195751dcd606357d607be8d5,ba5336599fa0ea0735ede814b6c88efd40571365195751dcd606357d607be8d5,c30b65bf280aad5b6d12a1b5cfb6291af516ebd38f1d98125c51da71b3cc01a3
NID5-V1-000944,944,2,Lost/Stolen NID,train,NID5-G-79e35209ee6fdd1f384bd48598de398f3116f43e16cddfa2943b07d3e2943aef,79e35209ee6fdd1f384bd48598de398f3116f43e16cddfa2943b07d3e2943aef,0d4aa4ff4cb9f88e110247f07121b179805a120fe142a8176944c917d7ea8a50
NID5-V1-000945,945,2,Lost/Stolen NID,train,NID5-G-c34c22d53af88df921ed4e4a7a17107852778dfee4c856137553f96cc3ebccb8,c34c22d53af88df921ed4e4a7a17107852778dfee4c856137553f96cc3ebccb8,a1d8a2d8034878b4ceae36502c1ac863ab6304ccaf3e4b5bd96f7d499289cf0b
NID5-V1-000946,946,2,Lost/Stolen NID,train,NID5-G-003a94ff26c08ad3e66ba6e0e8bb4b7259b49f7a9dbe50ba0a08cdaf75a90cdb,003a94ff26c08ad3e66ba6e0e8bb4b7259b49f7a9dbe50ba0a08cdaf75a90cdb,50c9cb8e220691e475e61d7a31d340359775bb805c1002bba9b87a1a22fd6a64
NID5-V1-000947,947,2,Lost/Stolen NID,train,NID5-G-1cee6ab5fec5a5b3d159f299ed50d8108e48655402a6c8121387237cbd7be1c9,1cee6ab5fec5a5b3d159f299ed50d8108e48655402a6c8121387237cbd7be1c9,0af1ae04f81326c211e9db9468ff62364d3ca0c3e1b37c83dd9bee0fbf2bc431
NID5-V1-000948,948,2,Lost/Stolen NID,train,NID5-G-867ab0da665f98d819fc0e6b15a0ba07f707e941992de4413b45bec532820799,867ab0da665f98d819fc0e6b15a0ba07f707e941992de4413b45bec532820799,b8f80f6d02c355788b5da1340213aafd12ae931b614c1d695650fe1a3f85950e
NID5-V1-000949,949,2,Lost/Stolen NID,dev,NID5-G-2655e91947e5b41bc1616f989248611f45653cf0ab42013bb47d0de3972de78c,2655e91947e5b41bc1616f989248611f45653cf0ab42013bb47d0de3972de78c,c2984331b8f2b23cb6211850de57838794b4b874820e3848a7ffd4056de44f41
NID5-V1-000950,950,2,Lost/Stolen NID,train,NID5-G-f93a9bd8743d2d22f5daf645a3c50152bf287e429e31a308270ea07d3ce3f19e,f93a9bd8743d2d22f5daf645a3c50152bf287e429e31a308270ea07d3ce3f19e,27996b94fdef0ff6a2939570b4b2d794a6745c6f0cf319e0fc9459eabb891511
NID5-V1-000951,951,2,Lost/Stolen NID,test,NID5-G-a77269f2bec26ec15662e9b6c92dec9c0402adb2023b8fd5dcb3292ba62324f3,a77269f2bec26ec15662e9b6c92dec9c0402adb2023b8fd5dcb3292ba62324f3,bd64420438468e403d4cb596f404175ce29cbbd418d8ae00faa9315fb54fd9d5
NID5-V1-000952,952,3,NID Online Problem,dev,NID5-G-d2c6a7bc25cd8c2ac170a406f4b8e754d0f322f700c96f2286b8124c25765489,d2c6a7bc25cd8c2ac170a406f4b8e754d0f322f700c96f2286b8124c25765489,7dc7b2e1a1951fd53818307f8ced9580cd2fb5ee6b7bd1bfe7136505cc838535
NID5-V1-000953,953,3,NID Online Problem,train,NID5-G-866e0323e080a958c315163d6b66f043ecb6ae668e5b14ff9f14a1f00b729da5,866e0323e080a958c315163d6b66f043ecb6ae668e5b14ff9f14a1f00b729da5,f7d4198accc74485be0b13dcc5a3de0076125c543b93e1e42836b0d27add4ef2
NID5-V1-000954,954,3,NID Online Problem,test,NID5-G-51d53ffdd1f039dbcb31a55d6f47fb97e97ea4e4aff5ceb95b2f2566f54a3fc3,51d53ffdd1f039dbcb31a55d6f47fb97e97ea4e4aff5ceb95b2f2566f54a3fc3,6d5bca20182fa50a3da94acebb7838bd2e98bd29413cbe0469c850ecd29e780d
NID5-V1-000955,955,3,NID Online Problem,train,NID5-G-657e14acc69dfb8aef405a1578544761f65fddc682ccf713baf6d5b0d8057c1c,657e14acc69dfb8aef405a1578544761f65fddc682ccf713baf6d5b0d8057c1c,eafff10d41ad3e94349b128c09ed81c8aaef070bc00f6b652701f386e5a0b292
NID5-V1-000956,956,3,NID Online Problem,train,NID5-G-918768973757c4914945a3cea9c8538b3c96510345ae99d483b05f569b73e43f,918768973757c4914945a3cea9c8538b3c96510345ae99d483b05f569b73e43f,47262171310150311c0df171a122bf99fe3e7933cb8613174415ae5441eeeb6a
NID5-V1-000957,957,3,NID Online Problem,test,NID5-G-aa2c0cbfc9743ffcda53718c1507ffb70cc9f2dad03bdfba10aa7231f0649e3c,aa2c0cbfc9743ffcda53718c1507ffb70cc9f2dad03bdfba10aa7231f0649e3c,6cfa999e80734552b16485c53dafaf2ec73443e6b80455fee560061a50cb1f6a
NID5-V1-000958,958,3,NID Online Problem,train,NID5-G-a319f5085c62d23da7e9c314fc263c0c9eb49149a75718d82ee4922c2bf89005,a319f5085c62d23da7e9c314fc263c0c9eb49149a75718d82ee4922c2bf89005,208f48973ec5ad53ed4c7bc8734bd145f239cbf95105cae1640fa85a33ca7a20
NID5-V1-000959,959,3,NID Online Problem,train,NID5-G-47c218cc1e8c43930658e77e05ded3b3c8a673e3ef977d8cdc4eeecb19d53e4b,47c218cc1e8c43930658e77e05ded3b3c8a673e3ef977d8cdc4eeecb19d53e4b,f880e099a0679d37c621d800dd3baf23d324e9ce005ea74dabd888b89d28f213
NID5-V1-000960,960,3,NID Online Problem,train,NID5-G-dae53723ab59cd14ab8986f1199b0c535a1cec5e8e5eb0543ca005b750446deb,dae53723ab59cd14ab8986f1199b0c535a1cec5e8e5eb0543ca005b750446deb,44626116f633d28eb7d27b06cd6daa7301c993ca2dd61aa9f8cf069602f67799
NID5-V1-000961,961,3,NID Online Problem,test,NID5-G-6c82d908d7848716fb2e36fa4fcc810a0cab9961e89a0eb7ed8b742a87bb1528,6c82d908d7848716fb2e36fa4fcc810a0cab9961e89a0eb7ed8b742a87bb1528,87ffb2b8d98d95013bc7658e401395f63417ef9ab5629950fcdf7251b46dbb13
NID5-V1-000962,962,3,NID Online Problem,dev,NID5-G-c206cea7c038a46dfde7757128672d888e2d5f7acb82322683ab21088e5a67c8,c206cea7c038a46dfde7757128672d888e2d5f7acb82322683ab21088e5a67c8,a52f3e803163558df384e78ac42cdb6add494f375a7c56de7416ce8d3e6a7b1f
NID5-V1-000963,963,3,NID Online Problem,train,NID5-G-8bc64d028b6dfbf75fd7bbee34245f2eeeaf8915202f03c9ce89b2309e1ac3be,8bc64d028b6dfbf75fd7bbee34245f2eeeaf8915202f03c9ce89b2309e1ac3be,a204d181cf962f4ab842f4ce08ae41a33ef0ebfc7dece6a686dd0bf1673f100b
NID5-V1-000964,964,3,NID Online Problem,train,NID5-G-d8ad62633f1d2f8052c41aafeb436ebd3c436b7e71fe3033b124e56d45b8c132,d8ad62633f1d2f8052c41aafeb436ebd3c436b7e71fe3033b124e56d45b8c132,5073f5378b5060a1c783f7b8e9627604a934a1f2234d83492386d2811ebf5147
NID5-V1-000965,965,3,NID Online Problem,train,NID5-G-cfeedb1f05a89eb50e6f4ec380a2c92032bd4e6fc28122988ddb3380408c9991,cfeedb1f05a89eb50e6f4ec380a2c92032bd4e6fc28122988ddb3380408c9991,ae7095568303bdeed8fad60cf0fc088753217bc2826821395a5db92025d08f7e
NID5-V1-000966,966,3,NID Online Problem,train,NID5-G-0c7dcb922f281cf6e9fb22cac0e677ca3b791b1af8441e0b89b689915418b112,0c7dcb922f281cf6e9fb22cac0e677ca3b791b1af8441e0b89b689915418b112,0182744b88d9b3b2ced3aff832afd11497cb237c0b966a9e0c15abea82a50c8b
NID5-V1-000967,967,3,NID Online Problem,test,NID5-G-8333dc21c57195d9b1fe5087041b5296168f2d12344bc90192dc24dda48c8236,8333dc21c57195d9b1fe5087041b5296168f2d12344bc90192dc24dda48c8236,2d33e4dbd354d7916cdda688390470cadefc2a618995ef61d092519eb0a52e6b
NID5-V1-000968,968,3,NID Online Problem,train,NID5-G-f9b6db6d10d36665fbfbe04ef7885115d54ae5fdee40f8166436a8b95a745d11,f9b6db6d10d36665fbfbe04ef7885115d54ae5fdee40f8166436a8b95a745d11,63b7050e88f6cefcd4ab5d8afddf251aa7f60bb47bca824f49182bece3dcf20c
NID5-V1-000969,969,3,NID Online Problem,train,NID5-G-e258a6ab13d891276443902725a7278930b53d03c6fcdf97504b22b13ec212f3,e258a6ab13d891276443902725a7278930b53d03c6fcdf97504b22b13ec212f3,7c6e040193c9daa86ce65621a8ba37f1dcdac06caddc951182b1f6b4bd6a41c7
NID5-V1-000970,970,3,NID Online Problem,train,NID5-G-37a47f1a333b30884433bb2c0d4a241be06c204b5924d0bed1e43a5a0dac8b8c,37a47f1a333b30884433bb2c0d4a241be06c204b5924d0bed1e43a5a0dac8b8c,151df302a9f2bd42b01d545fadbadee1aae5b4578fd9fac1799a594bcf7dcb03
NID5-V1-000971,971,3,NID Online Problem,train,NID5-G-b336591e0b4ebbe2d8bb018ac784a7a9b822f17803f60565d1fb43defc394a4d,b336591e0b4ebbe2d8bb018ac784a7a9b822f17803f60565d1fb43defc394a4d,ed7dfe762f2ba9ec8ac58a6ddbe349d2ea1a59b4bc781894d7f072cd02da9ccf
NID5-V1-000972,972,3,NID Online Problem,train,NID5-G-b7c08014d9fc4476f39a9865f76eacc9fd5ca2bad45098cb727b83f179751098,b7c08014d9fc4476f39a9865f76eacc9fd5ca2bad45098cb727b83f179751098,31c3409a0d452140bb2cca9ccacf66c2e551b1ee07389860bf3058ba03e11eb2
NID5-V1-000973,973,3,NID Online Problem,train,NID5-G-e61840f00de4ebe413edc3252efd5d7cbaa582c081598a5672ebf308f420b372,e61840f00de4ebe413edc3252efd5d7cbaa582c081598a5672ebf308f420b372,bb0d64a6c84ece0c799209f8bda56efffc07f2aa1242a2959c37d76175cd436b
NID5-V1-000974,974,3,NID Online Problem,train,NID5-G-a3c0a3760a42b8924ac727053425d210dc44739b26c6960bea2f7876f2502d59,a3c0a3760a42b8924ac727053425d210dc44739b26c6960bea2f7876f2502d59,3337a886323718d8cc3e1b8277aacc4605a99c9ff84880e59c53cf55bcbb60eb
NID5-V1-000975,975,3,NID Online Problem,train,NID5-G-0d1437500eff3f26a8a0e300c491ab12fd73bf3ef9ef6db29f49c06ef3fcb84f,0d1437500eff3f26a8a0e300c491ab12fd73bf3ef9ef6db29f49c06ef3fcb84f,de7ad42f5581f1299d82195b5688910ed9ce7fad7f5cb04149443e392ab41970
NID5-V1-000976,976,3,NID Online Problem,test,NID5-G-405bae9c08e9c3756604a04b96ed301c3e56e71ba461e3797be5467b9e544e9b,405bae9c08e9c3756604a04b96ed301c3e56e71ba461e3797be5467b9e544e9b,be8322911fd147dc44863ffed1eb308b891b1bf24cdd08a1b7cf234c0258c4ad
NID5-V1-000977,977,3,NID Online Problem,train,NID5-G-d8f0775391a7193f155a15a823e4ed8c63a69bfbfc025ab9afd8828d017154e1,d8f0775391a7193f155a15a823e4ed8c63a69bfbfc025ab9afd8828d017154e1,36916a06e9932c5002c6d7f33aef18f45c319a4c146f8bcd99a006c6513d4df5
NID5-V1-000978,978,3,NID Online Problem,dev,NID5-G-fce5688148625c65263ecae8351809a5b5c2db4c29d0858c2e70afef243ed4d9,fce5688148625c65263ecae8351809a5b5c2db4c29d0858c2e70afef243ed4d9,471e7276e120896b98de9f220ad0ee78224a004845ee7dc34bd70c843614a500
NID5-V1-000979,979,3,NID Online Problem,test,NID5-G-4758e6ebbc21cc215adf71e8abf7f2ca9c99c9597db46cd294b7c38de34cd01d,4758e6ebbc21cc215adf71e8abf7f2ca9c99c9597db46cd294b7c38de34cd01d,925687790ea69a9f9416cef5e994a940a76e06bafdc36baa790c8587a6c75705
NID5-V1-000980,980,3,NID Online Problem,train,NID5-G-d1037f4887a58a145755c91df6407a841f0bd22ab26db5b5bd48e03fc690ba85,d1037f4887a58a145755c91df6407a841f0bd22ab26db5b5bd48e03fc690ba85,975327982472937e5ce6780855d0cad6bcbeff6d5f3b2fe06e983ad5e40fae0b
NID5-V1-000981,981,3,NID Online Problem,train,NID5-G-327b63ec9dca11f32218cc5332943a7c91e542c4eaa9206c15db601e29bc7ee3,327b63ec9dca11f32218cc5332943a7c91e542c4eaa9206c15db601e29bc7ee3,c3a7a31721e0ae7d691bdc66fce2f0744619c0d4edf7c1e5d011425d9a5aed1e
NID5-V1-000982,982,3,NID Online Problem,train,NID5-G-ee437edbd1b7e23e38d2d34ec4884c2a5ab811a471d256704b0cc043844d3a29,ee437edbd1b7e23e38d2d34ec4884c2a5ab811a471d256704b0cc043844d3a29,9a8f6e588fe937e6f93cc7a2083dd6dca03d22bf67b8fa97b49286339ef89eac
NID5-V1-000983,983,3,NID Online Problem,train,NID5-G-d9826ba845a70faee570a3db65c5ae40512d97f649bcbcb1c497febf10d1842d,d9826ba845a70faee570a3db65c5ae40512d97f649bcbcb1c497febf10d1842d,f204ab7369fd0b2bfc017d36981ee19f9f2c7f2ea316cc506617b6c7749fd841
NID5-V1-000984,984,3,NID Online Problem,test,NID5-G-33d57b11cdd506863fc5365466a836f2549a89df16c6f25a67f3d0df8525e780,33d57b11cdd506863fc5365466a836f2549a89df16c6f25a67f3d0df8525e780,10c06e669e6797c810c42bdaecc9ba68307d370806357298098f9ac28fabc020
NID5-V1-000985,985,3,NID Online Problem,test,NID5-G-7df03e945b0bd77c2f93e27096f51c3f197bff15aff3a1fe1d10e83d1297ad72,7df03e945b0bd77c2f93e27096f51c3f197bff15aff3a1fe1d10e83d1297ad72,d785d579e0304c85f44db0f65be986266643a3f243556c56df36d5938a732e5b
NID5-V1-000986,986,3,NID Online Problem,test,NID5-G-af4bdb7e1a2404cd016b945e422b85ed041cd2d17969b5a55cb1ea7ded95c5a9,af4bdb7e1a2404cd016b945e422b85ed041cd2d17969b5a55cb1ea7ded95c5a9,d3187438dff996a5e1b35fb76af279e79d4dec5927cf9127eeaea0dff6ce759b
NID5-V1-000987,987,3,NID Online Problem,test,NID5-G-4d6540a3e1fa90b431b56cc2932a3c7b3479f2d1d2a280e01a9bb0693dcefe7c,4d6540a3e1fa90b431b56cc2932a3c7b3479f2d1d2a280e01a9bb0693dcefe7c,224b0bd96b0503a00c73d8d4ae68c4ae75dd009f3408eed9797881fca550c55f
NID5-V1-000988,988,3,NID Online Problem,dev,NID5-G-e171df1a9451bc9c3127c7c106d5af03307a499b3d16311913015c36da63d8a0,e171df1a9451bc9c3127c7c106d5af03307a499b3d16311913015c36da63d8a0,9ab651f9115647fab0f88eb555a92b57b512410161c7ea945b38ae40abe80d76
NID5-V1-000989,989,3,NID Online Problem,dev,NID5-G-b186007c8bec68aa2e6b8630c4bd41e4f5b896d4fbee7db188d943cab96eb385,b186007c8bec68aa2e6b8630c4bd41e4f5b896d4fbee7db188d943cab96eb385,67434e614f58edc68b1a762c765db91fc35aed12e3124827db9846da69c594f6
NID5-V1-000990,990,3,NID Online Problem,train,NID5-G-986c83519ae1e259821b376c499e869666b83313bcfe3c4d2d131b56c87b5cce,986c83519ae1e259821b376c499e869666b83313bcfe3c4d2d131b56c87b5cce,eb0347119a00a73fd004aac7e7bc0c1a11f8c890618ee6062cdeddabeffef2f5
NID5-V1-000991,991,3,NID Online Problem,train,NID5-G-e4044a7839f215296820af3ee4853aec70df94e9b93921795b02ef4f7631e58e,e4044a7839f215296820af3ee4853aec70df94e9b93921795b02ef4f7631e58e,1de7261b0fb1b8b31b43a81041e554a6db58ecb23dd96c8f3b4eded44e76456c
NID5-V1-000992,992,3,NID Online Problem,train,NID5-G-a318d3aa64e7b53fae063b996f01cade766ea8cdca1e5fdccf53e1f671323c44,a318d3aa64e7b53fae063b996f01cade766ea8cdca1e5fdccf53e1f671323c44,a867ccb9a610ff93876eff74317a967e5c85b48a14ce2a666906e8e46cf1eb63
NID5-V1-000993,993,3,NID Online Problem,train,NID5-G-768c7a905b273d139598cae19557011ab9eec4ff3001b3d79ed47d27b02e15ef,768c7a905b273d139598cae19557011ab9eec4ff3001b3d79ed47d27b02e15ef,941ad79dad5a80bfb4418b17b22fa13840e27376b32f0728c2d287bcde1fd1c4
NID5-V1-000994,994,3,NID Online Problem,train,NID5-G-8209b4393f90b23d17d71490d83b7bdd7c67474db993c8988903f9083a84c71d,8209b4393f90b23d17d71490d83b7bdd7c67474db993c8988903f9083a84c71d,7f72c3d35dd96792cb89c3da750689d6f649773db31b9ff96d5032314175cb3d
NID5-V1-000995,995,3,NID Online Problem,train,NID5-G-c34bb9ef2cb57ee208de71ab94dd132ae290ec1745f378df1e7664b8b6c03158,c34bb9ef2cb57ee208de71ab94dd132ae290ec1745f378df1e7664b8b6c03158,4436866f05a1913c466dc3045fc77a19ff2007dad858442cd9806bae97813635
NID5-V1-000996,996,3,NID Online Problem,train,NID5-G-8d1d9e8a267ad0a9b89f26f9a3f6cdea14edffb56d33c8bf18fe32c3f3614435,8d1d9e8a267ad0a9b89f26f9a3f6cdea14edffb56d33c8bf18fe32c3f3614435,036123ffac2f2b29e6f82359b187c568bc90fbe51127f179ea510f21051ae1b5
NID5-V1-000997,997,3,NID Online Problem,train,NID5-G-72eddd6a1f850d740ef4a9220edc89e76a07f586a0a7b3e60fa95e8805accaa5,72eddd6a1f850d740ef4a9220edc89e76a07f586a0a7b3e60fa95e8805accaa5,adfad00ff4ca3496e6116af6aa8000b7b6d28317a11a7e76cba6def597a05bd5
NID5-V1-000998,998,3,NID Online Problem,dev,NID5-G-6e6f3193f6f18b112d1998ed704191c22a9763fe74996d5577f35f15a1dc0da3,6e6f3193f6f18b112d1998ed704191c22a9763fe74996d5577f35f15a1dc0da3,5d67a4a2a0bc307175339ec7a0e25c2ffe07fe2e45a1e50c89a2ad326bc21549
NID5-V1-000999,999,3,NID Online Problem,train,NID5-G-9bb3bf9ef1564351feeefb1774b8fd3c4edf85ce5f2c00efeaacea57b2126e7a,9bb3bf9ef1564351feeefb1774b8fd3c4edf85ce5f2c00efeaacea57b2126e7a,3391cba45aa2e8eac80d6d0d7eb6d48ba7200e5c491bbb8ccbc6ee5078746adb
NID5-V1-001000,1000,3,NID Online Problem,train,NID5-G-4635c9a1914a303d37fff5156100aff0e6f3ce1ed0fe05e9b6f359d1ad2f22a0,4635c9a1914a303d37fff5156100aff0e6f3ce1ed0fe05e9b6f359d1ad2f22a0,a7cdee34eec8bb36a080901c871f4800faa6fa5df5bf1255b16afc1770e34b7f
NID5-V1-001001,1001,3,NID Online Problem,train,NID5-G-ceec806c5b03d095c0a5fa540dfb12b4e1d7eb1cfdf725779c7022e037570d2f,ceec806c5b03d095c0a5fa540dfb12b4e1d7eb1cfdf725779c7022e037570d2f,da97ddf06763fe52fe11496520f06436335bc7265ff1a4cd1cfabfc7760bda67
NID5-V1-001002,1002,3,NID Online Problem,test,NID5-G-3ccccef864402afd4379a0c481b52f313d208c9986ca9b8c0e87ce2fc8516765,3ccccef864402afd4379a0c481b52f313d208c9986ca9b8c0e87ce2fc8516765,2794096e81c122c71a4d72d08ae24c383ae5cf1b97aa0a4eeece0e7827f4ac02
NID5-V1-001003,1003,3,NID Online Problem,train,NID5-G-a0b078d0ddc541ff9f6364bf4883740ecd62b6f52fc215b77a96da439297b095,a0b078d0ddc541ff9f6364bf4883740ecd62b6f52fc215b77a96da439297b095,fdeea95dbf85c86cc6341f84db556a31cce1e227bf555fdf9efe1ee27f6cc393
NID5-V1-001004,1004,3,NID Online Problem,dev,NID5-G-d3ce0666b33349b32a2a3d56f97dd6df605b68f901bfd5bdd74792a792544a96,d3ce0666b33349b32a2a3d56f97dd6df605b68f901bfd5bdd74792a792544a96,0e1fda7fa782ea0bc4709aa0c2a83a8a902deac15e907d8aeca4035e9a270d5e
NID5-V1-001005,1005,3,NID Online Problem,test,NID5-G-413868401d52dbb9a7c08ab0412d7471e51984b1deba00d018c19eb7561a019d,413868401d52dbb9a7c08ab0412d7471e51984b1deba00d018c19eb7561a019d,ca79d8403bebb0f8b6c086cfa350abd19ffa18f96811d019051c316cfe55980e
NID5-V1-001006,1006,3,NID Online Problem,train,NID5-G-e284276041bcc66876980d1654f9951d17c751f36fc7a1ab9ac0d208341c28c3,e284276041bcc66876980d1654f9951d17c751f36fc7a1ab9ac0d208341c28c3,27b405a3d24cb9ddfe60fe9ecdf279f1a46761fa96a3efdd9bb5292422d0a11c
NID5-V1-001007,1007,3,NID Online Problem,dev,NID5-G-61e7c51b40f4c356f68834fc597527a6f9b61d9b071876cea3e7820084298b4f,61e7c51b40f4c356f68834fc597527a6f9b61d9b071876cea3e7820084298b4f,605f1919e70653a549a0d82cc1f0490c1291cbc3b64d2ac6d9773ef80204fe29
NID5-V1-001008,1008,3,NID Online Problem,train,NID5-G-7e42e599887ddab0df2260cbce1c4d2a4ca435a9d7595fabdb4bf968bbd20e9a,7e42e599887ddab0df2260cbce1c4d2a4ca435a9d7595fabdb4bf968bbd20e9a,b47e83bd612f3737c39b290c2a009042de1feb7e67ba8ff551e21ac64a8d261b
NID5-V1-001009,1009,3,NID Online Problem,train,NID5-G-7aadc6d9df5de6110ef53492c203a1258df9a76e92610bfc2c008d5fa446b9f8,7aadc6d9df5de6110ef53492c203a1258df9a76e92610bfc2c008d5fa446b9f8,d4bba594d5a958e0855ceea3bfc12177497ad1e7ba104b20c4b663d50598859a
NID5-V1-001010,1010,3,NID Online Problem,train,NID5-G-36d9e0065905af64f823756ce6cbf7f321629b2dc6758365b93d9c24be13c72f,36d9e0065905af64f823756ce6cbf7f321629b2dc6758365b93d9c24be13c72f,2a0b86605d582a298d8522d3ba2a5e9a229d2738ad1d420ed496c61727ff94de
NID5-V1-001011,1011,3,NID Online Problem,dev,NID5-G-1f020b7879fd2397e88202d0238a8798171835f6c8ebcb308bb86f7f1fb489f9,1f020b7879fd2397e88202d0238a8798171835f6c8ebcb308bb86f7f1fb489f9,895c56df88b2a427875ccc816d22c617057d68ca71e50db07e6b7452e1fa1f83
NID5-V1-001012,1012,3,NID Online Problem,train,NID5-G-2144b47096d587d9ad30bba8ff64f6c2c67713f60da852318d602dc41d83155b,2144b47096d587d9ad30bba8ff64f6c2c67713f60da852318d602dc41d83155b,b2c746fbf1eab3842ecd119fa09a47579357ff2b8ba8629864ecc97b5f9a8f04
NID5-V1-001013,1013,3,NID Online Problem,test,NID5-G-76fd7f5c94116f6d0ddb27a588bcab4390274d1f363315de8db472ada2290046,76fd7f5c94116f6d0ddb27a588bcab4390274d1f363315de8db472ada2290046,cfd11687edd7389c7e28065083d1eaf9877ca5670d190bd476bc5d99f6dad50f
NID5-V1-001014,1014,3,NID Online Problem,train,NID5-G-25903cefd6e545dddb6f90c3c98533f951c8dcfb0c08ce5924a7c536deb546fb,25903cefd6e545dddb6f90c3c98533f951c8dcfb0c08ce5924a7c536deb546fb,1dd5006d015bcea1bf098e64d05b217a5f03f3de9104d2bd2b9574925db442ce
NID5-V1-001015,1015,3,NID Online Problem,train,NID5-G-d1888bf0dd225a1ac4d831c27c5bb1b893ac4464e4d16e611c00eb74edd8ce77,d1888bf0dd225a1ac4d831c27c5bb1b893ac4464e4d16e611c00eb74edd8ce77,a233a29b91b2bd954ecbb5f3a5b31cd5d77c967df71d0266411992c3b60ddbd1
NID5-V1-001016,1016,3,NID Online Problem,train,NID5-G-7a32a421557132ae9e0b195144469d5134fabdfdfa84e785724d50f042ea2c75,7a32a421557132ae9e0b195144469d5134fabdfdfa84e785724d50f042ea2c75,b18f93590150717fa164e67ea0e4e17a7bf2508a40e2c8d058c41d5ea8d7a3ef
NID5-V1-001017,1017,3,NID Online Problem,train,NID5-G-403c1972c3678060c4f8f80d24fd7e6945e2490c0421b09171e8554d2eb74044,403c1972c3678060c4f8f80d24fd7e6945e2490c0421b09171e8554d2eb74044,1fa595baf1a20d5c023ee765d49c1acc78d8b85071c7af01ca4ec72107e2ad27
NID5-V1-001018,1018,3,NID Online Problem,test,NID5-G-a9b2ac53a042e9a6ef4c7f008e04418ae75aab441188869179e24d426d641d04,a9b2ac53a042e9a6ef4c7f008e04418ae75aab441188869179e24d426d641d04,a805d9dcbb1afebcf34e989a4252a870ce28c1653ff345ed9303e3eacffc72fe
NID5-V1-001019,1019,3,NID Online Problem,train,NID5-G-0ecd6f24c6c0e37ab30497a8f5e41eff8843dcc073e9398a2189fe1bcceef4ed,0ecd6f24c6c0e37ab30497a8f5e41eff8843dcc073e9398a2189fe1bcceef4ed,bfc328dffd3274c59f22c280f35dd7b794896b59735b300da496cb979c256fa8
NID5-V1-001020,1020,3,NID Online Problem,train,NID5-G-62fbd4031d3420a965c2bca6a93673f0bdef0d9aa071814c8e4a000032902ef0,62fbd4031d3420a965c2bca6a93673f0bdef0d9aa071814c8e4a000032902ef0,a661381d338b7d2eeff3972932739c08909e826ac157c38a1c7dc38d6d807465
NID5-V1-001021,1021,3,NID Online Problem,train,NID5-G-c8e76d6e867a33f3e5d2c60ec436797c1f748768ba9f35561b4b4dfe955d2e1b,c8e76d6e867a33f3e5d2c60ec436797c1f748768ba9f35561b4b4dfe955d2e1b,21b3235c959353216726808d280ffac8096cf186adc34901cdd3be15df617024
NID5-V1-001022,1022,3,NID Online Problem,train,NID5-G-7fc851606a47dc1aa485fcc967f5a577e51972e9a3e208831d75a7d2a1c19ba8,7fc851606a47dc1aa485fcc967f5a577e51972e9a3e208831d75a7d2a1c19ba8,5a898e25f7fa9ce4025d73842f9148ab0353c61e70b8db7723d0b8a589a12fc5
NID5-V1-001023,1023,3,NID Online Problem,train,NID5-G-8bc01ffa8ecbf0f88c02c45a081d85b0b1d3b46a5976eeacadaa4ce3b2b64978,8bc01ffa8ecbf0f88c02c45a081d85b0b1d3b46a5976eeacadaa4ce3b2b64978,eea20600dafc0b78a84d7d46958d4e3994e8077805583642d060deef3085c6b4
NID5-V1-001024,1024,3,NID Online Problem,dev,NID5-G-9d7d04bf1ef7446e807a46c69e2a82003fd2c256050792e8efcda8216f598377,9d7d04bf1ef7446e807a46c69e2a82003fd2c256050792e8efcda8216f598377,fba8bb2ad984ff1da3fe6f69dc498e9c96a9d686473030495d61a0d958d3be31
NID5-V1-001025,1025,3,NID Online Problem,test,NID5-G-a8476965b517693b55e0c339083ebdcdbc96cda5c54306ea54a82544b4a5357a,a8476965b517693b55e0c339083ebdcdbc96cda5c54306ea54a82544b4a5357a,e2d9f07254d3ac70f52af4c8a587c62b858e62344a6a735243301729c1ad1a94
NID5-V1-001026,1026,3,NID Online Problem,train,NID5-G-9b34c9bfa011ee0aa91b806c64e9e6c1cc7a1007e5033c6e5660f4a7e061f9fd,9b34c9bfa011ee0aa91b806c64e9e6c1cc7a1007e5033c6e5660f4a7e061f9fd,cd128dccf31ef3fb0318b4748eb2dbe206a5b4b917ca94cd475e3cc6e1b8054f
NID5-V1-001027,1027,3,NID Online Problem,train,NID5-G-f2e8f965833f092684f8930c7a92d9d051293394b8fbdf3ad2cda3489e969aba,f2e8f965833f092684f8930c7a92d9d051293394b8fbdf3ad2cda3489e969aba,ab515952c895ff66642474f4ba50e15a48227ffbf447e3c94be572f956b04191
NID5-V1-001028,1028,3,NID Online Problem,train,NID5-G-2b97278da7a21baa66b1d0c5277ef063ae083b5129821c73bbfef78d46aeed9a,2b97278da7a21baa66b1d0c5277ef063ae083b5129821c73bbfef78d46aeed9a,619747da85935754e6e10d08be44e112487b050b46917a0d3823f5396874e9fb
NID5-V1-001029,1029,3,NID Online Problem,train,NID5-G-b9abc5c13c48f6ee49621dd5d3a2b647a6d589b1b6b0013ac81f281f5246bf3e,b9abc5c13c48f6ee49621dd5d3a2b647a6d589b1b6b0013ac81f281f5246bf3e,ed2815f2413717c1c0fa0b75f5af09705f393d3ba68bb69fc975f7a46e986daa
NID5-V1-001030,1030,3,NID Online Problem,train,NID5-G-89bb3c1889592b69c6f82369d9dc48b745b8d158c9ffdd6da9752f6c1af00195,89bb3c1889592b69c6f82369d9dc48b745b8d158c9ffdd6da9752f6c1af00195,dd9980d99023bae8fc8210a2f545cb3357eec213077542adc14904376d9e4b50
NID5-V1-001031,1031,3,NID Online Problem,train,NID5-G-f7b5f78a6689e3c19832f7e5b5a92bfb3aed8718aac4c348265dfabdb9898787,f7b5f78a6689e3c19832f7e5b5a92bfb3aed8718aac4c348265dfabdb9898787,0a2b125a2ef0c1546389f318c176cca98807f68c63f88e60ff1da876593a6894
NID5-V1-001032,1032,3,NID Online Problem,train,NID5-G-17e78259cf51b0067ed0952c7651cc4fcf7ec30d449b55416d8acb9a3f0c44e3,17e78259cf51b0067ed0952c7651cc4fcf7ec30d449b55416d8acb9a3f0c44e3,6637d7bb3eb0765f3dccd2d35809c55237596beb4b3baef8060ba294bc436fb1
NID5-V1-001033,1033,3,NID Online Problem,test,NID5-G-54340d5eb6056fdccfe21266a1035f847a36170373adc90da5faa7d11f5a6392,54340d5eb6056fdccfe21266a1035f847a36170373adc90da5faa7d11f5a6392,ccdb4cb88bdfebe193184bcee273c106df14c5b6bd6ebe203b6dc3e38bbc62e0
NID5-V1-001034,1034,3,NID Online Problem,dev,NID5-G-65d3cb62b7998fba7203c3ae19056705d2137469d8bbdd64d6fef9a0e1b559e5,65d3cb62b7998fba7203c3ae19056705d2137469d8bbdd64d6fef9a0e1b559e5,2089c2b621f620a9fe2ed3f54fed45ee25ffe9c731fb96746c9a11cc74bdef40
NID5-V1-001035,1035,3,NID Online Problem,dev,NID5-G-225059ffbc717fb5a2033913b0c47b84ca8937920a8966c51cd72163c9c72c9c,225059ffbc717fb5a2033913b0c47b84ca8937920a8966c51cd72163c9c72c9c,af2f655ec9f9f915bac52450e524fa9cc7b84afc95f72067582c7af8d8a283f3
NID5-V1-001036,1036,3,NID Online Problem,train,NID5-G-baed20a49b59ba8b6d136e072aeffa29dd479a7e92c46725b543bc135050c8fa,baed20a49b59ba8b6d136e072aeffa29dd479a7e92c46725b543bc135050c8fa,cc2bcf5d289686196b797ece2b16b36e1cd7b2a07054ac64592fc0787292e1e9
NID5-V1-001037,1037,3,NID Online Problem,train,NID5-G-c4278addfad855bc03e29563a516b8a0a4dd22a6d8dca6b6dcf0aa1fd97491e7,c4278addfad855bc03e29563a516b8a0a4dd22a6d8dca6b6dcf0aa1fd97491e7,5a0499e8bc4d2f6894b71792371051917c93efbb89994d7e168b69010b33d1f8
NID5-V1-001038,1038,3,NID Online Problem,train,NID5-G-4406ef9a075e5bde6407da2050a71561fc203a40a1f7a97f31d84cc997f4d549,4406ef9a075e5bde6407da2050a71561fc203a40a1f7a97f31d84cc997f4d549,4b36cc430038eb4e6b3eb6cc1fe3ec00a543dd7f517d1eea49f3a80e77e462a3
NID5-V1-001039,1039,3,NID Online Problem,train,NID5-G-d1d6833e5b8703ccc6c3310f3e622eaec13556a1e08fd79d707f12178087f845,d1d6833e5b8703ccc6c3310f3e622eaec13556a1e08fd79d707f12178087f845,efbf2223e503c129c9b915c58373542f10418cb94be6fa3df8232d6c3efa50fc
NID5-V1-001040,1040,3,NID Online Problem,train,NID5-G-08f4aaa449afad893f451bd9e73c762c0281a9b72e03f30ff73a870ef7bbf504,08f4aaa449afad893f451bd9e73c762c0281a9b72e03f30ff73a870ef7bbf504,d0ab351a06f643c9cea55d696fff21314e28bcf7121e91cd1a9eac4182506c69
NID5-V1-001041,1041,3,NID Online Problem,train,NID5-G-5e5a107e3bd2d2ee44f5aeedf3b0b90e338bbe7d535eb6c64c74cdd46de1b912,5e5a107e3bd2d2ee44f5aeedf3b0b90e338bbe7d535eb6c64c74cdd46de1b912,6b4da50562f6d8732b02d8c2368adfab72872035424f93d10675220ec94b5947
NID5-V1-001042,1042,3,NID Online Problem,test,NID5-G-8bc1dea46a0348af3fca8f66d0531cd94ee6e866351c246bd10633718b341118,8bc1dea46a0348af3fca8f66d0531cd94ee6e866351c246bd10633718b341118,41274ba1ef917c36ce4e35c583830bd1caac9ad926a7e16152b496df36b12f0c
NID5-V1-001043,1043,3,NID Online Problem,dev,NID5-G-1214f6040011b63a98cf317bdaae0ff55b2a0e08789b3c564babf330950e7cd9,1214f6040011b63a98cf317bdaae0ff55b2a0e08789b3c564babf330950e7cd9,a13fb314382feedf87a3a7bddb1bc0391fd2f5ff6924582a9cf79db8946806cc
NID5-V1-001044,1044,3,NID Online Problem,train,NID5-G-fb334d2764b9efc1917d82663720bbe5aa94578df551cf959d2a3f584ab3fc91,fb334d2764b9efc1917d82663720bbe5aa94578df551cf959d2a3f584ab3fc91,ac3c7759fa511e0bc36de90d73cac198bac042eb9383413da966e8547ff5eb84
NID5-V1-001045,1045,3,NID Online Problem,train,NID5-G-1a2dc714f88e44bf7fedb48d6a92cbc447a76d300a7b93713c19260b7e9505db,1a2dc714f88e44bf7fedb48d6a92cbc447a76d300a7b93713c19260b7e9505db,b6c4c24ecd16d71ca5dc409fbee0f1dd1676c5ed8fc40f3a4d763e01dcee540f
NID5-V1-001046,1046,3,NID Online Problem,train,NID5-G-21312c4e0f87b51cff0710e693529d9c1190371d72cb796e12460a3b8eaa850e,21312c4e0f87b51cff0710e693529d9c1190371d72cb796e12460a3b8eaa850e,c1f6ab38d0d3d69576c96c582332dd174df81ad6f018aa5e97c2d2e0d6ffd691
NID5-V1-001047,1047,3,NID Online Problem,test,NID5-G-3c0c63fda82faf8e73b7ad7acfe0e88fd4672a758167ebb2d8ebea6f98ca161a,3c0c63fda82faf8e73b7ad7acfe0e88fd4672a758167ebb2d8ebea6f98ca161a,59e30dedb48cf0786bc55cb45be32b54ab349fad2815bc4574ba08e3ea7563ad
NID5-V1-001048,1048,3,NID Online Problem,train,NID5-G-be835439a723e02a02c9d1b4729740400ed33f0d7083b81f52877e72551c9086,be835439a723e02a02c9d1b4729740400ed33f0d7083b81f52877e72551c9086,cdce95bb696d729ba5703e49e1abab4f8782c6afaa1a96fa4639d02068aa4add
NID5-V1-001049,1049,3,NID Online Problem,train,NID5-G-08487e78f55f8db51f51fc2fb2556ce40e056e1d227323dc4def2173177bf085,08487e78f55f8db51f51fc2fb2556ce40e056e1d227323dc4def2173177bf085,35d68bc3de822ada1174d89aea79de2d48cda03402145ed08a31e3351c9de133
NID5-V1-001050,1050,3,NID Online Problem,dev,NID5-G-bc18bd7d316fafb892d14995b2f3cca311918b91180793bef63453517da3c98d,bc18bd7d316fafb892d14995b2f3cca311918b91180793bef63453517da3c98d,86b5739e0e982c04c0d6e73f2e61a3b6594813b84d8391c8d48e133a3faf0ed0
NID5-V1-001051,1051,3,NID Online Problem,train,NID5-G-7f57a1299a5555495a1d86524cdc999c72ac41374ed9abc96a3b687ec286aa1b,7f57a1299a5555495a1d86524cdc999c72ac41374ed9abc96a3b687ec286aa1b,55d30f373e41a5117b18ab61f1e1850da482757bb6159009d2f905c3fdb3327f
NID5-V1-001052,1052,3,NID Online Problem,train,NID5-G-3ed1bb940d9790e92f8ce65eda28be37ce1a6cf1b3854183966ef205667654a0,3ed1bb940d9790e92f8ce65eda28be37ce1a6cf1b3854183966ef205667654a0,ce2c1bb37dd4d580ac9b0728247c1d645d4425f533bbb9ce0dbfe52432a85ccd
NID5-V1-001053,1053,3,NID Online Problem,train,NID5-G-1bd8d35fdb0a1c77e69c76aac67687648b49c2bfa735b4990cf5fa6d8f84090a,1bd8d35fdb0a1c77e69c76aac67687648b49c2bfa735b4990cf5fa6d8f84090a,2a8125e469e4c6b4ce65fb22d8e302727462bcdc984792cb3578622923f56172
NID5-V1-001054,1054,3,NID Online Problem,test,NID5-G-2197a52918b99016a4c2726df0b99d5e21fb0f06c4022298d63b58a59cdd8a66,2197a52918b99016a4c2726df0b99d5e21fb0f06c4022298d63b58a59cdd8a66,e2c9e9086e0052edb9fe1fbd5257c7c38e16d088afc0fc65747fd2fe66be0577
NID5-V1-001055,1055,3,NID Online Problem,train,NID5-G-39772721002ff744ba19c5f456a91a3f8227edd5dfaed5ce4044998fd57aed90,39772721002ff744ba19c5f456a91a3f8227edd5dfaed5ce4044998fd57aed90,f6898386c0bbd956182f8d0dce6846afa2945a5eef334f1e40a70449597c67ba
NID5-V1-001056,1056,3,NID Online Problem,train,NID5-G-8db47ec61df7517309fc9ea8c5f6ef79302a7983aa343e54511dac2b69b0e319,8db47ec61df7517309fc9ea8c5f6ef79302a7983aa343e54511dac2b69b0e319,d3b94b4c4294bc9369083d45f0250a51fd2be4cd232b9b2a0f3d8947c8df33f7
NID5-V1-001057,1057,3,NID Online Problem,train,NID5-G-c9ae3ce32e59af815d81e8341c8019f09ed2f17a60451e6e3726f86ef2713382,c9ae3ce32e59af815d81e8341c8019f09ed2f17a60451e6e3726f86ef2713382,6b020a47e3e39b48f0c8deb129089067c0eb7027db6d6c1cea4e80af23cd900d
NID5-V1-001058,1058,3,NID Online Problem,train,NID5-G-f786790c105e130495cad585aa8fc3dd966beaa6599c840ea15f49481dca374c,f786790c105e130495cad585aa8fc3dd966beaa6599c840ea15f49481dca374c,aba63e393165d37e165a6c883401fd332215a707529d1e1d2af8645af7a82916
NID5-V1-001059,1059,3,NID Online Problem,train,NID5-G-8ee93fd6989fb3505b43fb71e58c2bbbb5be701887683145d29fce6120cae81b,8ee93fd6989fb3505b43fb71e58c2bbbb5be701887683145d29fce6120cae81b,6b96d7b412861713ae6635cb9eac00bd3a961980b4ee8de0c5e8bcd80a3ddf35
NID5-V1-001060,1060,3,NID Online Problem,train,NID5-G-9462c73913193ee0eb0d079a44032893a01cd195a0c6eab7172368e22de18b6a,9462c73913193ee0eb0d079a44032893a01cd195a0c6eab7172368e22de18b6a,90e9efac797e6a57c82f85d35c8b14c889f61fc7cc8289fc6ee047a8f37c9c8d
NID5-V1-001061,1061,3,NID Online Problem,train,NID5-G-9f1c8dc0ec5465d3eb6a83428f68b5f8cecc0380bf4db0e36ae210b8033c860e,9f1c8dc0ec5465d3eb6a83428f68b5f8cecc0380bf4db0e36ae210b8033c860e,70bea36716ef978ecffe22d0b055b06d4bd7eef41fcecfe38676177b1d7d5c68
NID5-V1-001062,1062,3,NID Online Problem,train,NID5-G-abde2dbf257c90386f636467a68b49a127058f7241a96593da797466d9d129cb,abde2dbf257c90386f636467a68b49a127058f7241a96593da797466d9d129cb,dc9ab2afe582be5f001e7f8458645b0f64c72930b5e4695c8b7146d5dcc2a2df
NID5-V1-001063,1063,3,NID Online Problem,train,NID5-G-e6daf88aaf6a78e79d30e6b5c648a95b15b0c0ce2d374e218ccf3b1993dce9be,e6daf88aaf6a78e79d30e6b5c648a95b15b0c0ce2d374e218ccf3b1993dce9be,14ffac50b5a81958264ad8c313bb10cb644258880cb91c36f44269a87ab74e52
NID5-V1-001064,1064,3,NID Online Problem,train,NID5-G-e04e75a18cd3ea2bf4920eb52c17ac94c0949ac8fb23fe4551e461f400c1e9da,e04e75a18cd3ea2bf4920eb52c17ac94c0949ac8fb23fe4551e461f400c1e9da,ebf9eab98172336036e2abdcc110c99b60fba7eb8818b2ab62b9663d7084cdd1
NID5-V1-001065,1065,3,NID Online Problem,dev,NID5-G-5f5c846e22da8e93207a264b35933e1a562dd8e7bae1f23e641745b6151ae52a,5f5c846e22da8e93207a264b35933e1a562dd8e7bae1f23e641745b6151ae52a,24d953ec8d9b2e9ffd049e6a1158315c85446bbf75988992c9467c032dd79e84
NID5-V1-001066,1066,3,NID Online Problem,train,NID5-G-d6ad63a94e83ac639ea19840301acdf6681a35a1e73f1ed3b13a5bd709baf5ea,d6ad63a94e83ac639ea19840301acdf6681a35a1e73f1ed3b13a5bd709baf5ea,96c92ec9422fda097bf12fdf10a45f9ab024b50baf8bd056973e4e7bb8643870
NID5-V1-001067,1067,3,NID Online Problem,train,NID5-G-444f44c9ae8c77cc96070674395a6edd2bf747bf4e49590a0dc80844e51d24da,444f44c9ae8c77cc96070674395a6edd2bf747bf4e49590a0dc80844e51d24da,097adc62ef4a53b56615e9dbc5d09789a8ad6a77ebadd2de266d705d291dc17d
NID5-V1-001068,1068,3,NID Online Problem,train,NID5-G-a81093eae0073ec3a5ea7a1baa8d69d3964bd838a68696ef8ce5b486656b34fa,a81093eae0073ec3a5ea7a1baa8d69d3964bd838a68696ef8ce5b486656b34fa,9e37483da8586002b7ffd4f317a69cbabf6e8a7fc863899a62da4a51d4acb319
NID5-V1-001069,1069,3,NID Online Problem,test,NID5-G-cc8363482a3df4d9a2201fc0d034260ab6186c31d3eeed00cfb709de8b4a4b03,cc8363482a3df4d9a2201fc0d034260ab6186c31d3eeed00cfb709de8b4a4b03,9ba0855c96370f1d23d306d3b211f28b2cab931862d847889a54c8925f4aee1c
NID5-V1-001070,1070,3,NID Online Problem,train,NID5-G-9d97e49b3d719a6a9c364deddf562040733039e849d0cfb82427e9b526a4f005,9d97e49b3d719a6a9c364deddf562040733039e849d0cfb82427e9b526a4f005,01db29b9182099576fbdcee6b99eff8b318a0adf31df9c64f5a1ff08bd062278
NID5-V1-001071,1071,3,NID Online Problem,train,NID5-G-1e947f361814657e201e5fa2f0d1f5067e1e82b203bfe6d4e8ade07045eb3087,1e947f361814657e201e5fa2f0d1f5067e1e82b203bfe6d4e8ade07045eb3087,127fd2c79b6651a763a65c279d804f228e6a5c8c5aa1cbe05d5cb7bf204fc38d
NID5-V1-001072,1072,3,NID Online Problem,train,NID5-G-06c71ac23edf8ad98e0f733bbee5bb7b1493f53b48039bc69b3a3ea070ab94eb,06c71ac23edf8ad98e0f733bbee5bb7b1493f53b48039bc69b3a3ea070ab94eb,4a28c53bf2b29716a0ca750d46b3c79125e00d4012fea7752883d55cb4c6093d
NID5-V1-001073,1073,3,NID Online Problem,train,NID5-G-176a8be01948c35f4e0f2a2fab426d6272cd37c2fc8cca5d2577b6a8df185246,176a8be01948c35f4e0f2a2fab426d6272cd37c2fc8cca5d2577b6a8df185246,66442968b03580ec4f9a4a2a8be9030f9fc883ecf1276c0c3b618d52e4e3f043
NID5-V1-001074,1074,3,NID Online Problem,train,NID5-G-aecce551e4b2ee75eb77063779353e7430b7b2a8f1062457d89ad6632c9c5457,aecce551e4b2ee75eb77063779353e7430b7b2a8f1062457d89ad6632c9c5457,35a5662bfc903524d6d65a8e1a0c08cd0106aabe41fc1ed4b0922d709c8065e7
NID5-V1-001075,1075,3,NID Online Problem,train,NID5-G-4792bb43d261970b1d9d4405d2428c21284524e9b3368b8000b13430f3989307,4792bb43d261970b1d9d4405d2428c21284524e9b3368b8000b13430f3989307,0466aa6dba6366996da5ecd35b96715a401f866d620f4667f94b3a96c664e7e2
NID5-V1-001076,1076,3,NID Online Problem,dev,NID5-G-d34608e9c1940d62b7852c111f237646fb61c2f990633cd5832f158a17995558,d34608e9c1940d62b7852c111f237646fb61c2f990633cd5832f158a17995558,67dee84cb778b82241e3c23759611d181cdca12d272aecd6ed275412336c0add
NID5-V1-001077,1077,3,NID Online Problem,train,NID5-G-6439ecce007d5e8e95634c5aa6cc85c1df46af5d0881985a9acdbbbdbbb7e64d,6439ecce007d5e8e95634c5aa6cc85c1df46af5d0881985a9acdbbbdbbb7e64d,3a2c6bf01397c88cd8c8f8514cf775cefe45589ad007e2aa49e4f56ded44c8d4
NID5-V1-001078,1078,3,NID Online Problem,train,NID5-G-501995509446e3f3408034a677fcb6458aa3051287bb3d4e310c9058aa4b9874,501995509446e3f3408034a677fcb6458aa3051287bb3d4e310c9058aa4b9874,54824b8b8a8176722c64b1b4db26083a766971c32968899ecb5db4d4a9f36a9a
NID5-V1-001079,1079,3,NID Online Problem,test,NID5-G-5a5d592bc937dde9687f8bbc7b099d53620a38be9d24cf11b46accd210e5324d,5a5d592bc937dde9687f8bbc7b099d53620a38be9d24cf11b46accd210e5324d,989b232f0324b8aebbc70f627135737adf6361231edbbaacd7b590ff0c1e38cf
NID5-V1-001080,1080,3,NID Online Problem,train,NID5-G-14fb1fce742e5638bf9c533c0ba3a5359f8dcbb14fa817116a4ba7212455bba1,14fb1fce742e5638bf9c533c0ba3a5359f8dcbb14fa817116a4ba7212455bba1,f5596a268f6f9e862bb3ec9539fa4883515166708710878a80d4f587cb41a7b6
NID5-V1-001081,1081,3,NID Online Problem,train,NID5-G-77be6d9774afe5902f20d0d10ab63694edb95d8e031a1a5c8cd92a1be6f5e881,77be6d9774afe5902f20d0d10ab63694edb95d8e031a1a5c8cd92a1be6f5e881,6f8a19bc80e6411d0ffecf576f7324cbc02244398b197984ff6993713be2b4a0
NID5-V1-001082,1082,3,NID Online Problem,train,NID5-G-7cbab80c196353dd3a563d9a1e04782c1190c0028c232b41aaebf0b4153ac257,7cbab80c196353dd3a563d9a1e04782c1190c0028c232b41aaebf0b4153ac257,c8a47baca4df0083e596a0a90f481742ac519fc1f6f4611e31ec9411f88670e2
NID5-V1-001083,1083,3,NID Online Problem,dev,NID5-G-cf9545943a11198948482325d8cae36d5c73d84c48a6e389be32e6b59b84c3bd,cf9545943a11198948482325d8cae36d5c73d84c48a6e389be32e6b59b84c3bd,ebed1fd0f5f52d37e7d92b9f905d92153dbd32bddedb1d625acf40e1ba68c054
NID5-V1-001084,1084,3,NID Online Problem,train,NID5-G-7f7ee8c0c9452438b23151b5d293b4a0aff5f2a083a2a09d6393d38fc7701a14,7f7ee8c0c9452438b23151b5d293b4a0aff5f2a083a2a09d6393d38fc7701a14,dafe0b4e97f6ae156a53d2eb6ae8b049f6375c9cfaaf270c0ba3c499b28ef54a
NID5-V1-001085,1085,3,NID Online Problem,test,NID5-G-f2811d61811f6d362af8335a5ea378bbc1ca8e54bb6f898b53b97ac007924b9f,f2811d61811f6d362af8335a5ea378bbc1ca8e54bb6f898b53b97ac007924b9f,a26030b34939c1b74bcbb2912955c5e26edb92dfff3895efaab4a6f626b5c4d7
NID5-V1-001086,1086,3,NID Online Problem,test,NID5-G-1b35256842c89b245795ef7789a3855c55708f416085e576d47634d9e07a49e8,1b35256842c89b245795ef7789a3855c55708f416085e576d47634d9e07a49e8,479b9cfd9a07c40b139fcad744d3eb54099e31679003aeccd4303659fddfbb90
NID5-V1-001087,1087,3,NID Online Problem,train,NID5-G-b733d0c9e57d708bf05e24b8eb0893452d5a426de6577c51cca68834cd5f19c6,b733d0c9e57d708bf05e24b8eb0893452d5a426de6577c51cca68834cd5f19c6,1f550956ef9902d52f6a921056ea5eb45ef90d45ee65567ec2ccd2a9a2bb2279
NID5-V1-001088,1088,3,NID Online Problem,train,NID5-G-87c42f17b53e7737f04bf5d6951261f7900143d183fb0eb88b49639db4c490c3,87c42f17b53e7737f04bf5d6951261f7900143d183fb0eb88b49639db4c490c3,176704b175290ff6a1f6f8fec06a8a530ffc485dfbe68ddef03422125334366d
NID5-V1-001089,1089,3,NID Online Problem,train,NID5-G-d13495e444d97ef0dd26c4e5f40ce44bf0be410f130431ab3ed2e145e29ec3b6,d13495e444d97ef0dd26c4e5f40ce44bf0be410f130431ab3ed2e145e29ec3b6,571852fe14f7b14cb273ebcf113e520b5b8dd0b80ee7bbb137d8c24da12d4b96
NID5-V1-001090,1090,3,NID Online Problem,test,NID5-G-38458f6519d64ae685c1294d356bdd8fb48e6775a241051f06d4fccc18fe619a,38458f6519d64ae685c1294d356bdd8fb48e6775a241051f06d4fccc18fe619a,a9749dd338bbe65a011e1b17ab3d15aecc616109298520e2c0b116682e581d32
NID5-V1-001091,1091,3,NID Online Problem,train,NID5-G-f787ab591b823db822e78d662d531164f3bdfd45dfedc1822dc5511ebd68cfe7,f787ab591b823db822e78d662d531164f3bdfd45dfedc1822dc5511ebd68cfe7,f30dc16065e4a778bbbb32258e23c16e59dbaa0345b85714ce95bdf3be4b0c27
NID5-V1-001092,1092,3,NID Online Problem,train,NID5-G-7d897d5c12f28123d63c497f68839d7ba481950b311a3558fd3c7c94b8e97e36,7d897d5c12f28123d63c497f68839d7ba481950b311a3558fd3c7c94b8e97e36,9e46e36c1ec4f62392dfe6727c494645f552f8fa435f9be9c870828c49b73e66
NID5-V1-001093,1093,3,NID Online Problem,train,NID5-G-278f3def3d491a83b93f9018e060bde51927589078bf5549803369182e2d5674,278f3def3d491a83b93f9018e060bde51927589078bf5549803369182e2d5674,4f4556cc7c3374fe193ae205c9a88f706b6d30ac05479b2072deecc4d24a60e9
NID5-V1-001094,1094,3,NID Online Problem,train,NID5-G-ff5813a05c553c106f04feaa289dbda2d70897a561b1bca7de6eed32b3c675a4,ff5813a05c553c106f04feaa289dbda2d70897a561b1bca7de6eed32b3c675a4,d29a6f8d8b622cbf0bdcf5ac6545a91604e268424765f7752b411f6ba517e6b8
NID5-V1-001095,1095,3,NID Online Problem,dev,NID5-G-a212b47f5cb5eaafbf786d13f7a47efc9cf601944ef96ba52bf3ef5bb4b20c63,a212b47f5cb5eaafbf786d13f7a47efc9cf601944ef96ba52bf3ef5bb4b20c63,18b011827189e13d4d6a0410a0a0f1c2356c58df39693c715ae1efbf61780e2f
NID5-V1-001096,1096,3,NID Online Problem,test,NID5-G-703e01c1e0247ac4a19bc449c9ae348af2ee7b070b89f5b00f77f4cbcdb54990,703e01c1e0247ac4a19bc449c9ae348af2ee7b070b89f5b00f77f4cbcdb54990,25fda5438a3d847a65ec210815b82f0328af76238de7eac6301a0470e62264a5
NID5-V1-001097,1097,3,NID Online Problem,train,NID5-G-0499de6160f82693e01d41927fb95df74d886134b6dda18db864a698e70fb9a5,0499de6160f82693e01d41927fb95df74d886134b6dda18db864a698e70fb9a5,67a0179b5f9b5f1adc9f17a502e48c8ae6ebec1a4ba0dcbf69a2919c2e254426
NID5-V1-001098,1098,3,NID Online Problem,train,NID5-G-d7f95ff65998bde429150ed2d26c123ddf5f2712a1d96b8053aff5749f0e2cb0,d7f95ff65998bde429150ed2d26c123ddf5f2712a1d96b8053aff5749f0e2cb0,fdd76c4b4da8194221262e6b5bf83a7e00dcf4a062e0a7e7f4ead5cf8753225c
NID5-V1-001099,1099,3,NID Online Problem,train,NID5-G-f7381bb8a7c227389e1968bda78f2a0978aa2899387c56a9523633096bd441b7,f7381bb8a7c227389e1968bda78f2a0978aa2899387c56a9523633096bd441b7,556c50c6589eef9ac76544860e70e82afd9fa0a3528cd498a8719f73eac84810
NID5-V1-001100,1100,3,NID Online Problem,test,NID5-G-c62c31b81995c484de8c354c50780b5a266b742ea0a48c458c96b812d476bdff,c62c31b81995c484de8c354c50780b5a266b742ea0a48c458c96b812d476bdff,010c4854cc2e216fafa80cd20db9901e6911f676accd82ed6ce9eb03e450eb7c
NID5-V1-001101,1101,3,NID Online Problem,test,NID5-G-96d30d87db6b2b8c6131b0d4f06be4bdcdba534a1d6b6fe87775dec2d47475d3,96d30d87db6b2b8c6131b0d4f06be4bdcdba534a1d6b6fe87775dec2d47475d3,b9464574004567cdeed7a06a54db75a72b9eed233c76cb0b3bf4d2d98d363813
NID5-V1-001102,1102,3,NID Online Problem,train,NID5-G-ce3f320bbcc7b4d0677344db7dffc46aba72282ccc7d42abdcaed7263d3e5648,ce3f320bbcc7b4d0677344db7dffc46aba72282ccc7d42abdcaed7263d3e5648,354a4d73808c900c84f98ed65c466df8374fbcd951faa3bdf5872132611cc756
NID5-V1-001103,1103,3,NID Online Problem,dev,NID5-G-7b66ef599787f54c05c0177ac8d488ae4ba2e64dbeae8bcfdf30610e7ca081ea,7b66ef599787f54c05c0177ac8d488ae4ba2e64dbeae8bcfdf30610e7ca081ea,7f0ba4d506e5645f7a887b14208f10e04d158be84b16dc59e90f12da3c161415
NID5-V1-001104,1104,3,NID Online Problem,train,NID5-G-66acddfd30947c0fbf011eb9ce3421d36f1c8a23660763b267f8a7d3c33ed661,66acddfd30947c0fbf011eb9ce3421d36f1c8a23660763b267f8a7d3c33ed661,332e14d3cf372a42d31916bd3ae83a48dc37e1d14304b61d2932aaf0d6bc922d
NID5-V1-001105,1105,3,NID Online Problem,dev,NID5-G-eb969b1ce28ed87fc0a178925a170ffea145b4e44d0ac4980e8cddae1e3c87cf,eb969b1ce28ed87fc0a178925a170ffea145b4e44d0ac4980e8cddae1e3c87cf,d7041962bc026767f1e2195079d47c56277cf5a6af90398d7a95a4f425db6de5
NID5-V1-001106,1106,3,NID Online Problem,train,NID5-G-d5080034eaf7de9dd75b5833756e2901a08a8fcfbf7a5766c918c5ac614407ac,d5080034eaf7de9dd75b5833756e2901a08a8fcfbf7a5766c918c5ac614407ac,5d8043e75aab26bb20f13fe84d96c1ddd202a3aed97c68804a0b46dd2db18587
NID5-V1-001107,1107,3,NID Online Problem,train,NID5-G-dd4576fe5306d30363cc0f805791642e08f43f17cb9242403ae87982f10f9445,dd4576fe5306d30363cc0f805791642e08f43f17cb9242403ae87982f10f9445,053505ae43804f4893547d56ddb39e193d9d6d9a364d8644c0ed9b585b3e04d9
NID5-V1-001108,1108,3,NID Online Problem,train,NID5-G-6639b806c5759939da5755af31f2f9505c05859a57ff54d8289f3804c4fd3fb8,6639b806c5759939da5755af31f2f9505c05859a57ff54d8289f3804c4fd3fb8,45c37219712f48a3a2ed2a9f637c98a0938aea194729a3b6f34232b8900b34f2
NID5-V1-001109,1109,3,NID Online Problem,train,NID5-G-9f88441ab829cfa1dd21dd41debf14d7fd9cc1e60326e9a30b0f48c3feb3e670,9f88441ab829cfa1dd21dd41debf14d7fd9cc1e60326e9a30b0f48c3feb3e670,0cd5249990d36942925946fdc6faed49b2f12c99da25f99e7ab7ad1627133671
NID5-V1-001110,1110,3,NID Online Problem,test,NID5-G-69c724c8ea57881cb5bf4160d7677932067d8c5e6500eeb3d43f5497d30581ab,69c724c8ea57881cb5bf4160d7677932067d8c5e6500eeb3d43f5497d30581ab,a1ed9c2ec1b6e1031823c4b8a5078336e0edd4de2bee08139c952440f3d4d955
NID5-V1-001111,1111,3,NID Online Problem,train,NID5-G-f95fb7b2bef651f4282b63ab7fbf0fbac30810fa7b499c4d1ac98bc3f713b8e7,f95fb7b2bef651f4282b63ab7fbf0fbac30810fa7b499c4d1ac98bc3f713b8e7,1086f2db958a51fe6f969dcdf4c2ccfc3790752aa860e036438d52375c2fc698
NID5-V1-001112,1112,3,NID Online Problem,train,NID5-G-0be50af7f34ca021d947cf3b40dbf0abf243e631146e3fd1c036958fe700027c,0be50af7f34ca021d947cf3b40dbf0abf243e631146e3fd1c036958fe700027c,dd982be8c183b77318abc4e83c8a89ac460a444836e62fda382a837e801ba58d
NID5-V1-001113,1113,3,NID Online Problem,dev,NID5-G-44f2d3cddd40cf8172afd878f40bfb1389a5154cfe55be1751810ccd0973afc0,44f2d3cddd40cf8172afd878f40bfb1389a5154cfe55be1751810ccd0973afc0,684181a8c8c68c93b977860676716af8711c3e5d96cec7be128ef6b96dd94a27
NID5-V1-001114,1114,3,NID Online Problem,train,NID5-G-94557bc3e8fbdd442a1be3562865401a91a9cef625236fa2fd711d81fe6f2e1e,94557bc3e8fbdd442a1be3562865401a91a9cef625236fa2fd711d81fe6f2e1e,db42983cf921e1f6e4e53cf893d33901aebe9c7b23c2f911cdb2d23640b90dd7
NID5-V1-001115,1115,3,NID Online Problem,train,NID5-G-b1f7c6ab7ec8f0c3d6b05fb027a66cbac7d3a5b3b4201cace1fb340fd7661e9e,b1f7c6ab7ec8f0c3d6b05fb027a66cbac7d3a5b3b4201cace1fb340fd7661e9e,131f7f91d6309c43ac936e7ee3e28f3691a0834607e8e8e203b79a1a94642bea
NID5-V1-001116,1116,3,NID Online Problem,train,NID5-G-17100411f46d765b86dc1b3fe8e44db8bfed024decbdcc1d39169022c4c0e6a0,17100411f46d765b86dc1b3fe8e44db8bfed024decbdcc1d39169022c4c0e6a0,fc576e70c11e8b2fd561b3f587c27e0374b35a1452409ce5c0965dba7bdaf7ed
NID5-V1-001117,1117,3,NID Online Problem,test,NID5-G-51a07acf14e6153f027538e94d00656a5bf4d7571f84049a32f11cfce62e740f,51a07acf14e6153f027538e94d00656a5bf4d7571f84049a32f11cfce62e740f,16db8765fc0fd7c97d34a75e820303eb9bf16c1f9b800cde2f618877a12f4415
NID5-V1-001118,1118,3,NID Online Problem,train,NID5-G-aac9b216a42b2906012e678a708bf09bd82f7c8da89b60f72a187ad17e9c7c5d,aac9b216a42b2906012e678a708bf09bd82f7c8da89b60f72a187ad17e9c7c5d,24293a2f792b6574b56879dc1b629e2d562e1864830a852e68188e42188a5769
NID5-V1-001119,1119,3,NID Online Problem,train,NID5-G-4ac9546a6fc3c61d1b1591cbbeac67d2b8b249168aef40a9138ee72adc61475f,4ac9546a6fc3c61d1b1591cbbeac67d2b8b249168aef40a9138ee72adc61475f,e1729408c493406de182fc3a9fbfe25766ba52c73ae3c489a9cf9df9345a41fe
NID5-V1-001120,1120,3,NID Online Problem,train,NID5-G-5420684e184815d7ad9af8d384972d977de29533438a6bd7b0020d5c0de7454d,5420684e184815d7ad9af8d384972d977de29533438a6bd7b0020d5c0de7454d,198f89aab7e81a32c15f565d5bad6564f7cb0ff439dee2a4a0bb353e22107a17
NID5-V1-001121,1121,3,NID Online Problem,dev,NID5-G-dc7d64e7ed9567d45c45591632078cbeb230f2d53f1558950dbe9ee5b77072ad,dc7d64e7ed9567d45c45591632078cbeb230f2d53f1558950dbe9ee5b77072ad,bd6603a9f59d3fce3e7f1549989d3ea1e21dd17c84adb7176c18089c5b1a8d69
NID5-V1-001122,1122,3,NID Online Problem,train,NID5-G-18024c06d242d6757515eab0bbd3d5b78629a310ccc5be0bf796567bcc103f7f,18024c06d242d6757515eab0bbd3d5b78629a310ccc5be0bf796567bcc103f7f,43d3f6900a1390119c6ffe1beab66106637a53f0c2b4a8616716570a7998614b
NID5-V1-001123,1123,3,NID Online Problem,train,NID5-G-69cce4e5436b938b3102946cfb6c3f25926f04fd9d8bdf02b503e2e52dab4e52,69cce4e5436b938b3102946cfb6c3f25926f04fd9d8bdf02b503e2e52dab4e52,0423844727f3db0d088ba1d773136e6bbae2dbf9b8e0985db210a98004e8519a
NID5-V1-001124,1124,3,NID Online Problem,test,NID5-G-5bc9c1136dff235cca98e0252674f2e551f6551cfa4c0d951d470d83d16d5dc2,5bc9c1136dff235cca98e0252674f2e551f6551cfa4c0d951d470d83d16d5dc2,bb29f03afa00653fdffaf00f10ddc19b1d1378201eb5a97837cc0a6f84120769
NID5-V1-001125,1125,3,NID Online Problem,dev,NID5-G-dcc588e37b87891ff5d87147bb59389d56559284fca3bf7a676b3efd4f9e7083,dcc588e37b87891ff5d87147bb59389d56559284fca3bf7a676b3efd4f9e7083,d92ff1c58c383a3ccf912246a7345f8671eaf751c9dca40bf7f9c3547cebf671
NID5-V1-001126,1126,3,NID Online Problem,test,NID5-G-6e43427a8382ff9dd713b6c2b07c7c259203c67538ef5c739f02671e6d593778,6e43427a8382ff9dd713b6c2b07c7c259203c67538ef5c739f02671e6d593778,a902098a021a82d0b44d710d62d50f8ed91e65f59ead1c47f9c0d1d0bff2fff8
NID5-V1-001127,1127,3,NID Online Problem,train,NID5-G-6717d7f672eb69ce72a7f4a4e9b16578dadbfaf52ca0b00a34445c9fa1512048,6717d7f672eb69ce72a7f4a4e9b16578dadbfaf52ca0b00a34445c9fa1512048,9efd1a278f7bb35673a118548c6f7a1ee38822a0229829acd6a4721931af3231
NID5-V1-001128,1128,3,NID Online Problem,dev,NID5-G-e9547f9cc61a3be5a1de70aaef5ada8bf9f32405b7b074f30ee8ac12b35c5adf,e9547f9cc61a3be5a1de70aaef5ada8bf9f32405b7b074f30ee8ac12b35c5adf,17e255fa236f0de76b3bba47c71de73e0770a8f648c7aa6e4105ccc0b401d0f7
NID5-V1-001129,1129,3,NID Online Problem,train,NID5-G-52e3810c95b18a452297404a7986fa9bb0c25e37debe6bf98c78c25d4ae6359e,52e3810c95b18a452297404a7986fa9bb0c25e37debe6bf98c78c25d4ae6359e,8dbc319447b82acc46d375aa2343be6341f13deca6d4bebf972d28f9d1e4d4b1
NID5-V1-001130,1130,3,NID Online Problem,train,NID5-G-4590a913803c920c23451b3a2250ede6d8b851d75980c708b394beb0e15f950e,4590a913803c920c23451b3a2250ede6d8b851d75980c708b394beb0e15f950e,b4c6144efa0e0a619ac36473c4c693f8719c0876095dd979d9f0b82066c0344f
NID5-V1-001131,1131,3,NID Online Problem,dev,NID5-G-cf797174957554df2da49cad17ba1fc765fd3dd8355cdcd13800a454b702227e,cf797174957554df2da49cad17ba1fc765fd3dd8355cdcd13800a454b702227e,da9fce0e22433a2a47d7945d9ff019aa8de213d423c658b2aee7ea98547f3b03
NID5-V1-001132,1132,3,NID Online Problem,test,NID5-G-625d6caa1ec47e5221416144f85a6bbf7d483ecaeb9ab518223fbd6079d067ac,625d6caa1ec47e5221416144f85a6bbf7d483ecaeb9ab518223fbd6079d067ac,53a4cde6dce4403ea8e3287d27c4d33547e73aa649bce7989caf1243392649a0
NID5-V1-001133,1133,3,NID Online Problem,train,NID5-G-b2faa417c91c2d239ad26715c13addbc97e48bc618ac0b6e6f6351ce362e9817,b2faa417c91c2d239ad26715c13addbc97e48bc618ac0b6e6f6351ce362e9817,0ba3da6b6d9cd9310bb18cee2bb776fc66922021844e9e82308f4dc096f64833
NID5-V1-001134,1134,3,NID Online Problem,train,NID5-G-72778b73f3641135b8b725dc305531855292de4007646162329afa9c5f33d802,72778b73f3641135b8b725dc305531855292de4007646162329afa9c5f33d802,5af97673df7524d6baaa8d39ef3cc5871dbf4761978210a24d4675d2c19a36b3
NID5-V1-001135,1135,3,NID Online Problem,train,NID5-G-406ca1296f51d4108dc8666e232cca7e349fe77457744316f608e0f718b0800a,406ca1296f51d4108dc8666e232cca7e349fe77457744316f608e0f718b0800a,8ddfd17a9f5d6ebb68f1392515bd202460b8259f88d64fc1d17f127d5e3c9abf
NID5-V1-001136,1136,3,NID Online Problem,train,NID5-G-3c46e37e3b410c1948f1a1db512cf58f38fda23d00e78e5adab83758aa25ad9f,3c46e37e3b410c1948f1a1db512cf58f38fda23d00e78e5adab83758aa25ad9f,2bce6aecbd10f7c239b771abf07f908654ca27637c186e236438dfd1bd9534b1
NID5-V1-001137,1137,3,NID Online Problem,train,NID5-G-e6a849fb6cc2f044ecf54e96acc759df63395d077e6486b82db8f92981a41cc3,e6a849fb6cc2f044ecf54e96acc759df63395d077e6486b82db8f92981a41cc3,663a5de7a2c16281208f3f8e22349da2a514b59e9a5ef6510c3c93b7ef90c3de
NID5-V1-001138,1138,3,NID Online Problem,train,NID5-G-30ef9735b87b719134bef861285f74c9001c57149da69175bd0041da87c13b37,30ef9735b87b719134bef861285f74c9001c57149da69175bd0041da87c13b37,de1c684cee6eb541a47f7127d6fe1da5581330eeb5481deccbf1b85e3439cd29
NID5-V1-001139,1139,3,NID Online Problem,test,NID5-G-410741eabbc1050053670334cfedef1b35b82b73004167d2e72dc92c447e463b,410741eabbc1050053670334cfedef1b35b82b73004167d2e72dc92c447e463b,fa8c07eaca728aa6c2014b6abdf09741a80ff05f1d92b00916d672a1c9f29ed5
NID5-V1-001140,1140,3,NID Online Problem,dev,NID5-G-01d49e2a06ff5dac8b3041e6bc65b00bdb8d50f2c1bd61ed5731c6526d61cba0,01d49e2a06ff5dac8b3041e6bc65b00bdb8d50f2c1bd61ed5731c6526d61cba0,a39f7d7f8602ced1dd905b358d57425b5ddc5234149526224196012f0acba508
NID5-V1-001141,1141,3,NID Online Problem,train,NID5-G-f7d3b51890b46d1fe2e316386e414884b16abbf73829ba12b0ca5b7119bad14a,f7d3b51890b46d1fe2e316386e414884b16abbf73829ba12b0ca5b7119bad14a,6eea53af17755ac4b625faed5995131603b611b6a4401f00d4a633d9fe26c99b
NID5-V1-001142,1142,3,NID Online Problem,train,NID5-G-a81635377cca24616447868247d6613d8e92926758b1fcc73939e9a9cd0feb43,a81635377cca24616447868247d6613d8e92926758b1fcc73939e9a9cd0feb43,f04a3b50103bc6ce037c82aac1ddc4e926674233c2e3e3bfcf2d60543b12c999
NID5-V1-001143,1143,3,NID Online Problem,dev,NID5-G-d0ec443ec8c8227af658bfc3fa49ec2da3214da0316605b71bd1dde398a7fb98,d0ec443ec8c8227af658bfc3fa49ec2da3214da0316605b71bd1dde398a7fb98,34d358a8c972f804d3481b537ac518f0b6adbe9fefbe71c8516c12e4e8c9bdf3
NID5-V1-001144,1144,3,NID Online Problem,test,NID5-G-c4d3623becb8410cd540eb3a8676600ab0a4a4fd2f0e304c3d6d49b0b2bb3afa,c4d3623becb8410cd540eb3a8676600ab0a4a4fd2f0e304c3d6d49b0b2bb3afa,46a3fa897a4e93b8e8331bb5d101cc6e530004ebbcfb680aa975e09193150f83
NID5-V1-001145,1145,3,NID Online Problem,train,NID5-G-8334536ed6f6af377853c105f2a626e90c37ae20eb5bc1309d6d6e24e2a46118,8334536ed6f6af377853c105f2a626e90c37ae20eb5bc1309d6d6e24e2a46118,eb82f64e82ddf4abc0ebacea14e751cc161588ed939cf8c6b4b1a1c8cee59dc0
NID5-V1-001146,1146,3,NID Online Problem,dev,NID5-G-f06e1f1fe2627ccd88881492af5de1f0d60814e6b285996017a064ac8581cb77,f06e1f1fe2627ccd88881492af5de1f0d60814e6b285996017a064ac8581cb77,65b4ea73a841592d92ffd10adfbe832fb61e4db35ed085b22c64fede3ebcb587
NID5-V1-001147,1147,3,NID Online Problem,dev,NID5-G-af94eb31716b084bef7ca89a1d129808c42141ea1afd33c6cf0ffdad1c2094de,af94eb31716b084bef7ca89a1d129808c42141ea1afd33c6cf0ffdad1c2094de,8f70ba5047e20a7eec7cb7ac043754557318c2730e94734f0d71442b125c5692
NID5-V1-001148,1148,3,NID Online Problem,dev,NID5-G-145d38a12494aae17b5aeee586b54f75e42e1d0407fca028b3b9aee950511a4c,145d38a12494aae17b5aeee586b54f75e42e1d0407fca028b3b9aee950511a4c,cdd8b0a2a479e21dd9d0feed879a32197932dbb5c042802082a41694e4eb7d33
NID5-V1-001149,1149,3,NID Online Problem,train,NID5-G-9dcbed3890b80c421b7d34ab28185037c27d653b57e9278e34f13f34c7e35b64,9dcbed3890b80c421b7d34ab28185037c27d653b57e9278e34f13f34c7e35b64,a89c213454b1396713fd52f725ba93ac7dda8c52295224bb6a9c88586598964d
NID5-V1-001150,1150,3,NID Online Problem,train,NID5-G-eac6c4355ae0cdee8d79eb55703baf3ad7ce41173214705c2034fd3f977d2c87,eac6c4355ae0cdee8d79eb55703baf3ad7ce41173214705c2034fd3f977d2c87,50534a48fba5015d6e243243ccf2e56660f9319c5a357fb0182a1b87d6b2320e
NID5-V1-001151,1151,3,NID Online Problem,dev,NID5-G-3ae3c4db191accfe17dfd30f4f53bc0b50cfd35c698288eb2798d8a5f16f658f,3ae3c4db191accfe17dfd30f4f53bc0b50cfd35c698288eb2798d8a5f16f658f,e58ddda5950480ada6a92c5beb7468b74e91a8b5c2a761fffa2ab134ac806643
NID5-V1-001152,1152,3,NID Online Problem,train,NID5-G-8ad65cc221f28304963841b9863060e31d3d8a432e010881005ac0697e6779cb,8ad65cc221f28304963841b9863060e31d3d8a432e010881005ac0697e6779cb,d715fe530cb92bf9c3e20f65e5436c9cb0a7d3b4e62ca3a0af467615dea4cebc
NID5-V1-001153,1153,3,NID Online Problem,train,NID5-G-f35522a4992136322c309f7fe86124600731bd40ffd2d9e1f300eb1f403ace46,f35522a4992136322c309f7fe86124600731bd40ffd2d9e1f300eb1f403ace46,70604cfcb645d9697f15d753a5239a04c9795c4e061e54d7a42a3b3fb11729ce
NID5-V1-001154,1154,3,NID Online Problem,train,NID5-G-9dfaeb056d5fedaa2f2863d711b60f44b648aaa0e8542917462beb7d17fbbc62,9dfaeb056d5fedaa2f2863d711b60f44b648aaa0e8542917462beb7d17fbbc62,ca152345301df40b82bd8626986ca08d4be9a0d9f141085e918d6a4bf7a3c59f
NID5-V1-001155,1155,3,NID Online Problem,train,NID5-G-e6e20d304cb96c83edfbd9376332d7455be6dff5556f79e0ccd3877f7aca737c,e6e20d304cb96c83edfbd9376332d7455be6dff5556f79e0ccd3877f7aca737c,0544586bab0d72ca1a15356a37dd705efe0a0ffbc6fba2f6f4550f511e518a4e
NID5-V1-001156,1156,3,NID Online Problem,train,NID5-G-f233ff77e95c5faec360e820181bc2c057d702aaf85617bd14afd6080ffe931b,f233ff77e95c5faec360e820181bc2c057d702aaf85617bd14afd6080ffe931b,86ee3c36350b6df5efe9795da56f6e7ce2617878a73dfc8f27c0d84eb90741ed
NID5-V1-001157,1157,3,NID Online Problem,train,NID5-G-946d2db7c472d40bad1752177bf7b8579992c42e84b9051c149706553914ac43,946d2db7c472d40bad1752177bf7b8579992c42e84b9051c149706553914ac43,9cb76fff776b3ef1fe9d80fd442385b3d71920487692c2b18f17b98c1a5dffbb
NID5-V1-001158,1158,3,NID Online Problem,train,NID5-G-bde3d9e9f69fe86291ed02b4a593499a36a767ad7ede2e328a0d75a201dbba0e,bde3d9e9f69fe86291ed02b4a593499a36a767ad7ede2e328a0d75a201dbba0e,62e96a4a7a8ea189f5f591fd2169f2624b8ce2384e7ded41fd73acaf8aab1cd4
NID5-V1-001159,1159,3,NID Online Problem,train,NID5-G-61b311158ab788fef0d7e95fff42711703e2f5c979bc724f7a86c668ef3146fc,61b311158ab788fef0d7e95fff42711703e2f5c979bc724f7a86c668ef3146fc,e7c5cff570e6b8ab44d1db8d906d46d9b5f77920cad5b7c51dfde6ba9dc392ce
NID5-V1-001160,1160,3,NID Online Problem,train,NID5-G-bda9f03559d5eff0191c00ded76ac7c0f3b425654b08f0669592f531beb61cb2,bda9f03559d5eff0191c00ded76ac7c0f3b425654b08f0669592f531beb61cb2,1ad1364cc7fa242a4e1cc04aec36aff63500473deaaabeba0cc024ec7a5a1340
NID5-V1-001161,1161,3,NID Online Problem,dev,NID5-G-d7dfbccb308563966e296653ce83d65558844611192bc7b4b910eecba71b393a,d7dfbccb308563966e296653ce83d65558844611192bc7b4b910eecba71b393a,2807f1201334d591a496117d648aa5181bc05172150e1bf28e60ace211b99710
NID5-V1-001162,1162,3,NID Online Problem,train,NID5-G-c0310ff96f6ff74bc48bb7329fb687c8ba01fc54a2bc3d6d5db839602b8af291,c0310ff96f6ff74bc48bb7329fb687c8ba01fc54a2bc3d6d5db839602b8af291,2760607dbc036e6907c7b8aafad414cc7171d50ff571aa7508a7d2d565fbb5b9
NID5-V1-001163,1163,3,NID Online Problem,test,NID5-G-2b913d6ccab696735159297815a71cd2d7224c8180919eaa7e8a87745a4156fb,2b913d6ccab696735159297815a71cd2d7224c8180919eaa7e8a87745a4156fb,85c30ad4d7fdd9e37fcf53ee35a04be5d2ad1959fb9b61a6c9ddb687a189cfe5
NID5-V1-001164,1164,3,NID Online Problem,train,NID5-G-92456bdfadd801dc9acfc13863c835aaaf058fb0eae14dfc2fee3998dd679df6,92456bdfadd801dc9acfc13863c835aaaf058fb0eae14dfc2fee3998dd679df6,d793a8685d4bd342f230358e4703210167c24f2a07a9b4252972cff044b85f99
NID5-V1-001165,1165,3,NID Online Problem,train,NID5-G-dbeb2ab771de0ea34d26106fa3c4563f272dcc20a93e1c5ae22454fbf9e9a12c,dbeb2ab771de0ea34d26106fa3c4563f272dcc20a93e1c5ae22454fbf9e9a12c,e85e876e6140b56e9625890d35f36e35221f67f23ceda99120254a6b8b7b7d7e
NID5-V1-001166,1166,3,NID Online Problem,train,NID5-G-62006c0fe49a9ce8d9a91928d42242178c03723ce10e0ee9ef4edc7f32bb49c8,62006c0fe49a9ce8d9a91928d42242178c03723ce10e0ee9ef4edc7f32bb49c8,92a8cebb77ef45ab4302c074b9d43020836599a778dbe4cfab56d97b82f02963
NID5-V1-001167,1167,3,NID Online Problem,train,NID5-G-46af630e4efbe67cd85daca545ba6ad4b41968bbd3ac3b48ff1b4f274c8ca23a,46af630e4efbe67cd85daca545ba6ad4b41968bbd3ac3b48ff1b4f274c8ca23a,658497ff5f986d89b6f150ea6dd409f2689ad3494ad024fb0bd6b159374bfc99
NID5-V1-001168,1168,3,NID Online Problem,train,NID5-G-a90e31677ae1ca82b757f80bfe7b53e1469d805145d20ed5eb4ad151583099d9,a90e31677ae1ca82b757f80bfe7b53e1469d805145d20ed5eb4ad151583099d9,0acc369db65186f3ce679fbd47928662b3b1f15ae13ba06338216c0db1698c21
NID5-V1-001169,1169,3,NID Online Problem,test,NID5-G-5a1928190ab26c568f22c9b32b14362cc18539fb02761a9a4b081431a37910fc,5a1928190ab26c568f22c9b32b14362cc18539fb02761a9a4b081431a37910fc,2cd8f79a1ca45488249b53d9e91913b75e11223e80b3327867a193445af350fc
NID5-V1-001170,1170,3,NID Online Problem,train,NID5-G-b46af71edfe4bc0921308b8a4e74de9cc1b29259addc2b6e1b25ed6faf6ca814,b46af71edfe4bc0921308b8a4e74de9cc1b29259addc2b6e1b25ed6faf6ca814,f45ea35d4533bb49049da4ac2afe507c5ba98e05ad39ed6cb51e6220c4b4d791
NID5-V1-001171,1171,3,NID Online Problem,dev,NID5-G-608407b40e6186647f1e4d7bd4b45111c5813bbaba0f41ad9da13a1f2f6ce14b,608407b40e6186647f1e4d7bd4b45111c5813bbaba0f41ad9da13a1f2f6ce14b,cd947b566964aa3dc19e38967d04403d0a73abb85bc871f711f46cd7568fac21
NID5-V1-001172,1172,3,NID Online Problem,test,NID5-G-ab30c0d97577b6d4ad1d646393578c8eefdd9d969281a3fc0cacec593e4b19e4,ab30c0d97577b6d4ad1d646393578c8eefdd9d969281a3fc0cacec593e4b19e4,f2fcfab9ee7ef0f2568e1bac599dd7872944cb139c58a4eb2551de83f4fe619e
NID5-V1-001173,1173,3,NID Online Problem,train,NID5-G-413c223da8d3d7c78b3236bb7f791885d5154077b7b6f035e536e6ba605f9a73,413c223da8d3d7c78b3236bb7f791885d5154077b7b6f035e536e6ba605f9a73,1e1cfe15e7e4d033dafd06bddcdbfc696e8cd4e2e709f1cbc534849e96e5ea9e
NID5-V1-001174,1174,3,NID Online Problem,dev,NID5-G-26a542084a1ee855f133180c91787bea765bb1c664e3ae756ab05b0d71a3f121,26a542084a1ee855f133180c91787bea765bb1c664e3ae756ab05b0d71a3f121,88b7cfc65b3e35354ea2677cbd6f49e12cdd2516f65768d95a902f5cd3e5090d
NID5-V1-001175,1175,3,NID Online Problem,train,NID5-G-ec326372b2202d6da57ea5cd0796b1c5f0edcd9b9e0ab8f631e3bffdfa5c29a4,ec326372b2202d6da57ea5cd0796b1c5f0edcd9b9e0ab8f631e3bffdfa5c29a4,5331cf6e0b701fa44bfb02a36ced5b8d4db52d4e08195c0e94737bce3a0c162c
NID5-V1-001176,1176,3,NID Online Problem,train,NID5-G-72b093e3f25d3a13f26d622a10e127bc20f1672675e3462bbc3fed32c52a588c,72b093e3f25d3a13f26d622a10e127bc20f1672675e3462bbc3fed32c52a588c,77a611ef027a52004f08e977eca01d948b54b40ced86317c11a8f098a859db22
NID5-V1-001177,1177,3,NID Online Problem,train,NID5-G-84138e2254128080705329ac347ea35f5ded658b3fd03358ed3c11e315712cee,84138e2254128080705329ac347ea35f5ded658b3fd03358ed3c11e315712cee,75cd333b834896359378b744e0f2a1dd65d43742f28b83011d6bd7fc57b0e03d
NID5-V1-001178,1178,3,NID Online Problem,train,NID5-G-1fc754293a5415d0515ffa7b91cf43b214dfc331b0b07be5d57dca4d20d7de44,1fc754293a5415d0515ffa7b91cf43b214dfc331b0b07be5d57dca4d20d7de44,681e35d33f9913c56e6cdff4f07ee7c5ec79d8fdc3a2c4779970a66ebf7a122e
NID5-V1-001179,1179,3,NID Online Problem,test,NID5-G-1657a60aeab90372a8a30d18279fd6167387085b101c1f9e5123f3df59bb8273,1657a60aeab90372a8a30d18279fd6167387085b101c1f9e5123f3df59bb8273,7dbe8231ec238d5fc3273d896a0ed5ea381d2ca299f1e19f73c8f59f4e9462e6
NID5-V1-001180,1180,3,NID Online Problem,train,NID5-G-f8a84014fde190be4f59fb69cd0212367ae0da6f82be2262347ccfad9f906761,f8a84014fde190be4f59fb69cd0212367ae0da6f82be2262347ccfad9f906761,f8def35b4393339c4e89290eba31c2070b9bb526ef8c4380f65b4fcf9b97f357
NID5-V1-001181,1181,3,NID Online Problem,train,NID5-G-7349891fc7c1f152f49fce8d576c7df41553c48ad0ef4a82cbbca4a9e844d6f2,7349891fc7c1f152f49fce8d576c7df41553c48ad0ef4a82cbbca4a9e844d6f2,d8d65f7242c37e2e008b693345568291d70af68ebc4e992c595eccd7b33883b0
NID5-V1-001182,1182,3,NID Online Problem,train,NID5-G-c974a0b6ea624db00d9c8556b0c9fe3f87726c6407461f7824529383b55a1b78,c974a0b6ea624db00d9c8556b0c9fe3f87726c6407461f7824529383b55a1b78,2229cbc85de5464eb9b80a18db3975cb293fb10686a06d6d7e219baab48e34f7
NID5-V1-001183,1183,3,NID Online Problem,train,NID5-G-13a4cd3c5197b9620070c5428ddf7aefbe31f4123b7e4dcd7ce11f7121ad08ee,13a4cd3c5197b9620070c5428ddf7aefbe31f4123b7e4dcd7ce11f7121ad08ee,262b97b3aa7d02b15451933a5b3eb8bbc5be363a638ddd7db5a291b5e264e492
NID5-V1-001184,1184,3,NID Online Problem,dev,NID5-G-d170174dc6ac65001ffdb81bbf1899134b7a01eb0575c2a6be78dba219748909,d170174dc6ac65001ffdb81bbf1899134b7a01eb0575c2a6be78dba219748909,d1947a1097672c866aa4ea6fae03f22d7112265c7da835e6ab725328e33f1389
NID5-V1-001185,1185,3,NID Online Problem,train,NID5-G-393228a024e498003f591eda50ca020eacdf7f666caa7d0486a63ae36a8dfd7f,393228a024e498003f591eda50ca020eacdf7f666caa7d0486a63ae36a8dfd7f,21f2cde8907152207f5351f7724ead6a4104204f1c6da68a2453d4030883c577
NID5-V1-001186,1186,3,NID Online Problem,test,NID5-G-cb85872cd976ab6b334290eec2784cd4da96f83914a0562408ee36c7b01e23af,cb85872cd976ab6b334290eec2784cd4da96f83914a0562408ee36c7b01e23af,6bc6a992c4c302be60b4435208eeb842db723563daba7d807784a794ef3257ac
NID5-V1-001187,1187,3,NID Online Problem,train,NID5-G-dcc821ed7822c4db15b529027f15a0b582bc412d92bd48cd7e55af82c12b4c45,dcc821ed7822c4db15b529027f15a0b582bc412d92bd48cd7e55af82c12b4c45,b7b602f8c64d76f124ac4b20f8fbdfa1a200bd44484fb13a94893fd2d357ea35
NID5-V1-001188,1188,3,NID Online Problem,dev,NID5-G-02a00123a042ebf048f57263b7367cda4c0f73fe03aa9d30b2655d760a5d5fc5,02a00123a042ebf048f57263b7367cda4c0f73fe03aa9d30b2655d760a5d5fc5,6b0292f50e86aaf2963d14f307ad7dba5a260d59b9ca04f0050d4da52d537811
NID5-V1-001189,1189,3,NID Online Problem,train,NID5-G-84bf24ad7912cf13ef2fbaa8d3e944d5b881341c0753e3b68c011535e4fa801e,84bf24ad7912cf13ef2fbaa8d3e944d5b881341c0753e3b68c011535e4fa801e,8dd407106c76b4cb4e05b7b6e22906863f2f1d49e3e99e9bbe03baf7c5f391ae
NID5-V1-001190,1190,3,NID Online Problem,train,NID5-G-a0bfcb81fe3e08243b361dd0ec8f0015a9350013af6abf498a4e0e77be835907,a0bfcb81fe3e08243b361dd0ec8f0015a9350013af6abf498a4e0e77be835907,cfef87ce803e203ba6a629268db12c187e847cbc3098bd7d54ba4152101c3b3f
NID5-V1-001191,1191,3,NID Online Problem,train,NID5-G-5ada1a2568dddf1f1397f44a1a41e686e09f2649c0bec5dfbad2b2a5539687f8,5ada1a2568dddf1f1397f44a1a41e686e09f2649c0bec5dfbad2b2a5539687f8,3355848fb4ae63a9da6851449098c9d209835ec415a4a46443b79dfe38efac8f
NID5-V1-001192,1192,3,NID Online Problem,dev,NID5-G-4490212d9f681352d62d7f1187961e0e3c54e2dff9e88d2342ddd54458bdc146,4490212d9f681352d62d7f1187961e0e3c54e2dff9e88d2342ddd54458bdc146,4c5a4eb88900ad0eddc3500b44c7bdaf239a8abeff8d13cca2f0a042b133be61
NID5-V1-001193,1193,3,NID Online Problem,train,NID5-G-5083012851d2e90f536f19597c1df1338429bdf747d778b014dc6261f5fc2ab8,5083012851d2e90f536f19597c1df1338429bdf747d778b014dc6261f5fc2ab8,91b5fea26767c87dad0dc92ccefa7b894269e88be2448cfb1051b54f8c348c49
NID5-V1-001194,1194,3,NID Online Problem,train,NID5-G-d6da3c7edfb2f2b0d35e471e1eba8798a957529aec9616e042798ae953a93f31,d6da3c7edfb2f2b0d35e471e1eba8798a957529aec9616e042798ae953a93f31,20b70752f9f670bdf29c961fb669b495afeb86114ac7b88dfa0f878b22dd8954
NID5-V1-001195,1195,3,NID Online Problem,train,NID5-G-8b21b1bfe609df6eadfade07fef3c6c9400adc302e9b589144da10c2a364d4d8,8b21b1bfe609df6eadfade07fef3c6c9400adc302e9b589144da10c2a364d4d8,4f75791737be9239d9d81e8a4de6196e4b4eb643347b32358f30b481707964a6
NID5-V1-001196,1196,3,NID Online Problem,train,NID5-G-af91f5188bf027889af8c7564c586f9f37c69f8e9830dd402b54ef7d9f02b280,af91f5188bf027889af8c7564c586f9f37c69f8e9830dd402b54ef7d9f02b280,598754ee16983e93437da1396c1bf3c2853f4fd34920ae371ec9e63f8fedbaa2
NID5-V1-001197,1197,3,NID Online Problem,test,NID5-G-1cf86fcf97441d0bd952172edb4ec94b0eeaec60a895fa3921af8a128f09da6a,1cf86fcf97441d0bd952172edb4ec94b0eeaec60a895fa3921af8a128f09da6a,a72cd6fe884fdbd4491dafbea69c889b4ff6eb6f2dcb087a3022b97bd2ce3ee5
NID5-V1-001198,1198,3,NID Online Problem,train,NID5-G-3985f2f5a87b28e0278d81171c60cddac9cbd91276f45abd8b1e57668f98a65b,3985f2f5a87b28e0278d81171c60cddac9cbd91276f45abd8b1e57668f98a65b,64f7d60ea6b8f384f8e74038e704de688aeaae6792ec57831b4ec31af01511ea
NID5-V1-001199,1199,3,NID Online Problem,train,NID5-G-240c0af954dcf60371b3ecec3e6ad638261716bfc50d76e595f8ef9279d0fdda,240c0af954dcf60371b3ecec3e6ad638261716bfc50d76e595f8ef9279d0fdda,372fe20a8fe0bf59a29c43e1a3f3a075816df7adac49be2557187f23ade89393
NID5-V1-001200,1200,3,NID Online Problem,train,NID5-G-4179a7346646264780d7cec2e0c3d7b3e81ee692dd56c8c5fbf7fdf577129a38,4179a7346646264780d7cec2e0c3d7b3e81ee692dd56c8c5fbf7fdf577129a38,f5beb3a0becb34ddeed478f332bb60c2eea8996869670ca1e831500e6abdb631
NID5-V1-001201,1201,3,NID Online Problem,train,NID5-G-89eb8fa1c4bd8e813ac941c61c3f5d5eba792c4f74d466425434a9b039ec9bc0,89eb8fa1c4bd8e813ac941c61c3f5d5eba792c4f74d466425434a9b039ec9bc0,bbcae01170142836633c5cb4bb2bf71d39155bbb675f8cd930597f6c95b90b94
NID5-V1-001202,1202,3,NID Online Problem,train,NID5-G-f6f0152d68098fec4b244bb3c8345b0db75fe9fff188eb98f2837580c4066d4b,f6f0152d68098fec4b244bb3c8345b0db75fe9fff188eb98f2837580c4066d4b,e1a9a844f8f37fa9f8a5e0fb94cb3ebe7f0f03b4b6afc88df365a790e0167604
NID5-V1-001203,1203,3,NID Online Problem,train,NID5-G-d343fd764b2372cdfdfd4f49a6002e6331f86be2762b60c244b5b5775b7667f2,d343fd764b2372cdfdfd4f49a6002e6331f86be2762b60c244b5b5775b7667f2,f641bea9a62ac0b55ba1f8664d9eb0907bdc97cf51aebe03188db3e5c856e3c1
NID5-V1-001204,1204,3,NID Online Problem,train,NID5-G-dcef0f8a131b4a8cba9f88be069da2006a071280a65213900e06addf52cc46a4,dcef0f8a131b4a8cba9f88be069da2006a071280a65213900e06addf52cc46a4,965e7d182077c5cb61b08a5c529e066b9912963f87e73a775ad85acbb8ef16f4
NID5-V1-001205,1205,3,NID Online Problem,train,NID5-G-76adbe5f7f9d280f900b3db3502035f9aa99813628adc0c818d1176c700e6dc8,76adbe5f7f9d280f900b3db3502035f9aa99813628adc0c818d1176c700e6dc8,c86f0f572348a2ee8d7860d0602a4d5da1399e3316bccf3ed044c270a366bd71
NID5-V1-001206,1206,3,NID Online Problem,train,NID5-G-702d554a321655f26850c74828c35fbdc5a7b11b1f3a2613200084752827c39d,702d554a321655f26850c74828c35fbdc5a7b11b1f3a2613200084752827c39d,e755ed1acc3bbb8d09d3ab68bbde67fbaf05fe392c2dafdf4f23a5a56f0a0f04
NID5-V1-001207,1207,3,NID Online Problem,train,NID5-G-f8ac594535356c163e6b99001d7a81e3a3e70f03af285c3074613735a5e0ba8f,f8ac594535356c163e6b99001d7a81e3a3e70f03af285c3074613735a5e0ba8f,5bc53fb97c814575b4849c5df2612279e7241c8e701afc031ce3d794070eafaa
NID5-V1-001208,1208,3,NID Online Problem,train,NID5-G-54642a6813f9fc54225df642aa675defc0a9c478b7070402444db63261118443,54642a6813f9fc54225df642aa675defc0a9c478b7070402444db63261118443,f1079f612b5758dcfdb0474f74d89bafb248c640bc148f0430df82c283f8fc9e
NID5-V1-001209,1209,3,NID Online Problem,train,NID5-G-258134ba4ce4a999e6677b28e2d5f8b3b693779789f21f65a7407b7e21e9b444,258134ba4ce4a999e6677b28e2d5f8b3b693779789f21f65a7407b7e21e9b444,39388bc42248857f952c1fdd2676a81e4e98bc101dfc8c3d05c7ddda7efb1221
NID5-V1-001210,1210,3,NID Online Problem,dev,NID5-G-0bdc93b3b7b38e10a04d9bcc145b9e73b60dcb3c930d1c222a7682ce88ca8854,0bdc93b3b7b38e10a04d9bcc145b9e73b60dcb3c930d1c222a7682ce88ca8854,6b38451178d7c58224aeb262d0f24b9269869cd32b038a511f5ad61ca771b003
NID5-V1-001211,1211,3,NID Online Problem,train,NID5-G-87e4b43700d1da9da4383cea389eba207177cb0240fde5478372a80e66950605,87e4b43700d1da9da4383cea389eba207177cb0240fde5478372a80e66950605,dd1dd758b3992cb190fa95ed35be2a5a90b4b790cb28a11f7f58252b2da7c560
NID5-V1-001212,1212,3,NID Online Problem,test,NID5-G-17438897e7f98ae5c7159e4e35d5f8eace71e5ce96818a3eecf33dace73c2742,17438897e7f98ae5c7159e4e35d5f8eace71e5ce96818a3eecf33dace73c2742,36d1163571dc2abb0e8577026b3b4af6638f62a99fffbd3107d5b94b592e71d7
NID5-V1-001213,1213,3,NID Online Problem,train,NID5-G-02aeb502d70bcfb25dee45719d5a96cb294d14e244c561efc3ea718f1b831f15,02aeb502d70bcfb25dee45719d5a96cb294d14e244c561efc3ea718f1b831f15,1679b2ee33a0e64f5938ab0cadc6aafc1723f325cb24946a9dd1c27c251b2299
NID5-V1-001214,1214,3,NID Online Problem,train,NID5-G-b22cf1e3466fae85df2c976f6c43a5ad9bc2cd4228a26130b6cdd4fd84b4eacf,b22cf1e3466fae85df2c976f6c43a5ad9bc2cd4228a26130b6cdd4fd84b4eacf,4bddf6a162f365b783c216e2ab6334e69c046205fcdcd67de8cce03350e8553d
NID5-V1-001215,1215,3,NID Online Problem,train,NID5-G-5fc9752e4e54ca7c48f21ea1b29234bb57a96b0801aaf25303b396b9ff4c4e10,5fc9752e4e54ca7c48f21ea1b29234bb57a96b0801aaf25303b396b9ff4c4e10,df46abd74ccb75a2a317ec4e535351bfc27abedab8ca3b283d8f7af848cc7763
NID5-V1-001216,1216,3,NID Online Problem,train,NID5-G-4d176ac7b1eec8c8cf4acfb9e85db7e0b431dffb4567a6c4fffb6f1f992e09b8,4d176ac7b1eec8c8cf4acfb9e85db7e0b431dffb4567a6c4fffb6f1f992e09b8,3277cc90d38ed55cc6fbe9f708637744a7ae20292039e4abae8f547a02309fd6
NID5-V1-001217,1217,3,NID Online Problem,train,NID5-G-283cbe886fffb2dd2eb3da056f69e9c8af6e012213021b00bfe62f70bf98edba,283cbe886fffb2dd2eb3da056f69e9c8af6e012213021b00bfe62f70bf98edba,2ad208b5e787053ab819389eaf16d1bc39019328bb0ca5e90565ebb6cbff99b5
NID5-V1-001218,1218,3,NID Online Problem,dev,NID5-G-9e97a1bd7c45ad624ffc63eb19e402a5c3570fb4023a87499511449959bb676b,9e97a1bd7c45ad624ffc63eb19e402a5c3570fb4023a87499511449959bb676b,303f43640eff8962790f839a0f7b5b4495efa4587b27a048fd4357a5af50d923
NID5-V1-001219,1219,3,NID Online Problem,test,NID5-G-19875088eceb57fe789d459796a9c601a94de4faaa8522059e9d728485f96e72,19875088eceb57fe789d459796a9c601a94de4faaa8522059e9d728485f96e72,34eab2d84f0e0b948210617c630b2871cde8324df46f6832e08449c9cfce2bbd
NID5-V1-001220,1220,3,NID Online Problem,train,NID5-G-92ec37f2aa22565b1131008a0bc91202bb08a1d944f7a9d4860d5d2c857c7c02,92ec37f2aa22565b1131008a0bc91202bb08a1d944f7a9d4860d5d2c857c7c02,f6ee743cdc26fc061a9d05ccc710ff046f0f0e8bdab5202f0791b339d8481e44
NID5-V1-001221,1221,3,NID Online Problem,train,NID5-G-0413125bdee38fd8f41e0b181b0378f535bb18643191cda3dea79e19160fbae8,0413125bdee38fd8f41e0b181b0378f535bb18643191cda3dea79e19160fbae8,12bc6d878b7814cf42f5aa61b09e866fbe5de9ea5d7ce40f22b9145c42b1e99d
NID5-V1-001222,1222,3,NID Online Problem,train,NID5-G-e0b09262f260bae7e426b82bd231519c5d920c083402da72e50f225d25cfd62d,e0b09262f260bae7e426b82bd231519c5d920c083402da72e50f225d25cfd62d,b913ef86dee1ad33d2803433fc4cdf4f9db264e14b18778b77fa566c965aa5e2
NID5-V1-001223,1223,3,NID Online Problem,dev,NID5-G-ca1b8e1c976e91cb7815096bde273a70e2d2d559ddf988d2624a67063e6d2997,ca1b8e1c976e91cb7815096bde273a70e2d2d559ddf988d2624a67063e6d2997,6ef8367f1cb77448a0899db8c120c220b4dd6edc6cbd438cd7c0f6e78e4ed255
NID5-V1-001224,1224,3,NID Online Problem,train,NID5-G-e2bdb56e8f8c616e737f64786a6582dd5b8ecc70214bed6020afadaaea1dfd8d,e2bdb56e8f8c616e737f64786a6582dd5b8ecc70214bed6020afadaaea1dfd8d,7507f027054e7f28d768bbb4ef2f7e18e53047074fc4d5b8cecb1d2a20e44c7c
NID5-V1-001225,1225,3,NID Online Problem,train,NID5-G-b8ac90a0092c8f7a39464fb7aa9df10938d23073b3ee30eb9476db7e1a734236,b8ac90a0092c8f7a39464fb7aa9df10938d23073b3ee30eb9476db7e1a734236,a90219ace70fe91c1ef4b8470f65896f14a64868a5889679cbaf3dc08adb454a
NID5-V1-001226,1226,3,NID Online Problem,train,NID5-G-78ee58e3b74a15f55a82a419645c42d0a3b846ed09d3a954c96df90dd6c9d317,78ee58e3b74a15f55a82a419645c42d0a3b846ed09d3a954c96df90dd6c9d317,a3bcab29f63dd01d4b616064c15530b28006bcd8d0d5ec3057742ef179176462
NID5-V1-001227,1227,3,NID Online Problem,dev,NID5-G-ca8f54c303b99e1144abb04f6770b4108de98def88bd41a90231bd65b2cc4846,ca8f54c303b99e1144abb04f6770b4108de98def88bd41a90231bd65b2cc4846,a83dd4fa3025ea6b838133b93f11e7cb6938e5b54ae030f1d3a713e38ae248c3
NID5-V1-001228,1228,3,NID Online Problem,train,NID5-G-7032c170b427b0b2bd71065f53e481a98ed29db0e759d42a7e1668e9ade70375,7032c170b427b0b2bd71065f53e481a98ed29db0e759d42a7e1668e9ade70375,535499ab2e5c042b33527d6850bee198110d1112bb0b57aabdd64f86d310d973
NID5-V1-001229,1229,3,NID Online Problem,train,NID5-G-8db478afc58c0a0c1fe6defbf07c1ae0fb0823c22297561d0a09136be2bf8a43,8db478afc58c0a0c1fe6defbf07c1ae0fb0823c22297561d0a09136be2bf8a43,cd65b45d38d2b1baacd25bef45efbbfa4ca9ff72ba87906d33f7c82b8db9731a
NID5-V1-001230,1230,3,NID Online Problem,test,NID5-G-39607360e5cc9f447057747b2cae6f71df05e09c11de5f0de851223169e4ddef,39607360e5cc9f447057747b2cae6f71df05e09c11de5f0de851223169e4ddef,dc7a94e6c8ea245219e20c43467302814ba6c4a46c5754f4b546553633383b6a
NID5-V1-001231,1231,3,NID Online Problem,train,NID5-G-f9dd9c4b5bcf9259fd6d631f83d0cb991b4ef53ad7d0122e950a55c57e84f095,f9dd9c4b5bcf9259fd6d631f83d0cb991b4ef53ad7d0122e950a55c57e84f095,51496f83b56dcf97219d4e463158da3a8a7461dc1b887a426e553fc3fc4c67c9
NID5-V1-001232,1232,3,NID Online Problem,train,NID5-G-d8376c10ae77f46caf7da0e1fb94f0b59d6e1be0a3ad9bffdce0802b24b55b90,d8376c10ae77f46caf7da0e1fb94f0b59d6e1be0a3ad9bffdce0802b24b55b90,a08174ed0701180d5ede34850ffd4dd3be0c135583503c3fc27f676c45b3871e
NID5-V1-001233,1233,3,NID Online Problem,train,NID5-G-5a4843eb29e2a1bbc7e36eedb69a6cdab34d60501c4f4f3d3f7b14958cbf9557,5a4843eb29e2a1bbc7e36eedb69a6cdab34d60501c4f4f3d3f7b14958cbf9557,c1d277a1c3fc8033a4dae219eec2f03f93acc5a7fb385105eff4a3d8fce6d4a2
NID5-V1-001234,1234,3,NID Online Problem,train,NID5-G-9ebbe604126fd9246781b40e2337fa0eed87f9b9045b76d65cba71dab366d6fa,9ebbe604126fd9246781b40e2337fa0eed87f9b9045b76d65cba71dab366d6fa,45f7c207fe295280a0332f4ede62f5ffe02de30de86611eb90713f25cf718ed9
NID5-V1-001235,1235,3,NID Online Problem,test,NID5-G-cbfb4c1a7b157f2f07f1d075805617b6cf1261e83806f47433a656e2df4ad9f8,cbfb4c1a7b157f2f07f1d075805617b6cf1261e83806f47433a656e2df4ad9f8,067d3090afa228d4c864c08c7e71402c5336e4886dd3fbc76aeb19b3b7c059d1
NID5-V1-001236,1236,3,NID Online Problem,train,NID5-G-407f782bba1d9cdb88ad647de5c3f9f598179b4a6f3a33e0d1367cdf52eb4b98,407f782bba1d9cdb88ad647de5c3f9f598179b4a6f3a33e0d1367cdf52eb4b98,49859b36aeab3a74c93956f2432fcc081a4f8727ff5ee8405d708c1dbac140c7
NID5-V1-001237,1237,3,NID Online Problem,train,NID5-G-793dda30aabbe43f6d3a5542b4628ed41ec544150093308f55c0b2f7679d613b,793dda30aabbe43f6d3a5542b4628ed41ec544150093308f55c0b2f7679d613b,a4ad47b7fc07d463060147af83067cfe619ea06049a1a922066dd9345f603d83
NID5-V1-001238,1238,3,NID Online Problem,train,NID5-G-983a58bb75a2dcc39fd1b9b0902e831c4669fff7d3fe0041c71c8705a0ca83fd,983a58bb75a2dcc39fd1b9b0902e831c4669fff7d3fe0041c71c8705a0ca83fd,43609405afae10690744fb0232a5dab6d9557149ef68af42d970de6d551b14a9
NID5-V1-001239,1239,3,NID Online Problem,dev,NID5-G-b268cb8e1947702aca9c25b60b025de59556079ee213d74f28fbe11565545429,b268cb8e1947702aca9c25b60b025de59556079ee213d74f28fbe11565545429,b8bf304b3da30ff8281a49f94317e91f08c32619a02b1d92fd05d0d170aa156d
NID5-V1-001240,1240,3,NID Online Problem,train,NID5-G-117d46118cd458e5c1865f376dc219b348b538f4c5ed8f3f2800957d183f0317,117d46118cd458e5c1865f376dc219b348b538f4c5ed8f3f2800957d183f0317,ff4d5daf3e7bde5b6b29e1850faea191e050288cd5445ada0b06365329687bc0
NID5-V1-001241,1241,3,NID Online Problem,train,NID5-G-2ba101c9461dfa053268b4d49ae2e7f37664132b786d086f0e7a226e2d8a21ad,2ba101c9461dfa053268b4d49ae2e7f37664132b786d086f0e7a226e2d8a21ad,2a31043d19fa1f3c2336cfadc87a30f4a7006ea02356d0c7c1f3c91742dd29f6
NID5-V1-001242,1242,3,NID Online Problem,test,NID5-G-da4a907e2067db94f864485b99a5e96016a96da32689f0283aa7f2b3cbccc576,da4a907e2067db94f864485b99a5e96016a96da32689f0283aa7f2b3cbccc576,d25b05f32a78b0a5a395929834c571dbff19b99ceed21dc20ad41245cfaf39a4
NID5-V1-001243,1243,3,NID Online Problem,train,NID5-G-356fbc18ad9d4e79b54b7c285062a1ee5fa3298ecd3f740482748cd4bdabaf55,356fbc18ad9d4e79b54b7c285062a1ee5fa3298ecd3f740482748cd4bdabaf55,96dbb8be07b621cf50a55b115dc8dc0285af045b9efbe212808d5e57364799ba
NID5-V1-001244,1244,3,NID Online Problem,train,NID5-G-d225393e650b7ad23602980719d1877654ef9114e393bb6fa60317d76f5d5f9a,d225393e650b7ad23602980719d1877654ef9114e393bb6fa60317d76f5d5f9a,06766f2d317b324511b79b42717bcf3d26451245333d9820911b93f5cdbd61c9
NID5-V1-001245,1245,3,NID Online Problem,train,NID5-G-72f3a1855b2909246bc58bd7c9ed84f27e4b8fbb9b6d884f2ebf4655297b6624,72f3a1855b2909246bc58bd7c9ed84f27e4b8fbb9b6d884f2ebf4655297b6624,f818fba120569b0e2e6c07b631daa91cfd940968f64999120a476f6890ef9e43
NID5-V1-001246,1246,3,NID Online Problem,train,NID5-G-11ef0288df6e95b17cc04cd3540a6e8bdb71d5400f37af6d1066440bc5dc8d7a,11ef0288df6e95b17cc04cd3540a6e8bdb71d5400f37af6d1066440bc5dc8d7a,0c6f6272be069b7db263425cb85ba0c8900b74ba85647146191fc4bcaaebcd3f
NID5-V1-001247,1247,3,NID Online Problem,test,NID5-G-7e9668eb0c12a31285e26dd8f4aa417a87e7e396ef0e35b5357a46a798a6be73,7e9668eb0c12a31285e26dd8f4aa417a87e7e396ef0e35b5357a46a798a6be73,82000b9c7153f7533a4d28e41f9f40e8d694f8bd315e2c626e3bbe97bfd08249
NID5-V1-001248,1248,3,NID Online Problem,train,NID5-G-a06c01dbe57a87fa14e9237a8f2940e2e0065d0d8196ebd7fff678b73a605c84,a06c01dbe57a87fa14e9237a8f2940e2e0065d0d8196ebd7fff678b73a605c84,75d01919f3471eeab9184c5cfdb85fac647c28363a135b5bc1ef041d933c0c56
NID5-V1-001249,1249,3,NID Online Problem,train,NID5-G-5037c230d3e093ee1ab7827e2e4c90fe2c3a1b0b95415adc42898b37e69aede3,5037c230d3e093ee1ab7827e2e4c90fe2c3a1b0b95415adc42898b37e69aede3,29e96247059a1d5de43c19de6124796baf2a7ef9bdca36acec79bcd89a451a21
NID5-V1-001250,1250,3,NID Online Problem,train,NID5-G-91584f446ec8f297c437a56a99458867223cf87359d475b5f8f22d36fb9d2fac,91584f446ec8f297c437a56a99458867223cf87359d475b5f8f22d36fb9d2fac,226b05fed4c18b63ea97f3a440062bd239bee6ce42fb394b0a51ad3db79528f6
NID5-V1-001251,1251,3,NID Online Problem,dev,NID5-G-0010d983ca1c4718060002da5f32e2dc75fdb68b487ec735638bdbab07bd478d,0010d983ca1c4718060002da5f32e2dc75fdb68b487ec735638bdbab07bd478d,6eea7ef67117226115fb418870e081c30d5bd2a1564fe63b523d0305dcc87ddf
NID5-V1-001252,1252,3,NID Online Problem,train,NID5-G-623f6718cff69f761e84c58bc0b52540e681b6e102c798361380364abd093bd2,623f6718cff69f761e84c58bc0b52540e681b6e102c798361380364abd093bd2,09df1ae52baabf52fa4dbfd30b063dc737e888a1c0027334b7244c2e091342c7
NID5-V1-001253,1253,3,NID Online Problem,dev,NID5-G-eb40dbd1adc43376d92a6b3f4b03c99fbd859e81ac21222a4f7f8a1161fc065c,eb40dbd1adc43376d92a6b3f4b03c99fbd859e81ac21222a4f7f8a1161fc065c,3d57666fcc4c74ceaf9b0cfbce41902547f3b1306027396f86d771318ca2702f
NID5-V1-001254,1254,3,NID Online Problem,train,NID5-G-0f22caaee32318059b4a5c9db306c89069b12d90e4098c74904f00b7e87a5501,0f22caaee32318059b4a5c9db306c89069b12d90e4098c74904f00b7e87a5501,488fc1c398ec2450689e2c5144b1154cc27828f6bdb6286122c35bb50b054ddc
NID5-V1-001255,1255,3,NID Online Problem,dev,NID5-G-90adec323d66d26d4e467395a06980104f371b8c973e5c5ca37778e5fde1a3e1,90adec323d66d26d4e467395a06980104f371b8c973e5c5ca37778e5fde1a3e1,5ecf45d5a26e9cf2031310ba157f40c5c4f21988dc28326a3fa3745a92b4a467
NID5-V1-001256,1256,3,NID Online Problem,dev,NID5-G-47d2f38b811030292e055dbd8e0c747a9705fe5da65e9809c24c8db5cacc4242,47d2f38b811030292e055dbd8e0c747a9705fe5da65e9809c24c8db5cacc4242,00d639e57f0c87744affaf26f8cb0c8f74c0161030a5fe0c77bf0c6133f1db23
NID5-V1-001257,1257,4,Smart ID Card,test,NID5-G-13c95342f29fad73fac081689e87a7ebd4edf5cf08879f4caf70c2ad7389b973,13c95342f29fad73fac081689e87a7ebd4edf5cf08879f4caf70c2ad7389b973,4f6eb58370a715cd808614541c4e740175aba063b2efef272c53d6af6c70aef3
NID5-V1-001258,1258,4,Smart ID Card,test,NID5-G-5816d30575542c8f4c99f470800f89421dbf5ab2e6c122dd0e8afb95a318ea1b,5816d30575542c8f4c99f470800f89421dbf5ab2e6c122dd0e8afb95a318ea1b,9bfce95e4b68a85e3d92fd9c433dfdf1e720a209a132352afe1f4288d06e607f
NID5-V1-001259,1259,4,Smart ID Card,train,NID5-G-383b71f11d07c89745db9d8ddee263df0b7e18c83343385bee3ea48be21239cb,383b71f11d07c89745db9d8ddee263df0b7e18c83343385bee3ea48be21239cb,a57afcfde24bfafb336f71de32ac315f21b13c946b2da64c6814bf80ad5ecd65
NID5-V1-001260,1260,4,Smart ID Card,train,NID5-G-b0aed018e0aad9fd0c59f49567f2e64c9ccaaf2132cfa5c6ca4aab71bbf9ad35,b0aed018e0aad9fd0c59f49567f2e64c9ccaaf2132cfa5c6ca4aab71bbf9ad35,67f9acd09be0543d29c43af1d892c8bfe5bec5d8781a20484929d1258030bd41
NID5-V1-001261,1261,4,Smart ID Card,test,NID5-G-f22c90135d15ef69b5b44f6d7ac314f7ee4a533013e9705dd91a4bdb91fa6d5e,f22c90135d15ef69b5b44f6d7ac314f7ee4a533013e9705dd91a4bdb91fa6d5e,90f5dcb7fb9989d87c9573dc9ffcc1ef5e92e8db5b7edeaca07f7adcd6beec6d
NID5-V1-001262,1262,4,Smart ID Card,train,NID5-G-55968c4bf2e26ff65ac535b7b4cfd0c42916c76b045d44a0b24bf5cc3c5e5f21,55968c4bf2e26ff65ac535b7b4cfd0c42916c76b045d44a0b24bf5cc3c5e5f21,9535bf6ba3b43fc6fb213a29979116aa6dddead8748984377bffb33a7bfaee28
NID5-V1-001263,1263,4,Smart ID Card,train,NID5-G-d8f0717013561ece7d595cc5ed293245b6c664037d4e7d4d67faf0bd6b2c32c1,d8f0717013561ece7d595cc5ed293245b6c664037d4e7d4d67faf0bd6b2c32c1,6ab69ad247360c3fb2b8fb89d485ffd0f1f0f41eda69b545bd4308e4e1044167
NID5-V1-001264,1264,4,Smart ID Card,train,NID5-G-7f141720131154f056a68a90fa70d36746b05328f5ebd70fc35da3d58986ef6c,7f141720131154f056a68a90fa70d36746b05328f5ebd70fc35da3d58986ef6c,d465435a35183c2b5b73d8785146b55b949e85f1d40eed3b96bdb404c27303e3
NID5-V1-001265,1265,4,Smart ID Card,train,NID5-G-cad64a560f8aa3c22281811d554363daa5abeff4aaf04dbd6869fecd86db2945,cad64a560f8aa3c22281811d554363daa5abeff4aaf04dbd6869fecd86db2945,01e9a6442ba0f2256d832226acad983d86960bbd77d93e01413d0fabd97e819c
NID5-V1-001266,1266,4,Smart ID Card,train,NID5-G-624d42ba6a70e78319b88b2bfce519f36bba27fd09ed96f1d1d21095369b3430,624d42ba6a70e78319b88b2bfce519f36bba27fd09ed96f1d1d21095369b3430,a6155b95c04323220dd30108943481fd9a0e5edad4612834fafb2228bd0c20b3
NID5-V1-001267,1267,4,Smart ID Card,test,NID5-G-015fd8c240293d91123f4000f67560681ff1d3ebcd54094fbb5ba6d1b901b870,015fd8c240293d91123f4000f67560681ff1d3ebcd54094fbb5ba6d1b901b870,cfea481b4c522ae4c973a38c7e4b24552d5807e7c8e003acdf52ae32307e2429
NID5-V1-001268,1268,4,Smart ID Card,test,NID5-G-a67d74436be09a7ada55a3401bb996bd496c853207b069933fb50529a3f104e3,a67d74436be09a7ada55a3401bb996bd496c853207b069933fb50529a3f104e3,1b426184b22b98fe2677a0814b887382821553907c9feaf26822940a4dd4844f
NID5-V1-001269,1269,4,Smart ID Card,train,NID5-G-3bac3987d51a032321fb80f803f91d3b087811d2b61457885ce9168dd597b934,3bac3987d51a032321fb80f803f91d3b087811d2b61457885ce9168dd597b934,244d0cb1f744d6ef82baa86df1ee1a23a3f111aae35b2316919cfe37c33badfc
NID5-V1-001270,1270,4,Smart ID Card,train,NID5-G-a2996de440e54d3692030b8546648c55613b4d4a3c0b68e05c876b0f308cc343,a2996de440e54d3692030b8546648c55613b4d4a3c0b68e05c876b0f308cc343,9dc31001853f99186e211d2e0d2a0443df18290ad362416889e8bc4db379c1d6
NID5-V1-001271,1271,4,Smart ID Card,train,NID5-G-4c3279e11e420e77bb5d5c00553ad8ba7d267236deec72930027dac82c0660fb,4c3279e11e420e77bb5d5c00553ad8ba7d267236deec72930027dac82c0660fb,9d89e3ecefd58d4fa1d5186fbb2f4700aaf7b4e0aeebfb9030bfb5d080829eb4
NID5-V1-001272,1272,4,Smart ID Card,train,NID5-G-174ca35e990a7a78b1bfa692e3c9fc61fd3cdadae6cfc8cec0464c4492915b1e,174ca35e990a7a78b1bfa692e3c9fc61fd3cdadae6cfc8cec0464c4492915b1e,2e920f1ed12c4ddde23cadae3cf32a94ab59968187ef04ef9580b23fad9d41e2
NID5-V1-001273,1273,4,Smart ID Card,test,NID5-G-c78c29f352d06e602f6b160f3f6b7d59e92db0fc7ac948716ff977d517994e12,c78c29f352d06e602f6b160f3f6b7d59e92db0fc7ac948716ff977d517994e12,2ca3e94630521351aa597c7e80b50b000c4d25960524a159c9fb7be7c2b0a6b9
NID5-V1-001274,1274,4,Smart ID Card,dev,NID5-G-144008d89d41b889c3e21eb5035e0da22963593fb9464e7c4a941a4b0073b8b0,144008d89d41b889c3e21eb5035e0da22963593fb9464e7c4a941a4b0073b8b0,b8a8728562475876244471ea1a004f473342bfa0a9b65f880855c3462d9cc5c0
NID5-V1-001275,1275,4,Smart ID Card,train,NID5-G-675aa0ad0f0cbbb73ee84a813b8dbf2b22fb6b7b2e49113e3dd869cb9339a86f,675aa0ad0f0cbbb73ee84a813b8dbf2b22fb6b7b2e49113e3dd869cb9339a86f,87517ba29708843d6e415eaa4bc092d3197b82b2a6fa4aa37015422f73ce18cc
NID5-V1-001276,1276,4,Smart ID Card,train,NID5-G-ce18fc1c2ed7498e810e6b53ae56bca7edeb8a0fee4d0d507a342f807cebb4d3,ce18fc1c2ed7498e810e6b53ae56bca7edeb8a0fee4d0d507a342f807cebb4d3,8082e752d112c40743ff5103a970eed97003b71ed3479b285b9c65d41c42aa9a
NID5-V1-001277,1277,4,Smart ID Card,train,NID5-G-053f82310a085e2211eda27bd62493ce12feeaee945a5fab85dbd04d228e587d,053f82310a085e2211eda27bd62493ce12feeaee945a5fab85dbd04d228e587d,2a043b32c15bfbdc350253c0128af7c126b5e04c0cb62be14e17ccc442aa1d3b
NID5-V1-001278,1278,4,Smart ID Card,train,NID5-G-b79a227dd977e475069fce0bf08990c7229afebeb9591b7d5f0ce72aa96dcfb6,b79a227dd977e475069fce0bf08990c7229afebeb9591b7d5f0ce72aa96dcfb6,45118f639f81b64d6cf64837dd0b43302f0a5bb9f423a5708bde684483518a2a
NID5-V1-001279,1279,4,Smart ID Card,dev,NID5-G-b4b753b1a7802efb81faf32844b3375c91e530f38ab926e85ee6bc6d1eb63b90,b4b753b1a7802efb81faf32844b3375c91e530f38ab926e85ee6bc6d1eb63b90,c7d5f71f69d3252d67a9ac6cb32a957ee0c5698195f67c3a0ccce0a1ae0422a4
NID5-V1-001280,1280,4,Smart ID Card,train,NID5-G-7babfa4e5f639e69df8125635862d26dfe92f788881636d5dad235568533129b,7babfa4e5f639e69df8125635862d26dfe92f788881636d5dad235568533129b,23fde22c2c84121dcbf94dd697c84541b0d5d6692ad1cbad350f88dae9f23e76
NID5-V1-001281,1281,4,Smart ID Card,dev,NID5-G-4bc58c8807841a04a1ca9d7d7ce7c0ce4a9db20c8910ce300a4030d6b1183456,4bc58c8807841a04a1ca9d7d7ce7c0ce4a9db20c8910ce300a4030d6b1183456,09ed8ca4db3bbf71d53c9a15429498b7fab5c6993adb5010771b5832a4a89038
NID5-V1-001282,1282,4,Smart ID Card,train,NID5-G-29260cb47429f09691405387b7fa20b18bc387753ce6273857a56f702c83c688,29260cb47429f09691405387b7fa20b18bc387753ce6273857a56f702c83c688,2f4ddb6c35663f11d910921e68b13bb11d70125a6f5c627d5e6a57ae45468604
NID5-V1-001283,1283,4,Smart ID Card,train,NID5-G-ae3d0f21d767154907cc59fea919fe7363ecc53284a7fbe3738ed296d08ecb05,ae3d0f21d767154907cc59fea919fe7363ecc53284a7fbe3738ed296d08ecb05,d35f86c665aa8804499b291d22b2f864286763f29cd5b4dcaaaf14e8d516ea94
NID5-V1-001284,1284,4,Smart ID Card,train,NID5-G-0c762c1bbf3df57b51b9e25e321b98c199d1b58538975e8e1831b0bb93d03f85,0c762c1bbf3df57b51b9e25e321b98c199d1b58538975e8e1831b0bb93d03f85,dfca8d635615c334167522943d931794b66001b54829ce1ae5e6f3882404cfb1
NID5-V1-001285,1285,4,Smart ID Card,train,NID5-G-5b0d783185f2bb9da89e56cea75f4c3c5054cc5550937ae8e81713d01f382a30,5b0d783185f2bb9da89e56cea75f4c3c5054cc5550937ae8e81713d01f382a30,f772e77442e6d9772fe5b551ddd949ce05e4d59a15aa8463a2632261f6a4d453
NID5-V1-001286,1286,4,Smart ID Card,train,NID5-G-6af5cb6e561a732587ef82cb047d3c64271d1685480ac7046a948df2557d39b4,6af5cb6e561a732587ef82cb047d3c64271d1685480ac7046a948df2557d39b4,be57ea547e39aa21e96b8559912d5f081705768bd57bc35d49264e96c78ebb25
NID5-V1-001287,1287,4,Smart ID Card,dev,NID5-G-8a7267f6d01d8329a41261225f24b50c45b1fd684a93edb680e3f7589e04d76f,8a7267f6d01d8329a41261225f24b50c45b1fd684a93edb680e3f7589e04d76f,0ef8f53bbfc59bece18874cecfe94488cc20baa9df2ba3275c71c0457e9edbdb
NID5-V1-001288,1288,4,Smart ID Card,dev,NID5-G-51ed42b181f7489d1433653704aa4b8edc8ef0029e8cbc67a03977fbe3f5ee78,51ed42b181f7489d1433653704aa4b8edc8ef0029e8cbc67a03977fbe3f5ee78,7d1247e5ca81fb0985e8b11fdd688efc730b56885c7833adc228baea652f6ceb
NID5-V1-001289,1289,4,Smart ID Card,train,NID5-G-ae7713aef37d58cb33399f13b30dbe887b5d82d27c9fac2fe616792af0193796,ae7713aef37d58cb33399f13b30dbe887b5d82d27c9fac2fe616792af0193796,421cde184231a28409d90f7f7d0b96b67d50bc5d728bd228b2a1dbe8a603fdff
NID5-V1-001290,1290,4,Smart ID Card,train,NID5-G-6037b16911b7a253879132cfbdde17eff9d3379c6074c82f90dd0f88f83f522e,6037b16911b7a253879132cfbdde17eff9d3379c6074c82f90dd0f88f83f522e,876ed508bc67ecd119f40be2fbe65c2327d5e3b452a430769cd150dabaeccdd6
NID5-V1-001291,1291,4,Smart ID Card,train,NID5-G-aee1999dc8980975116dda079232a2d48f61fd9651cc20c50e6ef4a5159167de,aee1999dc8980975116dda079232a2d48f61fd9651cc20c50e6ef4a5159167de,b78826a4757418d4a749da2516fc795d8a93ff8eb74ea8d234561510f74a5055
NID5-V1-001292,1292,4,Smart ID Card,train,NID5-G-ef6a450e0cb6ff932ed81ba410252717a535d20de8db45937fc2e6203befa508,ef6a450e0cb6ff932ed81ba410252717a535d20de8db45937fc2e6203befa508,efdaeeb334af7bbaa2fcf2eddfe84b15aba62abfab9669a754485cd432e5ba21
NID5-V1-001293,1293,4,Smart ID Card,train,NID5-G-74d8b82e1ef440917af85b8d18a9b12259c32a8931636e763c7ff4758eb6330e,74d8b82e1ef440917af85b8d18a9b12259c32a8931636e763c7ff4758eb6330e,3fd12c49132c42d4eced192a4ac65ab16a1c23f7a8bb0167e35d6d1434e58c9f
NID5-V1-001294,1294,4,Smart ID Card,train,NID5-G-6b256aed46931a1d0ba5c7c60eef2751d7ecbf69b5b53da3704413f4c545dc0a,6b256aed46931a1d0ba5c7c60eef2751d7ecbf69b5b53da3704413f4c545dc0a,10ca20096f60783f04dbb226743de22a9ef80a2ebc3d9470e151ec358568c775
NID5-V1-001295,1295,4,Smart ID Card,train,NID5-G-dd3ab3ff1be8126037339b3dd164036336c3c67b64e60e744b78cc82957c0d91,dd3ab3ff1be8126037339b3dd164036336c3c67b64e60e744b78cc82957c0d91,ee88216965a5e28ec0677b0cb66f212cbc6e4c80719a767646e1b92f11c4cf40
NID5-V1-001296,1296,4,Smart ID Card,train,NID5-G-bd0ea47ece7ff986fc13ba58b0d8b6ef08ad15b7f4f1a3adf39e7e6d8dfb9c27,bd0ea47ece7ff986fc13ba58b0d8b6ef08ad15b7f4f1a3adf39e7e6d8dfb9c27,be21812711b56a272d468088b5878bcff2bd0fe973bc57a72ad9d55219f6c5c3
NID5-V1-001297,1297,4,Smart ID Card,train,NID5-G-94893694355f3c2652b04b77146f7b1d400502b476f2a81ba6770b63c573f6e2,94893694355f3c2652b04b77146f7b1d400502b476f2a81ba6770b63c573f6e2,87609229045780063b9930548c05ca2dfda2a4caae929de18a8a246e306bf506
NID5-V1-001298,1298,4,Smart ID Card,test,NID5-G-4198061770fcda3e15e575467d72c6476d56f5bb79e0009b26624c1d5cfe0bb8,4198061770fcda3e15e575467d72c6476d56f5bb79e0009b26624c1d5cfe0bb8,933b3037c9e174ef1befc5b8cbbd9e6543ec7f18a583e9d44e9cce2b9a1ac7da
NID5-V1-001299,1299,4,Smart ID Card,train,NID5-G-c1c3800e408c8000b90cb8addd33797c8da666ff23c0307a39a2a7189e2bdedc,c1c3800e408c8000b90cb8addd33797c8da666ff23c0307a39a2a7189e2bdedc,4372b9e49feba11cdc68fefa0cf2c52c11a4899a161013a25d59eed7582c8c48
NID5-V1-001300,1300,4,Smart ID Card,dev,NID5-G-b4b753b1a7802efb81faf32844b3375c91e530f38ab926e85ee6bc6d1eb63b90,b4b753b1a7802efb81faf32844b3375c91e530f38ab926e85ee6bc6d1eb63b90,0a71921e88b54a65f23fd5bdcf31bca78592e2a46f48e2cd2bd8521cd5254831
NID5-V1-001301,1301,4,Smart ID Card,test,NID5-G-7e82b1d3722cbb5a0ffe8fd67312386cbed5cc52c9c7cec080ad0353564903f9,7e82b1d3722cbb5a0ffe8fd67312386cbed5cc52c9c7cec080ad0353564903f9,69a0647ae2ec80e785742c4c06081d5d021dd2cad7517ed7594889c4297312e3
NID5-V1-001302,1302,4,Smart ID Card,test,NID5-G-e912c706f08186027f181ffcdbd3a640d3a0fdd1e7279b16875afda15c9a0550,e912c706f08186027f181ffcdbd3a640d3a0fdd1e7279b16875afda15c9a0550,e3140a41ae598055eaf5cdd2f44f05875daee85383840bcedebff0b7feadedb3
NID5-V1-001303,1303,4,Smart ID Card,train,NID5-G-7a1133598b6ee59ed6f51bfe8b8a7dd577cbdc4a5b9e17f2bbb10262f8da03af,7a1133598b6ee59ed6f51bfe8b8a7dd577cbdc4a5b9e17f2bbb10262f8da03af,8f5ec1a7f7eb6843e931956ffad1e89e109b49a6a8cdd2a7895f9b5180a6ebf5
NID5-V1-001304,1304,4,Smart ID Card,train,NID5-G-29b827142fdc904de08ff2559f9dddc1f77634da288dae5ec8d422c790a8f049,29b827142fdc904de08ff2559f9dddc1f77634da288dae5ec8d422c790a8f049,29e8d1e5aaf554c359e2024d08c4c9cce5c9e30dfd9966480b195335ddd650b4
NID5-V1-001305,1305,4,Smart ID Card,train,NID5-G-a8a7fa09d7f39ef0818aa6597a7189feeb216db78a1e870a1b5f5bb8506d0111,a8a7fa09d7f39ef0818aa6597a7189feeb216db78a1e870a1b5f5bb8506d0111,f7452402dc3bd42a78da41556d3109b6be8dcc610bf75e3fb2b88977234523a4
NID5-V1-001306,1306,4,Smart ID Card,train,NID5-G-25bf98e2d031219e74684cbe7436a90381c0f014d696afdfb4fb66eaf24fbf1f,25bf98e2d031219e74684cbe7436a90381c0f014d696afdfb4fb66eaf24fbf1f,193f47f2986f1b9b425d74c72b5500f7ea11e11af97583aa547d64b9a647cf39
NID5-V1-001307,1307,4,Smart ID Card,dev,NID5-G-7f268ff975fa188a069b87d1975080682328b32c9520bc8687ee54ed419043ba,7f268ff975fa188a069b87d1975080682328b32c9520bc8687ee54ed419043ba,389fcca3351c7958ba6a70d295d8a2e8efea6b455e6ca237ac19a8230a723c6c
NID5-V1-001308,1308,4,Smart ID Card,dev,NID5-G-f308382637967951670420540f4a78e153648b5dfbb088d2f6ad0b9f864d0cec,f308382637967951670420540f4a78e153648b5dfbb088d2f6ad0b9f864d0cec,cb0846365e832b5708dc5c59be98424f1bdc7fac82054ab8da56b17a523b1e64
NID5-V1-001309,1309,4,Smart ID Card,train,NID5-G-b1036e50b85bfb62a70070bcd864e2a90f78f36fdab1c5efd496c3366a098436,b1036e50b85bfb62a70070bcd864e2a90f78f36fdab1c5efd496c3366a098436,1ddeff90fb1f748933c4a236a80ac58e05acbbba232931826c0edd82dea3b54b
NID5-V1-001310,1310,4,Smart ID Card,train,NID5-G-c6a7a371202c59a98f5df84bbb58c9620d437ee232d68178751898df097e02b0,c6a7a371202c59a98f5df84bbb58c9620d437ee232d68178751898df097e02b0,77a70baf6934b91160855b7c662bd1f78c445f92bfdf8a5438348d088d388375
NID5-V1-001311,1311,4,Smart ID Card,train,NID5-G-14c2789e7f45f6e3358900c5f828aa7b889c01b5e0eefd99e33c6fa11a7e5bae,14c2789e7f45f6e3358900c5f828aa7b889c01b5e0eefd99e33c6fa11a7e5bae,179377bdc81e9f2ad21a7fb7703e25a7b0aaebd760624c8dd70257209d951257
NID5-V1-001312,1312,4,Smart ID Card,train,NID5-G-a005828d69a2c34f98e489af634ffb45b086ccb42f53832334828aef302349ba,a005828d69a2c34f98e489af634ffb45b086ccb42f53832334828aef302349ba,6bb760ddcf9737425224ba968d7b1c7991a53a39d6b269718cfe58343c36be16
NID5-V1-001313,1313,4,Smart ID Card,dev,NID5-G-045120a88a2ac12a1a8b7702b722b0343e811c699a1599cd4e1ffe8fba7ebfda,045120a88a2ac12a1a8b7702b722b0343e811c699a1599cd4e1ffe8fba7ebfda,b7d2320de4d4747ce7856ae4e63f54ed57b1c6797e5439ac4c4aaf74d24b351f
NID5-V1-001314,1314,4,Smart ID Card,train,NID5-G-0e42486ef4a65e394641fc698c2c593bfe3e6626f995b50b5ec9228c4c546214,0e42486ef4a65e394641fc698c2c593bfe3e6626f995b50b5ec9228c4c546214,d6ae0815ab3bf4faf78056fb3c786fd97605ca5a30999fbee94efd1b27d09994
NID5-V1-001315,1315,4,Smart ID Card,dev,NID5-G-7e2843a6bb047fe6a597d4c4fd6e97622b9fd76f899a3ad421ad1a996fa52559,7e2843a6bb047fe6a597d4c4fd6e97622b9fd76f899a3ad421ad1a996fa52559,f1c9d2bc90f75775461de78c94353463bef53e4efd3b4a87e2483544f2066c1b
NID5-V1-001316,1316,4,Smart ID Card,test,NID5-G-707ceec4a190913e8251104dee7f12d686882270507d003a07d1fcfc4c1c809d,707ceec4a190913e8251104dee7f12d686882270507d003a07d1fcfc4c1c809d,9e7278e24620f04e632cb43e910233b6bc6f550e6765c640973749c91ed1f677
NID5-V1-001317,1317,4,Smart ID Card,train,NID5-G-5c529bd9fca7a709713794744137c44cb9afceac327e23c33e1341b661707cc9,5c529bd9fca7a709713794744137c44cb9afceac327e23c33e1341b661707cc9,95aeec44a5fc63f56ac4305cbb0f77291a607d43e83c997652b1993fb48504d3
NID5-V1-001318,1318,4,Smart ID Card,train,NID5-G-1394b43d3686d49c77a0a1ef2730c39723952a5c33af79db109198d1b8a07e54,1394b43d3686d49c77a0a1ef2730c39723952a5c33af79db109198d1b8a07e54,c477325e949828bb801393d7de5d34585e9758808eca83951321b7b518755b92
NID5-V1-001319,1319,4,Smart ID Card,train,NID5-G-458a3abfa83cefbe83fbf3afc66699aed9bebf00f0668cc4832ec5dcd7f7b27a,458a3abfa83cefbe83fbf3afc66699aed9bebf00f0668cc4832ec5dcd7f7b27a,0a736cfabf6821c3df06147f4ed868c588836890de6dbada0281d21dc885e423
NID5-V1-001320,1320,4,Smart ID Card,dev,NID5-G-e8af2f9e0b81cbf533e2c48a9251c2fbaafcb31535b180375b9ecf1a74033cbb,e8af2f9e0b81cbf533e2c48a9251c2fbaafcb31535b180375b9ecf1a74033cbb,47075c49c607b97a77cf57adabb988ad28394f655241bee36046ee3060193fed
NID5-V1-001321,1321,4,Smart ID Card,train,NID5-G-ac218023d482a97ff87277eb8dd651e34cfa231afa656d5368059d202f7665a3,ac218023d482a97ff87277eb8dd651e34cfa231afa656d5368059d202f7665a3,1b24387d1bb6a43087da0caa5b783ecbcb93d0862dd164d4250f83a01134217b
NID5-V1-001322,1322,4,Smart ID Card,train,NID5-G-2cb1d74f1286a4d196d254cc6dd57eceeea030abb1dc8457a922ae7e6b22266f,2cb1d74f1286a4d196d254cc6dd57eceeea030abb1dc8457a922ae7e6b22266f,270501bd4a72d815a621a8051bab6405e5b36d79d34242dfa79d97c683acde05
NID5-V1-001323,1323,4,Smart ID Card,train,NID5-G-1d0c77bc7abc2f4db079c5fc2b0c2ee12d7d8e386bdb478e03ffb524fcb9c369,1d0c77bc7abc2f4db079c5fc2b0c2ee12d7d8e386bdb478e03ffb524fcb9c369,fc74010e247bc8c84017061687dae694b9461b6d75b456e3505ca6fbd7972bb6
NID5-V1-001324,1324,4,Smart ID Card,train,NID5-G-3732565320a7d67c79b673d2e2fb1f9c04009682c2a050b45cffbb0b839d3686,3732565320a7d67c79b673d2e2fb1f9c04009682c2a050b45cffbb0b839d3686,7d40b527790ca38ed958953d395a362391039dbcd82333a849896a6aed2e1c0c
NID5-V1-001325,1325,4,Smart ID Card,test,NID5-G-e143c8ca9bc2d12dd9459e960fad8ad7481b3fe7b22ac411de7cc9a1adb22f21,e143c8ca9bc2d12dd9459e960fad8ad7481b3fe7b22ac411de7cc9a1adb22f21,a8cb36dbd944e6fef72b4dd0947e224c387ccc9e55308bf92f5e53e5ae2eaa37
NID5-V1-001326,1326,4,Smart ID Card,dev,NID5-G-f2579b76aa9fafc622e02025a0538eea7d4a7b2a64c3848d2c59d276e3fbcb27,f2579b76aa9fafc622e02025a0538eea7d4a7b2a64c3848d2c59d276e3fbcb27,f47605c1f87053ba9b714856d5df25632d2cb1dfcc774222b44a94131b231a06
NID5-V1-001327,1327,4,Smart ID Card,dev,NID5-G-2645c681eb864b1e5f5372d5d7a020e70746f25fce2c2660271af10e6c34cc1e,2645c681eb864b1e5f5372d5d7a020e70746f25fce2c2660271af10e6c34cc1e,14d4b613101b21153a3149bcb59574386acc750e799283755b043df0b1a1d768
NID5-V1-001328,1328,4,Smart ID Card,train,NID5-G-973b56953a7b172bc98fc30cb69178a9c5bdd4e69691bb6376541a7c3a0eb63c,973b56953a7b172bc98fc30cb69178a9c5bdd4e69691bb6376541a7c3a0eb63c,174b997d2effd07efa08b68e8a288190bde34102fec84877bcda842e0fdbe484
NID5-V1-001329,1329,4,Smart ID Card,train,NID5-G-1f59c29b873d5661a70cc14515b1df354218bd912e8b4500977293faf90432ce,1f59c29b873d5661a70cc14515b1df354218bd912e8b4500977293faf90432ce,b7b1a9688a6e15d8a7bd962c3945455d2e5418bc631b5b4e5c742033d85855e7
NID5-V1-001330,1330,4,Smart ID Card,dev,NID5-G-2cb32caff7ed52285e4bafe38d7ec16fd8a81911c355904c2e34a5175253c9d0,2cb32caff7ed52285e4bafe38d7ec16fd8a81911c355904c2e34a5175253c9d0,6155318328fcf99d1f31bf0a95f08839b3c32a4ab788ea156709cc79597129d5
NID5-V1-001331,1331,4,Smart ID Card,train,NID5-G-ef97a1564d021a1c1defda352228915a15931798becb0805b126349ee53e5fe6,ef97a1564d021a1c1defda352228915a15931798becb0805b126349ee53e5fe6,306c7c4def6f2b256aa9be38593732e4fbcf6f3340c9d6b45d14c31e7889ad57
NID5-V1-001332,1332,4,Smart ID Card,train,NID5-G-d02c85003c254aa37425fef457dc8519da008e92c18edebd1cf87179f4fa54db,d02c85003c254aa37425fef457dc8519da008e92c18edebd1cf87179f4fa54db,d5db441543b91aa92ee48c2d0f450b525c09dc1f62f141ef359fec9d9715ddc3
NID5-V1-001333,1333,4,Smart ID Card,dev,NID5-G-6b12dc2ca2882830412bc9b498e5f6622a461ab341c52ad7143c08259561d83f,6b12dc2ca2882830412bc9b498e5f6622a461ab341c52ad7143c08259561d83f,8635170a8d17e92b3030aa1ceb70146979ccbae99e8ca300377604871eaf3d7b
NID5-V1-001334,1334,4,Smart ID Card,dev,NID5-G-99619a949224cc072fb957e420dea7f565f2c6106f6cf76ba2c14a80be658a11,99619a949224cc072fb957e420dea7f565f2c6106f6cf76ba2c14a80be658a11,ea3c3c5e7ab581b1c11f01c3a67ab7669126ea6d08c10fa0462d123f24ad35c2
NID5-V1-001335,1335,4,Smart ID Card,train,NID5-G-831a029b85f5ef0d0b8cf675eafaf44d51feac70cb57f1ed996984a845c8307d,831a029b85f5ef0d0b8cf675eafaf44d51feac70cb57f1ed996984a845c8307d,5938ade58e63dc5507b8b54d62f6292e3c23f1d6c5a76969a0d8acb3e75a1731
NID5-V1-001336,1336,4,Smart ID Card,train,NID5-G-048bedbcd81cec1d938c17223218e1a44cd6cf26b4de1bc0f723f9203dddbc65,048bedbcd81cec1d938c17223218e1a44cd6cf26b4de1bc0f723f9203dddbc65,bf719c0a96151860c7b481bc76632e03924e8526fe639e94d8de3c12f13b480a
NID5-V1-001337,1337,4,Smart ID Card,train,NID5-G-13b8033fa9a47f903ab96db9895b898d5d4a4257dcf0ee95886bb04b49cd738b,13b8033fa9a47f903ab96db9895b898d5d4a4257dcf0ee95886bb04b49cd738b,86c328ed39b783fb564baafe7cbcd42314952c0b1e456e071f70014504750581
NID5-V1-001338,1338,4,Smart ID Card,test,NID5-G-45235c821c941b9187a4744aef08f5d092ed32ec7533e8f78e08420c17ce1e82,45235c821c941b9187a4744aef08f5d092ed32ec7533e8f78e08420c17ce1e82,a374de87f85b6dadcd7f96926094ab13d42756caa30a64ff21fc21ae8705c3de
NID5-V1-001339,1339,4,Smart ID Card,dev,NID5-G-da485dfefe1debb4afbaac6a4eff30b8cc5a8fc71328f0981f4e0c88d1d9a373,da485dfefe1debb4afbaac6a4eff30b8cc5a8fc71328f0981f4e0c88d1d9a373,79ebdcd264968a55dfd7ec6903b122b647628a90291d98bb7a547dac45aef1e7
NID5-V1-001340,1340,4,Smart ID Card,train,NID5-G-079b16aa815ac39e3890929757e831be4638b0d0020b0de345b0f216270d5412,079b16aa815ac39e3890929757e831be4638b0d0020b0de345b0f216270d5412,0e6ea9f03589195980c1814dbcd71b4b7f2c9621cf9d8a56dd317b45d4d1d102
NID5-V1-001341,1341,4,Smart ID Card,train,NID5-G-5e7cd49eae5c1c49ea0fc9c9315ffc9c3eed6836d81a07b36314a5e669c2f1b7,5e7cd49eae5c1c49ea0fc9c9315ffc9c3eed6836d81a07b36314a5e669c2f1b7,f2938a92aaaf6de57db52bf3596a068d25de47fffb4c507d75adbf32d0cfc509
NID5-V1-001342,1342,4,Smart ID Card,dev,NID5-G-b01b99a456db8851b94ffe2aa9582b4a67fc2858355b0565f65b6ec028878ff3,b01b99a456db8851b94ffe2aa9582b4a67fc2858355b0565f65b6ec028878ff3,e567384d70ebc67746be23c2697c07b360a7dba1c15b416c7282b60b6d7d0d7d
NID5-V1-001343,1343,4,Smart ID Card,train,NID5-G-8aa7c8586415aeaad95b9bab4012c41f7dc4cbec04e0ba008bd3f01926a0a3b6,8aa7c8586415aeaad95b9bab4012c41f7dc4cbec04e0ba008bd3f01926a0a3b6,052688b65f48119d4102d7139bbcf3495a6e0446fd18895b14c1dcd2439c5730
NID5-V1-001344,1344,4,Smart ID Card,dev,NID5-G-d5a345f25a420a66d4c76ce2f65b0c667be356e4701aab348ffc459e15e64fa3,d5a345f25a420a66d4c76ce2f65b0c667be356e4701aab348ffc459e15e64fa3,4456063be7bc7202345c6f1e3c2dfdff38e301bdcb82c9e9b459a61c773b79c3
NID5-V1-001345,1345,4,Smart ID Card,dev,NID5-G-c5ae161cf3bf594c7e94b83388b05b9f27c276bfb60812720344692592c4b26c,c5ae161cf3bf594c7e94b83388b05b9f27c276bfb60812720344692592c4b26c,0466f21f7581cfc1eb2194a6cd289f6135f2ae8f8755daea3e05517de1f97d94
NID5-V1-001346,1346,4,Smart ID Card,train,NID5-G-d842629806acdbb247078310536a9817d1710b2a5e92f9fbab5212db5326adb3,d842629806acdbb247078310536a9817d1710b2a5e92f9fbab5212db5326adb3,94d9438a7dfb09b3a76ca63201104d9db2e65fb85efec21ac03c70cfaf4f5808
NID5-V1-001347,1347,4,Smart ID Card,train,NID5-G-2517465239b0b7b9422231691ced32de6b76fffc6ec87a958cd5790cad7a22d3,2517465239b0b7b9422231691ced32de6b76fffc6ec87a958cd5790cad7a22d3,5eae2eabc1d2de0ce130a18c209248697793c247a9d8b019fb00fa95282f7aff
NID5-V1-001348,1348,4,Smart ID Card,test,NID5-G-4b0368a0bdf0550f4c89d163513c1dbc6165443d8959d9d9263eb782f7927e38,4b0368a0bdf0550f4c89d163513c1dbc6165443d8959d9d9263eb782f7927e38,36af094a1b1780d6caacb5d4426df34945e046fcd060830e337d813f88774be9
NID5-V1-001349,1349,4,Smart ID Card,train,NID5-G-1e42a401017ee75f362904d1e81af619e113d492f7d4a1b1ecc29c972702a427,1e42a401017ee75f362904d1e81af619e113d492f7d4a1b1ecc29c972702a427,22095fc443f66d06ca86879f026fc737edee457a32affbcac5c0cc1e1a728bcf
NID5-V1-001350,1350,4,Smart ID Card,test,NID5-G-bf692e66fad51fb38e6f0911f24431caa13a3d8d1c45d8dce6e5e970e978eece,bf692e66fad51fb38e6f0911f24431caa13a3d8d1c45d8dce6e5e970e978eece,b4c76c5d7765a01535e09c182e6021e4823dc31b422e7b8c662fa0adb778477b
NID5-V1-001351,1351,4,Smart ID Card,train,NID5-G-0a40f57c9ab875de2b5c05d7eb58dc130ae8124c6b53edfc9c084871e5c7da62,0a40f57c9ab875de2b5c05d7eb58dc130ae8124c6b53edfc9c084871e5c7da62,5588c325104fbc22b74deb8211207b41fc6c363a19207d6acc1c7f73cb379ae6
NID5-V1-001352,1352,4,Smart ID Card,train,NID5-G-cdfccae563ac5845ed6f6e50ae28cce7be0184e740a9f97f9bc0adc2c163ece6,cdfccae563ac5845ed6f6e50ae28cce7be0184e740a9f97f9bc0adc2c163ece6,70b766c58330fc1158f56391a8789a2eb0898046c539bd34b72ec666d6236d41
NID5-V1-001353,1353,4,Smart ID Card,train,NID5-G-68b6475a6b0a492ca90160518192820f3ff6dc8f72f6e2dcfcb8c9dd7675b96c,68b6475a6b0a492ca90160518192820f3ff6dc8f72f6e2dcfcb8c9dd7675b96c,537d23dd8069f8c7947aab5838921af1d0c46443e1ff48cee29d589e89a1d215
NID5-V1-001354,1354,4,Smart ID Card,dev,NID5-G-6202d8e357069c07c72e7382405327f4f1b5dcc8a746fe013a3f83f96cdd08d0,6202d8e357069c07c72e7382405327f4f1b5dcc8a746fe013a3f83f96cdd08d0,fccfc6fc657247a2516520ab105bcc36c92e643c004a356d591e0e23f1dafda0
NID5-V1-001355,1355,4,Smart ID Card,test,NID5-G-2731efe83266714848774942bd0a7b19e39a6c58b71c9f399676944c9765cfba,2731efe83266714848774942bd0a7b19e39a6c58b71c9f399676944c9765cfba,f4324a5afe5a10d83f0ef2b8217df8e0bf2070cb5d653fd041a8037a296ed44e
NID5-V1-001356,1356,4,Smart ID Card,test,NID5-G-7cea7ef4ba68c99489b4d861449192e07d361ffd3ceb3bc2e3629bd4b213ba75,7cea7ef4ba68c99489b4d861449192e07d361ffd3ceb3bc2e3629bd4b213ba75,a79cff37ebfb0c04abcac4ad3a181d2a98f6340d60a7946ac5f30d9c4f39f72d
NID5-V1-001357,1357,4,Smart ID Card,train,NID5-G-308502734db3e3f3d9a8f6553fe5563b96467345fc0f26790983fd65ccbf19cc,308502734db3e3f3d9a8f6553fe5563b96467345fc0f26790983fd65ccbf19cc,59966d0f676fdead3e1d69728d0a6fec0ecd927acb06cac61293fce27a287e05
NID5-V1-001358,1358,4,Smart ID Card,dev,NID5-G-dd93522509bfd66cecb78ec2bb11983a22ad199d93b1d9f3643f31f6596faafe,dd93522509bfd66cecb78ec2bb11983a22ad199d93b1d9f3643f31f6596faafe,f5c3f1ca1ac5af7809a53760bfbcd7f52502212be000dcc60333c10b96937d94
NID5-V1-001359,1359,4,Smart ID Card,test,NID5-G-5ca2bd9c44bee334d5554036581562b5caf152660b5e001beac45996adfb2e3f,5ca2bd9c44bee334d5554036581562b5caf152660b5e001beac45996adfb2e3f,f5f77a947be1f2dc384ba16852bac08187f77025d339880903e44944452d8824
NID5-V1-001360,1360,4,Smart ID Card,train,NID5-G-7e410afc2d9e4a623c271f1b76eb8e7037081ccb648d06dbb9a4402903d2a600,7e410afc2d9e4a623c271f1b76eb8e7037081ccb648d06dbb9a4402903d2a600,448ba86d560abf80e4b43bc70d5ec57b287bdcebe9f2a6bc7831253a3785a41b
NID5-V1-001361,1361,4,Smart ID Card,train,NID5-G-74d62e48d631934e6c2f26bffc98d783d932dbdede2ee1e4637514bc645bacda,74d62e48d631934e6c2f26bffc98d783d932dbdede2ee1e4637514bc645bacda,d12c6f492716e25845fdbe56f4b62f35d52a1b9b594e1336f74324a6cddb91f1
NID5-V1-001362,1362,4,Smart ID Card,train,NID5-G-3b13864507f273ca93140556f38f13d95f49078d604afc40f26e83866ee48979,3b13864507f273ca93140556f38f13d95f49078d604afc40f26e83866ee48979,88a6b8497ebae7694af53bacac60c27faccbbec156226f4d475ec32607e5193b
NID5-V1-001363,1363,4,Smart ID Card,test,NID5-G-b5e67efb58d41a79a047db444e11bbaf6afdffd246f991b3585e363a2d938af5,b5e67efb58d41a79a047db444e11bbaf6afdffd246f991b3585e363a2d938af5,1987e308e15eea0226bd4ab8d40812c0494b55b8676e7854a84aae7c8d08d6a7
NID5-V1-001364,1364,4,Smart ID Card,train,NID5-G-7fe17f3fa4e6621988b3032320991dacd980d19073973fb7b914364a83947cb0,7fe17f3fa4e6621988b3032320991dacd980d19073973fb7b914364a83947cb0,3860afdad687b3c3140bc37a159953946d0c91070a22ad3ae4c93ca6965bd62b
NID5-V1-001365,1365,4,Smart ID Card,train,NID5-G-ef05b2cb915899cb51e2e15a75eecea0f9eb4164fa4182a13df9a030dbd99164,ef05b2cb915899cb51e2e15a75eecea0f9eb4164fa4182a13df9a030dbd99164,744c8a93c9edbfc0de996601d17bb31652445588b97b8661675a81e83fd80752
NID5-V1-001366,1366,4,Smart ID Card,train,NID5-G-571dbe2fbc4ff41a4bdafc9b1877b46b9bcfb65738e3b4c78c66cd1bcae7f373,571dbe2fbc4ff41a4bdafc9b1877b46b9bcfb65738e3b4c78c66cd1bcae7f373,e6506ad0265d21c6a8f9c03c719a1e9e30657db204201d7a04eecc7ae4a943b0
NID5-V1-001367,1367,4,Smart ID Card,train,NID5-G-1649087d4a2d3cc69061ad93eb0a97da18fd17ff2ac9ca2d1ac429597f15c719,1649087d4a2d3cc69061ad93eb0a97da18fd17ff2ac9ca2d1ac429597f15c719,5b95987d15d2c6e267c92d09063fcb6b6a00e46a37e68a00ff14c2294bc71006
NID5-V1-001368,1368,4,Smart ID Card,train,NID5-G-93fe2e11845e4984dcfc2502f27fc7c74327aed4495c1e94ee850ba48a96f9e9,93fe2e11845e4984dcfc2502f27fc7c74327aed4495c1e94ee850ba48a96f9e9,e46b3256911fbf1fdb4256120ebe66c2285a2850ab767248a0aa0098b8f725fd
NID5-V1-001369,1369,4,Smart ID Card,train,NID5-G-4ee99c1b54d4e98e92870fe32dc0824838361e3710f0dc745fab0fa6db743740,4ee99c1b54d4e98e92870fe32dc0824838361e3710f0dc745fab0fa6db743740,97236d0ff691269dc54f63b6ab4df5c68be84846474a00f620582c0c7e2ba917
NID5-V1-001370,1370,4,Smart ID Card,test,NID5-G-d61feda925cf48e2acfbcd6de70428362131ab2ccec1e45aef1ec2d2650c8d2e,d61feda925cf48e2acfbcd6de70428362131ab2ccec1e45aef1ec2d2650c8d2e,9484ce77b38c21a4c53fb52b55d9555258fc7da48c95adc9409c77945ade10ec
NID5-V1-001371,1371,4,Smart ID Card,dev,NID5-G-822aafb6b0cf593df2dce2c1c8dfc0fab9b1167ff65007fa28baa001c763cebb,822aafb6b0cf593df2dce2c1c8dfc0fab9b1167ff65007fa28baa001c763cebb,baca1fc118f099c85b435839aaeb951d4a01e7772c8190b9be14c301d392275d
NID5-V1-001372,1372,4,Smart ID Card,train,NID5-G-963b13cc84f83a6246b5b9cc61fe19f224c3e99413c7e0e837c4234fe9d1393c,963b13cc84f83a6246b5b9cc61fe19f224c3e99413c7e0e837c4234fe9d1393c,0c32308558ee4c8d51017813a22d15bbf25a7df4cd35a5c8af42e1f963ef0c42
NID5-V1-001373,1373,4,Smart ID Card,train,NID5-G-2639d2836fc9719f51d960a8963278e529a5dbc37edc33b8a20fbda47e8c9ee3,2639d2836fc9719f51d960a8963278e529a5dbc37edc33b8a20fbda47e8c9ee3,97d382b375b62f3200937afa32bc2fbf1fada5d249de6cc90d1adaf1e45ec4e7
NID5-V1-001374,1374,4,Smart ID Card,train,NID5-G-c1510070505e7ba921a37de3a23b944c216120aa3665621a331633a4cf2c3ef1,c1510070505e7ba921a37de3a23b944c216120aa3665621a331633a4cf2c3ef1,aa53b414c263407e4b6f05960958ccbfa0ad30d647f9d7a72183005d01089089
NID5-V1-001375,1375,4,Smart ID Card,train,NID5-G-e0467ef2cb7a3190136833297a10283f0c8b9b755e548b5a0b76e7d6b00f3c16,e0467ef2cb7a3190136833297a10283f0c8b9b755e548b5a0b76e7d6b00f3c16,946d4f649f2e0dfb15e5e45c4a8d59541b96cd7e6d530e46197781b8a6a69bd2
NID5-V1-001376,1376,4,Smart ID Card,dev,NID5-G-47d9efb6901b55fa31cade2572f90880c74732f9ff14f93645f441175f9ad9e8,47d9efb6901b55fa31cade2572f90880c74732f9ff14f93645f441175f9ad9e8,4b453e12bd53f197d926b08ed8b7d3b2066b87d90e33d52f9546e0d1ebda5182
NID5-V1-001377,1377,4,Smart ID Card,train,NID5-G-aae492b0f03988b66a5b1a7e332c86dde2b4496312df6bb9bfa5543607634aad,aae492b0f03988b66a5b1a7e332c86dde2b4496312df6bb9bfa5543607634aad,128a72a710d60861cb61b4d1f1b698bd753153cf57897bb2765aae7654504be2
NID5-V1-001378,1378,4,Smart ID Card,train,NID5-G-6c3ad131cc51b16496fa40fc8419fb00ff040d3963ec57e1405225c96e2ee0a4,6c3ad131cc51b16496fa40fc8419fb00ff040d3963ec57e1405225c96e2ee0a4,271dbd0045b0b572fd6ebc0a6e9a9c37f3eb6b40e92a2f620cc05e854808b0f6
NID5-V1-001379,1379,4,Smart ID Card,train,NID5-G-c01ae8eb7ff1e18ce3d6a4d2128ddeef2bcd107dde82dc09a49b1b617b095312,c01ae8eb7ff1e18ce3d6a4d2128ddeef2bcd107dde82dc09a49b1b617b095312,0699147e330ab62d7aeabcf1722bc17fddb9b91baabc6330e6b5602f868c2d83
NID5-V1-001380,1380,4,Smart ID Card,train,NID5-G-c27993ef112ee59a1b60ef6aec87956b4fb011bb3e7554aa30f850c169848480,c27993ef112ee59a1b60ef6aec87956b4fb011bb3e7554aa30f850c169848480,5c0620a231565be305040e80d52df5b0e46df76212fdebe4e0e7c51e02574d46
NID5-V1-001381,1381,4,Smart ID Card,train,NID5-G-331e6324a97a273294f52d4176dc13b39ab2e3182d066ab1c17501bf4b502129,331e6324a97a273294f52d4176dc13b39ab2e3182d066ab1c17501bf4b502129,8b7dc8658c5a17b4747ef0cb5378e17a05272179b3a80bf58e27a95bfabe5a3e
NID5-V1-001382,1382,4,Smart ID Card,train,NID5-G-951dda6f64d9be1a0cb2f2a815524f7e43c6a15b6636a2b3c3d5edc106c222d5,951dda6f64d9be1a0cb2f2a815524f7e43c6a15b6636a2b3c3d5edc106c222d5,b706a543389cc91372462aa3186cd35ebb8c5298a2d48191d4c5be5aed63ba36
NID5-V1-001383,1383,4,Smart ID Card,train,NID5-G-fb677770b5b92d2c520c4579fc8025080449080a14832e8166821a2fc8aa7bf4,fb677770b5b92d2c520c4579fc8025080449080a14832e8166821a2fc8aa7bf4,01d3dd4689f7aa6fa6c182092ed1e61ac746dd169232a13a29d5b875d2ebeaed
NID5-V1-001384,1384,4,Smart ID Card,train,NID5-G-e5efd5c91663f017a24ddbec0ff3fb175796e6f67534f3e9816965984d37d83a,e5efd5c91663f017a24ddbec0ff3fb175796e6f67534f3e9816965984d37d83a,8d0548ea9f946f97e04cb717f9654733a162d8122e9a012c3f4b5627971ee21e
NID5-V1-001385,1385,4,Smart ID Card,test,NID5-G-5695e3cd4584e3afeb8b7f9443fce4aae69fefbb1df414d11b25a4200efd1519,5695e3cd4584e3afeb8b7f9443fce4aae69fefbb1df414d11b25a4200efd1519,fc4e2ef3c6bd69a830d77c6bcbb0f1805c7ab4aa3ebaedc3fd995fcdfcae6776
NID5-V1-001386,1386,4,Smart ID Card,train,NID5-G-6577669e0c5685585e2727d531543aec3200074008768e04ff58647e134be907,6577669e0c5685585e2727d531543aec3200074008768e04ff58647e134be907,82c97b44e1c8229b5b0e753c9a908f739cbc75fc1ae54f153769136d886572b0
NID5-V1-001387,1387,4,Smart ID Card,train,NID5-G-f744ea108806b9bb605ff59e7363d72ad23188bab8d493ae6067ea5caca69626,f744ea108806b9bb605ff59e7363d72ad23188bab8d493ae6067ea5caca69626,c3b3ef2bc505dd8bb914ce59bb6821ea31be436fcae6974278e9f489cb3f2237
NID5-V1-001388,1388,4,Smart ID Card,train,NID5-G-abac9f4d1b5719f2977564e4bf5e213eed454b08f102c14cf6987538c892e8a2,abac9f4d1b5719f2977564e4bf5e213eed454b08f102c14cf6987538c892e8a2,ccb1db9bca4e19684fdcec99f607c7579eeb19e1f4d41130db1aaee28947c50a
NID5-V1-001389,1389,4,Smart ID Card,train,NID5-G-77bb66b7ea9c29110f70c874220b79145160a6a573cf5715ebe424d5e74e7872,77bb66b7ea9c29110f70c874220b79145160a6a573cf5715ebe424d5e74e7872,d464d6abd9b0e1fcbe1c8802e213fc750b20cb64e343f7fb32f34af219881e51
NID5-V1-001390,1390,4,Smart ID Card,train,NID5-G-02ff9340b06ad455ef5357e354a049f627114d5fa1b6f8afe6301eaf9ba73127,02ff9340b06ad455ef5357e354a049f627114d5fa1b6f8afe6301eaf9ba73127,bc41aced20a53bae89f13c63ada2c62d9e7332e717fd24adb9f40e4b21f21e2e
NID5-V1-001391,1391,4,Smart ID Card,train,NID5-G-afb4b1b5f1af7569c8c17c354a7d887fd9f16efdedd8298125e601b0d082594f,afb4b1b5f1af7569c8c17c354a7d887fd9f16efdedd8298125e601b0d082594f,22975e49943c916a557764009324c503049597799864c8bf063aebe919d3744c
NID5-V1-001392,1392,4,Smart ID Card,train,NID5-G-6c2a1a7e95265bae4f5d6c49a94a4c0e72de46fbce760709e9caa78d2b454591,6c2a1a7e95265bae4f5d6c49a94a4c0e72de46fbce760709e9caa78d2b454591,e562995b196fe02d4c0849d0502241565d667f3951ad9c92056479af7703c3b9
NID5-V1-001393,1393,4,Smart ID Card,train,NID5-G-728a7ed860a544bafbd1eaaaefc3e6c28cd8116c20c4b2e58e59170c55af277d,728a7ed860a544bafbd1eaaaefc3e6c28cd8116c20c4b2e58e59170c55af277d,6386c8c6c319f158af65975264d86b5e11a60eedc6308d9ca95684183390d270
NID5-V1-001394,1394,4,Smart ID Card,train,NID5-G-f934d59e706ca8fb10df2474f13931a7ccc6c5c948f2d4f91d32368d177abff5,f934d59e706ca8fb10df2474f13931a7ccc6c5c948f2d4f91d32368d177abff5,d2bdf5f5a1947361acd5465fa25c51d8a2f9dfae0c9bd0dbbde26d5e3768ade0
NID5-V1-001395,1395,4,Smart ID Card,train,NID5-G-126240d1bf92e8adf8ec651ada1796ec5c91f954512eb2a7dda99af54f45c66f,126240d1bf92e8adf8ec651ada1796ec5c91f954512eb2a7dda99af54f45c66f,832396c6d904004f3e2f982765d5905d8a1e3dc3143981f41e3907f32536ae43
NID5-V1-001396,1396,4,Smart ID Card,train,NID5-G-adda92009961f368006795824ec464d4874f65a3b8d51607b911a247fe0ceeb4,adda92009961f368006795824ec464d4874f65a3b8d51607b911a247fe0ceeb4,73eb5f16bfc42c1441c13c4cec84e21e533be549efdf16a78afd3d306ded0dae
NID5-V1-001397,1397,4,Smart ID Card,train,NID5-G-4d5bdc17f38006dbf449a9df6a1741e2a156933174a4300898b2150f62a39b00,4d5bdc17f38006dbf449a9df6a1741e2a156933174a4300898b2150f62a39b00,eaf112faed944f76637e86a141d6ef7fb367deb255b4ce88b31816bb4c36dbb9
NID5-V1-001398,1398,4,Smart ID Card,train,NID5-G-9df91f5407ef522210927974c870aeb57c76b934308fe52b359b1654cf3190c3,9df91f5407ef522210927974c870aeb57c76b934308fe52b359b1654cf3190c3,2d2023bd8669cf5def6393926298762d27d3adb9578ec9328740118e032c3013
NID5-V1-001399,1399,4,Smart ID Card,train,NID5-G-2a4e660062bfc3980d000e18c2140c4a67a48b11dae2433c0374ef19f29de4c9,2a4e660062bfc3980d000e18c2140c4a67a48b11dae2433c0374ef19f29de4c9,8861971ab9ed4d6905e524fa04a66e0e069c22a2205ae1f5c296b47c910ec41f
NID5-V1-001400,1400,4,Smart ID Card,train,NID5-G-c6ead1fa6f42e048fd8e5293aaeeb1b2a22421c8971c2ac593613456365143ba,c6ead1fa6f42e048fd8e5293aaeeb1b2a22421c8971c2ac593613456365143ba,f36277fb43bbaa80484187e66123a3af6f88c18a33ee3133677d3538600a4b3c
NID5-V1-001401,1401,4,Smart ID Card,train,NID5-G-8b2a3c1548793557e1c80e9c486b3e1ce1407a8414abdebd90b1e7d812a6c864,8b2a3c1548793557e1c80e9c486b3e1ce1407a8414abdebd90b1e7d812a6c864,fed5724505c22066aacb10a5fa41ca021f78e2354d247a61d71d560fa04a3bf8
NID5-V1-001402,1402,4,Smart ID Card,train,NID5-G-68ea7d79c529b2d447dd7b6a0296c265396f812e9938d24a43a7d8ae41ef89fc,68ea7d79c529b2d447dd7b6a0296c265396f812e9938d24a43a7d8ae41ef89fc,6bb0bba025bd7981700cb446e9c592ca5e0fc022e3fac2bdcfbe99fa29625f60
NID5-V1-001403,1403,4,Smart ID Card,dev,NID5-G-44aecda66ebc44ad3ea0df009e3b55c20968d716c161f24df20fcef7e4a0b8c1,44aecda66ebc44ad3ea0df009e3b55c20968d716c161f24df20fcef7e4a0b8c1,fc5c84811bf87b58eb01732475b55613a3ff9cafb2778783853824c3dc0d27f0
NID5-V1-001404,1404,4,Smart ID Card,train,NID5-G-8b10564613bf26ad249f4c05150b287c465d5387e0e90d82fcf85238b11b5de0,8b10564613bf26ad249f4c05150b287c465d5387e0e90d82fcf85238b11b5de0,34b642417e2941802ab79e00f8e1e0e691dbdb822eff5b319517ae5e59b1bcba
NID5-V1-001405,1405,4,Smart ID Card,train,NID5-G-28c2ab7e553aee2a9993c48b69865b7e74e6ad6b0167f61fdf05cd970499abc4,28c2ab7e553aee2a9993c48b69865b7e74e6ad6b0167f61fdf05cd970499abc4,0ce0c5463b9e4d0d12d722a7fff45ee2b9f207b411db5d5fba7331f6bf034cf1
NID5-V1-001406,1406,4,Smart ID Card,train,NID5-G-7cc066361944a44abfc170edf1664a11c74f6920e50220974e3e2d82512ab538,7cc066361944a44abfc170edf1664a11c74f6920e50220974e3e2d82512ab538,c2a92038a6fc0bfca93ca1603fe0f9cb64d87408070f74cc0286994ae28317f4
NID5-V1-001407,1407,4,Smart ID Card,test,NID5-G-b1dfbf6119697b1829322193cbe7249793a2fca2b8fb781f0ac6e0c62c8d5dd8,b1dfbf6119697b1829322193cbe7249793a2fca2b8fb781f0ac6e0c62c8d5dd8,1e16c47dea9ff8a059fd5a12688300256a607eb86d1e2af8cc7b2802dfd3addb
NID5-V1-001408,1408,4,Smart ID Card,train,NID5-G-3393e580839083bebd0508b4e2d0f2a55609bfdd2a006ae9f716d6d525833d45,3393e580839083bebd0508b4e2d0f2a55609bfdd2a006ae9f716d6d525833d45,1b64fb7dba6156d7e29428a2efb6066b602200c26846caea4ee556a24c40b325
NID5-V1-001409,1409,4,Smart ID Card,test,NID5-G-02aa36ee7e39b5c2d683685a1924a0870a6c229ff6e2f9c9ce6e96e7e48089b2,02aa36ee7e39b5c2d683685a1924a0870a6c229ff6e2f9c9ce6e96e7e48089b2,7e1a90aa56ebca925c0643c7d3303a44f047a4571afeb2acd07032f18c7fdd6f
NID5-V1-001410,1410,4,Smart ID Card,train,NID5-G-ab4d435c5021647748d40005157e1412ef41aa2f4452156626452fbb500a3817,ab4d435c5021647748d40005157e1412ef41aa2f4452156626452fbb500a3817,55040224911731ede209ca772840659895af2c0b97aa82c9a12720e46b5581d0
NID5-V1-001411,1411,4,Smart ID Card,train,NID5-G-03e94fc1997ef3b9c343097619141f70410092ba596167b3aa33376e5f179dd4,03e94fc1997ef3b9c343097619141f70410092ba596167b3aa33376e5f179dd4,5ee7a074e33c416008b620d4333b269b0a2960d89881d88173327672770b1ede
NID5-V1-001412,1412,4,Smart ID Card,test,NID5-G-9fd190d4b452ca9b9f0d538ce37dc96f8f0271199e0cb10053a1e39ed3865214,9fd190d4b452ca9b9f0d538ce37dc96f8f0271199e0cb10053a1e39ed3865214,e070a9a0e6ffbadedd590330cc9b08d90a6e6ea42e9e12f9f1673614cb908434
NID5-V1-001413,1413,4,Smart ID Card,dev,NID5-G-28f1bd30bbf099847a4f39a4bb103c24486cf1c4c7baa35d2f6d3ce8c41e7b15,28f1bd30bbf099847a4f39a4bb103c24486cf1c4c7baa35d2f6d3ce8c41e7b15,ffb7856ce0fdeec4a687e6df78f872c268eba97cb73c336140e928e0f7f2653d
NID5-V1-001414,1414,4,Smart ID Card,train,NID5-G-9cfad28d28b920c25d17a75f37fc4d409c6d9c9c3189a8af380cdc76f5e4dcd0,9cfad28d28b920c25d17a75f37fc4d409c6d9c9c3189a8af380cdc76f5e4dcd0,5e9fc3d484f291d0ff2d4349e3dfcae5625c28cbfcdfa736295d53b7b72a42eb
NID5-V1-001415,1415,4,Smart ID Card,train,NID5-G-9b1c95c543a39f489c01463d431111bd02f140df9888dfef9e175d670762eb79,9b1c95c543a39f489c01463d431111bd02f140df9888dfef9e175d670762eb79,dca41447207f1952901ab04bf474e68d8243b93c08320adb26b026431f1dc665
NID5-V1-001416,1416,4,Smart ID Card,train,NID5-G-991807c40e628b53507099fe1ab1a2db856800f408b35cc741de3a607b69235e,991807c40e628b53507099fe1ab1a2db856800f408b35cc741de3a607b69235e,0fd3cbf02c3c7c070258b30f77b8fe591ba91103f02c952bbfa269550303687f
NID5-V1-001417,1417,4,Smart ID Card,train,NID5-G-84594364eaa23b409e03235eac8c91b2444e8bf22f903c50cc33025ca1f19095,84594364eaa23b409e03235eac8c91b2444e8bf22f903c50cc33025ca1f19095,f3d4ea87d6985367112dc5233b4359d7c90f2d3fc45c38d590aca38360e91b31
NID5-V1-001418,1418,4,Smart ID Card,test,NID5-G-eebe616f43421ac2110e2f09947ee135b605d56eb847d8d226b2c61e9505b7c2,eebe616f43421ac2110e2f09947ee135b605d56eb847d8d226b2c61e9505b7c2,11101e05367da5ddda2e801002f65c91c30554bb33e785e1c6cda63105d93a26
NID5-V1-001419,1419,4,Smart ID Card,dev,NID5-G-cd004a4c5e7763e2913ef82d34e8ab1226cebf50fd307b53c6880b5c1a558a61,cd004a4c5e7763e2913ef82d34e8ab1226cebf50fd307b53c6880b5c1a558a61,bacd325164ca3ae342778f0a1edb83c0052bb5b5ec579fe78cf8fe1e4e71a34c
NID5-V1-001420,1420,4,Smart ID Card,dev,NID5-G-a315601119096f96feae5a5209d7db8f3068c5a45a332f0425e504eb685cd138,a315601119096f96feae5a5209d7db8f3068c5a45a332f0425e504eb685cd138,3490964b10b7b6119b75686b7ae03abc57a0ef871038e4341276e04511ee6db7
NID5-V1-001421,1421,4,Smart ID Card,test,NID5-G-90d6ff78e9823ad976c07fa3b81c27ddce20af11cf57e533a84f140236ad40fc,90d6ff78e9823ad976c07fa3b81c27ddce20af11cf57e533a84f140236ad40fc,5d64d213553417517d9a3326f8489b3b5b978f0bd019a494e53c675d2caae5b6
NID5-V1-001422,1422,4,Smart ID Card,train,NID5-G-947e2658f5aae83492746f2899b4963ddaccebebeff582497196251355e6fbb4,947e2658f5aae83492746f2899b4963ddaccebebeff582497196251355e6fbb4,977314eb5ed18a770b635d3dfa73e801477a0cc2aab4d4aa2db956bf4b30f661
NID5-V1-001423,1423,4,Smart ID Card,test,NID5-G-706f62a0223d6554e2c0b2a561d070e62a68c72cffd1ad93d8c232d8e526efdd,706f62a0223d6554e2c0b2a561d070e62a68c72cffd1ad93d8c232d8e526efdd,f2b9124d5cab52ec42e90f28c95253dffa46194f69d071cfcfaeb5a5e9addada
NID5-V1-001424,1424,4,Smart ID Card,train,NID5-G-b1c881ac9c25166b71a12e989b0202f681b98799217cc83de0919660747e0078,b1c881ac9c25166b71a12e989b0202f681b98799217cc83de0919660747e0078,fbb70af70d50d0cf587aa44f69a69f1cab7b0aa581112883f93c151589ea01dd
NID5-V1-001425,1425,4,Smart ID Card,test,NID5-G-82ba8e78faf09820e3ed421ec81538f4d9e576636c528e1424d1888d2f648074,82ba8e78faf09820e3ed421ec81538f4d9e576636c528e1424d1888d2f648074,2876a34311c41ac2772fae293a7554c19375df56947e518e3b984ad60f09eb50
NID5-V1-001426,1426,4,Smart ID Card,train,NID5-G-ff7434648b3427526677b87aaeb42da95f68848de7ce3ad60ce5ac8f1f8228cd,ff7434648b3427526677b87aaeb42da95f68848de7ce3ad60ce5ac8f1f8228cd,769e1f5242318c3c0bceeab59645c500931d0fb6664d0011265b51eb21ce2c12
NID5-V1-001427,1427,4,Smart ID Card,train,NID5-G-1d15171e820389d182c022bdd7dc468dffdccac93c0250e408e88f8c21ca4d1e,1d15171e820389d182c022bdd7dc468dffdccac93c0250e408e88f8c21ca4d1e,6e7985dd83a7ca5f3b16f66ba761e2260d0a85e78f19c23f36877ad1399180c2
NID5-V1-001428,1428,4,Smart ID Card,train,NID5-G-697493343abf888e689c7974861773cecb3e9b246cc34e8d07bf3f3cea2fec47,697493343abf888e689c7974861773cecb3e9b246cc34e8d07bf3f3cea2fec47,fe535b0fb1b3485670366406398b0e6f9e521fdb7e0034a7ffd48f91810bf984
NID5-V1-001429,1429,4,Smart ID Card,train,NID5-G-cd16ae962d8087755424ac4319547b7391f0c6f21fd1c4b67a3323f59b7b8245,cd16ae962d8087755424ac4319547b7391f0c6f21fd1c4b67a3323f59b7b8245,c7a8c6688429d3aedc5a37ffa0160c73c7352a1d1dd5a8d2a4ceb620be6fe912
NID5-V1-001430,1430,4,Smart ID Card,test,NID5-G-ee9d25a4cef9d05f65bfdfb5c5fb9b95eba566fde00be9a227575e5f6847f59b,ee9d25a4cef9d05f65bfdfb5c5fb9b95eba566fde00be9a227575e5f6847f59b,8380906b0b1f39b64ba09a0a0dc70f53f3b3969d28b2571fd18aee47428fefdf
NID5-V1-001431,1431,4,Smart ID Card,train,NID5-G-289e14db370ad3271080a29578d34eafd6fd388552bd7222a79e514598d5d295,289e14db370ad3271080a29578d34eafd6fd388552bd7222a79e514598d5d295,fbcd04e6f1f4b71da1205022cd171166deac4ea893979adbd70c7d446c913aa0
NID5-V1-001432,1432,4,Smart ID Card,dev,NID5-G-eee1da58403f1a514c24c57ff3209ce44769da3e66d09462df180be9b8a21a65,eee1da58403f1a514c24c57ff3209ce44769da3e66d09462df180be9b8a21a65,130e2487686cab09f88b8bc7aa972cefc32548a718effa8c7ebb529b8ad8c7a8
NID5-V1-001433,1433,4,Smart ID Card,train,NID5-G-1cc81601cd18520e8900fdce1cc32f5ca0fa23d0c8f756b383ba85351c802b15,1cc81601cd18520e8900fdce1cc32f5ca0fa23d0c8f756b383ba85351c802b15,025e3ada4bb96c640b5b088905965909fd34f1eb873091d2b0e70f8713868f98
NID5-V1-001434,1434,4,Smart ID Card,train,NID5-G-e3f5ebde030427641e3965ac68adf8a8db9926557de5fec35467ec5d76ef9ec6,e3f5ebde030427641e3965ac68adf8a8db9926557de5fec35467ec5d76ef9ec6,1cf1ee7f00707e0c5a7acf9c5f387808dbe30add0ba99878ac9a09a7efb88d95
NID5-V1-001435,1435,4,Smart ID Card,train,NID5-G-35ba6694bdc2a3c1419c7637c17592aec7d6f921d9a1080808b02b5502d1bc55,35ba6694bdc2a3c1419c7637c17592aec7d6f921d9a1080808b02b5502d1bc55,c9fbb9ee77d152440e1c695d43cca9fa414e5459a9ef79dfeda24e5583fe66d9
NID5-V1-001436,1436,4,Smart ID Card,train,NID5-G-564f57d1f2a102f63e08b3fc6ecf6f8e5e53917ac76ad8a0947abba0ae7ce88e,564f57d1f2a102f63e08b3fc6ecf6f8e5e53917ac76ad8a0947abba0ae7ce88e,a625dae09036d7fcbbd66d6c130c6ebbbda19303ff7fd14edf8af8415cedfdca
NID5-V1-001437,1437,4,Smart ID Card,train,NID5-G-d9fa07e289e6fef4173eba09a3c23dd7e8bac51376f687bde2c7672711ca6ee4,d9fa07e289e6fef4173eba09a3c23dd7e8bac51376f687bde2c7672711ca6ee4,3c565e6587ff7e56c3deba59853ce5b4bf7536c4b718899872b898d4a32991f8
NID5-V1-001438,1438,4,Smart ID Card,train,NID5-G-57180111bdff9682ba4e9121bc3252351a08d7c4d145a3533aa35009db3a643a,57180111bdff9682ba4e9121bc3252351a08d7c4d145a3533aa35009db3a643a,465054689b95dc6e61dc8b152d7cceec0e8058d6783c395f60a614ed0c164fd3
NID5-V1-001439,1439,4,Smart ID Card,train,NID5-G-0232b9a5734bc0d8cf6b2aefb52d9782d01b02cacda103cf564da9ebb7c5b770,0232b9a5734bc0d8cf6b2aefb52d9782d01b02cacda103cf564da9ebb7c5b770,39502c4a5f2b6a17798f2acd0478eeda850a6d2018d5b7d2d1193eaddb6b0cc0
NID5-V1-001440,1440,4,Smart ID Card,train,NID5-G-e2fcf03653c1be3b4bfb246e51c4760fc7fe5b4658ecd9adf01658295d0b4c76,e2fcf03653c1be3b4bfb246e51c4760fc7fe5b4658ecd9adf01658295d0b4c76,e7c4cefa6e2a047fb26ec600d93fc1736ca9337152dd1a079e59c5acf1204ce6
NID5-V1-001441,1441,4,Smart ID Card,train,NID5-G-43998431f65973e0845dfbbf23ada57f74fc7899d38c5669044e0a97fb5751fb,43998431f65973e0845dfbbf23ada57f74fc7899d38c5669044e0a97fb5751fb,b2a7919925acbd9cfc9dbcb0524fd265ef2e3375513e6c3a71f4cb881ddef113
NID5-V1-001442,1442,4,Smart ID Card,train,NID5-G-09328f92f9a80f27ee9e3e95f349bf8f9e79f71411a67b7b97917ab710e2c9a3,09328f92f9a80f27ee9e3e95f349bf8f9e79f71411a67b7b97917ab710e2c9a3,8075b9f557aace67315a0fb1cbaf17c32fbc837bf4ef5e80a0459ffb7ab843e3
NID5-V1-001443,1443,4,Smart ID Card,dev,NID5-G-412a722b1ec3792c690a13cd99a7dfa95d204b07d40e642cc318976f68c1e85f,412a722b1ec3792c690a13cd99a7dfa95d204b07d40e642cc318976f68c1e85f,dd3e050fd1191cd6b3768563126c4dbbab5c1ec8fcc3d6aa022ef81e3e782280
NID5-V1-001444,1444,4,Smart ID Card,train,NID5-G-2a843224fdc1ceffe773f518fad04fbf334ea47d2ebd560faa94cf1d56d63706,2a843224fdc1ceffe773f518fad04fbf334ea47d2ebd560faa94cf1d56d63706,a3e079c4db98ea36583e4d8caca04d4a9d3c6cc6b312e7d6010ff1580bdcd796
NID5-V1-001445,1445,4,Smart ID Card,test,NID5-G-f744aa37ac5b006be4a0ba8020eb3093c90c00e3ceb578ba770e860af00095d0,f744aa37ac5b006be4a0ba8020eb3093c90c00e3ceb578ba770e860af00095d0,7cae88e7ab5988a38199e43c3a2c7020f832f6ad32c0e70e44fb540788f4fc97
NID5-V1-001446,1446,4,Smart ID Card,train,NID5-G-25466026e694c1b1b631f4d17c990a230dd75f67eecdb2a1f0e5823afcdfc96a,25466026e694c1b1b631f4d17c990a230dd75f67eecdb2a1f0e5823afcdfc96a,3cc7b31682228884b43a782bc2d16436c2f782affcaf726c685012221320ccde
NID5-V1-001447,1447,4,Smart ID Card,train,NID5-G-0f71bba7fcf787c111b9e42093bbf56a8a75fc52124710dcb44672227fffc86c,0f71bba7fcf787c111b9e42093bbf56a8a75fc52124710dcb44672227fffc86c,7aa4c15250ad467aef9f5486531546f3eddbaccab84a0555709d0bc0f2bfb15e
NID5-V1-001448,1448,4,Smart ID Card,train,NID5-G-8c9a31a302304d9af064e31c151ea1c3b7ae4ae2f3879a5e81a8f67cf675ec4f,8c9a31a302304d9af064e31c151ea1c3b7ae4ae2f3879a5e81a8f67cf675ec4f,0dd7dd76cf8383642869a8d8a9d7b26c8a1686cc3e37f4dbcd7fcc4cf4776121
NID5-V1-001449,1449,4,Smart ID Card,test,NID5-G-d2a75c961ca2cfa7bac44cd242ae20b53ff53712a2816061008653a29fcff1b0,d2a75c961ca2cfa7bac44cd242ae20b53ff53712a2816061008653a29fcff1b0,7e85131b80d2b5803cd500e57b436f09a9421e26b76249aefeba23dcaf1640dc
NID5-V1-001450,1450,4,Smart ID Card,train,NID5-G-34fb5fb2a65911e698268ee599784329bd2ea478b72d76be579103cd6e2a94d2,34fb5fb2a65911e698268ee599784329bd2ea478b72d76be579103cd6e2a94d2,abd3c9be0cef7d9f42637597f389ab566926d03069241315d500b4412ba53a8f
NID5-V1-001451,1451,4,Smart ID Card,train,NID5-G-c0c8494986f0aa72ee07d43672293f8313cef4d6618f351bf3108cd2a6f2a179,c0c8494986f0aa72ee07d43672293f8313cef4d6618f351bf3108cd2a6f2a179,e814dcf0bddabf0e424813bbc6188f9b6f944b0887eb0ba5add28ab0af7c28ba
NID5-V1-001452,1452,4,Smart ID Card,train,NID5-G-be5976ecb354947b917a3f2768be78be09ae22cd5758e4ed572b3c04ae063f12,be5976ecb354947b917a3f2768be78be09ae22cd5758e4ed572b3c04ae063f12,5c39a413d91013117360c2bf5d91fc4b4c7f3d75a5dfbe8b351386cd3d435294
NID5-V1-001453,1453,4,Smart ID Card,train,NID5-G-e9a04716a550cac280102443f1fa732dacee4700f3f665ebc28f97e57c0f8a0d,e9a04716a550cac280102443f1fa732dacee4700f3f665ebc28f97e57c0f8a0d,d61a12db4bc7bf3a9d118f9ced583dcef81a5d1b875c3abc1af6ec8ee6bb0b91
NID5-V1-001454,1454,4,Smart ID Card,train,NID5-G-b9b4df5d2fe195b749085f54e7469205189dfe2efa15d75876282e95bd04cb5b,b9b4df5d2fe195b749085f54e7469205189dfe2efa15d75876282e95bd04cb5b,e373cf9d16d0349e5594de20477d8e69066f59b936b28df5178b571a5869d62d
